                   0  0 -0  0 0 0 0 0 0 0 0 0 0 0 0 0 1 0 0
                   0  0 -0  0 0 0 0 0 0 0 0 0 0 0 0 0 1 0 0
                   0  2.35571  8.83939 0.182088 0 0 0 0 0 0 0 0 0 0 0 0 1 0 0
            0.400198  2.20653  8.95113 0.269717 -0.000723668  0.000303531  0.000188618  -0.0156784  0.00581247 0.000116051 0 0 0 0 0 0 1 0 0
             0.50018   1.98312   9.16854 0.0254008 -0.00654935  0.00077547 0.000238363 -0.0310637 0.00949588 0.00295395 -2.75622e-08 -2.30571e-08  1.19397e-07  1.6542e-08  1.0863e-09 2.86486e-09 1 0 0
             0.59888   2.16809   9.03733 -0.289004 -0.00552033 0.000699291 -0.00174886  -0.0223847  0.00481269 -0.00796823 -2.13412e-05  9.25785e-06  2.87102e-06 -3.43283e-06  3.55691e-07  9.56049e-07 1 0 0
            0.700119   2.46539   8.91978 -0.295246   -0.0071368 -0.000878317  -0.00530581 -0.0230208 0.00842193 -0.0135816 -3.02611e-05  1.15042e-05  -8.9375e-07 -5.71071e-06  4.40826e-06  4.15875e-06 1 0 0
            0.799923   2.45005   8.92884 -0.133344 -0.00594962 -0.00222745 -0.00184926 -0.0181871 0.00446485  0.0027063 -5.04853e-05  1.17888e-05 -4.82238e-06  -2.0063e-05  1.77375e-05 -1.78915e-05 1 0 0
            0.899951   2.51022   9.07575 -0.216607  -0.00946611 -0.000976304  -0.00304912 -0.0369708   0.012216 -0.0026643 -6.58086e-05  1.01881e-05 -4.34043e-06 -1.46745e-05  1.09727e-05 -6.60109e-06 1 0 0
             1.00002    2.5639   9.00096 -0.220501  -0.0106398 -0.00286453  -0.0042994  -0.0332205   0.0072614 -0.00105892 -7.68608e-05  8.51833e-06 -5.31259e-06 -4.42911e-05  4.16529e-05 -3.32813e-06 1 0 0
             1.09987   2.55525   8.88148 -0.237976 -0.00962398 -0.00552337 -0.00255088   -0.0246605 -0.000877849   0.00530528 -9.38348e-05  1.25697e-05 -5.42154e-06 -9.17571e-05  7.64536e-05 -3.34627e-05 1 0 0
             1.19982   2.55268   8.90669 -0.262404 -0.00929683 -0.00246399 -0.00259439 -0.0202087  0.0173793 0.00127879 -0.000108653  1.19872e-05 -8.00701e-06 -0.000127837  4.19282e-05 -3.01261e-05 1 0 0
             1.29989   2.61686   8.83075 -0.297635  -0.0107242 -0.00205834 -0.00440501  -0.0254535   0.0186373 -0.00423451 -0.000124227  1.14906e-05 -8.44708e-06 -0.000142308  5.70548e-05 -1.18968e-05 1 0 0
             1.38837   2.67794   8.73962 -0.198098 -0.00806664 -0.00175606 7.04024e-05 -0.0116665  0.0146311  0.0159414  -0.00014047  1.45724e-05 -1.48452e-05 -0.000190644  6.88684e-05 -7.13142e-05 1 0 0
             1.48449   2.72386   8.83987 -0.241157  -0.0106321 -0.00142985 -0.00223866  -0.0233798   0.0163752 -0.00102527 -0.000153027  9.65464e-06 -1.48555e-05 -0.000185205  8.28956e-05 -3.24572e-05 1 0 0
             1.59885  2.71985  8.77422 -0.13552 -0.00918561 0.000466428 0.000534941 -0.0167774  0.0228982  0.0120051 -0.000162075  1.29348e-05 -1.53261e-05 -0.000225855  8.29961e-05 -6.20254e-05 1 0 0
             1.69973   2.70963   8.75855 -0.123497  -0.0110338 -0.00176346 0.000351736 -0.0285768 0.00747992 0.00595164 -0.000178808  1.25353e-05 -1.80892e-05 -0.000231372  0.000124306 -5.44128e-05 1 0 0
             1.79975   2.74265   8.72292 -0.204588  -0.0104482    -0.00366 -0.00125013 -0.0198274 0.00274578 0.00125863 -0.000195994  1.18918e-05  -1.8095e-05 -0.000271248   0.00014913 -3.96603e-05 1 0 0
             1.89966   2.77668   8.79597 -0.164096   -0.010494 -0.00302681 -0.00192142  -0.0190725  0.00832056 -0.00404697 -0.000211464  1.06914e-05 -1.95461e-05 -0.000296551  0.000144794 -3.65177e-05 1 0 0
             1.99962    2.8571   8.91282 -0.157364  -0.0106451 -0.00335168 -0.00217711    -0.02042   0.0101551 -0.00218096 -0.000227303  1.08388e-05 -2.07422e-05 -0.000320308  0.000157456 -4.26224e-05 1 0 0
             2.09963   2.87539   8.87653 -0.166096 -0.00981105 -0.00245727 0.000588384 -0.0166922  0.0137821 0.00926561 -0.000243825  1.11825e-05 -2.38276e-05 -0.000352202   0.00015769 -7.82965e-05 1 0 0
             2.19956   2.94183   8.95759 -0.176762 -0.00766104 -0.00172761   0.0014212 -0.00785425   0.0160208   0.0107543 -0.000257519  1.71171e-05 -2.33468e-05 -0.000398009   0.00016254 -8.33556e-05 1 0 0
             2.29971    3.01567    8.97662 -0.0554703 -0.00819053 0.000838785  0.00474995 -0.0176094  0.0242153   0.019956 -0.000275767  1.55014e-05 -2.80184e-05 -0.000403632  0.000153835 -0.000106722 1 0 0
              2.3853    2.97242    9.02945 -0.0994794 -0.00953381 0.000165204  0.00146331  -0.0269843   0.0162182 0.000615467 -0.000287079  1.52582e-05 -3.06043e-05 -0.000420213  0.000184821 -5.58226e-05 1 0 0
             2.48275     2.998   8.91779 -0.193747  -0.0111399 -0.00106796  0.00131603 -0.0296563   0.010104 0.00435621 -0.000302667  1.51158e-05 -3.08366e-05 -0.000435929  0.000217196 -5.51843e-05 1 0 0
             2.59965   2.84976   8.69272 -0.302644  -0.0120353 -0.00257566  0.00199425 -0.0309913 0.00446503 0.00256115 -0.000313187  2.10357e-05 -3.23883e-05 -0.000470311  0.000244269 -6.69524e-05 1 0 0
             2.69959   2.90351   8.61389 -0.336591  -0.0110894 0.000326696   0.0060584 -0.0220472  0.0201617  0.0186504 -0.000331934  2.08622e-05 -3.30686e-05 -0.000509953  0.000218311 -0.000107377 1 0 0
             2.79967  3.02932  8.56798 -0.29996   -0.010586 0.000204698  0.00505128 -0.0211429  0.0166076 0.00793446 -0.000352854  1.75879e-05 -3.80877e-05 -0.000550264  0.000239495 -8.36484e-05 1 0 0
             2.89956    3.0506   8.39904 -0.342679  -0.0124809 0.000648625  0.00575775 -0.0305885  0.0156534 0.00927582 -0.000370973   1.7995e-05 -4.10301e-05 -0.000559931  0.000252648 -8.37227e-05 1 0 0
             2.99947   2.98152   8.28673 -0.487925  -0.0131761 -0.00194203  0.00331399  -0.0303817  0.00211241 -0.00548952 -0.00038337 1.85864e-05 -4.0812e-05 -0.000598003  0.000299407 -5.68542e-05 1 0 0
             3.09934   3.00596   8.21643 -0.580771 -0.0113584 0.00115197 0.00420878 -0.0153917  0.0192621 0.00149055 -0.000399462  1.85546e-05  -4.4733e-05 -0.000656996  0.000263883 -7.68464e-05 1 0 0
             3.19999   2.98975   8.09572 -0.624393 -0.0115501 0.00101629 0.00476642 -0.0170925  0.0156637 0.00211799 -0.000414487  1.82049e-05 -4.55429e-05 -0.000676084  0.000289478 -8.75851e-05 1 0 0
             3.29985   2.99186   8.14634 -0.676189   -0.0135701 -0.000457881   0.00651889 -0.0289214 0.00544547 0.00339657 -0.000431384  2.14846e-05 -4.73227e-05 -0.000675349  0.000323775 -0.000111606 1 0 0
             3.39968   3.05961   8.41785 -0.767054  -0.0124271 -0.00117197  0.00636781 -0.0197428 0.00646182 0.00199176 -0.000449695  1.92672e-05 -4.84302e-05 -0.000728049  0.000337423 -0.000115454 1 0 0
             3.49967   3.21087   8.57632 -0.683759  -0.0114925 -0.00174118  0.00481553  -0.0167881  0.00616189 -0.00156966 -0.000466897  2.00514e-05 -5.06125e-05  -0.00077111  0.000348763 -0.000101216 1 0 0
             3.59971   3.12976   8.57425 -0.715608  -0.0123957 -0.00242202 -0.00061836 -0.0238514 0.00855808 -0.0208937 -0.000482559   1.7276e-05  -5.1781e-05 -0.000797186  0.000366517 -4.24043e-05 1 0 0
             3.70079  3.08216  8.52045 -0.82346  -0.0121015 -0.00519575 -0.00343334  -0.0215386 -0.00227617  -0.0245132 -0.000496639  1.94303e-05 -5.15442e-05 -0.000836304   0.00040711 -4.41206e-05 1 0 0
             3.79967   3.12336   8.55259 -0.863112   -0.013919 -0.00442169 -0.00457562 -0.0263921 0.00714271 -0.0180339 -0.000510765   1.8012e-05 -5.31298e-05 -0.000842107  0.000395973 -5.78425e-05 1 0 0
             3.89956   3.16454   8.51454 -0.868382   -0.012603 -0.00395257 2.21069e-05 -0.0174014  0.0108734  0.0109406 -0.000529123  2.01822e-05 -5.58313e-05 -0.000882005  0.000397224  -0.00013597 1 0 0
               3.999   3.20461   8.55229 -0.856502  -0.0114838 -0.00156323  0.00433425 -0.0137929  0.0204273  0.0219571 -0.000549052  1.88421e-05 -5.92528e-05 -0.00091648 0.000379514 -0.00017817 1 0 0
             4.09959   3.20018   8.60036 -0.865624  -0.0135292 -0.00245556  0.00390532 -0.0255109  0.0129193  0.0118574 -0.000563252  1.78558e-05 -6.02708e-05 -0.000919392  0.000416643 -0.000151533 1 0 0
             4.19955   3.30137    8.5473 -0.843081   -0.0118917 -0.000128762   0.00297263 -0.0180116  0.0258649 0.00616525 -0.000585182  2.04274e-05 -6.10537e-05 -0.000982504  0.000402506  -0.00012945 1 0 0
             4.30056   3.20641    8.4947 -0.877338   -0.0128027  -0.00213196 -0.000757292  -0.0226172   0.0122122 -0.00981422 -0.000600186  1.78579e-05  -6.4648e-05  -0.00100642  0.000459186 -8.67136e-05 1 0 0
             4.39904   3.17296    8.4335 -0.933491   -0.0131715 -0.000358986 -0.000764368  -0.0230653   0.0184995 -0.00623498 -0.000618764  2.03773e-05 -6.58344e-05  -0.00103369  0.000450297 -0.000101079 1 0 0
             4.49893   3.18994   8.39629 -0.976033  -0.0157949 -0.00237402 -0.00168935  -0.0321987  0.00809507 -0.00658142 -0.000634992  1.99649e-05 -6.87108e-05 -0.00103525 0.000499893 -0.00010385 1 0 0
             4.59871    3.2892   8.39596 -0.958682  -0.0143445 -0.00114593 0.000440911 -0.0203166  0.0137008 0.00539172 -0.000657552  2.07619e-05 -7.22219e-05  -0.00109199  0.000489968 -0.000142722 1 0 0
             4.69842   3.29977   8.36162 -0.968006  -0.0147055 -0.00143431 0.000359505 -0.0214296  0.0126923  0.0036362 -0.000672565  1.86097e-05 -7.08376e-05  -0.00111922  0.000511866 -0.000140692 1 0 0
             4.80045   3.36187   8.51711 -0.966188   -0.0140944  -0.00346711 -0.000453315  -0.0182559   0.0019451 -0.00103404 -0.000691164  2.11385e-05 -7.29929e-05  -0.00116085  0.000548693 -0.000137978 1 0 0
              4.8995   3.31879   8.59998 -0.955998  -0.0141174 -0.00490159 -0.00289906  -0.0171528  0.00098157 -0.00708537 -0.000703111  1.50332e-05 -7.54129e-05  -0.0011909 0.000571042 -0.00011408 1 0 0
             4.99906  3.45682  8.45435 -0.95641   -0.0131938  -0.00410689 -0.000541936 -0.0168474 0.00738327 0.00900288 -0.000724791  1.99579e-05 -7.44879e-05  -0.00122637   0.00055941 -0.000151754 1 0 0
             5.10045  3.37193  8.33814 -0.97533  -0.0135299 -0.00527666 -0.00227445   -0.023065  0.00532877 -0.00226937 -0.000738199  1.87585e-05 -7.84529e-05  -0.00125704  0.000583769 -0.000126269 1 0 0
             5.20044  3.28692  8.00881 -1.10453  -0.0141852 -0.00444971 -0.00174229 -0.0242581   0.012384 0.00359347 -0.000753345  2.15641e-05 -8.02578e-05  -0.00128298  0.000580602 -0.000137735 1 0 0
             5.30034  3.38634  7.84081 -1.12193   -0.0149117 -0.000622354   0.00243752 -0.0230417   0.028543  0.0162137 -0.000773229  2.21351e-05 -8.37428e-05  -0.00130188  0.000546821 -0.000185428 1 0 0
             5.40022  3.40072   7.7949 -1.15503  -0.0176568 -0.00352045  0.00303887 -0.0325655  0.0081831  0.0131287 -0.000790481  2.11917e-05 -8.36139e-05  -0.00130196   0.00061811 -0.000180316 1 0 0
             5.50013  3.47988  7.71852 -1.15596  -0.0152118 -0.00256434  0.00377786 -0.0166188  0.0137189 0.00966005 -0.000812144  1.94367e-05 -8.71973e-05 -0.00137932 0.000612154 -0.00018231 1 0 0
             5.60042  3.44769  7.73621 -1.23494  -0.0172706 -0.00402947  0.00285785 -0.0263128 0.00515149 0.00313263 -0.000826496  1.89919e-05 -8.98695e-05  -0.00138354  0.000647404 -0.000163327 1 0 0
             5.70026 3.63235 7.82803 -1.3447  -0.0156797 -0.00393337  0.00247559   -0.0140758   0.00756388 -0.000222699 -0.000845741  1.82763e-05 -8.96319e-05 -0.00144239 0.000649008 -0.00016185 1 0 0
             5.80012  3.75111  8.00464 -1.35487  -0.0162876 -0.00358798 0.000454137 -0.0168734  0.0117588 -0.0110482 -0.000864144  1.40011e-05 -9.28495e-05  -0.00146002  0.000655123 -0.000142797 1 0 0
             5.90005  3.84885   8.0846 -1.31758  -0.0168851 -0.00290432 -0.00104224 -0.0224619  0.0147176 -0.0135091 -0.000881842  1.80112e-05 -9.59342e-05  -0.00148248  0.000660746 -0.000142318 1 0 0
                   6  3.84718  8.18999 -1.32823   -0.0174007  -0.00365048 -0.000962497  -0.0225723   0.0084912 -0.00288256 -0.000898071  1.21455e-05 -9.56691e-05  -0.00150587  0.000686838 -0.000164103 1 0 0
             6.09972  3.73431  8.10555 -1.36032  -0.0158364  -0.0072131 -0.00208996   -0.0155641 -0.000765152  -0.00388703 -0.000911806  1.66765e-05 -9.82603e-05 -0.00156265 0.000743997  -0.0001662 1 0 0
             6.19995  3.72474   8.1889 -1.38536  -0.0166782 -0.00609802 -0.00197294  -0.0169961   0.0072783 -0.00365525 -0.000930246  1.61086e-05 -9.93277e-05  -0.00157491  0.000727043 -0.000173697 1 0 0
             6.30004  3.81087   8.2941 -1.27158  -0.0159181 -0.00420308 -0.00472167 -0.0138856  0.0205545  -0.013358 -0.000945953  1.58721e-05 -9.97024e-05 -0.00161639 0.000713205 -0.00014645 1 0 0
             6.40003  3.85321  8.30739 -1.15938  -0.0160615 -0.00524714 -0.00152428 -0.0202947  0.0112918 0.00940803 -0.000968395  1.71569e-05 -0.000104221  -0.00163189  0.000750567 -0.000206918 1 0 0
             6.49991   3.7615  8.27734 -1.20906  -0.0167647 -0.00403301 -0.00282065  -0.0235976   0.0171008 0.000392394 -0.000983278  1.53911e-05 -0.000104729  -0.00166085  0.000749513 -0.000181018 1 0 0
             6.60014  3.77186  8.23266 -1.25226  -0.0152999 -0.00593858 -0.00102671 -0.0132072 0.00539096 0.00580901    -0.001003  1.71863e-05 -0.000106515  -0.00171008  0.000792366 -0.000217082 1 0 0
             6.69987  3.78412  8.35376 -1.24119  -0.0172323 -0.00505946 -0.00514685 -0.0217879  0.0154275 -0.0113458 -0.00101968 1.52273e-05 -0.00010836 -0.00171654  0.00079307 -0.00015634 1 0 0
             6.79984  3.85634  8.30854 -1.19537  -0.0157065 -0.00609268 -0.00232442 -0.0147425 0.00891113 0.00625165  -0.00104249  1.73691e-05 -0.000109472  -0.00176245  0.000823121 -0.000214864 1 0 0
              6.8998  3.89943  8.33753 -1.23109   -0.0140601  -0.00575416 -0.000986474 -0.00957694  0.00966968    0.010178  -0.00106336  1.82383e-05 -0.000111794  -0.00180801  0.000826205 -0.000231379 1 0 0
             6.99868  3.92479   8.3222 -1.25412   -0.0159444   -0.0059336 -0.000723367 -0.0221098  0.0105582 0.00782802  -0.00108083  1.73024e-05 -0.000113921  -0.00180418  0.000843999 -0.000222522 1 0 0
             7.09979  3.94874   8.2519 -1.27228  -0.0169928 -0.00499624 0.000824454 -0.0245367  0.0149902  0.0106365  -0.00110254  2.05793e-05 -0.000116322 -0.00182549 0.000844831 -0.00023344 1 0 0
             7.19964  3.96947  8.26344 -1.29289  -0.0169133 -0.00249652  0.00301244 -0.0213004  0.0232555  0.0149443  -0.00112016  2.06131e-05 -0.000118623  -0.00186333  0.000829062 -0.000251731 1 0 0
             7.29966  4.11922  8.23844 -1.19302  -0.0165629 -0.00140167  0.00694805 -0.0206941  0.0238213  0.0312312 -0.00114404 2.13808e-05 -0.00012234  -0.00189848  0.000842635 -0.000285537 1 0 0
             7.39958  4.02299  8.04705 -1.30481  -0.016235 -0.0029724 0.00371953 -0.0205746 0.00963367 0.00270904  -0.00116076  2.03286e-05 -0.000125811  -0.00195125  0.000894489 -0.000216764 1 0 0
             7.49963  4.14444  8.06201 -1.37834  -0.0167002 -0.00330896  0.00435414 -0.0175054 0.00797522 0.00556634 -0.00118373 2.07223e-05 -0.00012502  -0.00197465   0.00091015 -0.000226761 1 0 0
              7.5996  4.18488  8.09137 -1.28447  -0.0163063 -0.00498041  0.00126159  -0.0186333  0.00439627 -0.00756547  -0.00119894  1.95255e-05 -0.000129566  -0.00201679   0.00094378 -0.000187041 1 0 0
             7.69968  4.17443  7.93575 -1.37649  -0.0171899 -0.00374421    0.002472  -0.024722  0.0114636 0.00294054  -0.00121893  1.68496e-05 -0.000130999  -0.00203589  0.000932979 -0.000211889 1 0 0
             7.79954 4.11991  7.7731 -1.4587   -0.018514 -0.00620907  0.00152227  -0.0263334  0.00206175 -0.00356418 -0.00123393 2.00253e-05 -0.00013147  -0.00205906  0.000982812 -0.000205279 1 0 0
             7.89971   4.1914  7.77605 -1.48639  -0.0197861 -0.00736574  0.00457269  -0.0257167 -0.00251323  0.00979315  -0.00125642   2.0184e-05 -0.000133045  -0.00207409  0.000997182 -0.000255849 1 0 0
             7.99961  4.22716  7.76014 -1.38463  -0.0187544 -0.00432779  0.00293946   -0.0209071     0.021661 -0.000160686   -0.0012723  1.80858e-05 -0.000136606  -0.00213676  0.000954912 -0.000221271 1 0 0
             8.09975  4.22855   7.7102 -1.46391  -0.0182637 -0.00318543  0.00395289 -0.0202283   0.020512  0.0014864  -0.00129476  1.78294e-05 -0.000138088  -0.00217916  0.000963884 -0.000243404 1 0 0
             8.19953  4.17232  7.73537 -1.45069  -0.0187183 -0.00182631  0.00250064 -0.0169417  0.0229935 -0.0033955   -0.0013095  2.05507e-05 -0.000141234  -0.00220637  0.000974207 -0.000226484 1 0 0
             8.29971 4.20198 7.78888 -1.3465  -0.0178014 -0.00431295  0.00372741 -0.0169974 0.00666697  0.0025044 -0.00133139 1.93532e-05 -0.00014192  -0.00224583   0.00103644 -0.000260439 1 0 0
             8.39933  4.19229  7.86874 -1.29584  -0.0178594 -0.00302642 0.000920208  -0.0174981   0.0158417 -0.00841449  -0.00134672  1.79689e-05 -0.000145021  -0.00228122   0.00102866 -0.000221179 1 0 0
              8.5002  4.11156  7.95763 -1.29139  -0.0146935  -0.0067899 -0.00136356  -0.0046863 -0.00421563  -0.0143711  -0.00136544  1.65096e-05 -0.000145745  -0.00235556   0.00109723 -0.000221115 1 0 0
             8.59967  4.13922  8.12741 -1.24824   -0.015606 -0.00518179 -0.00117438 -0.0145039  0.0121199 -0.0033556  -0.00138295  1.39399e-05 -0.000148117  -0.00235438   0.00107249 -0.000237155 1 0 0
             8.69943   4.1033   8.0193 -1.22137  -0.0176611 -0.00496788 -0.00118728  -0.0279818   0.0136705 -0.00199856  -0.00139923  1.75172e-05 -0.000147926  -0.00235496   0.00108902 -0.000241955 1 0 0
             8.79927 4.10954 7.98539 -1.1947   -0.0195589  -0.00424358 -0.000708872 -0.0308151  0.0137929 0.00207491  -0.00142001  1.93059e-05 -0.000151926  -0.00237197   0.00109587 -0.000254005 1 0 0
             8.89962 4.12366 8.02372 -1.1474  -0.0200488 -0.00193225 0.000939531 -0.0273613  0.0239041 0.00803013 -0.00144062   1.507e-05  -0.0001529  -0.00241057    0.0010836 -0.000277625 1 0 0
             8.99972  4.19719  7.99163 -1.13071  -0.0173578 -7.5633e-05  0.00410072 -0.0117208   0.026318  0.0183788  -0.00146478  1.47539e-05 -0.000156544  -0.00248815    0.0010854 -0.000319665 1 0 0
             9.09955  4.20509  7.99356 -1.13474   -0.0184649 -0.000280586    0.0059682 -0.0191048  0.0192218  0.0183292  -0.00148355  1.39178e-05 -0.000158908  -0.00249485   0.00112455 -0.000326167 1 0 0
             9.19973  4.21106  8.00111 -1.09503  -0.0156696 -0.00116441    0.004261 -0.00583855   0.0120954  0.00456347   -0.0015024  1.49979e-05 -0.000159294  -0.00257239   0.00116124 -0.000292005 1 0 0
             9.29972 4.15473 7.96672 -1.0163  -0.0166416 -0.00303852  -0.0010196 -0.0184665 0.00447981 -0.0174026  -0.00151939   1.3616e-05 -0.000164389  -0.00258732   0.00120859 -0.000218888 1 0 0
             9.39955  4.16681  7.95159 -1.07848   -0.0159307  -0.00146782 -0.000865048  -0.0152439    0.014263 -0.00833202  -0.00153916  1.59843e-05 -0.000165864  -0.00262778   0.00119064 -0.000247986 1 0 0
             9.49712  4.16503  7.97845 -1.08718  -0.0178771 -0.00086355 -0.00251578 -0.0239192  0.0143295 -0.0101825  -0.00155781   1.1949e-05 -0.000167063  -0.00262788   0.00120265 -0.000235798 1 0 0
             9.59711  4.20197  7.86754 -1.18676   -0.0175967  -0.00622885 -0.000529334 -0.0222372 -0.0111396 0.00537397  -0.00158146  1.42997e-05 -0.000164188  -0.00266497   0.00129447 -0.000292242 1 0 0
             9.69707 4.17817  7.7363 -1.2292  -0.0191686 -0.00658833  0.00173435  -0.0281095 -0.00434425    0.012383  -0.00159896  1.47059e-05 -0.000169221  -0.00267902    0.0012832 -0.000315699 1 0 0
             9.79962  4.23179  7.64948 -1.30571  -0.0213304 -0.00204052 -0.00058714  -0.0305358   0.0218388 -0.00256529 -0.00162207  1.5702e-05 -0.00017032  -0.00270492   0.00121258 -0.000259487 1 0 0
              9.9008   4.2425  7.59394 -1.25139   -0.0235464  3.14329e-05 -0.000214168 -0.0355968  0.0281826 0.00204213  -0.00163827  1.29082e-05 -0.000173651  -0.00272357   0.00121661 -0.000269955 1 0 0
             9.99983  4.22922   7.5744 -1.33104  -0.0213873  -0.0044565 -0.00327876   -0.0208637 -0.000491384   -0.0119676 -0.00165976 1.11771e-05 -0.00017582  -0.00281832   0.00131415 -0.000248985 1 0 0
             10.0996  4.19823  7.47383 -1.40106  -0.0184807  -0.0053497 -0.00141093 -0.00541123  0.00284124  0.00345714  -0.00167807  6.39736e-06 -0.000176749   -0.0028871    0.0013242 -0.000297627 1 0 0
             10.1998  4.15485  7.34538 -1.44919   -0.017922 -0.00812974 -0.00379554 -0.00789768  -0.0052929 -0.00874767  -0.00169501  7.86941e-06 -0.000178207  -0.00291307    0.0013681 -0.000269295 1 0 0
             10.2993 4.23354 7.34286 -1.4531  -0.0172314 -0.00344617  0.00108404 -0.00788115   0.0222794   0.0138894  -0.00171702  7.49329e-06 -0.000183331  -0.00292969   0.00129237 -0.000342192 1 0 0
             10.4006  4.17589  7.33948 -1.46462  -0.0176651 -0.00081151  0.00210885 -0.0131986  0.0278966 0.00746382  -0.00173748  6.58556e-06 -0.000185655  -0.00294245   0.00128808 -0.000341525 1 0 0
             10.4996  4.19586  7.52901 -1.51232  -0.0181737 -0.00156898  0.00367521 -0.0129184   0.013212 0.00737598  -0.00176019  9.83524e-06 -0.000186557  -0.00295407   0.00133483 -0.000364257 1 0 0
             10.5998  4.28055  7.92513 -1.29461  -0.0198431 -0.00277394  0.00159756 -0.0242898  0.0100132 0.00297601  -0.00178077  5.43621e-06 -0.000189318  -0.00295962   0.00137654 -0.000325394 1 0 0
             10.6996   4.2927  7.85233 -1.22971  -0.0173732  0.00032515 0.000785389 -0.0192436  0.0252603 0.00434193  -0.00180102  5.69548e-06 -0.000193421  -0.00304875   0.00134367 -0.000309724 1 0 0
             10.7997 4.14126  7.6853 -1.5108  -0.0178665 -0.00106835  0.00260373 -0.0186642 0.00759711 0.00868799  -0.00182333  7.08189e-06 -0.000191613  -0.00307242   0.00139557 -0.000340694 1 0 0
             10.9006  4.26481  7.67913 -1.50571  -0.0185466 -0.00249921 9.98851e-05 -0.0167113 0.00438973 -0.0083121  -0.00184231  6.68402e-06 -0.000192907  -0.00309904    0.0014271 -0.000301025 1 0 0
             11.0005 4.27434 7.76642 -1.4375  -0.0214429 -0.00308434 -0.00482586 -0.0275665 0.00521194 -0.0213644  -0.00186044  3.44436e-06 -0.000197097  -0.00309348   0.00144638 -0.000240661 1 0 0
             11.1005  4.27001  7.80839 -1.48171  -0.0179152  -0.0031845 -0.00538315  -0.011862 0.00537121 -0.0144939  -0.00187856  3.32678e-06 -0.000199807  -0.00318957   0.00144874 -0.000277092 1 0 0
             11.2005  4.27671  7.70129 -1.56718  -0.0200618 -0.00192409 -0.00215107 -0.0247093  0.0127868 0.00553428  -0.00189569  2.06194e-06 -0.000201114  -0.00317575   0.00143973 -0.000337073 1 0 0
             11.3004  4.26018  7.66556 -1.59449  -0.0198085 -0.00482969 -0.00269432  -0.0172365 0.000808575  0.00126885  -0.00191451  2.14339e-06 -0.000200716  -0.00321917   0.00149874 -0.000333477 1 0 0
             11.4005  4.29019  7.68999 -1.53934   -0.0195067  -0.00733073 -0.000467854  -0.0159433 -0.00626014  0.00951062  -0.00193467  2.45647e-06 -0.000202728  -0.00324836   0.00153227 -0.000370041 1 0 0
             11.5004  4.26525  7.76457 -1.57602  -0.0200452 -0.00605337 -0.00707878 -0.0189408 0.00909242 -0.0181757   -0.0019485 -5.72612e-07 -0.000202392  -0.00328669   0.00150888 -0.000263146 1 0 0
             11.6003  4.31701  7.66251 -1.52267  -0.0199645 -0.00320464 -0.00494802  -0.0184999   0.0226167 -0.00221417 -0.00196956  2.7595e-06 -0.00020753  -0.00331528   0.00147974 -0.000319043 1 0 0
             11.6993  4.30083  7.69649 -1.58949  -0.0179462 -0.00518293 -0.00770306 -0.00725117  0.00838441  -0.0107856  -0.00199064 -2.35598e-06 -0.000207311  -0.00337988   0.00153781 -0.000298057 1 0 0
             11.8003  4.33105  7.55575 -1.55017  -0.0182292 -0.00715532 -0.00322938 -0.0142676 0.00246316  0.0159674  -0.00201261  1.70766e-06 -0.000210286  -0.00338216   0.00157819 -0.000378185 1 0 0
             11.9002  4.35755  7.40633 -1.59727   -0.0209065  -0.00538254 -0.000315135 -0.0286957  0.0116606  0.0183806  -0.00203467  3.57203e-06 -0.000212411  -0.00337021   0.00155556 -0.000394517 1 0 0
             12.0002  4.39737  7.39383 -1.65685  -0.0189727 -0.00493455  0.00123252 -0.0120211  0.0142878  0.0198013  -0.00205201 -9.23656e-07 -0.000215846  -0.00344506   0.00156194 -0.000399648 1 0 0
             12.1002  4.42277  7.30953 -1.62548   -0.0198236  -0.00551707 -6.45956e-05 -0.0202294  0.0108363 0.00698359  -0.00207416  3.97483e-07 -0.000217244  -0.00346449   0.00159458 -0.000357745 1 0 0
             12.2002 4.42054  7.1933 -1.6987  -0.0234501 -0.00154138  0.00180921 -0.0359859  0.0265958   0.011485  -0.00209311  7.71098e-09 -0.000221171  -0.00344901   0.00155371 -0.000366752 1 0 0
             12.3002  4.39047  7.03898 -1.80927  -0.0220164 -0.00151543  0.00256016 -0.0202617  0.0201998 0.00824733  -0.00211708  1.04073e-06 -0.000223816  -0.00352913   0.00158837 -0.000375501 1 0 0
             12.4001  4.43109  7.09927 -1.76432  -0.0215204 -0.00361628  0.00192623 -0.0148308 0.00893727 0.00582115  -0.00213523 -1.97839e-06 -0.000226233  -0.00357202   0.00164853 -0.000365079 1 0 0
                12.5  4.48442  7.11082 -1.73981  -0.0220162 -0.00418817  0.00172952   -0.0203997   0.00566167 -0.000386595  -0.00215922 -2.15408e-06 -0.000226389  -0.00359592   0.00166924 -0.000362532 1 0 0
             12.6001     4.49  7.19752 -1.73927 -0.0213791 -0.0023043 0.00485651 -0.0162063  0.0154121  0.0130965  -0.00217901  -6.6343e-06 -0.000232071  -0.00363766   0.00164666 -0.000410891 1 0 0
                12.7  4.45998  7.23674 -1.77297  -0.0228276 -0.00461012  0.00616713 -0.0230093 0.00269773  0.0145535  -0.00220348 -1.70677e-06 -0.000229115  -0.00364647   0.00170342 -0.000417539 1 0 0
             12.8001   4.4186   7.3214 -1.74532  -0.0242676 -0.00438318  0.00293742  -0.0265936  0.00809137 -0.00231931  -0.00221771 -5.10587e-06  -0.00023209  -0.00367533   0.00170605 -0.000350574 1 0 0
             12.8999  4.42781  7.30173 -1.77096   -0.023035 -0.00531094   0.0034478  -0.0150953  0.00365131 -0.00225625  -0.00224436 -5.12318e-06 -0.000235855  -0.00373799    0.0017261 -0.000373205 1 0 0
                  13  4.34009  7.45233 -1.58567  -0.0217073 -0.00573646 -0.00350104 -0.00881761  0.00881842  -0.0273482  -0.00225377 -6.68332e-06 -0.000237057  -0.00379782   0.00174205 -0.000280239 1 0 0
                13.1  4.35354  7.47624 -1.54309    -0.02082 -0.00406889 -0.00121395   -0.016356   0.0150823 -0.00776888  -0.00227851 -7.11491e-06 -0.000241009  -0.00382762   0.00172462 -0.000356371 1 0 0
             13.1998  4.25686   7.3263 -1.73978  -0.0205113 -0.00121241 -0.00157538 -0.0136136  0.0285451 9.4638e-05  -0.00229441 -5.83201e-06 -0.000241334  -0.00386517   0.00170612 -0.000360294 1 0 0
             13.2999  4.31273  7.29127 -1.66752  -0.0209624 -0.00334366  0.00242898 -0.0153736 0.00731268  0.0147667  -0.00232135 -6.63722e-06 -0.000242095   -0.0038732   0.00177353 -0.000429049 1 0 0
             13.3999 4.37301 7.29842 -1.6055 -0.0225458 -0.0027325 0.00705674 -0.0227833  0.0106533  0.0272017  -0.00234112  -4.9516e-06 -0.000248046  -0.00387263   0.00177545 -0.000479682 1 0 0
             13.4999  4.38374  7.28664 -1.57336  -0.0216435 -0.00554239   0.0031476   -0.0187763 -0.000425142   0.00310873   -0.0023609 -5.75927e-06 -0.000246253   -0.0039424   0.00183549 -0.000393626 1 0 0
             13.5997  4.36402  7.25939 -1.60221  -0.0242627 0.000194287  0.00159686  -0.0279151   0.0289639 -0.00579881  -0.00237909 -1.01646e-05 -0.000250619  -0.00394314   0.00175102 -0.000355715 1 0 0
             13.6997   4.2879  7.22547 -1.62072  -0.0221856 -0.00418445 -0.00475005 -0.0103924 0.00472311 -0.0303307  -0.00239496 -1.04849e-05 -0.000249514   -0.0040311   0.00186075 -0.000293392 1 0 0
             13.7997  4.40536  7.37967 -1.44129  -0.0189137 -0.00636059 -0.00479429 0.000720755 -0.00286573  -0.0188062  -0.00241888 -1.18344e-05 -0.000253528  -0.00409466   0.00189519 -0.000351717 1 0 0
             13.8997 4.48573 7.40697 -1.3873  -0.0183532 -0.00660268 -0.00459536 -0.00957965  0.00433909 -0.00371742  -0.00243729 -1.18225e-05 -0.000256974 -0.00411114  0.00189565 -0.00038061 1 0 0
             13.9996  4.44408  7.20137 -1.46303  -0.0187637 -0.00331183 8.22096e-05 -0.016762 0.0185659 0.0168415  -0.00245974 -1.02295e-05 -0.000259118  -0.00412033   0.00184894 -0.000451563 1 0 0
             14.0996  4.46874  7.15163 -1.54263 -0.0202272 -0.0043424 0.00113312 -0.0178494  0.0101705  0.0122523  -0.00248067 -9.73457e-06 -0.000257466  -0.00412688   0.00189497 -0.000451604 1 0 0
             14.1996  4.60791  7.38412 -1.39081  -0.0228011 -0.00376198  0.00121175 -0.0307367  0.0125545 0.00595608  -0.00250487 -1.04552e-05 -0.000261739  -0.00412394   0.00190285 -0.000436521 1 0 0
             14.2996  4.62343  7.40613 -1.32839  -0.0227491 -0.00265813 0.000586593 -0.0289652  0.0204881 0.00812438  -0.00252313 -1.65473e-05 -0.000265483 -0.00418724  0.00190708 -0.00041842 1 0 0
             14.3997  4.56329  7.12303 -1.37536  -0.0206573 -0.00418347  -0.0010447   -0.0151508    0.0086636 -0.000320323  -0.00254562 -1.50036e-05 -0.000264102   -0.0042783   0.00195855 -0.000395451 1 0 0
             14.4958 4.54438 7.08916 -1.3937  -0.0213753 -0.00229018 -0.00248945  -0.0156666   0.0172736 -0.00692306  -0.00256335 -1.78237e-05 -0.000268696  -0.00429725   0.00194099 -0.000376342 1 0 0
             14.5957 4.59002 6.91199 -1.3709  -0.0207802 -0.00215072 -0.00264692    -0.01369   0.0147797 -0.00213429  -0.00258808 -1.22735e-05 -0.000268664  -0.00433719    0.0019642 -0.000388039 1 0 0
             14.6995 4.59633 6.78602 -1.3986   -0.021342 -0.00418916 0.000948659 -0.0195494 0.00172102   0.010806  -0.00261367 -1.11846e-05 -0.000274299  -0.00435134   0.00201823 -0.000459746 1 0 0
             14.7997  4.63083  6.81173 -1.46095  -0.0224445 -0.00625369   0.0013954 -0.0205412 -0.0032455 0.00972681   -0.0026343 -1.13091e-05 -0.000273469  -0.00437042   0.00205473 -0.000455364 1 0 0
             14.8996  4.67615  6.89462 -1.43377   -0.024194 -0.00398867 -0.00030515  -0.0247101   0.0143988 -0.00146706  -0.00265372  -1.7977e-05 -0.000276295  -0.00438605   0.00201721 -0.000410501 1 0 0
             14.9993   4.7007  6.91562 -1.36803  -0.0225163  -0.0063788 -0.00247508  -0.0140445   0.0023455 -0.00846167  -0.00267367 -2.15814e-05 -0.000279528  -0.00446102   0.00207479 -0.000393108 1 0 0
             15.0996  4.71516  6.81663 -1.41312  -0.0216305 -0.00399695 0.000650245  -0.016038  0.0169127 0.00584338  -0.00269594 -1.98278e-05 -0.000285221  -0.00450168   0.00203876 -0.000453639 1 0 0
             15.1997  4.71292  6.77387 -1.52662  -0.0216089 -0.00440369 -0.00356503 -0.0133651  0.0168708 -0.0101228   -0.0027162 -2.27936e-05 -0.000283497  -0.00454293   0.00207627 -0.000384722 1 0 0
             15.3003  4.76186  6.79373 -1.40305  -0.0220086 -0.00476636 -0.00182207  -0.0127163   0.0104309 -0.00224397   -0.0027417 -2.27772e-05 -0.000285983  -0.00455361   0.00210382 -0.000434178 1 0 0
             15.3996  4.71276  7.01272 -1.31898  -0.0210547 -0.00584403  -0.0017659  -0.012791 0.00493464 -0.0012691  -0.00276365 -2.74958e-05 -0.000287413  -0.00459608   0.00213614 -0.000448319 1 0 0
             15.4996  4.75053  7.07617 -1.29704   -0.018682 -0.00137244  0.00325586 -0.00688603   0.0261694   0.0205123  -0.00278878 -2.50824e-05 -0.000292998   -0.0046598   0.00206279 -0.000526708 1 0 0
             15.5993  4.65217  7.03853 -1.34556   -0.016926 -0.00285302  0.00199997 -0.00189535   0.0131912  0.00825049  -0.00280731 -2.32593e-05 -0.000292357  -0.00471256   0.00213112 -0.000484941 1 0 0
             15.6996  4.70869  7.09552 -1.27997   -0.0202211  -0.00179683 -0.000322133 -0.0209317  0.0173624 -0.0032046  -0.00283091   -2.211e-05 -0.000293057  -0.00467462   0.00214043 -0.000430908 1 0 0
             15.8002  4.68554  7.18761 -1.23388   -0.021018 -0.00346529 -0.00378853 -0.0224892 0.00368256 -0.0157066  -0.00285193 -2.28792e-05 -0.000296814  -0.00470839     0.002193 -0.000392073 1 0 0
             15.8997  4.70902  7.22637 -1.23259  -0.0207299 -0.00426494 -0.00207691  -0.0196304  0.00297908 0.000429059  -0.00287675 -2.04313e-05 -0.000299132  -0.00475287   0.00220907 -0.000450999 1 0 0
             15.9996  4.62416  7.28431 -1.29085  -0.0207872 -0.00602066 -0.00494244   -0.0179384 -0.000953572   -0.0117533  -0.00289336 -2.56333e-05 -0.000298349  -0.00479843   0.00224631 -0.000410857 1 0 0
             16.0996  4.64055  7.27943 -1.29956  -0.0200707  -0.0061029 -0.00261047 -0.0138854 0.00306731 0.00450467   -0.0029195  -2.1627e-05 -0.000302055 -0.00484264  0.00224166 -0.00047421 1 0 0
             16.1997  4.62078  7.33905 -1.32022  -0.0204259  -0.0060647 -0.00439828  -0.0154712  0.00717246 -0.00553223  -0.00294026 -2.22902e-05 -0.000304742  -0.00487326   0.00224765 -0.000441753 1 0 0
             16.3002  4.65024  7.39726 -1.28148  -0.0205275 -0.00423345 -0.00358558  -0.016077  0.0178198 0.00130098  -0.00296292 -2.09838e-05 -0.000305409  -0.00490395   0.00222774 -0.000464227 1 0 0
             16.4001  4.63717  7.37335 -1.27097  -0.0205127 -0.00273431 -0.00316731   -0.016892    0.019327 0.000614773  -0.00298616 -1.97496e-05 -0.000310728  -0.00494062   0.00223088 -0.000474762 1 0 0
             16.4993  4.62056  7.41458 -1.26514  -0.0204426 -0.00359536 -0.00460755   -0.0162465    0.0141461 -0.000781516  -0.00300459 -1.77004e-05 -0.000314157  -0.00498285   0.00228242 -0.000457342 1 0 0
             16.5996  4.60928  7.35677 -1.22276  -0.0213227 -0.00558841 -0.00438866 -0.0213163 0.00470466 0.00118644  -0.00302637 -2.01123e-05  -0.00031598  -0.00500248   0.00234531 -0.000471529 1 0 0
             16.6999 4.66211 7.30104 -1.2426  -0.0206532 -0.00317543 -0.00532246  -0.0149991   0.0179741 -0.00318537  -0.00304945 -1.95385e-05 -0.000318659  -0.00506052   0.00231066 -0.000456876 1 0 0
             16.7996  4.61436  7.29018 -1.25206    -0.01939 -0.00445856 -0.00275892 -0.00899742   0.0072151  0.00748005  -0.00307383 -1.92544e-05 -0.000318532  -0.00510558   0.00235939 -0.000518708 1 0 0
             16.8996 4.63858 7.36792 -1.1682    -0.01828 -0.00492161  -0.0023457 -0.00605728  0.00713956  0.00762982  -0.00309594 -1.94289e-05 -0.000322425  -0.00514797   0.00238033 -0.000520226 1 0 0
             16.9998  4.69116  7.36371 -1.12438   -0.0187829  -0.00399851 -0.000110409 -0.0154915  0.0115528  0.0164291  -0.00312435 -1.77358e-05 -0.000327373   -0.0051575   0.00237539 -0.000544698 1 0 0
             17.0998  4.66257  7.21951 -1.17503   -0.019386 -0.00369003  -0.0010961 -0.0192603  0.0143334 0.00913065  -0.00314422 -1.62608e-05 -0.000327921  -0.00519169   0.00239477 -0.000501412 1 0 0
             17.1998  4.70066  7.02554 -1.18444 -0.0201607 -0.0022056 0.00104958 -0.0204432  0.0170258  0.0122261  -0.00316944  -1.3877e-05 -0.000330877 -0.00521702  0.00239151 -0.00052569 1 0 0
             17.2997  4.72199  6.97365 -1.17562  -0.0218876 -0.00186014  0.00125284 -0.0255038  0.0151968 0.00757433  -0.00319394  -1.4109e-05 -0.000333886   -0.0052316   0.00241743 -0.000514092 1 0 0
             17.4006 4.73407 6.96982 -1.2236  -0.0214401 -0.00341787 0.000340532 -0.0206268 0.00778311 0.00173771  -0.00321589 -1.42638e-05 -0.000336336   -0.0052975   0.00247157 -0.000497798 1 0 0
             17.4998  4.77464   6.9299 -1.30334   -0.0216842  -0.00525137 -6.53553e-05   -0.0209475    0.0023412 -0.000484069  -0.00324317 -1.12671e-05 -0.000337021  -0.00533957   0.00251753 -0.000499267 1 0 0
             17.5998   4.8368  6.93161 -1.30805 -0.0216546 -0.0020381 0.00412439 -0.0189535  0.0189035  0.0175732  -0.00326796 -1.23701e-05 -0.000340638  -0.00537801   0.00245767 -0.000570419 1 0 0
             17.6998  4.82474  6.75821 -1.32162  -0.0216499 -0.00301104  0.00304124 -0.0182602  0.0112815  0.0062379  -0.00329191 -1.33784e-05 -0.000341912  -0.00542694    0.0025125 -0.000529396 1 0 0
             17.7998 4.80622 6.82262 -1.3089  -0.0201662 -0.00141465  0.00041408 -0.0102642  0.0183132 -0.0086268  -0.00330964 -1.07131e-05 -0.000348648  -0.00550324   0.00249972 -0.000480331 1 0 0
             17.9006  4.79303  6.87984 -1.30581  -0.0219307 -0.00325509  0.00301601  -0.020864 0.00484264 0.00445012   -0.0033375 -9.00338e-06 -0.000348015  -0.00548811   0.00256566 -0.000550029 1 0 0
             17.9997  4.80055  7.01413 -1.28247  -0.0227051 -0.00142786 5.25796e-05  -0.0226449   0.0167218 -0.00744655  -0.00335738  -1.1647e-05 -0.000355771  -0.00553025   0.00254117 -0.000488178 1 0 0
             18.0997   4.7444  7.01867 -1.30171  -0.0226255 -0.00230269  0.00368404 -0.0198345 0.00742047  0.0118858  -0.00338452  -1.0199e-05 -0.000357868  -0.00557079    0.0025826 -0.000574352 1 0 0
             18.1993  4.72492  7.10709 -1.34097  -0.0223025 -0.00275733  0.00469336   -0.01438 0.00627653 0.00935192  -0.00340633 -9.45626e-06 -0.000354551 -0.00561848  0.00260301 -0.00058244 1 0 0
             18.3005  4.82851  7.22658 -1.19996  -0.0210808 -0.00386141  0.00263573  -0.0117197  0.00530545 0.000121674  -0.00342974 -9.90966e-06 -0.000360995   -0.0056826   0.00263433 -0.000537417 1 0 0
             18.4005  4.81206  7.19549 -1.19918  -0.0200029 0.000772421  0.00519669 -0.0109247  0.0242018 0.00986523  -0.00345864 -9.22177e-06 -0.000366083  -0.00573196    0.0025535 -0.000577456 1 0 0
             18.4997  4.71932  7.17287 -1.22883 -0.0188151  -0.004343 0.00035942  -0.0072224 -0.00117235 -0.00997234  -0.00347294 -8.25409e-06 -0.000364034  -0.00579349   0.00269757 -0.000493793 1 0 0
             18.5997   4.7915  7.16217 -1.18136  -0.0204875 -0.00355123 0.000344469  -0.0177959  0.00443691 -0.00715365  -0.00350351 -5.74872e-06 -0.000367956   -0.0057811   0.00268054 -0.000509465 1 0 0
             18.6996  4.76757  7.19658 -1.13217  -0.0202488 -0.00408854 -0.00322098 -0.0158557 0.00702904 -0.0179284  -0.00351717 -6.80564e-06 -0.000374791  -0.00583369   0.00270197 -0.000466003 1 0 0
             18.8004  4.84174  7.25846 -1.11005    -0.020716  -0.00269368 -0.000267211  -0.019194  0.0121905 0.00123541  -0.00354637 -7.05899e-06 -0.000375138  -0.00585332   0.00268202 -0.000550916 1 0 0
             18.9003  4.75864  7.25477 -1.13478   -0.020426  -0.0036078 -0.00040388  -0.0163703  0.00828056 0.000526855  -0.00356407 -6.06063e-06 -0.000376793  -0.00590253   0.00272149 -0.000556379 1 0 0
             19.0002    4.783  7.19627 -1.08226  -0.0198124 -0.00305223  0.00134196 -0.0148829  0.0131755 0.00842161  -0.00358813 -3.89452e-06 -0.000379616  -0.00594968   0.00272624 -0.000591616 1 0 0
             19.1001  4.80764  7.24237 -1.05713  -0.0198073 -0.00214229 0.000869756 -0.0166631  0.0149071 0.00316174  -0.00361237 -4.75975e-06 -0.000382868  -0.00599094   0.00273103 -0.000573668 1 0 0
             19.1993   4.7871  7.21253 -1.09612   -0.0186542  -0.00624324 -0.000613062   -0.0118283  -0.00342997 -0.000719057  -0.00363623 -3.78921e-06 -0.000380271  -0.00605509   0.00283564 -0.000558514 1 0 0
             19.3003  4.77466  7.23798 -1.08491  -0.0195845 -0.00378002 -0.00366255 -0.0166945  0.0131067 -0.0153924  -0.00366041 -9.74444e-06 -0.000383285  -0.00607518   0.00278628 -0.000500359 1 0 0
             19.4003 4.83904 7.22782 -1.1082  -0.0212251 -0.00165585 -0.00220117  -0.0234124   0.0215844 -0.00076403  -0.00368867 -2.22497e-06 -0.000385499  -0.00607751   0.00276908 -0.000553064 1 0 0
             19.5001  4.82761  7.19814 -1.10291  -0.0226708 -0.00233127 -0.00148075 -0.0255926   0.012837 0.00471884  -0.00371328 -1.04759e-05 -0.000385617  -0.00609696   0.00282182 -0.000574185 1 0 0
             19.5992  4.83965  7.15404 -1.10982   -0.019538  -0.0057419 -0.00298954 -0.00933985 -0.00399379 -0.00396825  -0.00373522 -3.21442e-06 -0.000389488  -0.00621687   0.00290278 -0.000564429 1 0 0
             19.6987  4.74556  7.12215 -1.23322  -0.0213207  -0.0028317 -0.00395696  -0.0211602   0.0164074 -0.00663169  -0.00375978 -9.50219e-06  -0.00039267  -0.00621438   0.00284578 -0.000542869 1 0 0
             19.7984  4.66889  7.00523 -1.39213  -0.0204969 -0.00350149 -0.00407141  -0.0142125   0.0110583 -0.00184214   -0.0037824  -1.0779e-06 -0.000394771 -0.00627676  0.00288579 -0.00056276 1 0 0
             19.8981  4.76487  6.99144 -1.41544  -0.0185951 -0.00270759  0.00063038 -0.00673338   0.0144226    0.018054  -0.00380974  -8.5513e-07 -0.000396267  -0.00633313    0.0028858 -0.000662054 1 0 0
             20.0001 4.83898 6.79434 -1.3486  -0.0203469 -0.00551152 0.000160512 -0.0204547 0.00254331  0.0116155  -0.00383351 -1.44978e-06  -0.00040258 -0.00633059  0.00297066 -0.00062819 1 0 0
                20.1  4.90737  6.78064 -1.36442  -0.0193981 -0.00611953  0.00528666   -0.0179837 -0.000672189    0.0251494  -0.00386645 -1.06021e-06 -0.000402759  -0.00638467   0.00297408 -0.000706288 1 0 0
                20.2  4.77966  6.78723 -1.43535   -0.0218015  -0.00467451 -0.000265335  -0.0249673   0.0134422 -0.00670192  -0.00388329 -8.62156e-06 -0.000408385 -0.00639989  0.00295611 -0.00055765 1 0 0
              20.299 4.76994 6.72749 -1.4184  -0.0242938 -0.00261257 -0.00147791 -0.0294081  0.0235537 -0.0101502  -0.00390967 -8.67777e-06  -0.00040818   -0.0064059   0.00294622 -0.000545904 1 0 0
             20.3999  4.78056  6.88981 -1.40351  -0.0239402 -0.00303938   -0.006541 -0.0206889  0.0142556 -0.0280069  -0.00393437 -7.99388e-06 -0.000412283  -0.00648474   0.00299539 -0.000491581 1 0 0
                20.5  4.88279  6.96229 -1.29655    -0.02102 -0.00149205 -0.00249526 -0.00702403   0.0203757  0.00430436  -0.00396863 -9.46522e-06  -0.00041445  -0.00657304   0.00298523 -0.000622944 1 0 0
             20.5999  4.77338  6.83577 -1.32679  -0.0153812 -0.00326307 -0.00131739   0.010052 0.00659376 0.00431193  -0.00399183 -2.75435e-06 -0.000416211    -0.006707    0.0030498 -0.000661594 1 0 0
             20.6998 4.79895 6.94634 -1.3632  -0.0184518 -0.00309449 0.000854193  -0.010235 0.00847379  0.0136273  -0.00402217 -1.34093e-06 -0.000418249  -0.00662673   0.00306243 -0.000685785 1 0 0
             20.7998  4.84486  7.04511 -1.27731 -0.0214478 -0.0040035 0.00107294 -0.0253298 0.00406424 0.00829473   -0.0040483 -5.23444e-06  -0.00042014  -0.00659704       0.0031 -0.000667572 1 0 0
             20.8999  4.87097  7.10744 -1.22726 -0.0222588 -0.0051452 0.00170741 -0.0264483 0.00155796  0.0104488  -0.00407291 -6.72423e-07 -0.000424943  -0.00664274   0.00312703 -0.000670248 1 0 0
             20.9999  4.82646  7.11907 -1.21763  -0.0207395 -0.00355528 -0.00353901 -0.0156704  0.0133608 -0.0164625  -0.00409412 -4.61509e-06 -0.000423422  -0.00674904   0.00310068 -0.000555427 1 0 0
             21.0997  4.86116  7.13479 -1.24651  -0.0201113 -0.00453456 -0.00165921   -0.0121318   0.00552476 -0.000893313  -0.00412247 -9.21982e-07 -0.000429052  -0.00679062   0.00313898 -0.000633713 1 0 0
             21.1998  4.84391  7.25226 -1.24445  -0.0223162 -0.00360646 -0.00553582 -0.0215987  0.0108498 -0.0139749  -0.00414548  -6.2272e-06 -0.000428601  -0.00678705   0.00313589 -0.000557155 1 0 0
             21.2997  4.79452  7.26097 -1.24848   -0.019989 -0.00567724 -0.00682613 -0.0104129 0.00165123 -0.0140093  -0.00415946 -4.15671e-06 -0.000431635  -0.00688112   0.00319405 -0.000580657 1 0 0
             21.3996   4.8894  7.25131 -1.23527  -0.0207762 -0.00660301 -0.00633538   -0.016607  0.00210997 -0.00793983  -0.00418627 -4.14841e-06 -0.000435293  -0.00688973    0.0032147 -0.000624279 1 0 0
             21.4997  4.96107  7.28324 -1.20994  -0.0205656 -0.00610547 -0.00822556  -0.0130063  0.00967275 -0.00944312  -0.00421042 -1.21084e-06 -0.000439085  -0.00693645   0.00320851 -0.000604161 1 0 0
             21.5996  4.97049  7.22387 -1.11813  -0.0207783 -0.00715534 -0.00522396 -0.0166028 0.00703017  0.0102858  -0.00423588 -3.03901e-06 -0.000437961  -0.00695457   0.00324975 -0.000683164 1 0 0
             21.6997  4.96074   7.2158 -1.15857  -0.0211435 -0.00389573 -0.00443937  -0.021426  0.0203632 0.00716371  -0.00426187 -1.67233e-06 -0.000443425  -0.00699731   0.00319376 -0.000679447 1 0 0
             21.7998  4.96598  7.09721 -1.23511  -0.0219612 -0.00601948 -0.00451466 -0.0195861   0.008175 0.00562735  -0.00428601  -2.5009e-06 -0.000443545  -0.00702948   0.00327805 -0.000675676 1 0 0
             21.8997  4.96237  7.05191 -1.23778   -0.020437 -0.00322978 -0.00528903 -0.00969075   0.0216421 -0.00137524  -0.00431041  5.82472e-07 -0.000445999  -0.00710898   0.00323778 -0.000654652 1 0 0
             21.9996  4.99677  7.14461 -1.23026  -0.0223423 -0.00376162 -0.00250682 -0.0200862  0.0118796  0.0127314  -0.00433749 -5.93521e-06 -0.000451416  -0.00708754   0.00328845 -0.000715918 1 0 0
             22.0998  5.00979  7.01501 -1.29839   -0.0194526  -0.00423433 -0.000375606 -0.00752199  0.00912423   0.0179123  -0.00436258 -1.76702e-06 -0.000454209  -0.00719319   0.00331565 -0.000745908 1 0 0
             22.1993  5.03923  6.93913 -1.37828  -0.0188975 -0.00458674   0.0015117 -0.00890721  0.00749627   0.0191534  -0.00439063 -5.43344e-07 -0.000456333 -0.00722817  0.00333639 -0.00075321 1 0 0
             22.3005  5.02258  6.81196 -1.47033  -0.0214259 -0.00489914   0.0014666 -0.0217881 0.00719482  0.0107114   -0.0044142   3.2626e-06 -0.000456127  -0.00720818   0.00336487 -0.000717273 1 0 0
             22.3996  5.04567  6.78983 -1.45845  -0.0227238 -0.00451955 0.000885831 -0.0265196  0.0106595 0.00761465  -0.00443685   1.1079e-06 -0.000463431   -0.0072397   0.00337288 -0.000685825 1 0 0
             22.4998  4.96426   6.6333 -1.65411  -0.0243619  -0.0056296 0.000644612 -0.0305949 0.00470362 0.00352335  -0.00446134  2.50123e-06 -0.000460911 -0.00727312  0.00341553 -0.00067672 1 0 0
             22.5997  4.95855  6.53323 -1.71947   -0.0259443  -0.00513622 -0.000586516  -0.0283139   0.0102754 -0.00361639  -0.00448134 -1.22756e-06 -0.000465543   -0.0073114   0.00341612 -0.000650813 1 0 0
             22.6997  4.99969  6.51287 -1.78923  -0.0256622 -0.00292084 0.000103893 -0.0184996  0.0201968 -0.0017557  -0.00451163 -2.17503e-06 -0.000469514  -0.00737551    0.0033884 -0.000677669 1 0 0
             22.7997  5.06967   6.5247 -1.70326  -0.0234375 -0.00166176  0.00367595 -0.00913452   0.0208628   0.0156443  -0.0045377 4.63995e-06 -0.00047379  -0.00745708    0.0033933 -0.000759895 1 0 0
             22.8996  5.01279  6.50493 -1.70508  -0.0245934 -0.00324411  0.00537637 -0.0209694 0.00955489  0.0137312  -0.00456546   -4.295e-06 -0.000475696  -0.00746321   0.00347121 -0.000775698 1 0 0
             22.9995  4.98248  6.57934 -1.74838  -0.0244099 -0.00432642  0.00235725  -0.0136306  0.00492139 -0.00256524  -0.00458627 -3.72522e-07  -0.00047814  -0.00752504   0.00351038 -0.000702145 1 0 0
             23.0997  4.99415  6.66035 -1.60809  -0.0274835 -0.00536447  0.00493626 -0.0278819 0.00187882  0.0101779  -0.00461342 -2.59741e-06 -0.000482101  -0.00748935   0.00354334 -0.000754845 1 0 0
             23.2003  5.04857  6.72951 -1.60727   -0.024235 -0.00170319  0.00475664 -0.00891849   0.0194244  0.00369695  -0.00464074 -8.20146e-07 -0.000488731  -0.00762721   0.00345996 -0.000735817 1 0 0
             23.2995  5.02907  6.84383 -1.64156  -0.0234775 -0.00388242 0.000210467 -0.00718636  0.00843927    -0.01364  -0.00466267 -2.78189e-06 -0.000484414  -0.00767788   0.00354711 -0.000651362 1 0 0
             23.3997   5.0391  6.86819 -1.59948  -0.0226955 -0.00357793   0.0022173 -0.00717393  0.00721036   0.0001138  -0.00468935  1.85941e-06 -0.000488423  -0.00770795   0.00355089 -0.000723656 1 0 0
             23.4996  4.99352  6.92686 -1.54884  -0.0206789  -0.0054322 0.000462353 -0.00384918  0.00267173 -0.00309353  -0.00471084  2.64621e-07 -0.000491332  -0.00777769   0.00360185 -0.000697533 1 0 0
             23.6001   5.0001  6.90579 -1.55589 -0.0225755 -0.0017799 0.00107271  -0.0184727   0.0188532 -0.00028346  -0.00474087  1.22992e-06 -0.000492507  -0.00775743   0.00353359 -0.000704954 1 0 0
             23.6996  4.92941  6.87074 -1.54895  -0.0238699 -0.00393542 -0.00404447  -0.021734 0.00698634 -0.0179527  -0.00475759 -3.28452e-06 -0.000497803  -0.00778697   0.00362278 -0.000615735 1 0 0
             23.8001  4.98941  6.85614 -1.56965  -0.0241353 -0.00187792 -0.00212165  -0.0195118   0.0152996 -0.00391904  -0.00478942  4.61108e-07 -0.000499829  -0.00782374   0.00358849 -0.000693336 1 0 0
                23.9  4.90312  6.84432 -1.55798  -0.0244291 -0.00598373 -0.00626897   -0.0198869 -0.000489097   -0.0176137  -0.00480391 -2.13418e-06 -0.000502183  -0.00787365   0.00370939 -0.000637122 1 0 0
                  24   4.9475  6.75072 -1.62123  -0.0236837 -0.00586355   -0.002395 -0.0146392 0.00213658 0.00408496  -0.00483631  9.37018e-06 -0.000502033  -0.00792436   0.00369403 -0.000755142 1 0 0
                24.1  4.96194  6.88689 -1.57828  -0.0244232 -0.00472747 -0.00163989 -0.0154395  0.0103534 0.00921537  -0.00485862 -1.63078e-06 -0.000505375  -0.00794221   0.00367489 -0.000757986 1 0 0
                24.2  4.99381  6.70773 -1.56055   -0.0230319   -0.0048877 -0.000329548 -0.0118808  0.0103538  0.0118259  -0.00488531  1.78903e-06 -0.000505991 -0.00801265  0.00369869 -0.00077419 1 0 0
             24.3001  5.02417  6.66515 -1.61285  -0.0234573 -0.00337807 0.000311958 -0.0150986  0.0153183 0.00902437  -0.00491217 -1.85551e-06 -0.000514224  -0.00803934   0.00368682 -0.000766538 1 0 0
             24.3999  5.04092  6.54746 -1.64643  -0.0233062 -0.00397983  0.00101292 -0.0138708  0.0130429  0.0113251  -0.00493644  1.36679e-06 -0.000512643  -0.00808051   0.00373166 -0.000767136 1 0 0
             24.4996  5.04958  6.45978 -1.68919   -0.0243223  -0.00247413 -0.000409076  -0.0193234   0.0148649 -0.00108927   -0.0049622  1.81578e-06 -0.000517697  -0.00810378    0.0037255 -0.000721087 1 0 0
                24.6  5.08486   6.4618 -1.75695  -0.0256961 -0.00430047  0.00226325 -0.0223044 0.00609539  0.0125147  -0.00498967  1.46772e-06 -0.000519832 -0.00811477    0.003794  -0.0007876 1 0 0
             24.6978  5.12371  6.43092 -1.74391  -0.0258955 -0.00385993  0.00113912   -0.0184467    0.0080512 -0.000686072  -0.00501713 -2.24129e-06 -0.000521097  -0.00816704   0.00379644 -0.000747643 1 0 0
             24.7971  5.16249   6.4665 -1.72079  -0.0233921 -0.00703692 -0.00211378 -0.00939436  -0.0012578 -0.00956248  -0.00503846  5.97468e-06 -0.000522706  -0.00827724   0.00387631 -0.000701144 1 0 0
             24.8971  5.12875  6.45714 -1.75783   -0.023132 -0.00569911  0.00109715 -0.0131517 0.00623161 0.00536923  -0.00506549  2.29125e-06 -0.000523606  -0.00830405   0.00384081 -0.000786084 1 0 0
             24.9992  5.09274   6.5312 -1.72837  -0.0238862 -0.00328993  -0.0025746 -0.0124605  0.0193306 -0.0102603  -0.00507817 -1.36046e-06 -0.000529404   -0.0083295   0.00381233 -0.000701426 1 0 0
             25.0998  5.13669  6.54917 -1.59455  -0.0216318 -0.00178367 0.000966521 -0.00650333    0.019483  0.00745689  -0.00510926  2.07027e-06 -0.000536745  -0.00839614   0.00381164 -0.000796227 1 0 0
             25.1995  5.05006  6.67215 -1.67021   -0.025034 -0.00677477 -0.00354124  -0.0257725 -0.00446062  -0.0110786  -0.00512581 -8.25692e-06 -0.000536126  -0.00836106    0.0039614 -0.000707734 1 0 0
             25.2998   5.0606  6.65698 -1.67876  -0.0264144 -0.00339389 -0.00127527 -0.0246705  0.0143227 0.00126175  -0.00515808  -1.6515e-06 -0.000538634  -0.00838573   0.00387679 -0.000764983 1 0 0
             25.3998  5.02121  6.86378 -1.61338  -0.0261343  -0.0039907 -0.00243706   -0.016708  0.00969039 -0.00489951  -0.00517744 -1.02192e-05 -0.000539525  -0.00844901    0.0039162 -0.000753244 1 0 0
             25.4996  5.11137  6.87134 -1.50146  -0.0224357 -0.00446284 -0.00276529  0.000235314   0.00874241 -0.000965378  -0.00520822 -9.84131e-06 -0.000543615    -0.008568   0.00394036 -0.000768955 1 0 0
             25.5996  5.10523  6.87672 -1.49607  -0.0190893 -0.00450738 -0.00272121  0.00370017  0.00749942 0.000352808  -0.00522956 -5.04818e-06  -0.00054707   -0.0086517   0.00395355 -0.000781285 1 0 0
             25.6996 5.12489 6.86979 -1.5728  -0.0200767 -0.00635725 -0.00125059 -0.00901295 0.000905824  0.00950144   -0.0052591 -3.53278e-06 -0.000547702 -0.00862948  0.00400735 -0.00081123 1 0 0
             25.7997  5.09411  6.74851 -1.60187   -0.0210397  -0.00507675 -0.000266986 -0.0127137 0.00841101 0.00805626  -0.00528115  1.76788e-06 -0.000546423  -0.00863415   0.00398356 -0.000810617 1 0 0
             25.9006  5.12886  6.84268 -1.51198   -0.023838 -0.00394065 -0.00342112   -0.025455   0.0132516 -0.00748233  -0.00530339 -6.29614e-07 -0.000551062   -0.0086196   0.00398411 -0.000728932 1 0 0
             25.9996  5.11857  6.84641 -1.53476  -0.0232066 -0.00251097 -0.00172406  -0.019873  0.0175893 0.00382278  -0.00533004 -6.40526e-06 -0.000554308  -0.00869071   0.00397574 -0.000784539 1 0 0
             26.0994  5.07887  6.85095 -1.56997  -0.0243417 -0.00561981 -0.00271916     -0.02097   0.00137101 -0.000125862  -0.00535144 -6.97402e-06 -0.000556129  -0.00871724   0.00407742 -0.000771842 1 0 0
             26.2005  5.12498  6.81602 -1.48463  -0.0252444 -0.00455626 -0.00784142 -0.0198967 0.00961312 -0.0190869   -0.0053766  -8.5255e-06 -0.000557327  -0.00876082    0.0040627 -0.000667889 1 0 0
             26.2996  5.16108  6.70718 -1.43415   -0.024517 -0.00497653 -0.00676616  -0.0180855  0.00794893 -0.00372722   -0.0053994 -6.82575e-06 -0.000562822  -0.00882255   0.00408648 -0.000736642 1 0 0
             26.3996  5.09161  6.57991 -1.56035  -0.0248924 -0.00654273 -0.00441237  -0.0197116 0.000896806  0.00531952  -0.00542834 -9.81525e-06 -0.000564073  -0.00885565   0.00413098 -0.000803609 1 0 0
             26.4997  5.05636  6.52456 -1.68793  -0.0230089 -0.00566738 -0.00504622 -0.00498576  0.00992497 0.000188919  -0.00544806 -6.68401e-06 -0.000564919  -0.00894397   0.00411061 -0.000786733 1 0 0
             26.6004  5.08983  6.56978 -1.65442  -0.0266274 -0.00806249 -0.00219981   -0.0247061 -0.000977244     0.012913  -0.00547893 -1.31959e-05 -0.000569228  -0.00887567   0.00418543 -0.000847691 1 0 0
             26.7004  5.11733  6.53458 -1.68408  -0.0243884 -0.00606035 -0.00244489 -0.0104798  0.0131472  0.0079096  -0.00550801 -1.04327e-05 -0.000567818  -0.00898874   0.00413662 -0.000820166 1 0 0
             26.8005 5.12131 6.42134 -1.6848  -0.0243165 -0.00463451 -0.00288001 -0.0127146  0.0199785 0.00240899  -0.00553599  -9.1726e-06 -0.000575183  -0.00902597   0.00413801 -0.000797871 1 0 0
             26.9004  5.16829  6.39482 -1.72165    -0.024286  -0.00180055 -0.000488077 -0.012358 0.0261319 0.0105087  -0.00556361 -8.46124e-06 -0.000581956 -0.00905582  0.00411502 -0.00084345 1 0 0
             26.9992  5.19673  6.39183 -1.74659   -0.023177 -0.00324262  0.00118218 -0.00856529   0.0126151   0.0123973  -0.00559469 -5.06561e-06 -0.000580261  -0.00910923   0.00419631 -0.000875011 1 0 0
             27.1004  5.16496  6.52674 -1.74078  -0.0261173 -0.00160513  -0.0014762  -0.0237045   0.0176581 -0.00263728  -0.00561602 -7.62935e-06 -0.000585801  -0.00908435   0.00419398 -0.000793015 1 0 0
             27.2003  5.11815  6.55984 -1.76192  -0.0256932  -0.0037519 -0.00441306 -0.0171249 0.00575125 -0.0116825  -0.00563837 -6.96037e-06 -0.000588581  -0.00915701    0.0042778 -0.000753286 1 0 0
             27.2996  5.10556  6.65771 -1.79532  -0.0245652 -0.00536978 -0.00358225   -0.0100027 -0.000760647  -0.00586123  -0.00566163 -9.98805e-06  -0.00058752  -0.00921745    0.0043187 -0.000810752 1 0 0
             27.4003  5.16023  6.76762 -1.67414  -0.0237506 -0.00348832  -0.0015614 -0.00988569   0.0135918  0.00841599  -0.00568787  -7.4296e-06 -0.000596748  -0.00926052    0.0042759 -0.000859209 1 0 0
             27.5002  5.16659   6.8336 -1.70321   -0.0247389  -0.00375194 -0.000655856 -0.0183326 0.00708016 0.00871572  -0.00571668 -1.29227e-05 -0.000593021  -0.00927029   0.00430822 -0.000864952 1 0 0
             27.6002  5.17345   6.8144 -1.68744  -0.0249826 -0.00322267 -0.00133708 -0.0157342 0.00957875 0.00452779  -0.00573575 -1.29905e-05 -0.000599768  -0.00931441    0.0043123 -0.000836235 1 0 0
             27.7003  5.25393  6.90253 -1.70912  -0.0250336 -0.00258928 0.000210567 -0.0181708  0.0135032 0.00896268   -0.0057656 -1.03153e-05 -0.000596272  -0.00935331     0.004316 -0.000866832 1 0 0
             27.8002  5.23544  6.77382 -1.68585  -0.0260535 -0.00437223 0.000507254 -0.0210244 0.00518055  0.0115873  -0.00578685 -1.14949e-05 -0.000608464  -0.00938168   0.00438494 -0.000860718 1 0 0
             27.9002  5.24541  6.68554 -1.67682   -0.0236576  -0.00439023 -0.000173301  -0.00521922   0.00419566 -0.000737029  -0.00581456  -5.6995e-06 -0.000604989  -0.00948588   0.00439003 -0.000838915 1 0 0
                  28  5.30907  6.84215 -1.58407  -0.0253236 -0.00220295 -0.00032677  -0.0162385    0.016655 0.000971219  -0.00583648 -1.05593e-05 -0.000614169  -0.00946922   0.00435596 -0.000831091 1 0 0
             28.1002   5.2786  6.77028 -1.57829   -0.026367  -0.0038943 0.000716108 -0.0233463 0.00695467 0.00720316  -0.00586305 -1.10894e-05 -0.000614224  -0.00949208   0.00442814 -0.000858333 1 0 0
             28.2002  5.25825  6.79329 -1.64981  -0.0252267 -0.00336218  0.00180788 -0.0132192  0.0081233 0.00713843  -0.00588851 -1.28052e-05  -0.00061399  -0.00957276   0.00442176 -0.000877586 1 0 0
             28.3002 5.26269 6.80085 -1.6023  -0.0261559 -0.00381445  -0.0026973 -0.0159972 0.00865051 -0.0106384  -0.00591014 -1.53006e-05 -0.000618657  -0.00960072   0.00445761 -0.000770244 1 0 0
                28.4  5.26857  6.70709 -1.56646   -0.024898 -0.00219008 5.86234e-06 -0.0107992  0.0137539 0.00120932  -0.00593754 -7.44052e-06 -0.000624192  -0.00966259     0.004433 -0.000855938 1 0 0
             28.5001  5.29238  6.86123 -1.57378   -0.0250673  -0.00363247 -0.000475858 -0.0115301 0.00509476 0.00150042  -0.00596282 -1.57336e-05  -0.00062955  -0.00968814   0.00449055 -0.000853965 1 0 0
                28.6  5.33811  6.73646 -1.55716  -0.0238866 -0.00163832  0.00196208 -0.00913639   0.0150096   0.0144208  -0.00599346 -7.68051e-06  -0.00063149 -0.00974421  0.00445327 -0.00089655 1 0 0
                28.7  5.28169   6.6917 -1.56879   -0.0239021  -0.00376315 -0.000239807   -0.0117469   0.00231092 -0.000265549  -0.00600917 -1.43438e-05 -0.000636648 -0.00978019  0.00453308 -0.00083625 1 0 0
                28.8  5.32763   6.5171 -1.64705  -0.0251587 -0.00438308 0.000751125 -0.0196153 0.00458562 0.00567261  -0.00603947 -7.03652e-06  -0.00063272   -0.0097875   0.00455569 -0.000859279 1 0 0
                28.9  5.26439  6.53411 -1.66176  -0.0266271 -0.00780708  -0.0043519  -0.0232367 -0.00833779  -0.0188401  -0.00605619 -1.66014e-05 -0.000633099  -0.00981852   0.00464418 -0.000756553 1 0 0
             28.9999  5.35747  6.44602 -1.66836  -0.0262385 -0.00697735 -0.00211586 -0.0180566 0.00358571 0.00014981   -0.0060858 -1.09564e-05 -0.000636026  -0.00987586   0.00460225 -0.000840051 1 0 0
             29.0999  5.26713  6.36726 -1.75595  -0.0237033 -0.00598776 -0.00815709 -0.00610713   0.0117488  -0.0263774  -0.00610246 -1.67771e-05 -0.000634683  -0.00999626   0.00459097 -0.000722269 1 0 0
             29.1999  5.3364 6.39014 -1.8162  -0.0244665 -0.00608569 -0.00396208 -0.0123536 0.00963932 0.00463644  -0.00613546 -1.55299e-05 -0.000638715  -0.00998308   0.00461289 -0.000870587 1 0 0
             29.2998  5.33762  6.24369 -1.83209   -0.0221008  -0.00509973 -0.000312727 -0.00218629   0.0128139   0.0159373  -0.00616349 -1.29674e-05 -0.000637936    -0.010061   0.00460715 -0.000946635 1 0 0
                29.4   5.3809  6.33134 -1.76958  -0.0232662 -0.00596391  0.00139627 -0.0142036 0.00923815  0.0170131  -0.00618953 -1.52689e-05 -0.000645274   -0.0100499   0.00465489 -0.000955069 1 0 0
             29.4998  5.31907  6.34124 -1.79592  -0.0245549  -0.0018264 0.000207247 -0.0200477  0.0262023 0.00346529  -0.00621335 -1.30771e-05 -0.000646116  -0.0100709   0.0045899 -0.00088767 1 0 0
             29.5998  5.30305   6.3726 -1.77991   -0.0245608  -0.00551193 -0.000470282 -0.0159077 0.00398572 0.00366731  -0.00623494 -1.42933e-05 -0.000651816   -0.0101236   0.00472852 -0.000888689 1 0 0
             29.6967   5.3543   6.4127 -1.75061  -0.0257708 -0.00438735 3.85223e-06 -0.0221959  0.0101712   0.002025  -0.00626967 -1.56582e-05 -0.000652584   -0.0101404   0.00471108 -0.000890617 1 0 0
             29.7961   5.2948  6.44302 -1.83286  -0.0247086 -0.00694477 -0.00154274  -0.0143226 -0.00127495 -0.00596213  -0.00629081  -1.0266e-05 -0.000657129   -0.0102269   0.00478504 -0.000873351 1 0 0
              29.896  5.36531  6.49986 -1.80921  -0.0248953 -0.00463232  0.00109835 -0.0139278  0.0136881  0.0103184  -0.00632109 -1.22253e-05 -0.000657881   -0.0102536   0.00472766 -0.000934098 1 0 0
              29.998  5.34374  6.61638 -1.71911   -0.024876 -0.00386944 -0.00344348 -0.0147004  0.0143356 -0.0121833  -0.00633803 -1.85756e-05 -0.000663048   -0.0103084   0.00474413 -0.000822779 1 0 0
             30.0997  5.33971  6.57684 -1.71841  -0.0223905 -0.00483429 0.000126809 -0.00481685  0.00708463  0.00787937  -0.00636735 -1.44773e-05 -0.000663383   -0.0103895   0.00478492 -0.000936385 1 0 0
             30.1997  5.26545   6.7868 -1.66165  -0.0251742 -0.00678882 -0.00699671  -0.0197729 0.000759866  -0.0234856  -0.00637934 -3.27188e-05 -0.000668771  -0.0103653  0.00485604 -0.00077344 1 0 0
             30.2997  5.33441  6.75402 -1.63448    -0.02474 -0.00247398 -0.00590488  -0.0159468   0.0221591 -0.00828795  -0.00641438 -2.25703e-05 -0.000672211   -0.0104213   0.00475438 -0.000834845 1 0 0
             30.3994  5.2403 6.75512 -1.7041  -0.0266348 -0.00243911  -0.0055934  -0.0228284   0.0155885 -0.00236161  -0.00643435 -2.63538e-05 -0.000673344  -0.0104202  0.00480289 -0.00086729 1 0 0
             30.4987  5.30114   6.6941 -1.71309  -0.0254076  -0.0071329 -0.00175397 -0.0131502 -0.0083983  0.0147756  -0.00647536 -1.86619e-05 -0.000670884   -0.0104913   0.00493167 -0.000982596 1 0 0
             30.5997  5.23927  6.76604 -1.67655  -0.0246027 -0.00704029  -0.0066992 -0.0085067 0.00301825 -0.0126594  -0.00648964 -2.63406e-05 -0.000675154  -0.0105642  0.00491763 -0.00084804 1 0 0
             30.6997  5.28962  6.78218 -1.68276   -0.023387 -0.00642544 -0.00584439 -0.00741387  0.00856542 -0.00156938  -0.00652378 -2.36695e-05 -0.000672804    -0.010616   0.00490408 -0.000894219 1 0 0
             30.7996  5.25063  6.70231 -1.67632  -0.0225662 -0.00401116 -0.00345876 -0.00621272     0.01762    0.008415  -0.00654833 -2.52502e-05 -0.000680854   -0.0106535   0.00486571 -0.000950673 1 0 0
             30.8997  5.31269  6.67294 -1.63707    -0.023626  -0.00342437 -0.000421335 -0.0131591  0.0147828  0.0196041  -0.00658226 -1.72469e-05 -0.000685115  -0.0106455   0.0048901 -0.00100132 1 0 0
             30.9997  5.32673  6.66639 -1.59769  -0.0246079 -0.00244962 0.000819892 -0.0176905  0.0165709  0.0151307  -0.00661355 -2.22894e-05 -0.000687964   -0.0106633   0.00490369 -0.000990024 1 0 0
             31.0995  5.30542  6.67453 -1.61017  -0.0245712 -0.00538111 -0.00373403  -0.0162031  0.00240356 -0.00770363 -0.00663732  -2.022e-05 -0.00068897  -0.0107286  0.00500714 -0.00087645 1 0 0
             31.1996  5.32116  6.65047 -1.62236  -0.0263374 -0.00522203 -0.00584094 -0.0222274 0.00604385 -0.0108407  -0.00666589 -2.63159e-05 -0.000688779   -0.0107359   0.00501044 -0.000844144 1 0 0
             31.2996   5.3292  6.48813 -1.61512  -0.0259595 -0.00451327 -0.00514065  -0.0161466  0.00838281 -0.00452951  -0.00668957 -1.62234e-05 -0.000697921   -0.0107978   0.00500265 -0.000892094 1 0 0
             31.4003  5.35396   6.4632 -1.64284  -0.0270153 -0.00622392 -0.00370419  -0.021073 0.00362371 0.00484312  -0.00671961 -2.35824e-05 -0.000694293   -0.0108134   0.00506133 -0.000941407 1 0 0
             31.4997  5.34901   6.3669 -1.69758  -0.0255687 -0.00645129 -0.00353228 -0.0129898 0.00410269 0.00238498   -0.0067449 -2.11281e-05 -0.000698965   -0.0109057   0.00506603 -0.000945149 1 0 0
             31.5995  5.35244   6.2608 -1.73922  -0.0244461 -0.00683367 -0.00395203 -0.00760601  0.00622657  0.00159373  -0.00676887 -1.92633e-05 -0.000702028    -0.010969   0.00508204 -0.000935759 1 0 0
             31.7002  5.34924  6.24897 -1.76948  -0.0240873 -0.00426909 -0.00322138 -0.00782273   0.0165909  0.00235631  -0.00679499 -2.50499e-05  -0.00070224   -0.0109989   0.00503625 -0.000947852 1 0 0
             31.7996  5.38684  6.22558 -1.78001  -0.0271759 -0.00447213 -0.00640468  -0.023378    0.01576 -0.0092109  -0.00681867 -2.46663e-05 -0.000704833   -0.0109636   0.00509033 -0.000873484 1 0 0
             31.8994  5.37673  6.14268 -1.78572  -0.0245618 -0.00318793  -0.0027816 -0.00773544   0.0162587  0.00409253  -0.00684473 -2.37172e-05 -0.000709836   -0.0110705   0.00508255 -0.000987905 1 0 0
             32.0003  5.40334  6.31179 -1.77228  -0.0256577 -0.00665453  -0.0025205   -0.0153762 -0.000510373    0.0071621  -0.00687286  -2.6879e-05 -0.000709748   -0.0110703   0.00519745 -0.000998551 1 0 0
             32.1002   5.3602  6.33023 -1.74905   -0.0258261  -0.00570037 -4.77191e-05 -0.0161633 0.00526697  0.0118312  -0.00690033 -2.52252e-05 -0.000715182  -0.0111065  0.00517252 -0.00104171 1 0 0
             32.1996  5.39682  6.44631 -1.74144  -0.0257187 -0.00556068  -0.0016152 -0.0141401  0.0105216 0.00510446  -0.00692727 -2.68683e-05 -0.000717614  -0.0111609  0.00518424 -0.00098323 1 0 0
             32.3002  5.36004    6.408 -1.73536  -0.0248183  -0.0048128 -0.00148585  -0.012279  0.0132483 0.00173103  -0.00695223 -2.94091e-05 -0.000717923  -0.0112252  0.00519003 -0.00098122 1 0 0
             32.3997  5.34244   6.4475 -1.79644   -0.024306 -0.00657763 -0.00435134 -0.00833914  0.00245579  -0.0104754  -0.00697686 -2.50721e-05 -0.000721996   -0.0112788   0.00525492 -0.000929763 1 0 0
             32.4996 5.31789 6.53742 -1.7243  -0.0261072 -0.00651511 -0.00488504  -0.0166349  0.00676366 -0.00752901  -0.00699774 -2.70805e-05 -0.000723372   -0.0112594   0.00526631 -0.000940214 1 0 0
             32.5996  5.36575  6.59254 -1.62671  -0.0252486 -0.00337509 -0.00350534 -0.0134615  0.0195035 0.00178788  -0.00702635 -2.29707e-05 -0.000728432   -0.0113223     0.005204 -0.000986682 1 0 0
             32.6992 5.35263  6.5815 -1.6547   -0.025168 -0.00309414 -0.00270181 -0.0164778  0.0183187 0.00704895    -0.007055 -2.84989e-05 -0.000730021  -0.0113664  0.00524174 -0.00100482 1 0 0
             32.7996  5.33664  6.49863 -1.72557  -0.0243619 -0.00109636  0.00202227 -0.010295 0.0200393 0.0205768  -0.00708319 -2.27913e-05    -0.000735    -0.01142  0.00522634 -0.00110133 1 0 0
                32.9  5.35331  6.56893 -1.68958  -0.0245604 -0.00495412  0.00100201  -0.0105241 0.000620732   0.0106414  -0.00711072 -2.57714e-05  -0.00073361  -0.0114488  0.00536382 -0.00105223 1 0 0
             32.9999  5.38923  6.61941 -1.60656   -0.0271104  -0.00243054 -0.000878381   -0.0262683    0.0138858 -0.000477198  -0.00713863 -2.78842e-05 -0.000740525   -0.0114372   0.00531223 -0.000976209 1 0 0
                33.1  5.38091  6.54941 -1.67651   -0.0279968  -0.00343969 -0.000324845  -0.025409 0.00835661 0.00302282  -0.00716726  -2.9224e-05 -0.000745059   -0.0114868   0.00536425 -0.000999635 1 0 0
                33.2  5.37172  6.49809 -1.72873  -0.0258511 -0.00283039   0.0010389 -0.00769595   0.0100144  0.00425381  -0.00719478 -2.63123e-05 -0.000744569  -0.0115941  0.00535949 -0.00103729 1 0 0
             33.2999  5.41707  6.64595 -1.55496  -0.0260349 -0.00306582 -0.00187443  -0.0105153  0.00868225 -0.00535044  -0.00721761  -3.2907e-05 -0.000751471   -0.0116207   0.00539196 -0.000966468 1 0 0
             33.3998  5.44434  6.44068 -1.54403  -0.0228082 -0.00175299  0.00170646 -0.00315537   0.0128098   0.0146389  -0.00724705 -3.20406e-05 -0.000754003  -0.0117246  0.00537218 -0.00106103 1 0 0
             33.4999   5.3869   6.2414 -1.68959  -0.0237074 -0.00402693  0.00135729   -0.01132 0.00025815 0.00747326  -0.00727169  -2.7718e-05 -0.000753707  -0.011726 0.00545485 -0.0010333 1 0 0
             33.5998   5.3983  6.10393 -1.67742  -0.0253219 -0.00290596   0.0024067 -0.0168622 0.00914178 0.00714343  -0.00729646  -2.2328e-05 -0.000757481  -0.0117189  0.00543142 -0.00103633 1 0 0
             33.6998  5.42137  6.04378 -1.61705  -0.0271158 -0.00286566 -0.00168866 -0.0242536 0.00873121 -0.0107092  -0.00731766 -3.39862e-05 -0.000763648   -0.0117378   0.00545655 -0.000931712 1 0 0
             33.7999   5.4633  5.84818 -1.66257  -0.0269736 -0.00182799  0.00135271  -0.022205  0.0135969 0.00730792   -0.0073491  -2.6017e-05 -0.000764031  -0.0118003  0.00544519 -0.00102731 1 0 0
             33.8999 5.32718 5.75754  -1.737  -0.0270155 -0.00673311 -0.00385524  -0.0177609 -0.00934449  -0.0167277  -0.00736468 -3.36802e-05 -0.000766269   -0.0118706   0.00559316 -0.000922344 1 0 0
             33.9998  5.37291  5.61498 -1.78536  -0.0255803  -0.0072909 -0.00354503  -0.0108324 -0.00102179 -0.00855786  -0.00739724 -2.93005e-05 -0.000763938   -0.0119494   0.00558042 -0.000969724 1 0 0
             34.0995  5.35848   5.6553 -1.81004  -0.0289545 -0.00462785 -0.00357648 -0.0259714  0.0134008   -0.00608  -0.00741904 -3.99248e-05 -0.000767665   -0.0119019   0.00551861 -0.000976506 1 0 0
             34.1997  5.34994  5.55732 -1.83474  -0.0280467 -0.00433576 -0.00332319   -0.0164702    0.0147942 -0.000751763  -0.00744309  -3.2969e-05 -0.000770519  -0.0119882  0.00553977 -0.00100438 1 0 0
             34.2998  5.32486  5.60569 -1.89855  -0.0277249 -0.00381583 -0.00235786   -0.0132384    0.0131599 -0.000656653  -0.00747075 -4.23279e-05 -0.000769904  -0.0120385  0.00555853 -0.00104183 1 0 0
             34.3998  5.25781  5.66202 -1.90043  -0.0260822 -0.00539275 -0.00174364 -0.00568195  0.00580574  0.00368706   -0.0074937 -3.54562e-05 -0.000776001  -0.0121132   0.0056222 -0.00107193 1 0 0
             34.4998  5.29171  5.73314 -1.86288  -0.0259031 -0.00239369 -0.00128838 -0.00747536   0.0202298  0.00525662  -0.00752245 -3.95526e-05 -0.000777535  -0.0121362  0.00556666 -0.00106472 1 0 0
             34.5996  5.24222  5.78201 -1.83752  -0.0262896 -0.00494104 -0.00392941 -0.0148924 0.00573224 -0.0045316  -0.00754702 -3.65325e-05  -0.00078332  -0.0121644  0.00567536 -0.00101032 1 0 0
             34.6958 5.25095 5.78578  -1.922  -0.0258691 -0.00393275 -0.00316733   -0.0122153   0.00987918 -0.000389979  -0.00757939 -4.01876e-05 -0.000781256  -0.0122138  0.00566064 -0.00104156 1 0 0
             34.7997  5.20545   5.7441 -1.92161  -0.0255712 -0.00714257 -0.00503711 -0.0104832 -0.0035077 -0.0065395  -0.00759972 -3.62896e-05 -0.000784891  -0.0122626  0.00576127 -0.00101551 1 0 0
             34.8997 5.25799 5.90507 -1.9197  -0.0292043 -0.00359381 -0.00183248 -0.0274268   0.014766 0.00810573  -0.00763025 -4.36139e-05 -0.000786763  -0.0121984    0.005667 -0.00108651 1 0 0
             34.9995  5.31123  5.80603 -1.87243  -0.0261274 -0.00240744 -0.00221676 -0.00998938   0.0158233   0.0017464  -0.00765014 -3.87314e-05 -0.000794227  -0.0123523  0.00566372 -0.00107042 1 0 0
              35.099  5.44456  5.76172 -2.02308   -0.024674 -0.00179213 0.000680755 -0.00577748   0.0149763    0.014186  -0.00768637 -3.76461e-05 -0.000793985  -0.0124154  0.00567892 -0.00114056 1 0 0
             35.2009 5.43168 5.82579 -2.0009  -0.0266933 -0.00340187 -0.00465341  -0.0152569  0.00834524 -0.00986451  -0.00770602  -4.0294e-05 -0.000797168   -0.0124038   0.00576536 -0.000992607 1 0 0
             35.2995 5.45916 5.77373 -1.9795  -0.0282554 -0.00572256 -0.00252893 -0.0236607 -0.0031485 0.00359605  -0.00774055  -3.9871e-05 -0.000800115  -0.0124041  0.00583594 -0.00107128 1 0 0
             35.3996  5.40719  5.78079 -2.01341  -0.0294668 -0.00590536 -0.00357305  -0.0244999   0.0012417 -0.00049079  -0.00775807 -4.27216e-05 -0.000802365  -0.0124465  0.00583317 -0.00104128 1 0 0
             35.4995 5.40052 5.71615 -2.0286  -0.0301348 -0.00773466 -0.00158418  -0.0226823 -0.00348662  0.00895348  -0.00778802 -3.90285e-05 -0.000804728 -0.0124927 0.00587602 -0.0010974 1 0 0
             35.5997  5.42379  5.72643 -2.07774  -0.0277936 -0.00647619 -0.00377324 -0.00506253  0.00672899  -0.0048573  -0.00781039 -4.93711e-05 -0.000806873  -0.0126137  0.00583328 -0.00103269 1 0 0
             35.6994  5.52762  5.59314 -2.11226   -0.026045 -0.00510326 -0.00260419 -0.00339671   0.0151806  0.00400056  -0.00784443 -4.19574e-05 -0.000804972 -0.0126741 0.00581326 -0.0010673 1 0 0
             35.7997   5.4807  5.48787 -2.20241  -0.0262249 -0.00469006 -0.00694324 -0.00859647   0.0125943  -0.0154936  -0.00786538 -4.49199e-05  -0.00080496      -0.0127   0.00584099 -0.000964026 1 0 0
             35.9006  5.44745  5.38221 -2.21316  -0.0289098 -0.00705198 -0.00482064 -0.0212156 0.00160889 0.00197083  -0.00788956 -4.36566e-05 -0.000811587  -0.0126548  0.00592955 -0.00105626 1 0 0
             36.0007  5.53262  5.38378 -2.23209  -0.0311108 -0.00519749 -0.00404887 -0.0284125  0.0110181 0.00382678  -0.00792334 -4.57851e-05  -0.00080927  -0.0126607  0.00588619 -0.00106651 1 0 0
             36.1006  5.52047  5.27154 -2.23319  -0.0301002 -0.00763525 -0.00440719  -0.0182372 0.000906013  0.00301841   -0.0079468 -4.58456e-05 -0.000817544  -0.0127678  0.00596824 -0.00106514 1 0 0
             36.2006  5.60486  5.16729 -2.29234  -0.0300043 -0.00245731 -0.00332651 -0.0144839  0.0246907 0.00381201  -0.00798535 -4.09461e-05 -0.000822415  -0.0128248  0.00583072 -0.00107033 1 0 0
             36.2996  5.62599  5.22757 -2.30582  -0.0297984 -0.00549003 -0.00285935 -0.0112557 0.00507794 0.00619608  -0.00801148 -5.13964e-05 -0.000823071  -0.0128696  0.00596807 -0.00109707 1 0 0
             36.3995  5.65842  5.21115 -2.27595  -0.0297974 -0.00448871 -0.00128408 -0.0118962 0.00909711 0.00935936  -0.00804051 -5.03984e-05 -0.000828011  -0.0129038  0.00595132 -0.00112398 1 0 0
             36.5005  5.62406  5.14432 -2.28417  -0.0295722 -0.00624295 -0.00516935 -0.0131509 0.00519998 -0.0104779  -0.00805875 -4.80743e-05 -0.000831659 -0.0129628 0.00602541 -0.0010215 1 0 0
             36.6005  5.62502  5.27053 -2.31526  -0.0330085 -0.00458333  -0.0045621  -0.0249677   0.0111372 -0.00541904  -0.00808617 -5.16853e-05  -0.00083477 -0.0129138 0.00599664 -0.0010562 1 0 0
             36.6993  5.59577  5.32187 -2.25494  -0.0301958 -0.00560861  -0.0055426  -0.0068693  0.00639346 -0.00287638  -0.00810914 -4.86738e-05 -0.000832661  -0.0130524  0.00604102 -0.00105652 1 0 0
             36.8006  5.53736  5.35665 -2.29031   -0.026929 -0.00702242 -0.00689774  0.00326495 0.000283007 -0.00855823  -0.00812962 -4.96897e-05 -0.000838471  -0.0131676  0.00608514 -0.00105109 1 0 0
             36.9006  5.56158   5.3884 -2.32923  -0.0264726 -0.00395395 -0.00554093 -1.6318e-05   0.0177651 0.000870103  -0.00816221 -4.26292e-05 -0.000839751  -0.0131724  0.00601194 -0.00109269 1 0 0
             37.0005  5.63716  5.48279 -2.29605  -0.0287478 -0.00702085 -0.00481477  -0.0148331 -0.00187241  0.00123638   -0.0081852 -5.14023e-05 -0.000842831  -0.0131195   0.0061345 -0.00112633 1 0 0
             37.1005  5.76068  5.59993 -2.24341  -0.0292469 -0.00578315 -0.00341206 -0.0180465 0.00889948   0.011421  -0.00821305 -3.95748e-05 -0.000846478   -0.013154  0.00609367 -0.00114895 1 0 0
             37.2005  5.68291  5.56927 -2.24194  -0.0306563 -0.00636006 -0.00647426  -0.0214666  0.00898582 -0.00352119  -0.00823463 -5.66495e-05  -0.00084956  -0.0131849  0.00614344 -0.00104616 1 0 0
             37.3004  5.75177  5.48083 -2.23424  -0.030088 -0.0054266  -0.005123 -0.0130848  0.0107065 0.00187708  -0.00826316 -3.95728e-05 -0.000853573  -0.0132579  0.00613075 -0.00109672 1 0 0
             37.4005  5.78741  5.58175 -2.16708   -0.028486 -0.00422796 -0.00267865 -0.00526867   0.0144788   0.0110618  -0.00829365 -4.54249e-05 -0.000854928 -0.0133324 0.00611937 -0.0011582 1 0 0
             37.5004   5.7844  5.56365 -2.14852  -0.0293169 -0.00447765 -0.00500475   -0.0142684    0.0115756 -0.000696778  -0.00831724 -4.30385e-05  -0.00085833  -0.0133476  0.00616827 -0.00107638 1 0 0
             37.6004  5.73497  5.54238 -2.19803  -0.0298867 -0.00539212 -0.00585173  -0.0156693  0.00631254 -0.00315669  -0.00834454 -4.57076e-05 -0.000860713 -0.0133811 0.00622267 -0.0010661 1 0 0
             37.7003  5.74263  5.58437 -2.21698  -0.0311905 -0.00763753 -0.00508129    -0.01641 -0.00439488    0.001411  -0.00837244 -4.47707e-05 -0.000860847  -0.0133877   0.0062936 -0.00110875 1 0 0
             37.8004  5.81603  5.56805 -2.10851    -0.02825    -0.00678 -0.00198943 -0.00288619  0.00609652   0.0131455  -0.00840366 -3.66822e-05 -0.000867006  -0.0135089  0.00625059 -0.00118523 1 0 0
             37.9004  5.84721  5.53201 -2.07366  -0.0282722   -0.005784 -0.00149945 -0.0113517  0.0111277   0.014509  -0.00842909 -3.52097e-05  -0.00086809  -0.0135344  0.00623996 -0.00115808 1 0 0
             38.0003  5.85811  5.30434 -2.13784  -0.0300509 -0.00368199  0.00112244 -0.0213048  0.0176592   0.020604  -0.00846267 -3.22908e-05 -0.000874161  -0.0135292  0.00621194 -0.00117791 1 0 0
             38.1002   5.8176  5.18021 -2.22147  -0.0295407 -0.00338599 0.000862944 -0.0122956  0.0140959 0.00867075  -0.00848486 -3.21742e-05  -0.00087667  -0.0136081  0.00624706 -0.00113745 1 0 0
             38.2003   5.9075  5.12564 -2.17134  -0.0284089 -0.00246228  0.00213056 -0.00693441   0.0155024   0.0108102  -0.00851356 -3.10135e-05 -0.000880959  -0.0136754  0.00625562 -0.00115304 1 0 0
             38.3002  5.92906  5.13419 -2.19929  -0.0292004 -0.00373381  0.00301998 -0.0143606 0.00438626 0.00892007  -0.00853984 -3.64998e-05 -0.000883601  -0.0136839  0.00632542 -0.00116184 1 0 0
             38.4002  5.96247  5.12533 -2.21684 -0.0287195 -0.0022653 0.00216743 -0.0124101  0.0143645 0.00678551   -0.0085637 -3.04754e-05 -0.000889141  -0.0137503  0.00629699 -0.00111212 1 0 0
              38.499  5.83091  5.00253 -2.26495  -0.0294134  -0.0080986 -0.00199842 -0.0159879 -0.0140564 -0.0152421  -0.00858233 -3.82543e-05 -0.000887613  -0.0137853  0.00649706 -0.00102573 1 0 0
             38.6003  5.90897  5.00058 -2.24621  -0.0309963 -0.00597071  -0.0031639 -0.0188028 0.00579056 -0.0130739  -0.00860846 -3.58006e-05 -0.000891211  -0.0137928  0.00640595 -0.00102161 1 0 0
             38.7001  5.86937  4.96235 -2.22804  -0.0304327 -0.00960212 -0.00650773  -0.0165987 -0.00744815  -0.0209545  -0.00863268 -3.25207e-05 -0.000887829   -0.0138703   0.00651306 -0.000990194 1 0 0
             38.8001 5.84894 5.04878 -2.3035  -0.0297993 -0.00596392 -0.00695839 -0.0100843    0.01274 -0.0182596 -0.00865853 -3.8198e-05 -0.00089457   -0.013934  0.00639305 -0.00102567 1 0 0
             38.9001 5.83054 5.15134 -2.2398  -0.0293202 -0.00307554 -0.00949334 -0.00516621   0.0261258  -0.0189682  -0.00867754  -3.5026e-05 -0.000896777   -0.0139769   0.00635663 -0.000998357 1 0 0
             39.0001  5.84012  5.29918 -2.14839  -0.0300047 -0.00661457 -0.00482121   -0.0157913 -7.15094e-05   0.00728416  -0.00870785 -3.38777e-05  -0.00090289  -0.0139711  0.00650478 -0.00119164 1 0 0
                39.1  5.82801  5.38427 -2.17648  -0.0296561 -0.00708786 -0.00482325 -0.0131718 0.00483646 0.00755196  -0.00872911 -3.66304e-05 -0.000902043  -0.0140348  0.00651924 -0.00117291 1 0 0
             39.2002  5.81607  5.35922 -2.14236  -0.0308328 -0.00784704 -0.00412637 -0.0184492 0.00366295 0.00882755  -0.00875758 -3.38013e-05 -0.000903505  -0.0140495  0.00655412 -0.00117573 1 0 0
             39.3001  5.83817  5.41549 -2.12179  -0.0308445 -0.00394982 -0.00220899 -0.0147273  0.0203609   0.012258  -0.00878852  -3.6311e-05 -0.000903905  -0.0141021  0.00645163 -0.00119193 1 0 0
             39.4001  5.74658  5.49977 -2.20309  -0.0293976 -0.00572469 -0.00189744 -0.00930783  0.00493286  0.00760909  -0.00881398 -3.43222e-05  -0.00090733   -0.014194  0.00654575 -0.00119163 1 0 0
             39.4997   5.8186  5.50903 -2.24367  -0.0280306 -0.00469241 -0.00234848 -0.00774435    0.012049  0.00521729  -0.00884315  -2.9572e-05 -0.000910047   -0.014273  0.00652766 -0.00115791 1 0 0
                39.6  5.76775  5.49438 -2.33227  -0.0274941 -0.00629737 -0.00577383 -0.00395762  0.00411392 -0.00802691   -0.0088682 -3.18573e-05 -0.000918739  -0.014324 0.00660753 -0.0010704 1 0 0
             39.6999  5.78456   5.5287 -2.35769  -0.0281775 -0.00547438  -0.0021524 -0.0117482 0.00587143 0.00689223  -0.00890327 -1.72803e-05 -0.000918241  -0.0143129  0.00658701 -0.00118776 1 0 0
             39.7999   5.9139  5.59319 -2.40122  -0.0291403 -0.00678277 -0.00376747  -0.0190134  0.00194145 -0.00349405  -0.00892513 -3.13614e-05 -0.000924759  -0.0143377  0.00664154 -0.00114275 1 0 0
             39.8997 6.05849 5.55651 -2.5367  -0.0320285 -0.00471896 -0.00324889 -0.0284328  0.0103218 0.00206118  -0.00896227 -2.30422e-05 -0.000928467 -0.0143208 0.00658843 -0.0011501 1 0 0
             39.9986  6.14624  5.47592 -2.51156  -0.0341388 -0.00619494 -0.00623764  -0.0256375   0.0127684 -0.00703596  -0.00897953 -3.10153e-05 -0.000931609   -0.014351  0.00667502 -0.00107665 1 0 0
             40.0984 6.15866 5.54158 -2.4424  -0.0345451  -0.0076267 -0.00507502 -0.0241201  -0.001508 -0.0019338  -0.00901106 -2.39769e-05 -0.000935504  -0.0144102  0.00672804 -0.00114155 1 0 0
             40.1999 6.16292 5.49896 -2.6126  -0.0353981  -0.0105722 -0.00866013   -0.027277 -0.00577002 -0.00913171  -0.00902569 -3.99972e-05 -0.000935009    -0.01448  0.00680731 -0.00106873 1 0 0
             40.2999 6.18077 5.13059 -2.8241  -0.0328473  -0.0066985 -0.00462826 -0.00402642   0.0166788   0.0126278  -0.00906018  -2.2115e-05 -0.000935553  -0.0146036  0.00668039 -0.00117621 1 0 0
                40.4  6.21265  5.04702 -2.72854  -0.0337278 -0.00888174 -0.00702572 -0.00722674  0.00277504 -0.00613842  -0.00908083 -3.35468e-05 -0.000938264 -0.0145955 0.00678831 -0.0011056 1 0 0
             40.4998  6.28837  5.08232 -2.68295 -0.0313924 -0.0100631 -0.0081787 -0.00550789 0.000125756  -0.0067139  -0.00911274 -2.41997e-05 -0.000949162 -0.0146983 0.00681369 -0.0011058 1 0 0
             40.5995  6.25785  5.06917 -2.84073   -0.034392 -0.00889094 -0.00520719  -0.021417 0.00739916  0.0111358  -0.00914206 -4.19876e-05 -0.000945362  -0.0146332  0.00678551 -0.00118379 1 0 0
             40.6998  6.26934  4.82892 -2.98639  -0.0330596 -0.00968198 -0.00173359 -0.00950844   0.0026136   0.0175138   -0.0091695 -2.12251e-05 -0.000941621  -0.0147301  0.00681301 -0.00126153 1 0 0
             40.7998  6.28458  4.97986 -2.90965  -0.0356828 -0.00773324 -0.00531585 -0.0198956  0.0159554 -0.0045554  -0.00919125 -3.65015e-05 -0.000951969  -0.0147015  0.00678304 -0.00111471 1 0 0
             40.8997  6.38191  4.93583 -2.84459  -0.0344535  -0.0101177 -0.00550846  -0.0127886  0.00194034 0.000422635  -0.00922216 -3.06814e-05 -0.000954908  -0.0147999  0.00687947 -0.00114009 1 0 0
             40.9985 6.37341 4.89839 -2.8235  -0.0359563 -0.00923926 -0.00745831 -0.0219324 0.00881556 -0.0110405  -0.00925131  -3.6292e-05 -0.000959551  -0.0148115  0.00686683 -0.00108837 1 0 0
             41.0997   6.3502   4.9679 -2.89107   -0.033385 -0.00879445 -0.00469543 -0.00438463  0.00927463  0.00372334  -0.00927647 -3.17965e-05 -0.000964208  -0.0149399  0.00685757 -0.00120453 1 0 0
             41.1997  6.41422  5.02245 -2.77853  -0.0331549 -0.00688365 -0.00230841 -0.0039807  0.0168124  0.0153398  -0.00930853 -3.34855e-05 -0.000964625  -0.0149541  0.00682843 -0.00124259 1 0 0
             41.2995  6.38378  5.08771 -2.76985  -0.0309819  -0.0085691 -0.00471562 0.000188678  0.00266331 -0.00280408  -0.00933372 -3.80906e-05 -0.000966099  -0.0150431  0.00691035 -0.00116821 1 0 0
             41.3996  6.40616  5.16723 -2.74028  -0.0345069 -0.00503937 -0.00494697  -0.0178405   0.0218563 2.24189e-05  -0.00936297 -3.56022e-05 -0.000973306  -0.0149551  0.00683596 -0.00114696 1 0 0
             41.4996  6.35622  5.25131 -2.70262  -0.0333749 -0.00909544 -0.00655335 -0.00852278 -0.00410462 -0.00837727  -0.00938182 -3.81223e-05 -0.000972622 -0.0150428 0.00699728 -0.0011424 1 0 0
             41.5996  6.38323  5.35126 -2.64369 -0.0354927  -0.010124 -0.0112939  -0.019728 0.00010415  -0.021239  -0.00940676 -3.84455e-05 -0.000976583  -0.0150292  0.00702765 -0.00103767 1 0 0
             41.6997  6.37084  5.40553 -2.62567  -0.0337793 -0.00718524  -0.0108661 -0.0096636   0.014399 -0.0119661  -0.00943364 -3.49173e-05  -0.00097818  -0.0151323  0.00693275 -0.00109652 1 0 0
             41.7997   6.3783  5.50126 -2.60794  -0.0326378 -0.00915534  -0.0124852 -0.00239228  0.00408896  -0.0105457  -0.00945419 -4.25849e-05 -0.000978989  -0.0151934  0.00702285 -0.00110279 1 0 0
             41.8996  6.38476  5.45951 -2.58573  -0.0335175 -0.00994924 -0.00874907 -0.0132512 0.00105823   0.010097  -0.00948135 -3.10273e-05 -0.000980669  -0.0151768  0.00705101 -0.00123223 1 0 0
             41.9996  6.38777  5.47834 -2.57731  -0.0333686 -0.00901227 -0.00806093 -0.0105068 0.00959516 0.00903573  -0.00950934 -3.69257e-05 -0.000986375  -0.0152256  0.00702834 -0.00122142 1 0 0
             42.0996  6.42785   5.4254 -2.56068  -0.0306378 -0.00760901 -0.00396632 0.00109012  0.0135859  0.0216542   -0.0095404 -2.25203e-05 -0.000986912 -0.0153287 0.00699914 -0.0013114 1 0 0
             42.1996  6.44883  5.40885 -2.51508  -0.0282051 -0.00611865 -0.00579156 0.00393417  0.0194423 0.00884417  -0.00957398 -2.10005e-05 -0.000991205   -0.015416  0.00699751 -0.00120819 1 0 0
             42.2998  6.39232  5.40466 -2.52483  -0.0331075 -0.00790245 -0.00559401 -0.0229999 0.00410327 0.00415844  -0.00959714 -2.77442e-05 -0.000993854 -0.0152811 0.00711001 -0.0012014 1 0 0
             42.3996  6.44642  5.41178 -2.52446  -0.0327323 -0.00945936 -0.00686289  -0.0164888 0.000998979 -0.00051854  -0.00962722 -1.87425e-05 -0.000995274  -0.0153691  0.00715968 -0.00117012 1 0 0
             42.4995  6.38716  5.41907 -2.50272  -0.0331863  -0.0113281 -0.00856736  -0.0164409 -0.00376282 -0.00741134  -0.00964622 -2.80773e-05 -0.000997365  -0.0154134  0.00721609 -0.00113671 1 0 0
             42.5995  6.47961  5.32648 -2.47005  -0.0304562 -0.00639805 -0.00411536 -0.0028641  0.0210082  0.0149835  -0.00968534 -1.15422e-05  -0.00100583  -0.0155301  0.00704921 -0.00125556 1 0 0
             42.6996  6.39647  5.24438 -2.50833  -0.0327277 -0.00837917 -0.00780939  -0.0169292   0.0077052 -0.00355428  -0.0097017 -2.6209e-05 -0.00100345  -0.0154987  0.00717836 -0.00113061 1 0 0
             42.7996  6.47904  5.16332 -2.52276  -0.0323516 -0.00838634 -0.00540215 -0.0122917  0.0062268 0.00850335  -0.00973653 -1.70761e-05  -0.00100486  -0.015556 0.00718571 -0.0012105 1 0 0
             42.8996  6.48238   5.0429 -2.49741  -0.0328156 -0.00868324 -0.00690139  -0.0139869  0.00582311 -0.00348591  -0.00976002 -2.32558e-05  -0.00101047  -0.0155912  0.00721906 -0.00115737 1 0 0
             42.9997 6.49145 5.01486 -2.4999  -0.0316108  -0.0059629 -0.00360374 -0.00875141   0.0174708   0.0129336  -0.00979164 -1.56323e-05  -0.00101612  -0.0156643   0.0071482 -0.00124633 1 0 0
             43.0996   6.4475  4.99582 -2.54716  -0.0320959 -0.00828521 -0.00306352 -0.0119922 0.00225175  0.0116784  -0.00980978 -2.31486e-05  -0.00101381  -0.0156844  0.00725888 -0.00124458 1 0 0
             43.1997  6.52999  4.90289 -2.57295  -0.0317887 -0.00598563 -0.00162381 -0.0110927  0.0129415  0.0104951  -0.00984828 -1.07665e-05  -0.00102448  -0.0157368  0.00719593 -0.00125001 1 0 0
             43.2996  6.48621  4.99108 -2.57905  -0.0335428 -0.00697787 -0.00488746  -0.0193139  0.00852607 -0.00408577  -0.00986519 -2.15937e-05  -0.00102053   -0.015738  0.00727341 -0.00114158 1 0 0
             43.3993  6.53535  5.02264 -2.61238   -0.0365271  -0.00598413 -0.000752821 -0.0292759 0.00836681  0.0129001 -0.00990686 -2.0317e-05 -0.00102442  -0.0157068   0.0072592 -0.00126197 1 0 0
             43.4996  6.43938  5.12808 -2.62276  -0.0333665 -0.00787533 -0.00705061 -0.00831216  0.00537227  -0.0190356  -0.00992348 -1.79668e-05   -0.0010285  -0.0159041  0.00734115 -0.00108941 1 0 0
             43.5996  6.45969  5.29575 -2.60232  -0.0336498 -0.00914439 -0.00686206 -0.00946408 -0.00086393 -0.00945963  -0.00995444 -2.33428e-05  -0.00102708  -0.0159193  0.00738339 -0.00115435 1 0 0
             43.6997  6.38795    5.388 -2.51623  -0.0305415   -0.012811 -0.00914684 0.00134714 -0.0108419  -0.012343  -0.00997162 -2.07287e-05  -0.00102928  -0.0160449  0.00748024 -0.00114089 1 0 0
             43.7996  6.33204  5.44015 -2.54416 -0.0316637 -0.0104305 -0.0101995 -0.0101405 0.00777695 -0.0124887  -0.00999826 -1.83562e-05  -0.00103335  -0.0160231  0.00739014 -0.00113034 1 0 0
             43.8997  6.33109  5.47957 -2.55549  -0.0290124 -0.00916637 -0.00989245  0.00513856   0.0139094 -0.00579478   -0.0100245 -1.09582e-05  -0.00103517  -0.0161237  0.00736967 -0.00117782 1 0 0
             43.9996  6.39073  5.57141 -2.48654  -0.0303425 -0.00867976 -0.00899789  -0.00756255    0.0132002 -2.17081e-05   -0.0100554 -1.53794e-05  -0.00103598  -0.0160746  0.00740078 -0.00121824 1 0 0
             44.0996  6.32038  5.73908 -2.46913  -0.0308018 -0.00855928 -0.00713166 -0.0152548 0.00803657 0.00623743   -0.0100836 -1.10984e-05  -0.00104357  -0.0160962  0.00742321 -0.00127331 1 0 0
             44.1996  6.37843  5.75877 -2.50669  -0.0326938 -0.00980666 -0.00715213 -0.0199302 0.00518795 0.00743264   -0.0101132 -1.96211e-05  -0.00104731  -0.0160947  0.00748947 -0.00126163 1 0 0
             44.2993  6.44529  5.67605 -2.51387  -0.0301318 -0.00647165 -0.00424914 -0.00479474   0.0217201   0.0185328   -0.0101468 -4.81394e-06  -0.00104664 -0.0162257 0.00739974 -0.0013139 1 0 0
             44.3991   6.4131  5.73108 -2.53068  -0.0319122 -0.00807766 -0.00610946 -0.0177189 0.00803428 0.00249253   -0.0101759 -1.30375e-05  -0.00104617 -0.0162121 0.00751147 -0.0012316 1 0 0
             44.4995  6.46425  5.71479 -2.57861  -0.0311698 -0.00547451 -0.00649128 -0.0102482   0.021041 0.00106718   -0.0102109 -9.07421e-06  -0.00105322   -0.016293  0.00745834 -0.00121065 1 0 0
             44.5996  6.47291  5.70073 -2.55666  -0.0274219 -0.00981157 -0.00924727  0.00495877 -0.00212734 -0.00990362   -0.0102336 -7.97989e-06  -0.00105548   -0.016444  0.00763069 -0.00117461 1 0 0
             44.6995  6.57778  5.74354 -2.52075  -0.0270779 -0.00477412 -0.00722211 -0.000644506    0.0218019   0.00338556   -0.0102721 -4.24132e-06  -0.00105874  -0.0164388  0.00747714 -0.00123094 1 0 0
             44.7993   6.4597  5.67179 -2.51502 -0.0301619 -0.0108018 -0.0130647  -0.0218086 -0.00779319  -0.0193235   -0.0102816 -1.00655e-05  -0.00106358  -0.0163897  0.00773047 -0.00109401 1 0 0
             44.8987  6.51309  5.47028 -2.58952  -0.0307894 -0.00790318 -0.00788672 -0.0184753 0.00717992  0.0094422  -0.0103172 7.35325e-06 -0.00106392  -0.0164216  0.00760685 -0.00126942 1 0 0
             44.9977  6.55886  5.49762 -2.50805  -0.0317386 -0.00706746  -0.0071965 -0.0183888   0.013425   0.011287  -0.0103356 -9.1493e-06 -0.00106708  -0.0164498  0.00760615 -0.00126027 1 0 0
             45.0977  6.61081  5.33115 -2.53668  -0.0318537 -0.00476001 -0.00300255 -0.0201056  0.0157414   0.021811  -0.0103738 2.59216e-06 -0.00107169  -0.0165055  0.00756217 -0.00134743 1 0 0
             45.2003  6.51572  5.38372 -2.70888     -0.0346 -0.00939307 -0.00865237  -0.0282353 -0.00487018 -0.00647243   -0.0103895 -8.98315e-06  -0.00106953   -0.016521  0.00775026 -0.00116929 1 0 0
             45.2993  6.56833  5.14928 -2.72733  -0.0331871 -0.00944439 -0.00895559  -0.0107643  0.00134405 -0.00580372   -0.0104258 -5.32469e-06  -0.00106925  -0.0166332  0.00773644 -0.00118322 1 0 0
              45.399 6.60244 5.22777 -2.6142  -0.0320382  -0.0112991 -0.00911993 -0.00904283 -0.00417735 -0.00476603   -0.0104428 -8.47951e-06  -0.00107502 -0.0167014 0.00777977 -0.0012094 1 0 0
             45.4996  6.61711  5.15368 -2.64121  -0.0317036 -0.00825855 -0.00668729 -0.0127748    0.01388 0.00990657   -0.0104776 -1.08793e-05  -0.00108457  -0.0167455  0.00767926 -0.00127042 1 0 0
             45.5996   6.5345   4.9712 -2.77017  -0.0342874  -0.0108316 -0.00660718   -0.019129 0.000238861   0.0060834    -0.010497 -2.04184e-05  -0.00107673  -0.0167157  0.00780009 -0.00126411 1 0 0
             45.7007  6.52486  5.01985 -2.74182  -0.0346678 -0.00910118 -0.00882148 -0.0168348 0.00933308 -0.0123481   -0.0105258 -2.24075e-06  -0.00108114 -0.0167723 0.00775116 -0.0011934 1 0 0
             45.7996  6.59118  5.21977 -2.72179  -0.0369638 -0.00828246 -0.00820121  -0.0248303   0.0158994 0.000888692   -0.0105584 -1.71254e-05  -0.00108413  -0.0167588  0.00775656 -0.00123692 1 0 0
             45.8996  6.50141  5.11902 -2.69805  -0.0335794  -0.0092096 -0.00807276  -0.00441525   0.00560413 -0.000537042   -0.0105803 -1.24634e-05  -0.00108978  -0.0169327  0.00780705 -0.00125773 1 0 0
             45.9998  6.55876  5.32297 -2.70068  -0.0328669  -0.0109228 -0.00502584 -0.00255909  -0.0021565   0.0125877   -0.0106125 -1.64774e-05  -0.00109092   -0.016962  0.00785893 -0.00135966 1 0 0
             46.0996  6.57053  5.28474 -2.58549  -0.0283824 -0.00988497 -0.00595544  0.0119431 0.00954556 0.00425746  -0.0106394 -1.3472e-05 -0.00109452  -0.0171111  0.00782463 -0.00129845 1 0 0
             46.1996  6.64702  5.20504 -2.61458   -0.025733 -0.00417404 -0.00304666 0.0104699 0.0292172 0.0127295  -0.0106765 5.25415e-06 -0.00110108  -0.0171622  0.00767294 -0.00134678 1 0 0
             46.3005  6.58033  5.23198 -2.61087  -0.0272077 -0.00687191 -0.00235861 -0.00558387  0.00859398   0.0137148  -0.0106941   5.478e-06 -0.00109938  -0.0171041  0.00783695 -0.00134651 1 0 0
             46.4001  6.56636  5.41385 -2.63543  -0.0344385 -0.00701373 -0.00812144 -0.0398429 0.00679066  -0.015629   -0.0107118 -1.49795e-05  -0.00109905   -0.016948  0.00789108 -0.00115047 1 0 0
             46.5006  6.40905  5.51441 -2.68764 -0.0384602 -0.0140012 -0.0187961 -0.0435636 -0.0186831 -0.0489111   -0.0107237 -2.45296e-05   -0.0010936   -0.0169785   0.00812902 -0.000938761 1 0 0
             46.6005  6.39802    5.361 -2.63188 -0.0390232 -0.0136441 -0.0194909  -0.0302929 -0.00285117  -0.0305538   -0.0107437 -2.14795e-05  -0.00110205  -0.0170792  0.00805739 -0.00104799 1 0 0
             46.6996  6.40105  5.01219 -2.59203  -0.0345739 -0.00757819  -0.0132286 -0.000108392    0.0283979   0.00601713   -0.0107866 -1.82841e-05  -0.00110512 -0.0172652  0.0078563 -0.0012759 1 0 0
             46.8005  5.13212  5.35596 -3.13783  -0.0308124 -0.00756561   -0.009873  0.00346574 -0.00715446   0.0177624   -0.0108068 -1.18759e-05  -0.00111002  -0.0173808  0.00788522 -0.00136727 1 0 0
             46.9005  4.29886  6.46321 -4.31027  -0.0337546 -0.00741407 -0.00706404 -0.0209003 0.00288326  0.0242707   -0.0108239 -2.35477e-05  -0.00109881  -0.0173079  0.00786408 -0.00139244 1 0 0
             46.9996  4.19132  5.80101 -5.06046  -0.0333799 -0.00674371 -0.00459546 -1.51933e-06    0.0179989    0.0280002    -0.010863 -1.49169e-05  -0.00109507  -0.0173688  0.00787003 -0.00139205 1 0 0
             47.1006  4.14083  5.52363 -5.17081  -0.0352246 -0.00948337 -0.00342184   0.0058794 -0.00349878   0.0119484   -0.0108984 -7.40395e-06  -0.00110085 -0.0172966  0.0080112 -0.0013704 1 0 0
             47.2004 4.43287 6.26668 -4.8306  -0.0328377  -0.0123503 -0.00342116  0.00569691  -0.0124431 0.000279255   -0.0109266 -9.97722e-06    -0.001123  -0.0173583  0.00806272 -0.00136602 1 0 0
             47.3003  4.89331   6.5373 -4.69478   -0.027141  -0.0137484 -0.00594997    0.011734 -0.00736515 -0.00553681   -0.0109584 -2.19548e-05  -0.00112729  -0.0175382  0.00805697 -0.00130497 1 0 0
             47.4004  4.94629  6.82194 -4.87843  -0.0261835  -0.0192628 -0.00890917 -0.00385645  -0.0344449  -0.0155893   -0.0109885 -2.25491e-05   -0.0011281  -0.0175672   0.0081743 -0.00125363 1 0 0
             47.5004  5.37993  6.81042 -5.15382 -0.0266532 -0.0241486 -0.0137807 -0.0252813 -0.0251225 -0.0329606   -0.0110069 -1.97624e-05  -0.00112358 -0.0176223 0.00822336 -0.0011795 1 0 0
             47.6004  5.57362  6.43118 -5.56421 -0.0269293 -0.0236702 -0.0125902  -0.0109404 -0.00165079 -0.00281642   -0.0110434 -1.16932e-05  -0.00112784  -0.0176688  0.00814986 -0.00127796 1 0 0
             47.7003  5.73125   6.2699 -5.52754 -0.0285853 -0.0216709 -0.0092767 -0.0112287  0.0137386  0.0231174   -0.0110677 -5.03709e-06  -0.00112357  -0.0176305  0.00809772 -0.00134731 1 0 0
             47.8004 5.97975  5.6644 -5.0709  -0.031511 -0.0185141 -0.0079368 -0.0254822  0.0386652  0.0230365   -0.0110929 -1.04123e-05  -0.00113614  -0.0175988  0.00808052 -0.00130358 1 0 0
             47.9003  5.60882  5.16451 -4.88008  -0.0319765  -0.0183942 -0.00591891 -0.0100624  0.0213399  0.0163995   -0.011123 -1.8847e-06 -0.00114576  -0.0176602  0.00818019 -0.00132152 1 0 0
             48.0004  5.31963  5.90825 -4.74291 -0.0313895 -0.0163177 -0.0048964  -0.0148988 -0.00532256  -0.0126802   -0.0111462 -1.42758e-05  -0.00114488  -0.0177039  0.00812795 -0.00134194 1 0 0
             48.1002  5.88804  7.05361 -4.82113 -0.0316301  -0.016314 -0.0107504 -0.0425555 0.00902734 -0.0251573  -0.0111722 -4.1414e-05 -0.00114811  -0.0178078  0.00810408 -0.00122823 1 0 0
             48.2002   6.2627  5.95924 -5.07601  -0.0285922   -0.018777 -0.00649616 -0.00746333   0.0157152   0.0292416   -0.0112197 -3.54805e-05   -0.0011409  -0.0180127  0.00821565 -0.00139842 1 0 0
             48.3003 5.67438 5.94614  -4.924 -0.0287312   -0.02112 -0.0139826  -0.0105668 -0.00575273  -0.0228721   -0.0112319 -1.59377e-05  -0.00114728  -0.0180701  0.00831241 -0.00113004 1 0 0
             48.4002  5.81589  5.78692 -4.98663  -0.0323631  -0.0187926 -0.00857234 -0.0301612  0.0122314 0.00306808   -0.0112502 -1.15466e-05  -0.00115569  -0.0179868  0.00822857 -0.00133971 1 0 0
             48.5002  5.93985  5.59715 -4.96405  -0.0376353  -0.0172865 -0.00910013 -0.0417814  0.0205267 0.00990388   -0.0112822 -1.86126e-05    -0.001156  -0.0179325   0.0082408 -0.00129993 1 0 0
             48.6002  5.96881  5.29945 -4.81927  -0.0394585  -0.0146441 -0.00473904 -0.0365667  0.0221339  0.0204135   -0.0113137 -1.62373e-05  -0.00115478  -0.0179946   0.0082067 -0.00139081 1 0 0
             48.7001  5.86756  5.37403 -4.90664  -0.0427793  -0.0160367 -0.00948174  -0.0446359  0.00662076 -0.00996252   -0.0113293 -2.19395e-05  -0.00116061  -0.0180424  0.00830749 -0.00123418 1 0 0
             48.8003  5.79086  5.30994 -5.27173  -0.0447179  -0.0166999 -0.00852305 -0.0427788 0.00626148 0.00606057   -0.0113613 -2.13139e-05  -0.00115614 -0.0181285 0.00833416 -0.0012868 1 0 0
             48.9002  5.78897  4.73506 -5.44305  -0.0425539  -0.0168035 -0.00959749  -0.00923895    0.0112182 -0.000267415   -0.0113826 -2.14721e-05  -0.00115617  -0.0183117  0.00834669 -0.00125937 1 0 0
             49.0002 5.74165 4.69214 -5.3215 -0.0458351 -0.0184637  -0.010793  -0.0169773 -0.00907056  -0.0134015   -0.0114039 -2.42845e-05  -0.00116189  -0.0182379  0.00842024 -0.00124288 1 0 0
             49.1002  5.77271   4.9128 -5.40229 -0.0462173 -0.0145778 -0.0138909 -0.0197166  0.0179147 -0.0196231   -0.0114216 -1.49274e-05  -0.00116742  -0.0182904  0.00828171 -0.00118468 1 0 0
                49.2  5.74362  4.67121 -5.26993 -0.0519885 -0.0149548 -0.0152945  -0.0334727   0.0187484 -0.00813665   -0.0114491 -3.54867e-05   -0.0011654  -0.0181832  0.00837747 -0.00118484 1 0 0
             49.3001  5.57758  4.82591 -5.21818 -0.0480409 -0.0158887 -0.0138436 -0.00412776 -0.00100195   -0.011052   -0.0114801 -1.98249e-05   -0.0011746  -0.0183865  0.00840924 -0.00128952 1 0 0
             49.4002  5.84576  5.12745 -5.21335  -0.0451287  -0.0180086 -0.00982519 -0.00131464 -0.00139527   0.0198661  -0.0115034 -3.1423e-05 -0.00117937  -0.0184936  0.00844843 -0.00144672 1 0 0
             49.5002  5.81618  4.66046 -5.21248 -0.0421826 -0.0133467 -0.0069754 0.0090925 0.0235463 0.0298562   -0.0115413 -2.39586e-05  -0.00117714  -0.0185828  0.00830875 -0.00143359 1 0 0
             49.6001   5.6784  4.63141 -5.24379  -0.0426246  -0.0117114 -0.00340888 -0.00393672   0.0173361    0.022132   -0.0115643 -1.90338e-05  -0.00118717  -0.0185526  0.00832381 -0.00146523 1 0 0
                49.7  5.83088  4.72052 -5.33409  -0.0452472 -0.00950954  -0.0058217 -0.0194672  0.0270541 0.00858946   -0.0115975 -2.54292e-05  -0.00118219  -0.0185128  0.00832938 -0.00133322 1 0 0
                49.8  5.77899  4.62622 -5.28277 -0.0499092 -0.0148429 -0.0118261  -0.0367865 -0.00364637  -0.0141349  -0.0116238 -3.8337e-05 -0.00118595  -0.0184725  0.00858142 -0.00116262 1 0 0
             49.8979   5.7974   4.4188 -5.36896 -0.0492886 -0.0115197 -0.0109091 -0.0236105  0.0116767 -0.0105079   -0.0116518 -3.07994e-05  -0.00118939  -0.0185947  0.00844675 -0.00122535 1 0 0
             49.9969   5.7365  4.35723 -5.43173 -0.0458132 -0.0164147 -0.0144085 -0.000932844  -0.00877304   -0.0163478   -0.0116695 -2.74606e-05  -0.00119127  -0.0187861  0.00860933 -0.00119047 1 0 0
             50.0969   5.7852  4.34207 -5.36298 -0.0446244 -0.0157526 -0.0077543 -0.00181638 -0.00155158   0.0158176  -0.0117038 -2.5715e-05 -0.00119327  -0.0188101  0.00854526 -0.00142141 1 0 0
             50.1996  5.75398  4.39969 -5.40221  -0.0411813  -0.0163169 -0.00861423   0.00843174 -5.82329e-05   0.00437152   -0.0117275 -2.94927e-05  -0.00119496  -0.0189288  0.00854659 -0.00136731 1 0 0
             50.2988  5.73505  4.43774 -5.45666 -0.0429435 -0.0147678 -0.0100003 -0.00520204   0.0111822 -0.00317349  -0.0117523 -2.7769e-05 -0.00119524   -0.018866  0.00852044 -0.00130835 1 0 0
             50.3982  5.76747  4.59638 -5.30894  -0.045751  -0.015359 -0.0131943 -0.0177898 0.00677688 -0.0137033    -0.011777 -2.90875e-05  -0.00120148  -0.0188135  0.00857992 -0.00123323 1 0 0
             50.4999  5.79198   4.6523 -5.25261 -0.0462134 -0.0155556 -0.0134313  -0.0203418  0.00553947 -0.00780557   -0.0118049 -3.22854e-05  -0.00120314 -0.0188663 0.00859721 -0.0012684 1 0 0
                50.6  5.75928  4.79617 -5.28869 -0.0482935 -0.0154878 -0.0117717 -0.0230189 0.00558623  0.0019995   -0.0118246 -3.66754e-05  -0.00120652  -0.0188662  0.00860668 -0.00134421 1 0 0
             50.6998  5.79984  4.76028 -5.19854 -0.0439983 -0.0135681 -0.0103082 0.000717396   0.0171552  0.00903136   -0.0118619 -2.98652e-05  -0.00120886  -0.0190641  0.00854433 -0.00137866 1 0 0
             50.7998  5.73682  4.80455 -5.25693 -0.0435377 -0.0152756 -0.0136046 -0.00294786  0.00285024  -0.0108693   -0.0118815 -3.31369e-05  -0.00121155  -0.0191037  0.00864081 -0.00127867 1 0 0
             50.8999  5.79488  4.88215 -5.27113 -0.0422022 -0.0166384 -0.0121332 0.000651026  0.00143726  0.00437104   -0.0119169 -2.50198e-05  -0.00121166  -0.0191539  0.00868231 -0.00135615 1 0 0
             50.9997 5.85326 4.95092 -5.2301  -0.0453947  -0.0132625 -0.00870798 -0.0185066  0.0149076  0.0150798  -0.0119508 -3.4215e-05 -0.00121132  -0.0190536  0.00859373 -0.00142185 1 0 0
             51.0999  5.86142  4.94753 -5.18558  -0.0437643  -0.0140605 -0.00870884 -0.00888729  0.00963937   0.0107032   -0.0119721 -2.59325e-05  -0.00121666  -0.0191746  0.00864818 -0.00139524 1 0 0
             51.1998  5.91054  5.03135 -5.15835  -0.0454717  -0.0109715 -0.00625074 -0.0174947   0.019618   0.016051   -0.0120075 -3.19843e-05  -0.00121942  -0.0191511  0.00858279 -0.00142323 1 0 0
             51.2998  5.86255  4.98134 -5.09634  -0.0421205  -0.0155013 -0.00797278 -0.000822476  -0.00471316   0.00706769   -0.0120302 -3.60801e-05   -0.0012269  -0.0193278  0.00875691 -0.00136336 1 0 0
             51.3993  5.84252  4.89818 -5.18682  -0.0442512  -0.0135176 -0.00725834 -0.0161266 0.00726618 0.00638462    -0.012058 -2.71651e-05  -0.00122309  -0.0192795  0.00869019 -0.00135165 1 0 0
             51.4997  5.76125  4.79286 -5.26259 -0.0447675 -0.0182526 -0.0126891 -0.0111002 -0.0112379 -0.0184742   -0.0120761 -2.85992e-05  -0.00122006   -0.019337   0.0088583 -0.00121003 1 0 0
             51.5996  5.80492  4.96724 -5.17296 -0.0469179 -0.0152812 -0.0187325 -0.0163307  0.0089755 -0.0412438   -0.0120907 -3.25479e-05   -0.0012231  -0.0193106  0.00874989 -0.00108113 1 0 0
             51.6998  5.90824  5.16952 -5.07963 -0.0430792 -0.0135574 -0.0148194 -0.00258573   0.0144497 -0.00163515  -0.0121235 -3.2374e-05 -0.00123179  -0.0194652  0.00868936 -0.00130352 1 0 0
             51.7997   5.7555  5.00037 -5.25413 -0.0423258 -0.0139941 -0.0177937 -0.00413414  0.00908445 -0.00871812   -0.0121418 -4.59277e-05  -0.00122797  -0.0195206  0.00874936 -0.00122613 1 0 0
             51.8996  5.78304  4.68452 -5.25728 -0.0426485 -0.0169597  -0.013493 -0.00217088 -0.00410795   0.0114127   -0.0121663 -2.53843e-05  -0.00123105  -0.0195173  0.00886062 -0.00139398 1 0 0
             51.9997 5.85627 4.81744  -5.131 -0.0441851 -0.0165768 -0.0120951  -0.0129403 -0.00325778  0.00567839   -0.0121949 -2.58194e-05  -0.00123403   -0.019478  0.00883161 -0.00140237 1 0 0
             52.0997  5.95668  5.01436 -5.29109  -0.0451509  -0.0151411 -0.00923395 -0.0225735  0.0101928  0.0207147   -0.0122193 -3.37228e-05   -0.0012399  -0.0195028  0.00877414 -0.00145578 1 0 0
             52.1996   5.8476  4.68987 -5.46809 -0.0435386 -0.0130344 -0.0072618 -0.00713304   0.0179066   0.0248086   -0.0122464 -3.18627e-05  -0.00123959  -0.0196226  0.00873191 -0.00143845 1 0 0
             52.2984  5.87211  4.62415 -5.51536  -0.0433531  -0.0154728 -0.00928435  -0.00199515 -0.000287258 -0.000830704   -0.0122687 -2.80431e-05  -0.00124008  -0.0196646  0.00885433 -0.00134826 1 0 0
             52.3996   5.9733  4.88646 -5.44522 -0.0437113 -0.0130893 -0.0140858 -0.00798694   0.0173621  -0.0198355   -0.0122929 -2.46336e-05  -0.00124747   -0.019675  0.00879546 -0.00120742 1 0 0
             52.4996 6.02118 4.78896 -5.4218  -0.043148 -0.0181293 -0.0122172  -0.0139612 -0.00784401   0.0034165   -0.0123196 -3.02451e-05  -0.00125073  -0.0197394  0.00898974 -0.00134076 1 0 0
             52.5996  5.97977  4.59743 -5.57591  -0.0439705  -0.0175486 -0.00937632   -0.017977 -0.00389335   0.0107481  -0.0123515 -1.8248e-05 -0.00125069  -0.0197634  0.00893236 -0.00140647 1 0 0
             52.6996  5.97671  4.66065 -5.59898 -0.0464463 -0.0176022 -0.0122028  -0.0214983  0.00294734 -0.00889523   -0.0123637 -3.15428e-05  -0.00125455  -0.0197544  0.00893857 -0.00130407 1 0 0
             52.7995  6.10155  4.77639 -5.58387  -0.045541  -0.016349 -0.0101325 -0.0124725  0.0100076 0.00451961   -0.0123987 -2.66698e-05   -0.0012527  -0.0198418  0.00889081 -0.00138573 1 0 0
             52.8996  6.02493   4.8114 -5.58798   -0.047299  -0.0154195 -0.00951147 -0.0194007  0.0124597  0.0066458  -0.0124164 -3.6937e-05 -0.00126347  -0.0198368  0.00889862 -0.00138563 1 0 0
             52.9997  6.03879  4.81236 -5.61703 -0.0463338 -0.0139036 -0.0101839 -0.0106114  0.0163318 0.00044859  -0.0124447 -2.5856e-05 -0.00126521   -0.019935  0.00887523 -0.00135007 1 0 0
             53.0995  6.11269  4.84662 -5.60912   -0.044887  -0.0128344 -0.00846829 0.00127867  0.0163734 0.00828845   -0.0124729 -3.59874e-05  -0.00126553  -0.0200044  0.00888261 -0.00140563 1 0 0
             53.1994 6.22187 4.92147 -5.4639  -0.0423735   -0.013196 -0.00597942 0.00512485 0.00798564  0.0150947   -0.0125032 -1.92996e-05  -0.00127499  -0.0200852  0.00892344 -0.00146789 1 0 0
             53.2997  6.18488  5.05172 -5.47197  -0.0444551  -0.0145361 -0.00958915  -0.0156639  0.00465346 -0.00289888   -0.0125213 -2.68758e-05  -0.00127073  -0.0200451  0.00900973 -0.00132396 1 0 0
             53.3997  6.23843  4.95508 -5.53227  -0.0429997  -0.0147884 -0.00664973 -0.00774245 0.000263349  0.00853702   -0.0125594 -1.56313e-05  -0.00127831  -0.0201401   0.0090036 -0.00142327 1 0 0
             53.4997 6.29316 5.08603 -5.5569 -0.0431813 -0.0172873  -0.011804 -0.00682629 -0.00632207  -0.0161238   -0.0125752 -2.02173e-05  -0.00127519  -0.0201799  0.00908541 -0.00126842 1 0 0
             53.5997  6.42408  5.16243 -5.47609   -0.047339  -0.0150713 -0.00814502 -0.0265532  0.0080685 0.00896215   -0.0126123 -2.36477e-05  -0.00128084 -0.0200654  0.0090114 -0.0013928 1 0 0
             53.6996  6.35243  5.09035 -5.45714 -0.0440183 -0.0172126 -0.0141432  -0.0089772 0.000373901   -0.018988   -0.0126239 -2.15255e-05  -0.00128516  -0.0202831  0.00908669 -0.00122034 1 0 0
             53.7995  6.36986  5.16185 -5.52872 -0.0436764 -0.0197001 -0.0131524  -0.0086294 -0.00690563 -0.00559717   -0.0126484 -2.80315e-05  -0.00128255  -0.0203246  0.00914677 -0.00131924 1 0 0
             53.8997  6.35865  5.08668 -5.50087 -0.0414811 -0.0192584 -0.0132898  0.000166163   0.00162446 -0.000700067   -0.0126679 -2.63905e-05  -0.00128134  -0.0204202   0.0091017 -0.00132314 1 0 0
             53.9997  6.25313  5.02783 -5.50177 -0.0440748 -0.0193899  -0.016295  -0.017079 0.00222325 -0.0156182   -0.0126814 -3.05998e-05  -0.00128661  -0.0203646  0.00913093 -0.00124442 1 0 0
             54.0994  6.29625  5.02336 -5.60314 -0.0445896 -0.0183304 -0.0109985 -0.0150155 0.00356587  0.0127453   -0.0127213 -1.58543e-05  -0.00128681  -0.0203871  0.00908424 -0.00143956 1 0 0
             54.1992  6.31978  5.06985 -5.50768 -0.0483964 -0.0163064 -0.0118425 -0.0263736  0.0191924 0.00498007   -0.0127363 -2.98975e-05  -0.00129107  -0.0203252  0.00906197 -0.00136433 1 0 0
             54.2996  6.42081  5.19662 -5.36027  -0.0459493  -0.0131173 -0.00826064 -0.011278 0.0237126 0.0192939   -0.0127776 -2.27078e-05  -0.00129849  -0.0204756  0.00898428 -0.00145235 1 0 0
             54.3997  6.40844  5.08894 -5.40848  -0.045176 -0.0142313  -0.010385 -0.00899426   0.0184849  0.00571714    -0.012793 -3.94913e-05  -0.00129936  -0.0205619  0.00909785 -0.00135392 1 0 0
             54.4996 6.39772 4.76627 -5.6061  -0.0426985  -0.0135529 -0.00806941 0.00401959  0.0159087  0.0114531   -0.0128261 -2.21643e-05   -0.0012974  -0.0206681  0.00911747 -0.00142035 1 0 0
             54.5996  6.30163  4.70296 -5.49532  -0.0426026  -0.0172396 -0.00714131  0.00111015 -0.00275106    0.012036   -0.0128548 -2.11629e-05  -0.00130604  -0.0206697  0.00927918 -0.00143393 1 0 0
             54.6991  6.28934  4.81703 -5.39358  -0.0439911  -0.0148934 -0.00838388 -0.0121264 0.00639124 0.00134111   -0.0128823 -1.89874e-05  -0.00130831  -0.0206375  0.00920157 -0.00134996 1 0 0
             54.7996   6.2214  4.86639 -5.34282 -0.0444955 -0.0157363 -0.0127905 -0.0165699 0.00373691  -0.015264   -0.0128961 -2.73866e-05  -0.00131038 -0.0206887 0.00925283 -0.0012279 1 0 0
             54.8974  6.25258  4.82745 -5.43151 -0.0430346 -0.0106835  -0.010466 -0.00723986   0.0232288 -0.00209052   -0.0129284 -1.67786e-05  -0.00131161  -0.0207727  0.00908648 -0.00132375 1 0 0
             54.9963  6.20142   4.7755 -5.39594 -0.0413259 -0.0158357 -0.0132947 -0.00266655  -0.0035611  -0.0107887   -0.0129411 -2.03132e-05  -0.00131307  -0.0208774  0.00931059 -0.00128634 1 0 0
             55.0962  6.25488  4.89716 -5.38341 -0.0441528 -0.0128135 -0.0107519 -0.0199516  0.0102862 0.00249557   -0.0129731 -3.08768e-05  -0.00131198  -0.0207929  0.00920496 -0.00137279 1 0 0
             55.1989  6.25019    4.893 -5.34702  -0.0430236  -0.0133343 -0.00989902 -0.0124439 0.00608407   0.006443  -0.0129922 -2.4523e-05 -0.00131913  -0.0209001   0.0092357 -0.00140553 1 0 0
             55.2996  6.25182  4.98756 -5.40628   -0.042474  -0.0136108 -0.00850443 -0.00969719  0.00241366  0.00695069  -0.0130218  -3.057e-05 -0.00131947  -0.0209603  0.00924674 -0.00143743 1 0 0
             55.3995  6.18378  5.03322 -5.43931 -0.0460806 -0.0146149 -0.0101741  -0.0249598  0.00338826 0.000632812  -0.0130426 -2.7951e-05 -0.00132351  -0.0209001  0.00930575 -0.00136884 1 0 0
             55.4996  6.18608  4.99217 -5.37555  -0.0442089  -0.0146669 -0.00871378 -0.00949959  0.00312698  0.00485806   -0.0130707 -2.27316e-05   -0.0013251  -0.0210342  0.00929567 -0.00141903 1 0 0
             55.5996  6.20449   5.1774 -5.31774 -0.0432216 -0.0116993 -0.0104567 -0.00961325   0.0183381 -0.00397399   -0.0130984 -2.31967e-05  -0.00133072  -0.0211082  0.00920828 -0.00134699 1 0 0
             55.6997  6.13486  5.15118 -5.41808 -0.0439605 -0.0127658 -0.0119993   -0.015689  0.00529636 -0.00660895   -0.0131253 -2.81001e-05  -0.00133142  -0.0211388  0.00929318 -0.00132384 1 0 0
             55.7995  6.24768  5.03796 -5.43722 -0.0466598 -0.0142203 -0.0117783  -0.0199372  0.00160745 -0.00226085   -0.0131489 -3.07379e-05  -0.00133082   -0.021109  0.00935792 -0.00135577 1 0 0
             55.8997  6.22268  5.20461 -5.25961 -0.0449914 -0.0157859 -0.0102579 -0.00690225 -0.00780549  0.00211067   -0.0131816 -2.64193e-05   -0.0013373  -0.0212145  0.00938611 -0.00142227 1 0 0
             56.0001  6.33052  5.35719 -5.24932 -0.0421137 -0.0144138 -0.0133164 -0.00554536   0.0106605 -0.00782776   -0.0131981 -3.73119e-05   -0.0013377  -0.0213555  0.00931606 -0.00132725 1 0 0
             56.0999  6.32931  5.08418 -5.40019   -0.03929 -0.0146209 -0.0124387  0.0103277 0.00506528 0.00416243   -0.0132348 -3.49328e-05  -0.00134318  -0.0214589  0.00933677 -0.00137877 1 0 0
                56.2  6.38859  5.21872 -5.38651 -0.0429745 -0.0135493 -0.0101718 -0.0105046 0.00863053 0.00504879   -0.0132578 -3.66248e-05  -0.00132948  -0.0213069  0.00933109 -0.00143183 1 0 0
             56.2999  6.42361  5.15614 -5.22135 -0.0423098 -0.0152632 -0.0117107  -0.0113077  0.00377063 0.000811166   -0.0132764 -3.56973e-05  -0.00134825  -0.0213847  0.00941081 -0.00138248 1 0 0
             56.3999  6.41699  5.06727 -5.29441  -0.0444111  -0.0125458 -0.00949271 -0.0229258  0.0115642  0.0102423   -0.0132998 -2.63525e-05   -0.0013511  -0.0213617  0.00932938 -0.00142946 1 0 0
             56.4997  6.37349  5.08811 -5.40774  -0.0474036  -0.0147983 -0.00916578 -0.0253299 8.2152e-05 0.00816724   -0.0133178 -3.49712e-05  -0.00134628  -0.0213482  0.00943601 -0.00142642 1 0 0
                56.6  6.40512  5.06451 -5.25315 -0.0463329 -0.0109871 -0.0116757 -0.00976607   0.0183554 -0.00844045   -0.0133399 -3.85819e-05  -0.00134858  -0.0214577  0.00931945 -0.00131792 1 0 0
             56.6999  6.42756  5.26735 -5.19636 -0.0463283 -0.0159507 -0.0140688 -0.0185125 -0.0081248 -0.0130963  -0.0133618 -3.7693e-05 -0.00135824 -0.0215245 0.00951337 -0.0013112 1 0 0
                56.8  6.35795   5.1115 -5.42956 -0.0439385 -0.0171872 -0.0149885 -0.00204098 -0.00516378 -0.00671512  -0.0133849 -4.4751e-05 -0.00134929  -0.0216615  0.00951604 -0.00132252 1 0 0
             56.8999  6.36413  5.10587 -5.43222 -0.0421432 -0.0139339 -0.0179961  0.0066894   0.012348 -0.0200448   -0.0134052 -3.38038e-05  -0.00134668   -0.021721  0.00939655 -0.00124656 1 0 0
             56.9998  6.41835  5.09208 -5.26784 -0.0402694 -0.0129158 -0.0151289 0.00580979  0.0163902  0.0038939   -0.0134309 -3.90596e-05  -0.00135708 -0.0217534 0.00939562 -0.0013853 1 0 0
              57.099  6.41552  4.90708 -5.30645 -0.0431156 -0.0156923  -0.011263  -0.0202165 -0.00324815    0.019043   -0.0134566 -2.78059e-05   -0.0013619  -0.0216709  0.00952853 -0.00150268 1 0 0
             57.1995 6.42503 4.73697  -5.437  -0.0446975   -0.016016 -0.00913346 -0.0209944 0.00093423  0.0209619    -0.013486 -3.08957e-05  -0.00136063  -0.0216918  0.00953011 -0.00150876 1 0 0
             57.2999  6.48408  4.65314 -5.45609  -0.0476553  -0.0147363 -0.00919166 -0.0261735 0.00799609  0.0113045   -0.0135104 -3.38444e-05  -0.00136014   -0.021672  0.00949954 -0.00144045 1 0 0
             57.3998  6.50436  4.57154 -5.40183  -0.0462477  -0.0130507 -0.00856252 -0.0139727  0.0146799 0.00805948   -0.0135395 -2.91546e-05  -0.00136777   -0.021804  0.00945712 -0.00143095 1 0 0
             57.4998  6.54468  4.52796 -5.43919  -0.0461871  -0.0132552 -0.00746605  -0.012896 0.00935499 0.00910576   -0.0135608 -3.70145e-05  -0.00137301  -0.0218608  0.00949888 -0.00144985 1 0 0
             57.5997  6.58448  4.44749 -5.49392   -0.048126  -0.0131862 -0.00734162 -0.0202555 0.00917167 0.00757717   -0.0135929 -3.22952e-05  -0.00137411   -0.021854  0.00952836 -0.00142498 1 0 0
             57.6998 6.57479  4.4732 -5.4875  -0.0426515  -0.0147954 -0.00818898   0.00743025  0.000523571 -0.000472425  -0.0136124 -3.4227e-05 -0.00137613  -0.0220964  0.00957297 -0.00140799 1 0 0
             57.7997 6.61904 4.51492 -5.4826  -0.0420533  -0.0142049 -0.00786863 0.00115021 0.00459577 0.00088382   -0.0136468 -3.48901e-05  -0.00137486   -0.022102  0.00955659 -0.00141497 1 0 0
             57.8997 6.54809 4.63654 -5.5232  -0.044737 -0.0144213 -0.0111398  -0.016569 0.00386552 -0.0127932   -0.0136614 -3.95706e-05   -0.0013775  -0.0220386  0.00959415 -0.00131932 1 0 0
             57.9991   6.5335  4.65103 -5.52817  -0.0463449  -0.0118643 -0.00798762 -0.0205292  0.0153429  0.0064612   -0.0136883 -3.12495e-05  -0.00138614   -0.022035  0.00951978 -0.00143489 1 0 0
             58.1008  6.51244  4.73949 -5.51224  -0.0463577  -0.0129163 -0.00759129 -0.0133159  0.0053422 0.00293082   -0.0137058 -3.49673e-05  -0.00138572  -0.0221055  0.00958917 -0.00145107 1 0 0
             58.2007  6.53061  4.86734 -5.43697  -0.0446003  -0.0143786 -0.00428104  -0.00837521 -0.000664547    0.0205294   -0.0137403 -3.26019e-05  -0.00138926  -0.0222097  0.00962917 -0.00154787 1 0 0
             58.2997  6.43442  4.83859 -5.51522  -0.0440895  -0.0147012 -0.00453688 -0.00841804 -0.00035518  0.00963196   -0.0137578 -4.18604e-05  -0.00138532  -0.0222693  0.00963726 -0.00148457 1 0 0
             58.3997   6.4927  4.79818 -5.54901  -0.0431913  -0.0128292 -0.00796051 -0.00199376   0.0109104  -0.0085029   -0.0137821 -2.83045e-05  -0.00139434   -0.022335  0.00958294 -0.00135537 1 0 0
             58.4997  6.44467  4.94033 -5.48894   -0.04391 -0.0130603 -0.0138833 -0.00806201   0.0100738  -0.0278497   -0.0138002 -3.69169e-05  -0.00138632  -0.0223392  0.00963974 -0.00121317 1 0 0
             58.6007   6.4723   5.0071 -5.45996 -0.0478767 -0.0114183 -0.0131453 -0.0291299  0.0130916 -0.0141966   -0.0138264 -4.02174e-05  -0.00139644  -0.0222481  0.00962283 -0.00131148 1 0 0
             58.7007   6.5657  4.96165 -5.53991   -0.04762 -0.0150125 -0.0139063 -0.0209737 -0.0062944 -0.0130282  -0.0138522 -3.8232e-05 -0.00139462  -0.0223634  0.00975228 -0.00136272 1 0 0
             58.7997  6.61588  4.97599 -5.52865 -0.0442793 -0.0194172 -0.0100598 0.000309927  -0.0206817   0.0112383   -0.0138811 -4.19675e-05  -0.00139891  -0.0225208  0.00983238 -0.00153613 1 0 0
             58.8997  6.57033   5.0322 -5.48011  -0.0459972  -0.0171386 -0.00762911 -0.0133302 0.00281617  0.0172614   -0.0138933 -4.13417e-05  -0.00140244  -0.0224684  0.00971535 -0.00154737 1 0 0
             59.0005  6.55789   5.0376 -5.52698 -0.0436485 -0.0150679 -0.0113518 2.82747e-05   0.0145807 -0.00707005   -0.0139122 -4.19521e-05  -0.00140525  -0.0225996  0.00965657 -0.00139319 1 0 0
             59.0996  6.69464  4.98453 -5.42324 -0.0450393 -0.0148608 -0.0100927 -0.00790893   0.0116971  0.00495976   -0.0139445 -3.82916e-05  -0.00140567  -0.0225569  0.00969775 -0.00144726 1 0 0
             59.2006  6.59673  5.13166 -5.48046  -0.0460869 -0.00993564  -0.0119405  -0.023082  0.0269046 -0.0113215   -0.0139659 -4.38406e-05  -0.00141145  -0.0225737  0.00958376 -0.00136644 1 0 0
             59.3006  6.83254  5.06465 -5.72813  -0.045951 -0.0105134 -0.0113965   -0.0170113    0.0108111 -0.000284226   -0.0139921 -4.87177e-05  -0.00140889   -0.022661  0.00965543 -0.00142885 1 0 0
             59.3996  6.84057  5.00148 -5.88192  -0.046717  -0.017345 -0.0143459   -0.013258  -0.0188232 -0.00704795   -0.0140246 -5.20167e-05  -0.00140572  -0.0227138  0.00990398 -0.00138109 1 0 0
             59.4998   6.8704   5.1041 -5.80189 -0.0452957 -0.0162836 -0.0122135 -0.00413036 -0.00606972 0.000956652   -0.0140506 -4.75667e-05  -0.00141229  -0.0227829  0.00979538 -0.00145754 1 0 0
             59.6005  7.06416  5.03577 -5.76644 -0.0463982 -0.0203423 -0.0153489 -0.0139782 -0.0139348 -0.0103255   -0.0140687 -5.70454e-05  -0.00141669  -0.0227925  0.00991247 -0.00137863 1 0 0
             59.7006  7.11061  4.86052 -5.98046 -0.0478744 -0.0193578 -0.0135868  -0.017194 -0.0069816 0.00378337   -0.0141043 -4.68732e-05  -0.00140993  -0.0227861  0.00983008 -0.00143746 1 0 0
             59.8005  7.39226  4.66051 -5.95459 -0.0465079 -0.0207307 -0.0119421   -0.0149742 -0.000747477     0.009047    -0.014116 -4.33786e-05  -0.00141564  -0.0228987  0.00983041 -0.00148216 1 0 0
             59.8968 7.28877 4.38246 -6.1075 -0.0473791 -0.0216799 -0.0140972 -0.00969189 -0.00481464  -0.0028038   -0.0141378 -4.64166e-05   -0.0014192  -0.0229263  0.00987028 -0.00140109 1 0 0
             59.9963 7.37025 4.45528 -6.0742 -0.0510264 -0.0210831 -0.0119913 -0.0244697  0.0023375 0.00574042   -0.0141642 -4.60229e-05  -0.00141805  -0.0228391  0.00984194 -0.00146094 1 0 0
             60.1005 7.35816 4.43336 -6.1313 -0.0517988 -0.0227795 -0.0126162   -0.0230146 -0.000313266   0.00282756   -0.0141873 -5.48961e-05  -0.00141808  -0.0229115  0.00989982 -0.00144023 1 0 0
             60.2004  7.39843  4.24202 -6.10534 -0.0513768 -0.0190031 -0.0111485 -0.0144056  0.0196797 0.00832746   -0.0142108 -5.33529e-05  -0.00142721  -0.0229931  0.00976699 -0.00145315 1 0 0
             60.3004  7.39598  4.21087 -6.13011  -0.053202 -0.0182185 -0.0114068 -0.0198588  0.0154532 0.00112975   -0.0142313 -5.46213e-05  -0.00142931  -0.0229947  0.00980447 -0.00143398 1 0 0
             60.4004  7.42946  4.19109 -6.11119 -0.0517832 -0.0170546 -0.0112776 -0.00755472   0.0186323  0.00261704   -0.0142575 -5.33933e-05  -0.00142649  -0.0231034  0.00980516 -0.00143628 1 0 0
             60.5005  7.41289  4.21049 -6.04022  -0.0483511  -0.0169617 -0.00934137  0.0057638  0.0105747 0.00674332   -0.0142835 -4.89428e-05  -0.00144208   -0.023236  0.00982794 -0.00150522 1 0 0
             60.6003  7.44089  4.41802 -6.04029  -0.0507955  -0.0179919 -0.00880561 -0.0120488 0.00335238 0.00799222   -0.0143123 -5.09929e-05  -0.00143409  -0.0231575  0.00990042 -0.00150997 1 0 0
             60.7004  7.41484   4.5791 -6.04738 -0.0475038 -0.0234141 -0.0123453  0.00460822  -0.0206586 -0.00840098   -0.0143354 -6.21597e-05  -0.00142922  -0.0233197   0.0100584 -0.00141903 1 0 0
             60.8003  7.50271   4.6874 -5.97571 -0.0458699 -0.0203513 -0.0135213  0.00746514  0.00558246 -0.00962769    -0.014361 -5.55125e-05  -0.00143725  -0.0233509  0.00990399 -0.00137795 1 0 0
             60.9003   7.4663  4.80505 -5.89213 -0.0437309 -0.0190847 -0.0143695 0.00649996  0.0110266 -0.0104522   -0.0143772 -6.00627e-05  -0.00144009  -0.0234034  0.00987631 -0.00138163 1 0 0
             60.9994  7.47907  4.83172 -5.88935 -0.0461039 -0.0174007 -0.0149677  -0.0117618   0.0160291 -0.00453291   -0.0144001 -6.10807e-05  -0.00144045  -0.0233219  0.00987083 -0.00138053 1 0 0
             61.0996  7.37473  4.86524 -5.91222 -0.0484794 -0.0191795 -0.0174024 -0.0202909 0.00298734 -0.0122337   -0.0144172 -6.05295e-05  -0.00144465 -0.0233052  0.0099815 -0.0013417 1 0 0
             61.2004  7.43438  4.85761 -5.92102  -0.051232 -0.0194789 -0.0148178 -0.0260558  0.0030767   0.003376   -0.0144517 -5.75395e-05  -0.00144311  -0.0232801  0.00999497 -0.00145708 1 0 0
             61.3003  7.50671  4.86421 -5.88221 -0.0489537 -0.0225584 -0.0137456 -0.00896543 -0.00977763  0.00497802   -0.0144842 -5.63146e-05  -0.00144675  -0.0234425   0.0100714 -0.00150994 1 0 0
             61.4003  7.46789  4.93575 -5.78687 -0.0467124 -0.0193059 -0.0151043 6.88003e-05   0.0126018  0.00113022   -0.0144954 -6.01183e-05  -0.00145458  -0.0235431  0.00993779 -0.00143055 1 0 0
             61.5003  7.43192   4.9161 -5.82154  -0.045196 -0.0190117 -0.0153213  0.00277961  0.00950163 -0.00164322   -0.0145208 -6.77778e-05  -0.00145109  -0.0235994  0.00995888 -0.00143189 1 0 0
             61.6003   7.4648  4.89386 -5.83933 -0.0477644 -0.0181874 -0.0172219   -0.012093   0.0115582 -0.00760249   -0.0145474 -5.85478e-05  -0.00145034  -0.0235271  0.00998058 -0.00137763 1 0 0
             61.7002  7.44099  4.94327 -5.79497 -0.0514167 -0.0226853 -0.0178259  -0.0269269  -0.0110638 -0.00760265   -0.0145725 -6.04001e-05  -0.00145325  -0.0234707   0.0101594 -0.00141152 1 0 0
             61.8002  7.49256  4.94795 -5.82018 -0.0464724 -0.0219067 -0.0185129   0.0026112  0.00155977 -0.00615383  -0.0145945 -6.6641e-05 -0.00144966  -0.0237038   0.0100683 -0.00141178 1 0 0
             61.9003  7.46543  4.87036 -5.79523 -0.0478003 -0.0191604 -0.0164338 -0.00606265   0.0139103  0.00450255   -0.0146122 -6.28416e-05  -0.00146264  -0.0236485   0.0099929 -0.00147379 1 0 0
             61.9998  7.51139  5.02433 -5.74814 -0.0482234 -0.0202945 -0.0184914  -0.0067996  0.00574487 -0.00546142    -0.014631 -6.60651e-05  -0.00145939  -0.0236664   0.0100721 -0.00142098 1 0 0
             62.1002  7.49718  5.02926 -5.70072 -0.0488998 -0.0226432  -0.020538  -0.0145291 -0.00317065 -0.00806157   -0.0146568 -7.15011e-05  -0.00145838 -0.0236909  0.0101719 -0.0013885 1 0 0
             62.2002  7.50444  4.89814 -5.78802 -0.0483184 -0.0206743 -0.0185581 -0.0115723 0.00689708 0.00505124    -0.014679 -6.86546e-05  -0.00146535  -0.0237553    0.010083 -0.00145646 1 0 0
             62.3002  7.49901  4.76074 -5.87382 -0.0478057 -0.0213201 -0.0155457 -0.00577776  0.00477825   0.0159001   -0.0147022 -6.62072e-05  -0.00146534  -0.0238051   0.0101141 -0.00154024 1 0 0
             62.4002  7.54276  4.76998 -5.94352 -0.0495351 -0.0190309 -0.0126785 -0.015927 0.0114946 0.0188944   -0.0147344 -6.45818e-05  -0.00146679   -0.023772   0.0100523 -0.00157017 1 0 0
             62.5001  7.48893  4.70785 -6.05098 -0.0464553 -0.0163762 -0.0131744 0.000412524   0.0248412   0.0121496   -0.0147434 -6.62845e-05  -0.00147572  -0.0239286  0.00999589 -0.00149168 1 0 0
             62.6001   7.4864   4.4738 -6.09438 -0.0475195 -0.0153096 -0.0094855 -0.00490031   0.0167884   0.0186489   -0.0147756 -5.07107e-05   -0.0014832  -0.0238944   0.0100375 -0.00157582 1 0 0
             62.7001  7.51099   4.5916 -6.12851 -0.0471714 -0.0218269 -0.0156217 -0.00790636  -0.0113391  -0.0132432   -0.0147962 -5.75091e-05  -0.00147122  -0.023966  0.0103035 -0.0013904 1 0 0
             62.8002 7.63749 4.60106   -6.18 -0.0505481 -0.0218203 -0.0167949  -0.0238788 -0.00544596  -0.0106793   -0.0148302 -6.48096e-05  -0.00147457  -0.0238964   0.0102786 -0.00138386 1 0 0
             62.8997 7.57868 4.65292 -6.1791 -0.0489987 -0.0262103  -0.018793 -0.00916911  -0.0173182  -0.0159621   -0.0148396 -7.10192e-05  -0.00147536  -0.0240306   0.0103811 -0.00138514 1 0 0
             62.9986  7.61762  4.69255 -6.18056 -0.0475913 -0.0240737 -0.0148147 -0.00261759   0.0033638  0.00612667     -0.01487 -7.16404e-05  -0.00147988  -0.0240875   0.0102453 -0.00153275 1 0 0
             63.1002  7.65979  4.80231 -6.10649 -0.0475215 -0.0166937 -0.0124601 -0.00165799   0.0362161   0.0107437   -0.0148879 -6.12466e-05  -0.00148769  -0.0240792   0.0100264 -0.00155066 1 0 0
             63.2001  7.75173  4.85388 -5.98334  -0.0481382  -0.0157965 -0.00921175 -0.011172 0.0259866 0.0243204   -0.0149263 -6.36076e-05  -0.00148718   -0.024079   0.0101082 -0.00162549 1 0 0
                63.3  7.68167  4.88649 -5.99721 -0.0498914 -0.0148709 -0.0059957 -0.0197231  0.0182822  0.0258444   -0.0149482 -6.98901e-05  -0.00149302  -0.0240737   0.0101518 -0.00165782 1 0 0
                63.4  7.67336  4.93283 -6.05814  -0.0489093  -0.0220107 -0.00907136 -0.00910533   -0.015412  0.00526306   -0.0149794 -5.71031e-05  -0.00149342  -0.0242052    0.010421 -0.00154787 1 0 0
             63.5001  7.64457  5.01533 -5.95343  -0.044527 -0.0206342 -0.0155299  0.0110884 0.00166053 -0.0232104   -0.0149938 -6.92824e-05  -0.00148962  -0.0243839   0.0103314 -0.00132715 1 0 0
             63.6001  7.66501  5.04895 -6.00148 -0.0467139 -0.0226876  -0.017399  -0.0126072 -0.00747602  -0.0185947    -0.015022 -6.29105e-05  -0.00149058  -0.0243069   0.0104054 -0.00134813 1 0 0
             63.7001   7.6224  5.08472 -6.07845 -0.0508123 -0.0217533 -0.0148056  -0.0256759  0.00114788 -0.00020421   -0.0150453 -7.20337e-05  -0.00149292  -0.0242057   0.0103583 -0.00146646 1 0 0
             63.7998   7.6142  5.10355 -6.06116 -0.0489902 -0.0216808 -0.0157945 -0.00662659  0.00320231 -0.00673669   -0.0150626 -7.60176e-05  -0.00148855  -0.0243403    0.010346 -0.00145049 1 0 0
             63.8999  7.65033  5.14614 -5.97013 -0.0487687 -0.0214549 -0.0100351 -0.00938218  0.00544537   0.0237022   -0.0150879 -7.20355e-05   -0.0014948  -0.0243616   0.0103283 -0.00163976 1 0 0
             63.9999  7.55188  5.15188 -5.94326 -0.0502156 -0.0228405 -0.0162685  -0.0161156 0.000802224  -0.0119027    -0.015102 -7.85014e-05  -0.00150244  -0.0243848   0.0104127 -0.00139704 1 0 0
             64.0999  7.59441  5.05343 -5.99857 -0.0481931 -0.0173635 -0.0163812 -0.00114057   0.0265747 -0.00813654   -0.0151256 -6.87006e-05  -0.00149922  -0.0244878    0.010229 -0.00140322 1 0 0
                64.2  7.54022  5.09415 -5.98483 -0.0505238 -0.0205814 -0.0188182 -0.0138844 0.00385103 -0.0146062   -0.0151438 -7.79349e-05  -0.00149988  -0.0244404   0.0104286 -0.00138585 1 0 0
                64.3  7.65744  5.08675 -5.97942 -0.0469739 -0.0169053 -0.0132152 0.00147775  0.0186798   0.014339   -0.0151773 -6.35934e-05  -0.00150478  -0.0245767   0.0102824 -0.00158673 1 0 0
             64.3996  7.57046  5.12296 -6.02412 -0.0460366 -0.0221837 -0.0172943  0.00255632 -0.00717073 -0.00563687   -0.0151932 -7.76113e-05  -0.00150119   -0.024638   0.0105174 -0.00146489 1 0 0
             64.4998 7.61885 5.10434 -5.9159 -0.0496788 -0.0218131 -0.0125435  -0.0182982 -0.00238787   0.0170876   -0.0152249 -6.39765e-05   -0.0015082 -0.0245081   0.010486 -0.0016108 1 0 0
             64.5998  7.64058  5.07082 -5.86971 -0.0475819 -0.0216361 -0.0143103 -0.00692737  0.00218266  0.00386542   -0.0152462 -7.29837e-05  -0.00151523 -0.0246508  0.0104628 -0.0015104 1 0 0
             64.6998  7.70603  4.88825 -5.96316 -0.0483817 -0.0180332 -0.0116807 -0.0120046  0.0179743   0.015675   -0.0152748 -6.58503e-05  -0.00150762  -0.0246463    0.010353 -0.00155158 1 0 0
             64.7999 7.60796 4.87743 -6.1052 -0.0484366 -0.0172173 -0.0150076  -0.0147656   0.0116659 -0.00711253   -0.0152991 -6.36409e-05  -0.00151064   -0.024711   0.0103807 -0.00141763 1 0 0
             64.8962  7.52636  4.82463 -6.33859 -0.0484035 -0.0205361 -0.0167915  -0.0126993 -0.00238734 -0.00862626  -0.0153136 -6.6763e-05 -0.00151213  -0.0247801   0.0105183 -0.00141499 1 0 0
             64.9957  7.56762  4.58637 -6.28416  -0.051169   -0.02242 -0.0182275  -0.0145875 -0.00410181  -0.0102314   -0.0153449 -6.61767e-05  -0.00151526  -0.0247305   0.0105924 -0.00140397 1 0 0
             65.0999   7.6844  4.78066 -6.13709 -0.0516009 -0.0215958 -0.0166703  -0.0203107  0.00186334 -0.00367403 -0.0153713 -6.853e-05 -0.0015213  -0.0247655   0.0105255 -0.00148505 1 0 0
             65.1998  7.72356  4.62793 -6.24877  -0.0546527  -0.0193576 -0.00871208 -0.0346232  0.0145122   0.039149    -0.015397 -8.47807e-05  -0.00153017  -0.0247289   0.0104493 -0.00172148 1 0 0
             65.2998  7.57997  4.30414 -6.47629 -0.0528165 -0.0194475 -0.0114021 -0.00729203  0.00754594  0.00533044   -0.0154111 -8.55764e-05  -0.00151812  -0.0249162   0.0104917 -0.00153818 1 0 0
             65.3998  7.7376 4.44836 -6.4366  -0.0513148  -0.0178598 -0.00892144 0.00151632   0.014103  0.0116189   -0.0154417 -6.56368e-05  -0.00152921  -0.0249782   0.0104411 -0.00160323 1 0 0
             65.4996   7.7913  4.22584 -6.34718  -0.0486221  -0.0180304 -0.00842163 0.00991019  0.0137349  0.0115368  -0.0154728 -6.3858e-05 -0.00152852  -0.0250717   0.0104956 -0.00158961 1 0 0
             65.5997 7.73606 4.31776 -6.2461  -0.0468628  -0.0166783 -0.00501116 0.00421017   0.013054  0.0158131   -0.0154919 -5.57255e-05  -0.00153754   -0.025104   0.0104773 -0.00166858 1 0 0
             65.6998   7.7497  4.44308 -6.18767 -0.0472503 -0.0174133 -0.0122621 -0.00461442   0.0118465  -0.0138701   -0.0155052 -6.82836e-05  -0.00154401  -0.0251192   0.0105711 -0.00140481 1 0 0
             65.7998  7.56643  4.51746 -6.20908 -0.0525356 -0.0187691 -0.0168896  -0.0249749 -0.00129754   -0.027457   -0.0155337 -7.27181e-05  -0.00153575  -0.0249818    0.010678 -0.00131461 1 0 0
             65.8998  7.50833  4.71487 -6.13854 -0.0509123 -0.0199635 -0.0198369   -0.011494 -0.00598677  -0.0331383   -0.0155419 -7.91782e-05  -0.00154162  -0.0251191   0.0106856 -0.00132763 1 0 0
             65.9994   7.6225  4.79973 -6.10379  -0.047776 -0.0172899 -0.0165542  0.00218056   0.0114799 -0.00201244  -0.0155719 -8.0327e-05 -0.00154115 -0.0252377  0.0105503 -0.0015065 1 0 0
             66.0998  7.54351  4.91085 -6.11691 -0.0468627 -0.0205231 -0.0163434  0.000337961  -0.00816344 -0.000540617  -0.0155904 -8.7285e-05 -0.00153904  -0.0252759   0.0106768 -0.00154854 1 0 0
             66.1996  7.56372  4.99551 -6.21251  -0.048711 -0.0202865 -0.0160206   -0.011711 0.000490838   0.0015447   -0.0156129 -8.32166e-05  -0.00153752  -0.0252242   0.0106528 -0.00155201 1 0 0
             66.2996  7.52803  5.06414 -6.09555 -0.0481439 -0.0212499 -0.0189166  -0.00386498 -0.000255153  -0.00779451   -0.0156331 -8.63815e-05  -0.00154316  -0.0252894   0.0106875 -0.00145966 1 0 0
             66.3996  7.56542  5.05321 -5.96141 -0.0473682 -0.0167214   -0.01743  -0.0060492   0.0182508 -0.00224316    -0.015659 -7.90106e-05  -0.00155657   -0.025322   0.0105305 -0.00150739 1 0 0
             66.4997  7.60088  5.12776 -6.06022    -0.0472 -0.0161235 -0.0181855 -0.00885493   0.0181179  0.00103827   -0.0156774 -7.98328e-05  -0.00155204  -0.0253675   0.0105678 -0.00149745 1 0 0
             66.5997  7.55935  5.05904 -6.05927 -0.0472516 -0.0183989 -0.0184316 -0.00580286  0.00127623 -0.00143709   -0.0157019 -8.21929e-05  -0.00154958  -0.0254034   0.0106918 -0.00150826 1 0 0
             66.6996  7.60952  5.12029 -5.98345 -0.0502024 -0.0213581 -0.0179615   -0.0215675   -0.0111992 -0.000393232  -0.0157218 -7.7214e-05 -0.00155895  -0.0253439   0.0107934 -0.00154961 1 0 0
             66.7996  7.59391  5.11719 -6.00323 -0.0462015 -0.0205556 -0.0185025 0.000522721  0.00367152  0.00187775   -0.0157419 -8.80913e-05  -0.00155537 -0.0255444   0.010714 -0.0015219 1 0 0
             66.8997  7.55976  5.00083 -5.98637 -0.0470909 -0.0204069 -0.0146811 -0.00655294  0.00146409   0.0156677     -0.01576 -7.45881e-05  -0.00155996  -0.0255114   0.0107097 -0.00163641 1 0 0
             66.9986  7.62079  5.00645 -5.96833  -0.047417 -0.0186773 -0.0130271 -0.00879551   0.0118837   0.0155408  -0.0157855 -7.9106e-05 -0.00156021  -0.0255253   0.0106618 -0.00163415 1 0 0
             67.0995   7.5976  5.01382 -5.94799  -0.048814 -0.0204443 -0.0169137  -0.0151138  0.00157483 -0.00599143   -0.0158037 -8.69689e-05  -0.00156194  -0.0255412   0.0107708 -0.00148234 1 0 0
             67.1996  7.61239  5.07544 -5.97914 -0.0497762 -0.0207818 -0.0195356 -0.0139566 0.00338712 -0.0141416  -0.0158218 -9.2697e-05 -0.00155865  -0.0255692   0.0107891 -0.00142471 1 0 0
             67.2997  7.64599  5.06824 -5.89962 -0.0503675 -0.0206094 -0.0193566  -0.0131879  0.00450975 -0.00468765   -0.0158444 -9.28035e-05  -0.00156717  -0.0255946   0.0107862 -0.00147162 1 0 0
             67.3997  7.68083  4.94806 -5.88072 -0.0472538 -0.0179851 -0.0165556 0.00120645  0.0156133 0.00698091   -0.0158691 -8.38592e-05  -0.00157097  -0.0257315   0.0106886 -0.00156903 1 0 0
             67.4995  7.67998  4.96263 -5.94726 -0.0446909  -0.018506 -0.0191521  0.00954978  0.00946117 -0.00486273   -0.0158865 -9.56677e-05  -0.00156613  -0.0258269    0.010752 -0.00148486 1 0 0
             67.5996  7.73673  4.71458 -5.93943 -0.0437881 -0.0146951 -0.0106815 0.00322734  0.0235651  0.0322465   -0.0159259 -8.50113e-05  -0.00157409  -0.0258079   0.0106418 -0.00173326 1 0 0
             67.6996  7.71518  4.73721 -6.00193  -0.046862 -0.0188648 -0.0165224  -0.0146471  -0.0029315 -0.00641227   -0.0159409 -8.28882e-05  -0.00157325 -0.0257462  0.0108773 -0.0014986 1 0 0
             67.7997  7.80597  4.72482 -6.01757 -0.0500832 -0.0202152 -0.0143952  -0.0264966 -0.00478447   0.0099565  -0.0159768 -8.0817e-05  -0.0015726   -0.025694   0.0109113 -0.00157732 1 0 0
             67.8997  7.69722  4.64971 -6.06896 -0.0526635 -0.0180167 -0.0180906 -0.0316825 0.00873299 -0.0116793   -0.0159828 -9.10094e-05  -0.00157402  -0.0257149   0.0108416 -0.00142074 1 0 0
             67.9996  7.78199   4.6123 -6.21623 -0.0533919 -0.0180515  -0.013407 -0.0223727 0.00521723   0.011263  -0.0160128 -8.9053e-05 -0.00157399  -0.0257823   0.0108381 -0.00161177 1 0 0
             68.0996   7.7424  4.66039 -6.17215 -0.0532387 -0.0192539 -0.0172452  -0.0119238  0.00211336 -0.00835417   -0.0160237 -9.49903e-05  -0.00158064  -0.0258729   0.0109019 -0.00147533 1 0 0
             68.1997  7.82066  4.74166 -6.03492 -0.0513991   -0.01864 -0.0187568 -0.00600978  0.00908926  -0.0101077  -0.0160522 -9.5743e-05 -0.00158689  -0.0259816   0.0108781 -0.00145535 1 0 0
             68.2996  7.73042  4.77054 -6.09709 -0.0499404 -0.0158202 -0.0168757 -0.00305905   0.0176929 -0.00169183   -0.0160642 -0.000102807  -0.00159006  -0.0260492    0.010799 -0.00154246 1 0 0
             68.3997 7.80568 4.68415 -6.0795 -0.0486765 -0.0169504 -0.0111648 0.00250723 0.00759042  0.0266566   -0.0160994 -8.10214e-05  -0.00159851  -0.0260943   0.0108644 -0.00173561 1 0 0
             68.4996  7.87059   4.7095 -6.03685   -0.043209  -0.0156503 -0.00397258  0.0175337 0.00969222  0.0427397   -0.0161329 -7.54953e-05  -0.00159478  -0.0262558    0.010807 -0.00188176 1 0 0
             68.5998  7.85898  4.75764 -6.05919  -0.0432593  -0.0171638 -0.00723865 0.00384297 0.00268024  0.0136795   -0.0161498 -6.97824e-05  -0.00159722  -0.0262409   0.0109093 -0.00166508 1 0 0
             68.6997  7.82535  4.82346 -6.03715  -0.0493565  -0.0200953 -0.00830334 -0.0266568 -0.0100769 0.00581414   -0.0161755 -8.24313e-05  -0.00159899  -0.0260573   0.0110459 -0.00159608 1 0 0
             68.7992  7.76808  5.03918 -5.97777 -0.0531639 -0.0212613 -0.0168423  -0.0338672 -0.00816153  -0.0329867  -0.0161775 -9.9057e-05 -0.00160049   -0.026049   0.0110794 -0.00131989 1 0 0
             68.8996 7.77861 5.02978 -5.9407 -0.0524667 -0.0187826 -0.0229015 -0.0194255  0.0110756 -0.0437858   -0.0161987 -9.70395e-05  -0.00159762 -0.0261878  0.0109722 -0.0012194 1 0 0
             69.0003  7.70406  5.13937 -5.88547 -0.0505045 -0.0198411 -0.0286717 -0.00812667  0.00507364  -0.0468301   -0.0162073 -0.000109169  -0.00160537  -0.0263317   0.0110244 -0.00119764 1 0 0
             69.0996  7.74876  5.05575 -5.94315 -0.0468577 -0.0153939 -0.0217102  0.00851698   0.0223665 0.000382105   -0.0162451 -0.000101425  -0.00160054  -0.0264368   0.0108471 -0.00153945 1 0 0
             69.1997  7.72183  5.04663 -5.91934 -0.0469183 -0.0175789 -0.0161662 0.00151163 0.00438662  0.0217521   -0.0162629 -0.000104625  -0.00160478 -0.0264026  0.0109833 -0.0017472 1 0 0
             69.2996  7.81789  5.00786 -5.89871 -0.0477289 -0.0155415  -0.010804 -0.00763834   0.0140416   0.0368171   -0.0163018 -9.13601e-05  -0.00160574  -0.0263699   0.0109266 -0.00183283 1 0 0
             69.3997  7.72795  5.05543 -5.88014 -0.0496931 -0.0157961 -0.0110538 -0.0172565 0.00886314  0.0207627    -0.016317 -0.000102474  -0.00161087 -0.0263543  0.0109946 -0.0017149 1 0 0
             69.5003  7.74546   4.9744 -5.88492 -0.0497811 -0.0169901 -0.0120424 -0.0134546  0.0036347  0.0098749  -0.0163443 -8.0568e-05 -0.00161123  -0.0264351   0.0110613 -0.00163164 1 0 0
             69.6003  7.72013  5.05644 -5.78817 -0.0472576 -0.0194211 -0.0175854  0.00175628 -0.00429493  -0.0190327   -0.0163624 -9.30002e-05  -0.00161156  -0.0265912   0.0111561 -0.00144913 1 0 0
             69.6997  7.7798  5.1409 -5.7909 -0.0476923 -0.0196403 -0.0182296  -0.00895085 -0.000583428   -0.0103065   -0.0163888 -9.41074e-05  -0.00160823  -0.0265827   0.0111454 -0.00148332 1 0 0
             69.7992  7.7138 5.06453 -5.8536 -0.0465494  -0.018386 -0.0217159 -0.0026173 0.00828912 -0.0205872   -0.0164107 -9.60804e-05  -0.00161464  -0.0266675   0.0110974 -0.00139302 1 0 0
             69.8997  7.76583  5.08184 -5.91753 -0.0494494 -0.0185622 -0.0207314  -0.0148103  0.00381253 -0.00927004  -0.0164391 -8.9383e-05 -0.00160814  -0.0265692   0.0111333 -0.00150416 1 0 0
             69.9996  7.78992  5.10778 -5.81986 -0.0512236 -0.0184654 -0.0185759 -0.0205479  0.0050315 0.00402305   -0.0164619 -9.51705e-05   -0.0016189  -0.0265581   0.0111406 -0.00160344 1 0 0
             70.0995  7.82338  5.04469 -5.87294 -0.0485327 -0.0210624 -0.0166528 -0.00590026 -0.00448553   0.0133344   -0.0164886 -8.93568e-05  -0.00161512  -0.0267347   0.0112123 -0.00167488 1 0 0
             70.1993  7.85265   4.9455 -5.82695  -0.049501 -0.0181493 -0.0138623 -0.0105456  0.0122337   0.020106    -0.016514 -9.17899e-05  -0.00162594  -0.0267162   0.0110975 -0.00169619 1 0 0
             70.2994  7.83282  4.92447 -5.87662 -0.0459269  -0.018275 -0.0187695 0.00599847 0.00937346 -0.0117912   -0.0165331 -9.50659e-05  -0.00162012  -0.0269002   0.0111385 -0.00150224 1 0 0
             70.3998  7.90527   4.7952 -5.87243 -0.0457379 -0.0177762 -0.0154055 5.12388e-05    0.010741   0.0122129   -0.0165629 -8.93775e-05  -0.00162862  -0.0268873   0.0111455 -0.00163694 1 0 0
             70.4997  7.91319  4.68866 -5.87408 -0.0430761 -0.0182399 -0.0129324 0.00756701 0.00446278  0.0138981   -0.0165881 -9.60228e-05  -0.00162889  -0.0269763    0.011172 -0.00168911 1 0 0
             70.6002  7.95952  4.66176 -5.94671  -0.047233 -0.0190038 -0.0145646 -0.0190904 0.00208891 0.00519106   -0.0166168 -9.37539e-05  -0.00163041  -0.0268354    0.011241 -0.00159224 1 0 0
             70.7001  7.92935  4.48851 -5.99277 -0.0503929 -0.0179102 -0.0158798  -0.0258725  0.00745425 -0.00353139   -0.0166423 -9.45798e-05  -0.00163194  -0.0268014   0.0112274 -0.00152107 1 0 0
             70.7994  7.99627  4.51009 -6.02226 -0.0544826 -0.0171839 -0.0132555 -0.0350345 0.00595319 0.00566348   -0.0166714 -8.66906e-05   -0.0016365  -0.0267435   0.0112176 -0.00162976 1 0 0
             70.8993   7.9683  4.59035 -5.95679 -0.0518427 -0.0179974  -0.016061 -0.0143886 0.00907186 -0.0040723   -0.0166824 -9.86954e-05  -0.00164098  -0.0269852   0.0112582 -0.00152489 1 0 0
             70.9997  7.98703  4.57368 -6.07974 -0.0481001 -0.0197703 -0.0144096  0.00128255 -0.00652039 -0.00191877   -0.0167192 -9.10532e-05  -0.00163762  -0.0271739   0.0112984 -0.00162834 1 0 0
             71.1001  7.95909  4.70289 -6.10907 -0.0464315 -0.0188463 -0.0194699  0.0109774 0.00761419  -0.015397   -0.0167237 -0.000106748  -0.00163841 -0.0272293  0.0112703 -0.0014577 1 0 0
             71.1996  7.94959  4.72108 -6.03087 -0.0461459 -0.0200919 -0.0186323  0.000532927 -0.000938514  -0.00930669   -0.0167508 -9.86631e-05   -0.0016358  -0.02721 0.0113321 -0.001552 1 0 0
             71.2995  8.00921  4.85915 -6.05197 -0.0499117  -0.019101 -0.0178747  -0.0198275  0.00457151 -0.00247148   -0.0167728 -0.000103049  -0.00164826  -0.0270806   0.0113034 -0.00159769 1 0 0
             71.3997   7.9953  4.91744 -6.04241 -0.0511266 -0.0197198 -0.0149841 -0.0181498 0.00220938   0.012669   -0.0167939 -0.000110569  -0.00163968  -0.0271029   0.0113318 -0.00170272 1 0 0
             71.4996  7.98983  4.98668 -5.94813 -0.0502137 -0.0193139 -0.0206569 -0.00600097  0.00665993  -0.0163458   -0.0168069 -0.000114096  -0.00164481  -0.0272198   0.0113357 -0.00147744 1 0 0
                71.6  7.95389  5.07404 -5.90083  -0.047467 -0.0206461 -0.0212691    0.0017142 -0.000133315   -0.0108993   -0.0168275 -0.000111622  -0.00164989  -0.0273504   0.0113837 -0.00152996 1 0 0
             71.7001  7.95365  5.08398 -6.01891 -0.0490036  -0.021135  -0.019729   -0.0110894 -0.000980014 -0.000146472   -0.0168527 -0.000105788  -0.00164407  -0.0272988   0.0113983 -0.00162186 1 0 0
             71.7994 8.03542 5.01012 -5.9945 -0.0478507 -0.0205985 -0.0235665 0.000582234  0.00796304   -0.013208   -0.0168674 -0.000105059   -0.0016444  -0.0273881   0.0113836 -0.00148594 1 0 0
             71.8997  8.03269  5.02688 -5.90347 -0.0476753 -0.0224337 -0.0210164 -0.00553158 -0.00362844  0.00233719   -0.0168889 -9.59908e-05   -0.0016515  -0.0273949    0.011459 -0.00163581 1 0 0
             71.9997  8.12254  5.02374 -5.96527 -0.0473865 -0.0191839 -0.0141364 -0.00760371   0.0120599   0.0311914   -0.0169252 -9.41654e-05  -0.00165992  -0.0274111    0.011301 -0.00183769 1 0 0
                72.1  8.05329  4.96779 -6.05944 -0.0468467 -0.0219672 -0.0190846 -0.00157222 -0.00064006 -0.00256009   -0.0169354 -0.000101724  -0.00165039   -0.027493   0.0114649 -0.00159611 1 0 0
             72.1996  8.10964  5.01615 -5.97334 -0.0471238  -0.017963 -0.0148204 -0.00285688   0.0173691   0.0120099   -0.0169655 -9.44377e-05  -0.00165713  -0.0274645   0.0113063 -0.00172546 1 0 0
             72.3001 8.12285 5.14414 -5.8684 -0.0509676 -0.0183944 -0.0167066 -0.0240672  0.0111678 0.00286913    -0.016979 -0.000109835  -0.00166902  -0.0273642   0.0114133 -0.00162229 1 0 0
                72.4  8.14402  5.09098 -5.94194 -0.0488115 -0.0157217 -0.0163452 -0.0116503  0.0206358 0.00582623   -0.0170071 -9.18125e-05  -0.00167343  -0.0275427   0.0113274 -0.00162087 1 0 0
             72.4996    8.117  4.86392 -6.00286 -0.0478885 -0.0183403 -0.0186589 -0.00112118  0.00280462 -0.00712979   -0.0170268 -8.84303e-05  -0.00166888  -0.0276397   0.0114932 -0.00155813 1 0 0
             72.5997  8.21695  4.95168 -5.89672 -0.0468623 -0.0195471 -0.0137571 -0.000987998  -0.00326557    0.0133192   -0.0170598 -8.21606e-05  -0.00167102  -0.0276703   0.0115131 -0.00176615 1 0 0
             72.6992  8.13129  4.98764 -5.90463 -0.0461932 -0.0214151  -0.019824 -0.00429492 -0.00429133  -0.0116931  -0.0170652 -9.0801e-05 -0.00166903  -0.0277417   0.0115914 -0.00151675 1 0 0
             72.7997  8.17486  4.86226 -5.93522 -0.0507336 -0.0180222 -0.0143158 -0.0235935   0.009406  0.0131747   -0.0170979 -9.28025e-05    -0.001677  -0.0275733   0.0114525 -0.00171199 1 0 0
                72.9  8.12362  4.91778 -5.88372 -0.0488561 -0.0207406 -0.0220361  -0.00394785 -0.000299056   -0.0222366  -0.0170935  -9.784e-05 -0.00167478  -0.0277476     0.01159 -0.00144875 1 0 0
                  73  8.21603  4.80119 -5.83765 -0.0495685 -0.0221492 -0.0191747   -0.013898 -0.00550176 0.000338694   -0.0171344 -9.66456e-05  -0.00167663  -0.0277392   0.0116205 -0.00162048 1 0 0
             73.1001  8.12572  4.68178 -5.93296 -0.0470153 -0.0204017 -0.0198705 -0.00300792  0.00706408 -0.00321973   -0.0171421 -9.04604e-05   -0.0016802  -0.0278938   0.0115187 -0.00158713 1 0 0
                73.2  8.14891  4.57849 -6.02008 -0.0509859 -0.0197526 -0.0162237 -0.0189511 0.00764721  0.0149818   -0.0171734 -9.56659e-05  -0.00167804  -0.0277514   0.0115287 -0.00171247 1 0 0
             73.3008  8.16303  4.52679 -5.99468 -0.0522022 -0.0175121  -0.014949 -0.0179362  0.0156426  0.0124721   -0.0171931 -9.69472e-05  -0.00168499   -0.027776   0.0114755 -0.00170367 1 0 0
                73.4  8.24976   4.4361 -5.97503 -0.0533626 -0.0176439 -0.0128359 -0.0201374  0.0126283   0.017575   -0.0172258 -9.75268e-05  -0.00168879  -0.0278101   0.0115318 -0.00174292 1 0 0
                73.5 8.25253 4.26327 -6.0671 -0.0495508  -0.017447 -0.0102263 0.000921341  0.00766296   0.0172964   -0.0172534 -8.23104e-05  -0.00168895 -0.0280293  0.0115279 -0.0017932 1 0 0
             73.5996  8.26245    4.379 -6.05577  -0.047288 -0.0185777 -0.0098275 0.00825079 0.00352412  0.0159066   -0.0172767 -9.03149e-05  -0.00169106 -0.0281168  0.0115874 -0.0017603 1 0 0
             73.6999  8.26737  4.28994 -5.97655 -0.0489051  -0.014286 -0.0073285 -0.00815303   0.0220381   0.0154295   -0.0173106 -8.64698e-05   -0.0017065   -0.028035   0.0114615 -0.00176703 1 0 0
             73.7998   8.2241  4.33446 -6.02119 -0.0501959 -0.0201494 -0.0145473 -0.0114082 -0.0106954 -0.0176348   -0.0173182 -8.16906e-05  -0.00169961  -0.0280681   0.0117727 -0.00151907 1 0 0
             73.8999  8.28664  4.45144 -5.93858 -0.0507131 -0.0177728  -0.013996   -0.012683  0.00518904 -0.00796854   -0.0173547 -8.71437e-05  -0.00169978  -0.0280813   0.0116406 -0.00157477 1 0 0
             73.9998  8.18795  4.53357 -5.90899 -0.0500409 -0.0196161 -0.0207199  -0.00827952 -0.000768867   -0.0310406   -0.0173548 -9.83359e-05  -0.00170899  -0.0281837   0.0117342 -0.00139126 1 0 0
             74.0998   8.1912  4.48137 -5.96642  -0.048645  -0.018838 -0.0181914 -0.000542287    0.0031831  -0.00928021   -0.0173863 -8.01196e-05  -0.00170265  -0.0282516   0.0116717 -0.00158135 1 0 0
             74.1998   8.1347  4.67539 -5.92747 -0.0493999 -0.0202181 -0.0193354 -0.00696387 -0.00162955  -0.0112319   -0.0173889 -8.92362e-05  -0.00170581  -0.0282368   0.0117354 -0.00159058 1 0 0
             74.2997  8.21401  4.57426 -5.91452   -0.04689 -0.0203168 -0.0112779  0.000912059 -0.000377529      0.02949  -0.0174344 -7.2896e-05 -0.00171131  -0.0283404   0.0116846 -0.00189963 1 0 0
             74.3997  8.16454  4.66758 -5.95725 -0.0455131  -0.020052 -0.0168127  0.00212951  0.00408289 -0.00523115   -0.0174421 -7.93994e-05   -0.0017004  -0.0284205   0.0116928 -0.00160861 1 0 0
             74.4998   8.1593  4.65673 -5.91783 -0.0468101 -0.0183477 -0.0175915 -0.00755944   0.0131309 -0.00536355   -0.017469 -7.3544e-05 -0.00170962   -0.028374   0.0116563 -0.00158636 1 0 0
             74.5998   8.1202  4.69981 -5.90307 -0.0492426 -0.0187631 -0.0190686 -0.0170586 0.00582541 -0.0103033   -0.0174877 -8.78691e-05  -0.00171308  -0.0283257   0.0117272 -0.00156489 1 0 0
             74.6992   8.1085  4.78684 -5.91068 -0.0523319 -0.0205258 -0.0233287  -0.0272442 0.000581923  -0.0220942   -0.0175056 -8.40001e-05  -0.00170998     -0.0283   0.0118297 -0.00146957 1 0 0
             74.7998  8.09518  4.72867 -5.88872 -0.0516263 -0.0204977 -0.0193971 -0.0157897 0.00194582 0.00412507   -0.0175327 -8.28382e-05  -0.00171698  -0.0284128   0.0117946 -0.00168336 1 0 0
             74.8998 8.17002 4.75377  -5.896 -0.0520816 -0.0199473 -0.0151238 -0.0134201 0.00458305  0.0185257  -0.0175626   -7.78e-05 -0.00171552  -0.0284459   0.0117585 -0.00181998 1 0 0
             74.9996  8.13639  4.86709 -5.88206 -0.0498242 -0.0181632 -0.0164804 -0.000867072    0.0130248   0.00524357   -0.0175807 -8.80832e-05   -0.0017124  -0.0285867   0.0117039 -0.00170579 1 0 0
              75.099  8.10829  4.74274 -5.82498 -0.0500444 -0.0177238 -0.0183823   -0.0045855    0.0133966 -0.000739057   -0.0175959 -8.78079e-05  -0.00172196   -0.028604   0.0117495 -0.00162019 1 0 0
             75.1989  8.16895  4.69855 -5.82246 -0.0455796 -0.0201402 -0.0153888   0.0116319 -0.00396465  0.00891713   -0.0176321 -7.24348e-05  -0.00172505   -0.028788   0.0118365 -0.00176767 1 0 0
             75.2989  8.17507  4.81643 -5.86279 -0.0484274 -0.0179774 -0.0182108 -0.00757159   0.0122496 -0.00331465  -0.0176431 -8.7447e-05 -0.00172102  -0.0286615   0.0117888 -0.00162204 1 0 0
             75.3998  8.17505  4.66819 -5.85281 -0.0480362  -0.016785 -0.0172681 -0.00598097   0.0114158  0.00112336  -0.0176683 -7.3783e-05 -0.00172664 -0.0287054  0.0117764 -0.0016613 1 0 0
             75.4996   8.2029  4.75234 -5.79812 -0.0476402 -0.0172279 -0.0181014 -0.00444147  0.00698212   9.745e-05   -0.0176861 -8.12018e-05  -0.00173165  -0.0287481   0.0118221 -0.00164216 1 0 0
             75.5998  8.21939  4.52709 -5.79859 -0.0487308 -0.0153787 -0.0163748 -0.0119608  0.0119084 0.00625477   -0.0177158 -7.83642e-05   -0.0017347  -0.0287299   0.0117842 -0.00168621 1 0 0
             75.6996   8.2269  4.48617 -5.82091 -0.0484817  -0.017674 -0.0145572  -0.0100072 -0.00206568   0.0133217   -0.0177303 -7.35446e-05  -0.00174025  -0.0287962   0.0118908 -0.00175773 1 0 0
             75.7989  8.24278  4.44445 -5.84748 -0.0487683 -0.0186155  -0.011676  -0.0105447 -0.00379365   0.0194948    -0.017759 -8.27229e-05  -0.00173997  -0.0288251    0.011908 -0.00181532 1 0 0
             75.9006  8.20289   4.3789 -5.91201 -0.0504749 -0.0200369 -0.0176885  -0.0169084 -0.00471385  -0.0134846   -0.0177635 -7.82949e-05  -0.00174144    -0.02884   0.0119743 -0.00155007 1 0 0
             75.9997  8.25183   4.1903 -5.98723 -0.0524139 -0.0188863 -0.0130047  -0.021895 0.00358749  0.0120245   -0.0178011 -6.61464e-05  -0.00173855  -0.0288207   0.0119018 -0.00173243 1 0 0
             76.0996  8.20826  4.20588 -6.00898 -0.0500294 -0.0198052 -0.0185908 -0.00250624 0.000784257  -0.0180341   -0.0178106 -7.67187e-05  -0.00174026  -0.0290005   0.0119436 -0.00152688 1 0 0
             76.1997  8.34268  4.21685 -5.95498 -0.0492681 -0.0200913 -0.0177722 -0.00300862  0.00289587 -0.00514744   -0.0178427 -8.18019e-05   -0.0017429  -0.0290381   0.0119453 -0.00161795 1 0 0
             76.2996  8.26674  4.20738 -5.99184 -0.0469277 -0.0192134 -0.0183221  0.00250963  0.00703561 -0.00742948   -0.0178556 -8.01945e-05  -0.00173881  -0.0291489   0.0119097 -0.00161786 1 0 0
             76.3996  8.21635   4.2438 -6.01258 -0.0502188 -0.0183161 -0.0157536 -0.0144992 0.00733836 0.00590636   -0.0178759 -8.03366e-05  -0.00174225  -0.0290178   0.0119056 -0.00172589 1 0 0
             76.5006  8.17238  4.34957 -5.94607 -0.0519057 -0.0172717 -0.0131877  -0.018828 0.00923242  0.0144194   -0.0179019 -8.23667e-05  -0.00174768 -0.0290079  0.0118891 -0.0017917 1 0 0
             76.5996  8.17404  4.37569 -5.95978 -0.0517421 -0.0170479  -0.013383  -0.014502 0.00965076 0.00869941   -0.0179265 -7.94312e-05  -0.00175356  -0.0291004    0.011909 -0.00174182 1 0 0
             76.6996  8.11284  4.52248 -6.02115 -0.0535911 -0.0196146 -0.0186083  -0.0169902 -0.00289147  -0.0171986   -0.0179437 -8.90221e-05  -0.00174651  -0.0291118   0.0120532 -0.00155866 1 0 0
             76.7989  8.09723  4.53074 -5.98324 -0.0478795 -0.0201299 -0.0213572  0.0121677 0.00141729 -0.0194035  -0.0179641 -7.8886e-05 -0.00174564  -0.0293901   0.0120317 -0.00152788 1 0 0
             76.9004  8.06213  4.61986 -5.97154 -0.0487122 -0.0192236 -0.0202825 -0.00152618   0.0042098 -0.00876089   -0.0179832 -8.42763e-05  -0.00174566  -0.0293142   0.0119994 -0.00162436 1 0 0
             76.9995  8.10753  4.61744 -6.01553 -0.0449116 -0.0175224  -0.013728  0.0121422 0.00899491  0.0243249  -0.0180167 -7.0194e-05  -0.0017566   -0.029443   0.0119041 -0.00187545 1 0 0
             77.1004  8.05621  4.74109 -6.07994   -0.04929 -0.0170059 -0.0191587  -0.0133737   0.0112222 -0.00878752   -0.0180269 -8.54239e-05   -0.0017542  -0.0292702   0.0119781 -0.00159921 1 0 0
             77.1996   8.1295  4.66236 -6.03066 -0.0498114 -0.0164075 -0.0141124 -0.00960218  0.00909097   0.0145803   -0.0180615 -6.84504e-05  -0.00176484  -0.0292849   0.0119726 -0.00180646 1 0 0
             77.2996  8.10067  4.99212 -5.97319 -0.0520118 -0.0170722 -0.0169909  -0.0210586  0.00456253 -0.00637621   -0.0180738 -8.68038e-05  -0.00176663  -0.0292638   0.0120424 -0.00167094 1 0 0
             77.3997  8.24591  4.96378 -5.98633 -0.0474902 -0.0158103  -0.017857 0.000212883   0.0112248  -0.0014027   -0.0181012 -7.64881e-05  -0.00177106  -0.0295241   0.0119715 -0.00165859 1 0 0
             77.4995  8.16946   4.7271 -6.13779 -0.0481334 -0.0202173 -0.0193755  -0.0030896  -0.0111397 -0.00363619   -0.0181266 -7.19217e-05  -0.00176471  -0.0295247   0.0121845 -0.00163828 1 0 0
             77.5994  8.23582   4.7007 -6.14057 -0.0497621 -0.0201784 -0.0158957  -0.0109702 -0.00566466   0.0104471    -0.018154 -5.85169e-05  -0.00176622  -0.0294663   0.0121309 -0.00176827 1 0 0
             77.7003  8.21826  4.60172 -6.06736 -0.0470605 -0.0206667 -0.0153814   0.00172107 -0.000522075    0.0107321  -0.0181702 -6.9653e-05 -0.00176766  -0.0296107   0.0121174 -0.00174415 1 0 0
             77.8005  8.29599  4.46266 -6.15351 -0.0485431  -0.019429 -0.0148812 -0.0133263 0.00330721 0.00504919  -0.0181963 -5.5976e-05   -0.001778  -0.0295694   0.0120627 -0.00171812 1 0 0
             77.9004  8.19331  4.42451 -6.30912 -0.0494971 -0.0182113 -0.0193822 -0.00915572    0.011926  -0.0135955   -0.0182032 -6.77797e-05  -0.00177477 -0.0295956   0.012057 -0.0015365 1 0 0
             77.9996  8.27443  4.44043 -6.20611 -0.0528369 -0.0187123 -0.0184503  -0.0214564  0.00392164 -0.00429727   -0.0182284 -6.44364e-05  -0.00177122 -0.0295044  0.0121181 -0.0016238 1 0 0
             78.1003  8.22745  4.42139 -6.19644 -0.0514176 -0.0194218 -0.0193884  -0.0146865  0.00458882 -0.00584265   -0.0182395 -6.81521e-05  -0.00177851  -0.0296577   0.0121437 -0.00161834 1 0 0
             78.2004   8.269 4.43218 -6.3139 -0.0522802 -0.0213038 -0.0152483  -0.0166924 -0.00661476    0.014759   -0.0182752 -7.06046e-05  -0.00178091  -0.0296822   0.0121968 -0.00180087 1 0 0
             78.3003  8.25663  4.28366 -6.30173 -0.0498739 -0.0195758 -0.0137535 0.00119554   0.009486  0.0156158    -0.018292 -6.57113e-05  -0.00178432  -0.0298262   0.0121003 -0.00178572 1 0 0
             78.4003  8.31361  4.27223 -6.25602 -0.0477825 -0.0176531 -0.0107319 0.00524143  0.0112198    0.01514   -0.0183263 -5.19243e-05  -0.00178667  -0.0298983   0.0120397 -0.00184223 1 0 0
             78.4996  8.34199  4.51436 -6.24832  -0.0486709  -0.0183666 -0.00834234 -0.00781112  0.00675169   0.0230322   -0.0183475 -6.06621e-05  -0.00178648  -0.0298653   0.0121081 -0.00188405 1 0 0
             78.5993  8.20869   4.5077 -6.28653 -0.0495557 -0.0201909 -0.0132043 -0.00911096 -0.00299235 -0.00505445   -0.0183607 -7.18821e-05  -0.00178169  -0.0298921   0.0122261 -0.00164907 1 0 0
             78.7002  8.24376  4.61709 -6.21969 -0.0530127 -0.0187967 -0.0165688 -0.0213191 0.00651263 -0.0187644   -0.0183854 -6.89006e-05  -0.00179438  -0.0298077   0.0121867 -0.00154198 1 0 0
             78.8003  8.16875  4.79772 -6.14724 -0.0526236 -0.0212293 -0.0215235  -0.0131668 -0.00236892  -0.0286843   -0.0183895 -7.74594e-05  -0.00179237  -0.0299201   0.0122995 -0.00145814 1 0 0
             78.9002  8.20837   4.7288 -6.11919 -0.0482476 -0.0189766 -0.0208163 0.00569786 0.00859981 -0.0140147   -0.0184214 -6.01256e-05  -0.00179431  -0.0301247    0.012164 -0.00157139 1 0 0
             78.9996  8.15975   4.8453 -6.12724 -0.0483402 -0.0200128 -0.0196283 0.000126095  0.00257554 -0.00158112    -0.018435 -7.62788e-05   -0.0017984  -0.0301017    0.012227 -0.00167434 1 0 0
             79.1002  8.19669   4.7655 -6.15739 -0.0493428 -0.0185678  -0.017944 -0.00549888  0.00804544  0.00462607   -0.0184644 -5.59218e-05  -0.00179618  -0.0300617   0.0121836 -0.00173055 1 0 0
             79.2002  8.16484  4.87817 -6.10941 -0.0491095 -0.0190872 -0.0170103 -0.00696277   0.0057487  0.00618591   -0.0184752 -6.33071e-05  -0.00180008  -0.0301021   0.0122256 -0.00175985 1 0 0
             79.3003  8.20801  4.85018 -6.06779 -0.0476693 -0.0199564 -0.0107019  -0.00131591 -0.000722706    0.0314937   -0.0185101 -5.68582e-05  -0.00180709  -0.0301736   0.0122436 -0.00196729 1 0 0
             79.4003  8.16109   4.8424 -6.05684 -0.0454862 -0.0203786 -0.0157387  0.00535522  0.00353515 -0.00155659   -0.0185168 -5.86401e-05  -0.00180309  -0.030294  0.0122759 -0.0016894 1 0 0
             79.4996  8.20854  4.81371 -6.02654 -0.0468015 -0.0197248  -0.019652 -0.00587771  0.00749385  -0.0174453   -0.0185462 -5.29049e-05  -0.00180222  -0.0302478   0.0122834 -0.00155311 1 0 0
             79.5993  8.19131   4.8291 -5.98246 -0.0490007 -0.0215823 -0.0211459  -0.0173326 -0.00136841  -0.0135948   -0.0185614 -6.08775e-05  -0.00180494  -0.0302046   0.0123855 -0.00157209 1 0 0
             79.6987 8.16615 4.81626 -6.0245 -0.0521833 -0.0211312 -0.0260089 -0.0253345 0.00183224 -0.0299993   -0.0185839 -6.76205e-05  -0.00180136  -0.0301659   0.0123818 -0.00144619 1 0 0
             79.8001   8.1495  4.83892 -6.04278 -0.0523219 -0.0204552 -0.0205856 -0.0171116 0.00517159 0.00428766   -0.0186045 -5.64553e-05  -0.00180422    -0.03023   0.0123241 -0.00174733 1 0 0
             79.9003   8.1642  4.83153 -5.99187 -0.0524991 -0.0211673 -0.0215194 -0.0122157  0.0031472 0.00242683   -0.0186242 -6.27402e-05  -0.00180508  -0.0302974   0.0123684 -0.00170521 1 0 0
             79.9992  8.24412  4.79505 -5.93992 -0.0515695 -0.0188064 -0.0197522 -0.00782492   0.0136816  0.00866429    -0.018654 -7.14046e-05  -0.00180967 -0.0303748  0.0122734 -0.0017437 1 0 0
             80.0988  8.23608  4.66129 -6.00245 -0.0508265 -0.0202471 -0.0197678 -0.00514975  0.00276756  0.00547721   -0.0186744 -7.00199e-05   -0.0018143  -0.0304525   0.0123666 -0.00173608 1 0 0
             80.1984   8.2874  4.46702 -6.03042 -0.0491948 -0.0192927 -0.0158813 0.00112679 0.00663026   0.020564   -0.0187034 -5.29309e-05  -0.00182018  -0.0305286   0.0123197 -0.00184907 1 0 0
             80.2985 8.25789 4.44088 -6.0473 -0.0492151 -0.0160362 -0.0154482 -0.00129807   0.0193719   0.0131242   -0.0187146 -6.20403e-05  -0.00181994  -0.0305251   0.0122348 -0.00177603 1 0 0
             80.4001  8.33908  4.32109 -6.10556 -0.0467264 -0.0179733 -0.0155453 0.00475736 0.00384051 0.00848188  -0.0187464 -5.2526e-05 -0.00182263  -0.0306426   0.0123541 -0.00175864 1 0 0
             80.5002  8.32133  4.22011 -6.17785 -0.0473869 -0.0225233 -0.0163492 -0.00288977  -0.0149924  0.00200654   -0.0187671 -5.59398e-05    -0.001823  -0.0306291   0.0125334 -0.00173634 1 0 0
             80.5994  8.36192  4.18756 -6.14066 -0.0500708 -0.0208774 -0.0140713  -0.0151246 -0.00279341  0.00864916   -0.0187885 -4.26305e-05  -0.00183231   -0.030535   0.0124261 -0.00178516 1 0 0
             80.6992  8.36925  4.24316 -6.08451 -0.0501724 -0.0198348 -0.0147755 -0.0150902 0.00962058  0.0037102  -0.0188061 -5.5662e-05  -0.0018285  -0.0305985   0.0123836 -0.00171888 1 0 0
             80.8001  8.34214  4.28552 -6.13478 -0.0496629 -0.0180501 -0.0166189   -0.011093    0.010628 -0.00876137   -0.0188282 -5.54095e-05  -0.00184051  -0.0306913   0.0123358 -0.00164708 1 0 0
             80.9001 8.20219 4.38864 -6.1652 -0.0520403 -0.0192435 -0.0220266 -0.0145096 0.00585243 -0.0238796   -0.0188213 -6.84122e-05  -0.00183182  -0.0306607   0.0124556 -0.00149507 1 0 0
                  81  8.27007   4.3818 -6.08501 -0.0525655 -0.0195466 -0.0167404  -0.0169126 0.000677738  0.00441419   -0.0188556 -5.37153e-05  -0.00183376  -0.0306877   0.0124508 -0.00177486 1 0 0
                81.1   8.1623  4.54835 -6.08924 -0.0501799 -0.0221819 -0.0209078 -0.00226164 -0.00579341  -0.0108686   -0.0188597 -6.38461e-05  -0.00184206  -0.0308657   0.0125459 -0.00163678 1 0 0
                81.2   8.1897  4.53857 -6.11678 -0.0497816 -0.0228527 -0.0197274 -0.00189114 -0.00434979 -0.00146494   -0.0188911 -5.86121e-05  -0.00183592  -0.0308892   0.0125372 -0.00171629 1 0 0
             81.3001  8.22517  4.67743 -6.04255 -0.0471408   -0.02174 -0.0218203 0.00878537 0.00543512 -0.0104046   -0.0189111 -6.36853e-05  -0.00184013  -0.0309965   0.0124688 -0.00164238 1 0 0
             81.4001  8.25205  4.67521 -6.01559 -0.0482329 -0.0178723 -0.0160829 -0.00431675   0.0195393   0.0175692   -0.0189413 -6.57394e-05  -0.00183673  -0.0309063   0.0123396 -0.00184798 1 0 0
             81.5001  8.24028  4.68502 -5.97675  -0.049911 -0.0193502 -0.0160974 -0.0138332 0.00509367   0.011243  -0.0189542 -6.1412e-05 -0.00184893  -0.0308861   0.0124711 -0.00181142 1 0 0
                81.6  8.23563   4.7304 -5.97469 -0.0536127 -0.0186412 -0.0156467 -0.0259846 0.00853254  0.0107597   -0.0189767 -5.99962e-05  -0.00184805  -0.0308089   0.0124803 -0.00177742 1 0 0
             81.7001 8.25378 4.77011 -5.9973 -0.0520259 -0.0201616 -0.0192476   -0.0099693 -0.000201559   -0.0104939      -0.019 -6.1237e-05 -0.00184437  -0.0309873   0.0125545 -0.00164465 1 0 0
             81.7999  8.20505   4.7857 -5.98482 -0.0483681 -0.0214408 -0.0211436   0.00678905 -0.000854372   -0.0124575   -0.0190098 -5.64235e-05    -0.001843 -0.0311719  0.0125842 -0.0016274 1 0 0
                81.9  8.19243  4.84844 -5.97538 -0.0481356 -0.0228341 -0.0206631  0.00172893 -0.00576459 -0.00551329   -0.0190338 -6.91883e-05  -0.00184896  -0.0311597   0.0126261 -0.00169505 1 0 0
             81.9999  8.19511  4.86658 -5.96824 -0.0433304 -0.0206999 -0.0206985     0.018945   0.00971727 -0.000950853  -0.0190542 -6.1319e-05 -0.00184992  -0.0313297   0.0125031 -0.00169826 1 0 0
                82.1  8.16157  4.82802 -6.00567 -0.0470122  -0.021929 -0.0233408 -0.00755141 0.000638973   -0.011025   -0.0190698 -6.63614e-05  -0.00184579  -0.0311471   0.0126222 -0.00161838 1 0 0
             82.1999 8.28501 4.72754 -5.9535 -0.0480284 -0.0204419 -0.0168765 -0.0118105 0.00720783  0.0230252   -0.0191064 -5.61457e-05  -0.00185458  -0.0311167   0.0125461 -0.00186618 1 0 0
             82.2999  8.22154  4.61594 -5.92855 -0.0495975 -0.0211488 -0.0179043 -0.0183242 0.00200575 0.00850103   -0.0191185 -6.54407e-05  -0.00186317  -0.0311268   0.0126111 -0.00175792 1 0 0
             82.3999  8.29627  4.51216 -6.05621  -0.049116 -0.0180359 -0.0203318  -0.0106815   0.0175203 -0.00498812   -0.0191425 -5.54426e-05   -0.0018641  -0.0312257   0.0124998 -0.00162925 1 0 0
             82.4999  8.22371  4.47796 -6.07413 -0.0490227 -0.0193865 -0.0202765 -0.00613971  0.00730175 -0.00206878   -0.0191571 -6.53338e-05  -0.00186232  -0.0312733   0.0126128 -0.00167301 1 0 0
             82.5989  8.27639  4.34481 -6.08816 -0.0491134 -0.0182302 -0.0137699 -0.00831246  0.00737713   0.0230311   -0.0191882 -5.06304e-05  -0.00186723   -0.031282   0.0125633 -0.00191466 1 0 0
                82.7  8.32051  4.35209 -6.11428 -0.0514832 -0.0187849 -0.0140589 -0.0198199 0.00718607  0.0164143   -0.0192105 -5.43728e-05  -0.00186937  -0.0312485   0.0126324 -0.00182259 1 0 0
             82.7998  8.30712  4.25087 -6.18256 -0.0539625  -0.019525 -0.0154868 -0.0251557 0.00125583 0.00168224   -0.0192371 -5.32247e-05  -0.00186541  -0.0312526   0.0126937 -0.00172901 1 0 0
             82.8998  8.32942  4.25182 -6.14844 -0.0483801 -0.0199691 -0.0194348 0.00932797 0.00411865 -0.0168883   -0.0192507 -4.97479e-05  -0.00187168  -0.0315673   0.0126876 -0.00160233 1 0 0
             82.9999  8.31994  4.32703 -6.06985 -0.0472931 -0.0217985 -0.0166604  0.00430611 -0.00429324  0.00227697   -0.0192771 -5.16838e-05  -0.00187104  -0.0315762   0.0127524 -0.00177497 1 0 0
             83.0999  8.26265  4.41984 -6.10385 -0.0471191 -0.0192054 -0.0193158 -0.000909105    0.0113502   -0.0100412   -0.0192841 -5.80977e-05  -0.00187202  -0.0315785   0.0126513 -0.00164856 1 0 0
             83.1998  8.23196  4.41956 -6.18152 -0.0507371 -0.0216426 -0.0162039  -0.0166473 -0.00516545  0.00560685   -0.0193115 -5.32036e-05  -0.00187484  -0.0314492   0.0127833 -0.00181902 1 0 0
             83.2999  8.26987   4.6844 -6.08337 -0.0514879 -0.0179804  -0.015983 -0.0134553  0.0163335  0.0046652   -0.0193266 -5.60914e-05  -0.00187751  -0.0314729   0.0126264 -0.00177988 1 0 0
             83.3998  8.25825  4.71704 -6.01641 -0.0523608 -0.0177988 -0.0174594   -0.0179101    0.0123085 -0.000453484   -0.0193459 -6.06697e-05  -0.00187311  -0.0315145   0.0126891 -0.00171291 1 0 0
             83.4996  8.24736  4.74594 -6.05149 -0.0511838 -0.0171488 -0.0157279 -0.0100901  0.0101102 0.00512511   -0.0193655 -5.54754e-05  -0.00188284  -0.0316368   0.0126785 -0.00179027 1 0 0
             83.5998  8.20671  4.81038 -6.06485  -0.047119  -0.019651 -0.0167226    0.0130168 -0.000670361   0.00264579   -0.0193811 -6.30854e-05  -0.00187369  -0.0318312    0.012786 -0.00175901 1 0 0
             83.6998  8.19582  4.80717 -6.02102 -0.0467513 -0.0197361 -0.0148101  0.00112637 -0.00405793  0.00691307   -0.0194071 -4.24035e-05  -0.00188819  -0.0318085   0.0127755 -0.00182417 1 0 0
             83.7999  8.12841  4.89183 -6.14413 -0.0478787 -0.0195764 -0.0177315 -0.00850349  0.00720965 -0.00266873   -0.0194144 -6.41081e-05  -0.00187968  -0.0317886   0.0127877 -0.00168328 1 0 0
             83.8998 8.14348 4.66314 -6.1771 -0.0464509 -0.0208208 -0.0169399   0.00462586  -0.00467018 -0.000561506   -0.0194519 -4.72854e-05  -0.00187587  -0.0318685   0.0128347 -0.00173704 1 0 0
             83.9998  8.18424  4.91391 -5.96458 -0.0493154 -0.0236663  -0.018703  -0.0148129  -0.0095179 -0.00615572   -0.0194573 -6.07547e-05  -0.00188761  -0.0317605   0.0129481 -0.00169628 1 0 0
             84.0997  8.17645  4.77166 -5.94705 -0.0473577  -0.016585 -0.0169195 -0.0064367  0.0251029 0.00347658   -0.0194908 -5.07169e-05  -0.00189736 -0.0318796  0.0126255 -0.0017222 1 0 0
             84.1997  8.18433  4.75501 -6.08636 -0.0500064 -0.0176084 -0.0217747 -0.0135729  0.0116058 -0.0162397   -0.0195016 -6.16162e-05  -0.00188945 -0.0318324  0.0127805 -0.0015599 1 0 0
             84.2997 8.23082 4.57929 -6.0326 -0.0513504 -0.0180922 -0.0180621 -0.0165409 0.00546069 0.00652517    -0.019531 -3.78978e-05  -0.00189408   -0.031824   0.0128258 -0.00175811 1 0 0
             84.3999  8.25475  4.58389 -6.02314 -0.0515509 -0.0201832 -0.0187343  -0.0172172 -0.00213365  0.00123982   -0.0195385 -5.76246e-05  -0.00189397 -0.0319034  0.0129189 -0.0017371 1 0 0
             84.4997 8.31119 4.44181 -6.1304   -0.04962 -0.0237364 -0.0162041 -0.00404023  -0.0165456    0.011695   -0.0195731 -5.12831e-05  -0.00189332  -0.0320474   0.0130067 -0.00185188 1 0 0
             84.5988  8.27132  4.41882 -6.11322 -0.0458965 -0.0219512 -0.0181245   0.0136686 0.000835649 -0.00113569   -0.0195772 -4.99322e-05  -0.00189323  -0.0322032    0.012873 -0.00172415 1 0 0
             84.6998  8.31274  4.35793 -6.06706 -0.0454243 -0.0202493 -0.0207657 0.00376173  0.0106966 -0.0129754   -0.0195983 -5.00962e-05  -0.00189631  -0.0321854   0.0128291 -0.00161877 1 0 0
             84.7997  8.27848  4.38699 -6.15896 -0.0492988 -0.0192231 -0.0199545  -0.0227157   0.0127973 -0.00177608   -0.0196136 -4.95473e-05   -0.0019004  -0.0320412   0.0128433 -0.00169081 1 0 0
             84.8998  8.29154  4.28005 -6.25995 -0.0524433 -0.0187467 -0.0144559 -0.0262468 0.00939403  0.0222138   -0.0196409 -5.27182e-05  -0.00189342  -0.0319942   0.0128602 -0.00189592 1 0 0
             84.9988  8.28552  4.39346 -6.20872 -0.0515584  -0.018951 -0.0135158 -0.0139423 0.00423609  0.0100567   -0.0196652 -5.30714e-05  -0.00190524  -0.0321349    0.012882 -0.00187872 1 0 0
             85.0983   8.2729  4.64042 -6.18666 -0.0494365 -0.0187205 -0.0154551 -0.00177545  0.00676592   0.0011859   -0.0196829 -5.39956e-05  -0.00190688  -0.0322833    0.012883 -0.00177478 1 0 0
             85.1979  8.38707  4.60623 -6.14378 -0.0465422 -0.0190801 -0.0151237 0.00381242 0.00584167 0.00455265     -0.01971 -4.87945e-05  -0.00190496  -0.0324187   0.0129026 -0.00178547 1 0 0
             85.2981  8.26693  4.59539 -6.11839 -0.0482588 -0.0196287 -0.0177872 -0.00509951  0.00113517 -0.00645677   -0.0197174 -6.32714e-05  -0.00190659  -0.0323542   0.0129722 -0.00167696 1 0 0
             85.3996  8.35353  4.71487 -6.10286 -0.0483539 -0.0218845 -0.0173458 -0.00981212 -0.00966331 -0.00358093   -0.0197454 -5.50493e-05  -0.00190744  -0.0323837   0.0130415 -0.00174294 1 0 0
             85.4996  8.41181  4.66024 -6.09628 -0.0494313 -0.0201636  -0.018429  -0.0124482  0.00384352 -0.00301088   -0.0197576 -6.14671e-05  -0.00190918  -0.0323846   0.0129513 -0.00168942 1 0 0
             85.5994  8.37069  4.63446 -6.10336 -0.0493559 -0.0208101 -0.0196636  -0.0097658 0.000285644 -0.00783035   -0.0197781 -5.33105e-05  -0.00191477  -0.0324463   0.0129819 -0.00166362 1 0 0
             85.6988  8.44457  4.60361 -6.08214 -0.0497326 -0.0205025 -0.0179982 -0.0107008 0.00207694 0.00051191   -0.0197907 -5.43437e-05  -0.00192226  -0.0324691   0.0129575 -0.00175471 1 0 0
             85.7996 8.51022 4.63491 -6.1312 -0.0516203 -0.0212913 -0.0178132  -0.0157399 -0.00031933  0.00381459   -0.0198137 -6.32396e-05  -0.00191798  -0.0324465   0.0129966 -0.00176155 1 0 0
             85.8997  8.45575  4.66051 -6.10076 -0.0519184  -0.024624 -0.0207462  -0.0111123 -0.00906061   -0.008464    -0.019822 -6.04759e-05  -0.00192151   -0.032516   0.0131327 -0.00166882 1 0 0
             85.9997  8.51351  4.63242 -6.08591 -0.0504178 -0.0243767 -0.0171487 -0.00356137 -0.00464882  0.00605877   -0.0198552 -6.29813e-05  -0.00191522  -0.0326044   0.0130578 -0.00182783 1 0 0
             86.0997   8.4807  4.63063 -6.09543 -0.0469153 -0.0234481  -0.020783   0.0105656  0.00465275 -0.00863745   -0.0198635 -5.74042e-05  -0.00191992  -0.0327678   0.0130028 -0.00166626 1 0 0
             86.1997  8.56851  4.58008 -6.06295 -0.0504618 -0.0212998 -0.0192538 -0.0135621  0.0145363 0.00371601   -0.0198915 -5.46517e-05  -0.00191974  -0.0325944   0.0129607 -0.00172683 1 0 0
             86.2996  8.46693  4.49548 -6.03682 -0.0502217 -0.0232186 -0.0224231 -0.00948262  0.00111979  -0.0137046   -0.0198982 -5.22978e-05  -0.00192189 -0.0326819  0.0130874 -0.0016333 1 0 0
             86.3997  8.53188  4.54136 -6.06625 -0.0518671 -0.0208187  -0.021092  -0.0148106   0.0132641 -0.00375669   -0.0199256 -5.90859e-05  -0.00192087  -0.0326485   0.0129957 -0.00171215 1 0 0
             86.4997  8.51021  4.54867 -6.02544 -0.0514557 -0.0231534 -0.0213346 -0.00678928 -0.00481411  0.00218467   -0.0199403 -5.80756e-05  -0.00192214  -0.0327264   0.0131104 -0.00173887 1 0 0
             86.5997  8.47771  4.42748 -5.98092 -0.0523967 -0.0210941 -0.0182735 -0.0122849  0.0113256  0.0158132   -0.0199601 -6.18407e-05  -0.00192996  -0.0327133   0.0130205 -0.00181805 1 0 0
             86.6997  8.37851  4.34051 -6.02392 -0.0533947  -0.021997 -0.0162806  -0.0172169 -0.00107043   0.0139187   -0.0199813 -5.53674e-05    -0.001927  -0.0327378   0.0130808 -0.00185326 1 0 0
             86.7996  8.40887  4.37205 -6.17874 -0.0526855  -0.022392 -0.0189302  -0.0100605  0.00210214 -0.00131009   -0.0199988 -6.15156e-05  -0.00192173  -0.0328513   0.0130873 -0.00171535 1 0 0
             86.8996  8.34366  4.24453 -6.27858  -0.053345 -0.0251673 -0.0228904 -0.00962922 -0.00703458   -0.013865   -0.0200226 -6.15951e-05  -0.00191988  -0.0328883   0.0132164 -0.00159533 1 0 0
             86.9997  8.41056  4.24088 -6.29056 -0.0498331 -0.0217389 -0.0220196   0.0073344   0.0118341 -0.00878355   -0.0200484 -5.79917e-05  -0.00192903  -0.0330423   0.0130254 -0.00166054 1 0 0
             87.0996  8.46495  4.25283 -6.34275 -0.0495643 -0.0218835 -0.0208624  0.00401229  0.00695164 0.000934185   -0.0200798 -6.29244e-05  -0.00193141 -0.0330272  0.0130731 -0.0017462 1 0 0
             87.1997  8.53192   4.2009 -6.29197 -0.0508723 -0.0211438 -0.0167791 -0.00540514  0.00954537   0.0172841   -0.0201037 -6.09003e-05  -0.00193457 -0.0329548  0.0130689 -0.0018836 1 0 0
             87.2996  8.44685   4.3132 -6.28906 -0.0514749 -0.0227169 -0.0183133  -0.0115497  0.00038437 0.000944426   -0.0201127 -5.98732e-05  -0.00194037  -0.0329802   0.0131721 -0.00179385 1 0 0
             87.3997  8.50684  4.40532 -6.26506 -0.0524612 -0.0212435 -0.0186682 -0.0142524  0.0089353 0.00337747   -0.0201402 -6.16284e-05  -0.00194377  -0.0329931    0.013121 -0.00176441 1 0 0
             87.4995  8.43553  4.39543 -6.34307 -0.0515471 -0.0224131 -0.0205899 -0.00556191  0.00206854 -0.00620914   -0.0201519 -6.32021e-05  -0.00194179  -0.0330987   0.0131955 -0.00170661 1 0 0
             87.5985   8.5241  4.45846 -6.31467 -0.0510255 -0.0205586  -0.016092 -0.000581457   0.00850719    0.0140975   -0.0201829 -5.78041e-05  -0.00193538  -0.0331158   0.0131055 -0.00187924 1 0 0
             87.6997  8.45683  4.51029 -6.20956 -0.0490826 -0.0217256 -0.0174146 0.00283533 0.00441305   0.003197   -0.0201834 -5.16246e-05  -0.00194774  -0.0332174   0.0131844 -0.00180083 1 0 0
             87.7997  8.51316  4.48379 -6.14434  -0.051137 -0.0190454 -0.0148742 -0.0102529  0.0145105  0.0140518   -0.0202154 -4.84556e-05  -0.00195497 -0.0331266   0.013103 -0.0018534 1 0 0
             87.8997  8.48093  4.63163 -6.11761 -0.0496331 -0.0187454 -0.0187053 -0.00204067   0.0105896 -0.00766396  -0.0202261 -5.7745e-05 -0.00195403   -0.033245   0.0131422 -0.00167967 1 0 0
             87.9996  8.45526  4.62414 -6.11354 -0.0508269 -0.0198761  -0.018925 -0.00945981  0.00241174 -0.00319521   -0.0202463 -5.31216e-05  -0.00195299  -0.0332222   0.0132292 -0.00171183 1 0 0
             88.0997  8.41745  4.71501 -6.10704 -0.0495677 -0.0217146 -0.0225909 -0.00264658 -0.00348767  -0.0178477   -0.0202574 -5.84674e-05  -0.00195683  -0.033327  0.0133048 -0.0016151 1 0 0
             88.1996  8.49402  4.70891 -6.08938 -0.0521326 -0.0235588 -0.0186494  -0.0147039 -0.00943075  0.00812231   -0.0202894 -5.51487e-05  -0.00195909  -0.0332307   0.0133556 -0.00182413 1 0 0
             88.2997  8.52123  4.71096 -6.04406  -0.049935 -0.0219166 -0.0174733 -0.00251921  0.00395989  0.00864929   -0.0203067 -5.15879e-05  -0.00196057    -0.03337   0.0132365 -0.00182788 1 0 0
             88.3996  8.52485  4.80017 -6.01775 -0.0499733 -0.0207845 -0.0183034 -0.00426011  0.00908659  0.00350693   -0.0203218 -6.14506e-05  -0.00195997 -0.0333878  0.0132133 -0.0017556 1 0 0
             88.4991  8.52374  4.73303 -5.98402  -0.048009 -0.0169475 -0.0160316 0.00224967  0.0235168 0.00979194    -0.020347 -5.52228e-05  -0.00196651  -0.0334756   0.0130824 -0.00180807 1 0 0
             88.6004  8.50188  4.66613 -6.02162 -0.0475167 -0.0210102 -0.0170339 0.000697075 -0.00321154  0.00494458   -0.0203629 -5.45785e-05  -0.00196114  -0.0335158   0.0133238 -0.00178191 1 0 0
             88.6996   8.5793  4.64833 -5.96638 -0.0485293 -0.0226526 -0.0190531 -0.00801021 -0.00642588 -0.00609824  -0.0203919 -4.9847e-05 -0.00197074  -0.0334959   0.0133865 -0.00170494 1 0 0
             88.7998  8.47822  4.66365 -6.01191 -0.0522388 -0.0227516 -0.0264214   -0.0210623 -0.000620888   -0.0328406  -0.0203891 -6.1308e-05 -0.00196084   -0.033412   0.0134131 -0.00145119 1 0 0
             88.8996  8.59576  4.59628 -5.97573 -0.0513124 -0.0195734 -0.0229087  -0.0103603    0.013345 -0.00565069   -0.0204272 -5.14964e-05  -0.00196991  -0.0335005   0.0132429 -0.00167231 1 0 0
             89.0002  8.58567  4.57572 -5.94082   -0.04975  -0.021425 -0.0206795 -0.00251299  0.00116649  0.00906001    -0.020437 -6.22443e-05  -0.00197172  -0.0336012   0.0133364 -0.00179651 1 0 0
             89.0996  8.57468  4.34682 -5.97515 -0.0498132 -0.0192933 -0.0180787 -0.00619788   0.0101812   0.0135759   -0.0204646 -5.25843e-05  -0.00197508  -0.0336117   0.0132559 -0.00184751 1 0 0
             89.2003  8.51351  4.34521 -6.05958  -0.051133  -0.020991 -0.0212239  -0.0108896  0.00160717 -0.00359446    -0.020469 -5.82297e-05  -0.00197208  -0.0336122   0.0133762 -0.00170503 1 0 0
             89.2997  8.64736  4.20923 -6.09513 -0.0537199 -0.0219721 -0.0139937 -0.0204874 -0.0028173  0.0285829   -0.0205155 -4.35756e-05  -0.00197228  -0.0335432   0.0133939 -0.00197938 1 0 0
             89.3996  8.56258  4.21246 -6.05885 -0.0545832 -0.0209196 -0.0171184  -0.018522  0.0057854 0.00181318   -0.0205128 -5.16766e-05   -0.0019785 -0.0336084  0.0133619 -0.0017607 1 0 0
             89.4991  8.65169  4.17413 -6.08153 -0.0527429  -0.019548 -0.0170138 -0.00674459   0.0108509  0.00153885   -0.0205481 -4.44062e-05  -0.00198485  -0.0337572   0.0133085 -0.00175596 1 0 0
             89.6002  8.53135  4.31248 -6.20111 -0.0509569 -0.0175534 -0.0214744 0.000937561   0.0170056  -0.0173306   -0.0205564 -5.32695e-05  -0.00197824  -0.0338667   0.0132819 -0.00158825 1 0 0
             89.7003  8.42102  4.33654 -6.24214 -0.0510745 -0.0210772 -0.0214826 -0.00310088 -0.00175223  -0.0104607   -0.0205721 -5.26685e-05  -0.00197743  -0.0338764   0.0134791 -0.00169402 1 0 0
             89.8002  8.43648  4.46597 -6.23871 -0.0505454 -0.0189866 -0.0159933 0.000855656  0.00520576   0.0136502   -0.0205948 -5.04434e-05  -0.00198335  -0.0338813   0.0133589 -0.00192112 1 0 0
             89.8997  8.63248  4.60999 -6.11031 -0.0485436 -0.0195944 -0.0149752 0.00348053 0.00373505  0.0123576   -0.0206191 -4.36785e-05  -0.00198454  -0.0339669   0.0133882 -0.00192113 1 0 0
             90.0002  8.72349  4.61044 -6.11647 -0.0486757 -0.0221636 -0.0137879 -0.00364389 -0.00786841   0.0170182   -0.0206568 -5.03475e-05  -0.00199009  -0.0339738   0.0134955 -0.00192818 1 0 0
             90.0979   8.555 4.65995 -6.1483 -0.0498385 -0.0251978 -0.0205102 -0.00723116  -0.0138341  -0.0172721    -0.020658 -5.10929e-05  -0.00197985  -0.0339797    0.013621 -0.00163467 1 0 0
             90.1974  8.70352  4.71112 -6.12038 -0.0488507 -0.0231475 -0.0179365 -0.00202936 0.000665043 -0.00392793   -0.0206925 -4.67307e-05  -0.00198333  -0.0340247   0.0134602 -0.00177515 1 0 0
             90.2977  8.69818  4.85127 -6.01961 -0.0498661 -0.0222623 -0.0225491 -0.0069622 0.00994228 -0.0151822   -0.0206974 -5.81871e-05  -0.00198647 -0.0340085   0.013461 -0.0016069 1 0 0
             90.3995  8.74642     4.79 -6.01089 -0.0505896 -0.0227195 -0.0196509 -0.0167356 0.00409899 0.00315218   -0.0207375 -4.72055e-05  -0.00199191  -0.0340213   0.0134905 -0.00177429 1 0 0
             90.4992  8.69298  4.60678 -6.06785 -0.0482806 -0.0203364 -0.0207701 0.00118555  0.0122324 -0.0020642    -0.020749 -3.96426e-05  -0.00199683  -0.0341728   0.0134039 -0.00171324 1 0 0
             90.5992  8.75898   4.6074 -5.99899 -0.0485514 -0.0222554  -0.019611 -0.00452626  0.00160468  0.00520948   -0.0207781 -4.03914e-05   -0.0019913  -0.0341672   0.0135161 -0.00178384 1 0 0
             90.7002  8.72464  4.52857 -5.95352 -0.0483308 -0.0230682 -0.0206445 -0.00517381 -0.00265439 0.000790343   -0.0207853 -5.16968e-05  -0.00199575  -0.0342068   0.0135499 -0.00173144 1 0 0
             90.8001  8.72572  4.36221 -6.05117 -0.0502942 -0.0237175 -0.0221819  -0.0177212  -0.0020321 -0.00395223    -0.020801 -4.76498e-05   -0.0019924  -0.0341766   0.0135768 -0.00167277 1 0 0
             90.8996  8.66336  4.15256 -6.07841 -0.0510024 -0.0239901 -0.0228001   -0.0128254 -8.84805e-05  -0.00546836   -0.0208087 -4.84894e-05  -0.00199891  -0.0342212   0.0135784 -0.00166717 1 0 0
             90.9997  8.63458  4.00864 -6.06504 -0.0558056 -0.0219361  -0.018259 -0.0257274 0.00765545  0.0112809   -0.0208327 -4.49713e-05  -0.00199807  -0.0340616   0.0135034 -0.00183149 1 0 0
             91.0992  8.62053  4.17599 -5.96647 -0.0553735 -0.0211758 -0.0201261   -0.0194904    0.0111015 -0.000565414   -0.0208381 -5.38409e-05  -0.00200314  -0.0341936   0.0134941 -0.00172638 1 0 0
             91.2001 8.64019 3.98918 -6.1363 -0.0497353 -0.0255334 -0.0167244 0.00722227 -0.0129206  0.0144828   -0.0208701 -4.19151e-05  -0.00199845  -0.0345048   0.0136379 -0.00190194 1 0 0
             91.2997  8.67379  4.06595 -6.26533 -0.0514671 -0.0249804 -0.0179777 -0.00201856 0.000269052  0.00183237   -0.0208809 -4.97136e-05  -0.00199349   -0.034415    0.013594 -0.00179012 1 0 0
                91.4  8.68321  4.08304 -6.12729  -0.051169 -0.0240562  -0.016839 -8.91496e-05   0.00690642   0.00516657   -0.0209058 -4.95478e-05  -0.00199871 -0.0344255   0.013565 -0.0018145 1 0 0
             91.4995  8.68799   4.2581 -6.04162 -0.0483584 -0.0201381 -0.0198848 0.00578014  0.0211017  -0.011516   -0.0209198 -6.19416e-05  -0.00200384  -0.0345462   0.0134353 -0.00167097 1 0 0
             91.5997  8.67397  4.19469 -6.05726 -0.0490709 -0.0197317 -0.0168801 -0.00227143   0.0176638   0.0102022   -0.0209397 -5.04224e-05  -0.00200686  -0.0345023   0.0134985 -0.00182529 1 0 0
                91.7  8.65189  4.31708 -6.00962  -0.052631 -0.0244236 -0.0174327  -0.0185463  -0.0130417 0.000204143    -0.020962 -4.95762e-05  -0.00201026  -0.0343999   0.0137521 -0.00182516 1 0 0
                91.8 8.68761 4.52854 -5.9261 -0.0508566 -0.0247697 -0.0189202 -0.00605103 -0.00426412 -0.00315263   -0.0209739 -5.47452e-05  -0.00201102  -0.0345459   0.0137005 -0.00175897 1 0 0
                91.9  8.65892  4.48478 -5.92782 -0.0506128  -0.022232 -0.0224446 -0.00624704   0.0103153  -0.0154024   -0.0209896 -5.93198e-05  -0.00201272  -0.0345917   0.0136025 -0.00161505 1 0 0
             91.9996  8.62207  4.56184 -5.98538 -0.0456838 -0.0198697 -0.0207897   0.0164979   0.0165245 -0.00483045   -0.0210037 -5.77858e-05  -0.00200971  -0.0347899   0.0135063 -0.00173241 1 0 0
             92.1001  8.63603  4.63918 -5.98205 -0.0468434 -0.0230551 -0.0235214   0.00344371 -0.000735048   -0.0112597   -0.0210182 -6.04134e-05  -0.00200739  -0.0347078   0.0137144 -0.00168239 1 0 0
                92.2  8.73177  4.68333 -5.87835 -0.0474139 -0.0219364 -0.0217337 -0.00599768  0.00575831  0.00217242    -0.021045 -5.18901e-05  -0.00201904  -0.0346736   0.0136581 -0.00177125 1 0 0
             92.2999  8.65397  4.67763 -5.88923  -0.051846  -0.022312 -0.0190921  -0.0264087 0.000772779   0.0120437   -0.0210617 -6.15603e-05  -0.00201734  -0.0345317   0.0137043 -0.00185878 1 0 0
             92.3998 8.65239 4.60865 -5.9243 -0.0519301 -0.0217717 -0.0208149 -0.0176744 0.00580322 0.00236757   -0.0210768 -5.01631e-05  -0.00201465  -0.0346475   0.0136853 -0.00175219 1 0 0
             92.5001  8.65732  4.60486 -5.87954 -0.0505311 -0.0207603 -0.0205697 -0.00594932  0.00969924  0.00114342   -0.0210993 -5.93572e-05  -0.00202184  -0.0347683   0.0136546 -0.00175518 1 0 0
                92.6  8.74504  4.55708 -5.89217 -0.0508989 -0.0210336 -0.0171398 -0.00855375  0.00529348   0.0149836   -0.0211221 -4.91367e-05  -0.00201852  -0.0347772   0.0136793 -0.00188588 1 0 0
             92.6999  8.65658  4.49624 -5.88536 -0.0472777 -0.0225505 -0.0201446   0.00918014 -0.000883256  -0.00249331  -0.0211249 -5.7795e-05 -0.00202543  -0.0349714   0.0137517 -0.00173931 1 0 0
             92.7999  8.77019  4.43803 -5.87595 -0.0477004 -0.0233521 -0.0158946 -0.00039588 -0.00545103   0.0176316    -0.021153 -4.56373e-05  -0.00202346  -0.0349145   0.0137581 -0.00190114 1 0 0
             92.9001  8.72518  4.32326 -5.89541 -0.0468256 -0.0239066 -0.0209934 0.000133927 -0.00120837  -0.0104097   -0.0211613 -5.10443e-05  -0.00202614  -0.0349806   0.0137873 -0.00165475 1 0 0
             93.0001  8.83298  4.31503 -5.98878 -0.0519278 -0.0253487 -0.0193519  -0.0247721 -0.00869476 0.000274211   -0.0211899 -4.69443e-05  -0.00202343  -0.0347908    0.013845 -0.00176061 1 0 0
             93.0999  8.81439  4.30566 -5.96235 -0.0517811 -0.0216208 -0.0200311   -0.0162862    0.0161794 -0.000467931   -0.0211991 -5.17995e-05  -0.00202468   -0.034887   0.0136718 -0.00169318 1 0 0
             93.1999  8.78675  4.21616 -5.98697 -0.0554567  -0.021261 -0.0182891 -0.0299996   0.010985 0.00630524    -0.021212 -5.34133e-05  -0.00202935  -0.0348199   0.0137184 -0.00176418 1 0 0
             93.2999  8.81955   4.0576 -6.06814 -0.0496128 -0.0195975  -0.016092 0.00645212  0.0169383  0.0113675  -0.0212349 -4.3148e-05 -0.00203112  -0.0351558   0.0136431 -0.00183177 1 0 0
             93.3993 8.84297 4.12577 -5.9755  -0.047562 -0.0214672 -0.0133011  0.0113282 0.00111386  0.0164616   -0.0212568 -4.12222e-05   -0.0020368  -0.0352126   0.0137575 -0.00192931 1 0 0
             93.4999  8.82972  4.24818 -5.89071  -0.046971 -0.0195608 -0.0120509 0.00125324  0.0111197  0.0134572   -0.0212786 -4.89372e-05  -0.00204477  -0.0352056   0.0136964 -0.00190258 1 0 0
                93.6  8.77368   4.3262 -5.98661 -0.0487702 -0.0205253 -0.0157436  -0.0096468  0.00379704 -0.00290141   -0.0212975 -5.09328e-05   -0.0020395  -0.0351639   0.0137997 -0.00172587 1 0 0
             93.6998  8.78958   4.4236 -5.94014 -0.0511452 -0.0186652  -0.017719 -0.0136479  0.0113864 -0.0112122   -0.0213191 -5.52478e-05  -0.00203823  -0.0351038   0.0137588 -0.00165099 1 0 0
                93.8 8.79695 4.54697 -5.8741 -0.0518574  -0.020956 -0.0229979  -0.0160953 -0.00131923  -0.0276867   -0.0213279 -5.26984e-05  -0.00203737  -0.0351614   0.0138977 -0.00153273 1 0 0
             93.8999  8.77127  4.62864 -5.85382 -0.0539567 -0.0216607 -0.0229877  -0.0231266 -0.00310746  -0.0137118   -0.0213482 -6.65351e-05  -0.00204362  -0.0351461   0.0139136 -0.00163336 1 0 0
             93.9999  8.69938  4.61056 -5.97035 -0.0505618  -0.022839 -0.0257169  0.00268545 -0.00572569  -0.0207999   -0.0213594 -6.36426e-05  -0.00203314  -0.0353695   0.0139216 -0.00160236 1 0 0
             94.0999  8.82021  4.72427 -5.84727  -0.050178 -0.0204819 -0.0204166 0.00237145 0.00894782  0.0106584   -0.0213841 -6.09902e-05  -0.00204383  -0.0353418   0.0137828 -0.00184865 1 0 0
             94.1999  8.78602  4.80856 -5.81598 -0.0482594 -0.0240118 -0.0176461 0.00238896 -0.0101988  0.0173312    -0.021399 -7.00637e-05  -0.00204088  -0.0354244    0.013929 -0.00194902 1 0 0
             94.2998 8.78726 4.66402 -5.8792 -0.0471331 -0.0229346 -0.0162188   0.0024709 0.000860923   0.0190561   -0.0214183 -4.75932e-05  -0.00204206  -0.0354703   0.0138457 -0.00191537 1 0 0
             94.3993  8.62788  4.65586 -5.89144 -0.0488263 -0.0228972 -0.0220558 -0.00501233  0.00474718   -0.013542   -0.0214188 -6.64765e-05  -0.00204423  -0.0354209   0.0138994 -0.00163198 1 0 0
             94.5008  8.75938  4.61971 -5.79609  -0.048417 -0.0224425 -0.0201846 -0.00415159  0.00659301 0.000131652   -0.0214542 -4.29763e-05  -0.00204883  -0.0354505   0.0138776 -0.00175303 1 0 0
             94.5998  8.74375  4.64404 -5.79181 -0.0501556 -0.0212176 -0.0182504 -0.0147216 0.00955713 0.00799932   -0.0214747 -5.98915e-05  -0.00205269  -0.0354025   0.0138552 -0.00181618 1 0 0
             94.6997  8.74049  4.64613 -5.83752 -0.0514848 -0.0233887 -0.0181699  -0.0160174 -0.00282364   0.0056291  -0.0214959 -4.6903e-05 -0.00204714 -0.0354249  0.0139677 -0.0018159 1 0 0
             94.7999  8.78864  4.58623 -5.81824 -0.0501459 -0.0218742 -0.0162275 -0.00568774  0.00706196   0.0114923   -0.0215194 -4.65944e-05  -0.00204932  -0.0355324   0.0138836 -0.00185285 1 0 0
             94.8998  8.79138  4.57008 -5.80941 -0.0498408 -0.0231245 -0.0184735  -0.00616932 -0.000335574  0.000880008   -0.0215324 -4.78232e-05  -0.00204565  -0.0355914   0.0139611 -0.00174342 1 0 0
             94.9979  8.7783 4.41039 -5.8142  -0.050281 -0.0204381  -0.016462 -0.00839851    0.013538  0.00886561   -0.0215531 -4.27155e-05    -0.002053   -0.035595   0.0138513 -0.00178898 1 0 0
             95.0978  8.80984  4.37151 -5.86477 -0.0488202 -0.0203511 -0.0196093 -0.000520359   0.00971045  -0.00938824    -0.021568 -4.84985e-05  -0.00204963  -0.0357037   0.0138968 -0.00165953 1 0 0
              95.197  8.86779  4.25783 -5.84754 -0.0481204 -0.0198079  -0.015458 -0.00188358  0.00859446   0.0138588   -0.0216022 -4.34293e-05  -0.00205738   -0.035729   0.0138924 -0.00184574 1 0 0
             95.2973  8.87088    4.147 -5.89052 -0.0509784 -0.0193447 -0.0171977  -0.0158358  0.00591178 0.000211541   -0.0216141 -4.84805e-05  -0.00205989  -0.0356442   0.0139321 -0.00173176 1 0 0
             95.3992  8.90051  4.12092 -5.90838 -0.0517176 -0.0212154 -0.0212334 -0.0141486 0.00020782 -0.0143414    -0.021633 -4.91836e-05  -0.00205949  -0.0356995   0.0140372 -0.00160614 1 0 0
             95.4988  8.88153  4.15684 -5.90596 -0.0492961 -0.0223537 -0.0208051 -0.00181239 -0.00493875 -0.00995429  -0.0216426 -5.7161e-05 -0.00205901  -0.0358471   0.0140459 -0.00169523 1 0 0
             95.5997  8.92273  4.07459 -5.92221 -0.0506306  -0.024438 -0.0216702 -0.00996712  -0.0100209 -0.00593967   -0.0216613 -4.40135e-05  -0.00206465  -0.0358186   0.0141123 -0.00170633 1 0 0
             95.6998  8.85386  4.06469 -5.96117 -0.0500228 -0.0218204 -0.0211892 -0.00542439  0.00724053  -0.0058826   -0.0216695 -5.92894e-05   -0.0020573  -0.0358721   0.0139673 -0.00172316 1 0 0
             95.7998 8.90781 4.20639 -5.9633 -0.0535338  -0.021518  -0.018254 -0.0199527 0.00516845 0.00835624   -0.0216899 -5.07712e-05  -0.00206281  -0.0357525   0.0139777 -0.00186231 1 0 0
             95.8998  8.83971  4.28663 -5.90701 -0.0494104 -0.0207877 -0.0195487 0.00428289   0.010563 0.00220048  -0.0216992 -6.5447e-05 -0.00206668  -0.0359978   0.0139544 -0.00178109 1 0 0
             95.9996  8.85837  4.34691 -5.94508 -0.0502667 -0.0219939 -0.0169913  -0.00500925 -9.28155e-05   0.00941121    -0.021727 -5.70409e-05  -0.00206112  -0.0359579   0.0140251 -0.00188731 1 0 0
             96.0998  8.78884  4.44671 -5.90974 -0.0523151 -0.0234387 -0.0229851  -0.0126607 -0.00160489  -0.0162851    -0.021731 -6.57433e-05  -0.00206463  -0.0359259   0.0141254 -0.00163633 1 0 0
             96.1998  8.86319  4.37346 -5.88202 -0.0471761 -0.0245381 -0.0174767   0.0100364 -0.00671354   0.0147238   -0.0217656 -4.77726e-05  -0.00206748  -0.0361649   0.0140937 -0.00191127 1 0 0
             96.2996  8.77801  4.46173 -5.87665 -0.0496724 -0.0235833 -0.0200295 -0.00737059  0.00225066 -0.00356143   -0.0217682 -5.98693e-05  -0.00206691  -0.0360441   0.0140697 -0.00174856 1 0 0
             96.3997  8.85316  4.41201 -5.91183 -0.0489561 -0.0209979 -0.0166831 -0.00444676    0.013686   0.0118239   -0.0217986 -4.41775e-05   -0.0020692  -0.0360924   0.0139573 -0.00186426 1 0 0
             96.4996  8.83349  4.50747 -5.90213 -0.0510595 -0.0190948 -0.0188485  -0.0127384   0.0174878 -0.00346897    -0.021806 -5.84601e-05   -0.0020693  -0.0360396   0.0139597 -0.00173453 1 0 0
             96.5996  8.87324  4.61948 -5.83834 -0.0516004 -0.0202404 -0.0190447     -0.01112   0.00561013 -5.07328e-05   -0.0218191 -5.88964e-05  -0.00207508  -0.0360756   0.0140599 -0.00176585 1 0 0
             96.6996 8.82639 4.60371 -5.8112 -0.0507594 -0.0234666 -0.0171132 -0.00794316 -0.00832625   0.0101725   -0.0218368 -6.49351e-05  -0.00207677 -0.0361666  0.0141899  -0.001866 1 0 0
             96.7997  8.78151  4.63784 -5.86012  -0.049265 -0.0241909 -0.0230937 -0.000205477  -0.00453742   -0.0201214   -0.0218385 -6.46013e-05  -0.00206924  -0.0362844   0.0141981 -0.00161494 1 0 0
             96.8997   8.8113  4.67797 -5.84551  -0.050404 -0.0226616 -0.0231924 -0.0048895 0.00534063 -0.0101891  -0.0218637 -7.2861e-05 -0.00207028  -0.0362303   0.0141226 -0.00165747 1 0 0
             96.9997  8.82706  4.59074 -5.82476 -0.0490002 -0.0210293 -0.0210792 -0.00105589  0.00958076 0.000358464   -0.0218776 -6.00076e-05  -0.00207364  -0.0363001    0.014056 -0.00177132 1 0 0
             97.0997  8.83563  4.70002 -5.83739 -0.0505023 -0.0224099 -0.0205249  -0.0122228 0.000846694  0.00602815   -0.021893 -6.4853e-05 -0.00207996  -0.0362615   0.0141488 -0.00180668 1 0 0
             97.1997  8.75406  4.50752 -5.94039 -0.0485727 -0.0229075 -0.0196167 0.000168534  0.00093423  0.00716163   -0.0219102 -5.47024e-05  -0.00207787  -0.0363935   0.0141575 -0.00182495 1 0 0
             97.2996  8.80972  4.61478 -5.88822 -0.0487739 -0.0219968 -0.0206493 -0.000229991    0.0055931   -0.0010074   -0.0219263 -6.27877e-05  -0.00207886  -0.0363831   0.0141319 -0.00175784 1 0 0
             97.3995  8.79758  4.60259 -5.82438 -0.0480635  -0.021671 -0.0211343  -0.00234323    0.0047741 -0.000964718   -0.0219476 -6.20724e-05  -0.00208506 -0.0364252  0.0141381 -0.0017463 1 0 0
             97.4987 8.79267 4.44234 -5.8616 -0.0499423 -0.0207316 -0.0208882 -0.0132343  0.0089067  0.0051407   -0.0219563 -6.18549e-05  -0.00208612   -0.036373   0.0141299 -0.00174356 1 0 0
             97.5997  8.77035  4.22405 -5.87385 -0.0526721 -0.0186631 -0.0179676 -0.0199243  0.0141684  0.0109704    -0.021977 -5.44748e-05  -0.00208863  -0.0363112   0.0140835 -0.00182076 1 0 0
             97.6996  8.84509  4.27691 -5.83457  -0.051367 -0.0201499 -0.0198231 -0.00675544   0.0034373 -0.00118407   -0.0219847 -6.09663e-05  -0.00209227  -0.0364544   0.0141787 -0.00174585 1 0 0
             97.7995  8.87926  4.15607 -5.80743 -0.0526577 -0.0208909 -0.0168358   -0.0162812 -0.000569392    0.0142723   -0.0220157 -5.40419e-05   -0.0020927 -0.0364398  0.0142124 -0.0018584 1 0 0
             97.8995  8.83911  4.07443 -5.87679 -0.0478953 -0.0240813 -0.0180671 0.00750515 -0.0133597 0.00271608   -0.0220227 -5.64827e-05  -0.00209284   -0.036712   0.0143028 -0.00179712 1 0 0
             97.9997   8.8863  3.99818 -5.93047 -0.0520156 -0.0235199 -0.0162351  -0.0143336 -0.00212158  0.00967698   -0.0220455 -5.85709e-05  -0.00209232  -0.0365191   0.0142594 -0.00183367 1 0 0
             98.0997  8.88125  3.98109 -5.90534  -0.048934 -0.0214432 -0.0189631  0.00303136   0.0117723 -0.00713176    -0.022056 -5.40026e-05  -0.00209305  -0.0367063    0.014162 -0.00168701 1 0 0
             98.1996   8.8366  3.96835 -5.86937 -0.0507104 -0.0235112 -0.0204137  -0.0114041 -0.00054844  -0.0085114   -0.0220687 -6.20053e-05  -0.00209231  -0.036648  0.0142983 -0.0016742 1 0 0
             98.2995  8.76704  3.94903 -5.94184 -0.0508527 -0.0199142 -0.0160216 -0.0114169  0.0117322 0.00840154   -0.0220861 -5.37762e-05  -0.00209983  -0.0366764   0.0141288 -0.00185117 1 0 0
             98.3989  8.76869  4.04711 -5.99147 -0.0508709 -0.0225362 -0.0190133  -0.0072081 0.000119927  -0.0040388   -0.0220983 -5.81268e-05   -0.0020946  -0.0367427   0.0142881 -0.00173855 1 0 0
             98.4996  8.73638  4.13738 -5.96958 -0.0493645 -0.0214948 -0.0172582  0.0015913 0.00281715 0.00136437   -0.0221206 -6.30992e-05  -0.00209524  -0.0368207   0.0142288 -0.00181625 1 0 0
             98.5997   8.8038  4.23951 -5.84809   -0.04927 -0.0175223 -0.0132136 -0.00413632   0.0222565   0.0184735   -0.0221344 -5.28284e-05  -0.00211217   -0.036811   0.0140743 -0.00193208 1 0 0
             98.6996  8.75097  4.33576 -5.86511  -0.050474 -0.0176163  -0.015396 -0.0133533    0.01232 0.00538062  -0.0221584 -6.5302e-05 -0.00210767  -0.0368122   0.0141812 -0.00179313 1 0 0
             98.7997  8.75764  4.35644 -5.91659 -0.0501421 -0.0222593 -0.0183752 -0.00612448  -0.0106711 -0.00799503   -0.0221739 -7.00632e-05  -0.00210507   -0.036904   0.0144074 -0.00171522 1 0 0
             98.8996   8.7472  4.40444 -5.88393 -0.0508747 -0.0201529 -0.0167254 -0.00890965  0.00459362 0.000292539   -0.0221966 -6.95335e-05  -0.00210195  -0.0368869   0.0142802 -0.00178164 1 0 0
             98.9997 8.69934 4.44469 -5.8514 -0.0507422 -0.0207914 -0.0211024 -0.00679826  0.00236171  -0.0172834   -0.0222024 -7.32019e-05  -0.00210533  -0.0369509   0.0143341 -0.00162798 1 0 0
             99.0997  8.77207  4.50773 -5.86375 -0.0526491 -0.0198059 -0.0226214   -0.01441 0.00593774 -0.0161223   -0.0222281 -6.98404e-05  -0.00210913  -0.0369078   0.0143028 -0.00162665 1 0 0
             99.1996  8.69482  4.67272 -5.83802 -0.0481898 -0.0239059 -0.0235873  0.0110038 -0.0126285 -0.0117363   -0.0222338 -8.47619e-05  -0.00210775  -0.0371408   0.0144464 -0.00169677 1 0 0
             99.2995  8.71238  4.60386 -5.80746 -0.0495054 -0.0198416 -0.0210118 -0.00399063  0.00982026 0.000978946  -0.0222495 -6.6275e-05 -0.00211381  -0.0370364   0.0142444 -0.00179163 1 0 0
             99.3993  8.68807  4.61875 -5.81018 -0.0515742 -0.0205586  -0.019607 -0.0151438 0.00409778 0.00889473   -0.0222572 -6.66737e-05   -0.0021137  -0.0369808   0.0143169 -0.00184639 1 0 0
             99.5005  8.78452  4.61722 -5.84947 -0.0480051 -0.0234054 -0.0167865  0.00357322 -0.00824315   0.0174618   -0.0222899 -5.79161e-05  -0.00210694  -0.0371846   0.0144003 -0.00195369 1 0 0
             99.5997  8.75502  4.69875 -5.83171 -0.0486155 -0.0253544 -0.0209064 -0.00176246  -0.0099493 -0.00629265   -0.0222904 -7.80692e-05  -0.00211241 -0.0371715  0.0144741 -0.0017448 1 0 0
             99.6997  8.87287  4.64311 -5.81396  -0.050245 -0.0246337 -0.0224013    -0.01027 0.000740711  -0.0109442   -0.0223174 -6.37297e-05  -0.00211323 -0.0371225  0.0144221 -0.0016984 1 0 0
             99.7996  8.86681   4.6128 -5.80262 -0.0511557 -0.0212233 -0.0209068 -0.0137036  0.0168303 0.00129943   -0.0223284 -5.42339e-05  -0.00212204   -0.037121   0.0142867 -0.00176023 1 0 0
             99.8993  8.84733  4.53327 -5.84128 -0.0537179  -0.021075 -0.0221245  -0.0213663   0.0127086 0.000380855   -0.0223383 -6.15786e-05  -0.00211463  -0.0370889   0.0143573 -0.00171348 1 0 0
             99.9976  8.88469  4.40916 -5.82327 -0.0530563 -0.0189088 -0.0172578 -0.0120074  0.0163755  0.0182418   -0.0223656 -6.04002e-05  -0.00211962   -0.037183   0.0142858 -0.00189577 1 0 0
             100.097   8.9455  4.26252 -5.81883 -0.0468011  -0.019037 -0.0175892 0.0175525 0.0113602 0.0105765  -0.0223821 -5.7221e-05 -0.00211579  -0.0374927   0.0143193 -0.00183902 1 0 0
             100.197  8.97229  4.15965 -5.80195 -0.0467143 -0.0191617 -0.0129058 0.00568861 0.00428581  0.0239576  -0.0224123 -5.8591e-05 -0.00213044   -0.037429   0.0143583 -0.00198662 1 0 0
             100.297  9.02721   4.1508 -5.84695 -0.0506862 -0.0190052 -0.0158301 -0.0155486 0.00663114 0.00497791   -0.0224238 -6.67109e-05  -0.00211875  -0.0372703   0.0144178 -0.00177814 1 0 0
             100.399   9.0698  4.00886 -5.83226 -0.0539044 -0.0193336 -0.0167855  -0.0259105 0.000948024 -0.00302699   -0.0224513 -6.00375e-05   -0.0021297  -0.0372254    0.014463 -0.00173602 1 0 0
             100.501  9.05716  4.08644 -5.82758 -0.0526053 -0.0193811  -0.017012  -0.0116919  0.00281868 -0.00182796   -0.0224526 -6.43112e-05  -0.00212685  -0.0373788   0.0144435 -0.00174481 1 0 0
               100.6  9.03635  4.02867 -5.80134 -0.0499072 -0.0194348 -0.0183665 0.000623978  0.00387535  -0.0101142   -0.0224782 -6.12408e-05  -0.00212617   -0.037546   0.0144435 -0.00171297 1 0 0
               100.7  8.95249  4.19601 -5.76223 -0.0509435 -0.0229512 -0.0206393 -0.00655167   -0.012839  -0.0113015   -0.0224752 -8.43739e-05  -0.00212633  -0.0375211   0.0146042 -0.00169239 1 0 0
               100.8  8.9983 4.11768 -5.7663 -0.0517665 -0.0234006 -0.0210208  -0.0114974 -0.00827463 -0.00883978   -0.0225049 -5.82811e-05  -0.00213079  -0.0375239   0.0145693 -0.00171496 1 0 0
               100.9    8.956  4.27289 -5.77994 -0.0480784 -0.0237458 -0.0227356   0.0097166 -0.00413004  -0.0137876    -0.022507 -7.79902e-05  -0.00212847  -0.0377071   0.0145282 -0.00168898 1 0 0
                 101  8.92163  4.37957 -5.75393 -0.0506486 -0.0237765 -0.0258936 -0.00749324 3.33255e-05  -0.0204481   -0.0225197 -7.78611e-05  -0.00212282  -0.0375811   0.0145427 -0.00161365 1 0 0
               101.1 8.86112 4.51203  -5.715 -0.0517607 -0.0235282 -0.0277283 -0.0112393 0.00197793 -0.0188734   -0.0225208 -8.56619e-05  -0.00212539  -0.0375701   0.0145331 -0.00161787 1 0 0
               101.2  8.87969  4.40982 -5.73553 -0.0500895 -0.0234002 -0.0221046 -0.00303395  0.00243092   0.0140595   -0.0225513 -7.35945e-05  -0.00212751  -0.0376663   0.0144936 -0.00189371 1 0 0
               101.3  8.86129  4.49249 -5.74559 -0.0497624 -0.0230484 -0.0197439 -0.00243606  0.00290549    0.016229  -0.0225612 -7.9149e-05 -0.00213175 -0.0376917  0.0144766 -0.0019352 1 0 0
               101.4  8.90903  4.47511 -5.75428 -0.0504833 -0.0216724 -0.0169739 -0.00523005  0.00868924   0.0222093   -0.0225791 -7.15709e-05  -0.00213117  -0.0376702    0.014435 -0.00196426 1 0 0
             101.499  8.94212  4.48581 -5.75361 -0.0523606 -0.0198869 -0.0169206 -0.0125522  0.0147725   0.013291   -0.0225946 -8.21349e-05  -0.00213465  -0.0376285   0.0144149 -0.00187359 1 0 0
               101.6  8.89988  4.54122 -5.68412   -0.05043 -0.0214586 -0.0181765 0.000261724 0.000203098  0.00206147  -0.0226038 -7.1924e-05 -0.00214028  -0.0377633    0.014517 -0.00180927 1 0 0
               101.7  8.97777  4.67881 -5.69751 -0.0511006  -0.021167 -0.0208645 -0.00992488  0.00662909 -0.00878767   -0.0226154 -7.61214e-05  -0.00214351  -0.0377648   0.0145288 -0.00170881 1 0 0
               101.8  8.85853   4.6323 -5.75986 -0.0480999 -0.0214393 -0.0248825 0.00476253 0.00672793 -0.0175237   -0.0226261 -7.59848e-05  -0.00213987  -0.0379414   0.0145578 -0.00159091 1 0 0
               101.9  8.82386  4.61448 -5.77713 -0.0490281 -0.0219403 -0.0186334 -0.00363589  -0.0012663   0.0111533   -0.0226487 -7.69204e-05  -0.00214267  -0.0378675   0.0145678 -0.00189623 1 0 0
                 102  8.87299  4.55491 -5.73981 -0.0491541 -0.0213671  -0.022646 -0.000800731   0.00600386  -0.00318109   -0.0226581 -7.74882e-05  -0.00214275 -0.0378914  0.0145674 -0.0016915 1 0 0
               102.1  8.84415  4.51733 -5.69657  -0.049395 -0.0223109 -0.0249931  -0.0060323 -0.00212881  -0.0145842   -0.0226772 -8.03927e-05  -0.00213627  -0.0379005   0.0146288 -0.00163273 1 0 0
               102.2  8.87541  4.46377 -5.75448 -0.0512992 -0.0201979 -0.0214847 -0.0186009  0.0109578 0.00729747   -0.0226923 -7.74533e-05  -0.00215676  -0.0378514   0.0145259 -0.00179565 1 0 0
               102.3   8.3069  3.95121 -5.96687 -0.0493452 -0.0203805  -0.021123 -0.00359163   0.0148503    0.010225   -0.0227108 -7.52654e-05  -0.00213999  -0.0380028   0.0145655 -0.00178792 1 0 0
             102.399  2.96651  3.59027 -8.73501 -0.0507529 -0.0156276 -0.0183863 -0.00746798   0.0234251  -0.0299173   -0.0227043 -5.98058e-05   -0.0021536 -0.0379485  0.0144552 -0.0019093 1 0 0
               102.5 -2.82758  2.76506  -14.594 -0.0513597 -0.0126478 -0.0256365 -0.0103714 0.00849223  -0.117459   -0.0226034 -5.90135e-05  -0.00208419  -0.0379514   0.0144036 -0.00190746 1 0 0
               102.6 -4.09686  1.51431 -19.9083  -0.0546286 -0.00304931  -0.0420206 -0.0243327  0.0579772  -0.121714  -0.0226052 -3.1018e-05 -0.00199992  -0.0378424   0.0140787 -0.00172691 1 0 0
               102.7 -4.26495  2.30178  -21.009 -0.0569397 0.00990132 -0.0426513 -0.0377809   0.110446  0.0430959   -0.0227302 -2.14726e-05  -0.00202728   -0.037821   0.0138625 -0.00186468 1 0 0
               102.8 -3.49881   1.7867 -20.4672 -0.0629195 0.00970562 -0.0385824 -0.0576761  0.0685943  0.0388617  -0.0227631 -4.5856e-05 -0.00211928  -0.0379012    0.014304 -0.00180386 1 0 0
               102.9 -2.60172  0.84142 -20.2993 -0.0632658 0.00228846 -0.0377794  -0.0425277 -0.00267955   0.0056885   -0.0228115 -3.00358e-05   -0.0021409  -0.0382889   0.0146979 -0.00173906 1 0 0
                 103 -2.04923  1.31015 -20.5258  -0.0662412 -0.00668549  -0.0426039  -0.035873 -0.0469435 -0.0127856   -0.0228331 -3.80636e-05  -0.00214486  -0.0384362   0.0149354 -0.00154074 1 0 0
               103.1 -1.68349  1.80742 -20.2522 -0.0682973 -0.0115408 -0.0463761 -0.0262795 -0.0351492 -0.0159083   -0.0228363 -6.94087e-05  -0.00214283    -0.03849   0.0149337 -0.00142757 1 0 0
               103.2 -1.53783   1.8666 -19.9274 -0.0607368 -0.0126227 -0.0498409 0.00872763 -0.0262825 -0.0267771   -0.0228344 -6.29347e-05  -0.00213962  -0.0388336   0.0146576 -0.00136695 1 0 0
               103.3 -1.20776  2.11513 -19.7824 -0.0602224 -0.0124347 -0.0400693 -0.00469264  -0.0190878   0.0222817   -0.0228583 -5.87315e-05  -0.00215413  -0.0388048   0.0145822 -0.00183463 1 0 0
               103.4 -1.13645  2.08482 -19.8086  -0.0599057 -0.00697893   -0.037265 0.000346967   0.0164176   0.0288006  -0.0228655 -5.8637e-05 -0.00214106  -0.0387419   0.0143167 -0.00183625 1 0 0
               103.5 -0.855838   2.11154  -19.6002  -0.0588284 -0.00743185  -0.0360064 -0.00412215  0.00403234   0.0186405    -0.022887 -6.22438e-05  -0.00215398  -0.0388172   0.0143516 -0.00178649 1 0 0
               103.6 -0.877136      2.18  -19.6544  -0.0605703 -0.00743631  -0.0423485 -0.0132138 0.00487754 -0.0128089   -0.0228879 -5.87961e-05  -0.00214906  -0.0387967   0.0143573 -0.00146986 1 0 0
               103.7 -0.700562   2.36202  -19.5242  -0.0612555 -0.00628319  -0.0422172  -0.0120455  0.00500295 -0.00856116   -0.0229102 -6.85054e-05  -0.00214688  -0.0388088   0.0143161 -0.00152152 1 0 0
               103.8  -0.6602  2.48653 -19.4289  -0.0617983 -0.00947108  -0.0444134 -0.0163018 -0.0114293 -0.0138204   -0.0229166 -6.48829e-05  -0.00215418 -0.038892 0.0144299 -0.001485 1 0 0
               103.9 -0.510397   2.52113  -19.4273  -0.0589188 -0.00819439  -0.0447797  -0.0026562 -0.00200555 -0.00771815    -0.022932 -6.98413e-05   -0.0021523  -0.0390337   0.0142618 -0.00151968 1 0 0
                 104 -0.49988  2.49191 -19.4268 -0.0600331 -0.0117036 -0.0464108 -0.0104584 -0.0154502 -0.0120095   -0.0229317 -7.53068e-05  -0.00214394  -0.0390556   0.0143897 -0.00148901 1 0 0
               104.1 -0.369823   2.59144  -19.3094 -0.0615078 -0.0109579 -0.0458562  -0.0157027 -0.00773912 -0.00487153   -0.0229448 -7.57752e-05  -0.00215539  -0.0390134   0.0143044 -0.00155274 1 0 0
               104.2 -0.133922    2.6131   -19.226 -0.0596614 -0.0115308 -0.0423381 -0.00682286 -0.00687549   0.0132588   -0.0229655 -7.14313e-05  -0.00216777   -0.039141   0.0142502 -0.00170505 1 0 0
               104.3 -0.104625   2.62232  -19.2433 -0.0605252 -0.0121971 -0.0446985  -0.0134697 -0.00625012 -0.00139857   -0.0229722 -7.17597e-05  -0.00215751 -0.0391535  0.0142314 -0.0015604 1 0 0
             104.399 0.0259616   2.51577  -19.1833 -0.0623034 -0.0123837 -0.0408052  -0.0221914 -0.00397811   0.0189135     -0.02299 -6.58048e-05   -0.0021632  -0.0391409    0.014226 -0.00170904 1 0 0
               104.5 -0.135779   1.27742  -19.0845 -0.0628949 -0.0102261 -0.0388359 -0.033867 0.0270033 0.0396359   -0.0229989 -7.47024e-05  -0.00215202  -0.0392208   0.0141205 -0.00165569 1 0 0
               104.6 -3.64472 -2.50316    -20.4  -0.0680148 -0.00321533  -0.0373456 -0.0234604  0.0660079  0.0156866  -0.0230154 -6.5917e-05 -0.00216834  -0.0391219   0.0140563 -0.00157887 1 0 0
               104.7 -7.02094 -2.60654 -19.2422 -0.0634951 0.00747145 -0.0411064 0.0930558 0.0577917 0.0106948   -0.0229573 -1.30594e-05  -0.00213195  -0.0391646   0.0138149 -0.00134073 1 0 0
               104.8 -6.52685  2.58613 -13.2624 -0.0412155  0.0184538   -0.03539  0.258461  0.113689 0.0125806   -0.0229821 -3.27353e-05  -0.00220095  -0.0392924   0.0135884 -0.00151727 1 0 0
               104.9 -7.35964  10.2359 -6.17716 0.00430302  0.0224594 -0.0391238   0.375747   0.115809 -0.0148668   -0.0230523 -0.000132321  -0.00227656 -0.0399578  0.0136744 -0.0013371 1 0 0
                 105 -6.34676  14.2671  0.16574 0.0593002 0.0283402 -0.028345  0.407001  0.133387 0.0272609   -0.0230044 -0.000215705   -0.0023047 -0.0407292  0.0138403 -0.0018333 1 0 0
             105.098 -4.88927  11.4373   4.2337   0.101986  0.0410627 -0.0210292  0.341195   0.16749 0.0331713   -0.0230564 -0.000142392  -0.00224758  -0.0410363   0.0139413 -0.00208225 1 0 0
             105.197 -5.42531  6.14982  4.56407  0.112391 0.0556296 -0.026996    0.142158    0.179294 -0.00677944   -0.0230764 -1.22021e-05  -0.00217783  -0.0405013   0.0140648 -0.00159887 1 0 0
             105.297 -7.87831 0.773995  2.26695  0.0868381  0.0773557 -0.0351586  -0.125715   0.150206 -0.0557536   -0.023073 6.68449e-05 -0.00210197  -0.0393583   0.0137665 -0.00110387 1 0 0
             105.399  -7.10093  -1.12252 0.0869019  0.0396964  0.0982081 -0.0491525 -0.319586   0.10496 -0.116613  -0.0230407 8.35888e-05  -0.0020584   -0.0383293    0.0132481 -0.000711554 1 0 0
               105.5  -4.44074    1.3368 -0.556352  0.0106129   0.103229 -0.0660346 -0.284448  0.113707 -0.154039   -0.0231303 -1.90504e-05  -0.00207289   -0.0384064    0.0134651 -0.000546792 1 0 0
               105.6 -1.76686  3.18102  2.47272 0.00578114   0.110377 -0.0821139 -0.170895  0.105548 -0.164784   -0.0231567 -9.39203e-05  -0.00213052  -0.0392323   0.0136716 -0.00049569 1 0 0
               105.7 1.78592 4.99765 5.26293   0.015426   0.118874 -0.0958473 -0.0561269  0.0846733  -0.184739   -0.0231765 -9.55917e-05   -0.0021949   -0.0402634    0.0137269 -0.000657037 1 0 0
               105.8 5.13434 8.47019 7.11584  0.026051  0.129517 -0.105356 0.0334905 0.0510521 -0.150263   -0.0232034 -0.000102201  -0.00219572  -0.0408311   0.0135755 -0.00103452 1 0 0
               105.9 6.28961 12.6128  7.0596 0.0355379  0.122445 -0.110474  0.0733684 -0.0439794 -0.0311151  -0.0232276 -0.00016844  -0.0021599  -0.0409275   0.0139285 -0.00125877 1 0 0
                 106 4.37952 15.2017 2.78783 0.0373589  0.112071 -0.115844 0.0512236 -0.107964 0.0191868   -0.0231888 -0.000139694  -0.00210908  -0.0407303   0.0140469 -0.00100917 1 0 0
               106.1 0.190941  17.9264 -4.05668 0.0302165  0.105812 -0.112148 -0.0157763  -0.120861   0.033622   -0.0231802 -0.000105942  -0.00202885  -0.0403862   0.0138031 -0.00093954 1 0 0
               106.2 -1.33675  19.8105 -10.4195 0.0141817   0.10667 -0.103132  -0.078993 -0.0821216  0.0625912   -0.0231616 -0.000102312  -0.00198654   -0.0399414    0.0132621 -0.000951385 1 0 0
               106.3 -2.04991  20.3424  -12.948 0.0035067  0.103415 -0.103332 -0.0984944 -0.0582651  0.0426718   -0.0232154 -0.000111681  -0.00200835   -0.0399663    0.0130729 -0.000689292 1 0 0
               106.4 -1.66913  18.7452 -13.1398 -0.00699262    0.087484  -0.0988035 -0.108224 -0.094787 0.0427093   -0.0232332 -7.84635e-05  -0.00205705   -0.0399974    0.0134746 -0.000698728 1 0 0
             106.499  0.27187  16.6086 -13.0175 -0.0177732  0.0708595   -0.09819 -0.0990993   -0.10779  0.0296767   -0.0232548 -4.64573e-05  -0.00208903   -0.0400641    0.0137758 -0.000588327 1 0 0
               106.6  1.24356  14.8373 -13.7531 -0.0248039  0.0633679 -0.0844844 -0.0696985  -0.079426  0.0837346  -0.0233311 -3.3776e-05 -0.00210204    -0.039976     0.013698 -0.000959552 1 0 0
               106.7 1.60096 12.7625 -14.466 -0.0254002  0.0549493 -0.0706978 -0.0367779 -0.0756914   0.112289   -0.0233428 -3.62648e-05   -0.0020896    -0.04012   0.0136863 -0.00119315 1 0 0
               106.8  2.22849  11.0041 -14.9854 -0.0286187  0.0482502 -0.0623358 -0.0294702 -0.0791141   0.112782    -0.023348 -3.82103e-05  -0.00209856  -0.0401472   0.0136209 -0.00106727 1 0 0
               106.9  3.56963  8.00101 -13.6929 -0.0332345  0.0439642 -0.0593776 -0.0402088 -0.0478801  0.0963413   -0.0233631 -3.97568e-05  -0.00210793   -0.0401639    0.0134988 -0.000669311 1 0 0
                 107  3.91906  5.21937 -12.6489  -0.033266  0.0385566 -0.0480419 -0.0257047 -0.0137854  0.0775895   -0.0233903 -2.22168e-05  -0.00214736    -0.040301    0.0135669 -0.000826471 1 0 0
               107.1  4.45781  2.72008 -10.9285 -0.0349355   0.034046 -0.0464898  -0.0345515 -0.00504168   0.0145467   -0.0233744 -5.02704e-05  -0.00214877   -0.0404082     0.013727 -0.000715196 1 0 0
               107.2  4.58594  2.19955 -10.1075 -0.036266 0.0312445 -0.053778 -0.0508322 -0.0114023 -0.0499841   -0.0233882 -7.13481e-05  -0.00215729  -0.0405875   0.0137872 -0.00050803 1 0 0
               107.3   4.3518  2.45301 -10.0232 -0.0355673  0.0316088 -0.0520815 -0.0398837 -0.0124491 -0.0270779   -0.0233953 -0.000104805  -0.00215443  -0.0408049   0.0136379 -0.00076979 1 0 0
               107.4  4.13748  2.86235 -10.1246 -0.0324234  0.0345701 -0.0521119 -0.00734695  0.00726009 -0.00399782    -0.023394 -0.000121434   -0.0021315   -0.0410379    0.0134082 -0.000814635 1 0 0
               107.5  4.46209  2.06679 -10.2418 -0.0282723  0.0381288 -0.0450105 0.0070123 0.0172028 0.0232253   -0.0234196 -0.000133736  -0.00213737   -0.041206   0.0132535 -0.00107492 1 0 0
               107.6  4.47041  1.70051 -10.4428 -0.0250052  0.0391528 -0.0484452   0.0208947   0.0183015 0.000491741   -0.0234341 -9.82029e-05   -0.0021306   -0.0413169    0.0132591 -0.000869837 1 0 0
               107.7  4.63257  1.53856 -10.2605 -0.0296584  0.0363144 -0.0479787 -0.00366455 -0.00461586  0.00308563   -0.0234456 -0.000126495  -0.00213138   -0.0410687    0.0134994 -0.000901428 1 0 0
               107.8  4.69909  1.67308 -10.1993 -0.0334067  0.0347053 -0.0445451 -0.0283028 -0.0110265   0.013585   -0.0234717 -0.000118103  -0.00213443  -0.0409713    0.013555 -0.00102514 1 0 0
               107.9  4.73071  1.44446 -10.2495 -0.0346612  0.0356962 -0.0436795   -0.0225836 -0.000373294    0.0094531   -0.0234767 -0.000117901   -0.0021419  -0.0410269    0.013463 -0.00100044 1 0 0
                 108  4.75796  1.56442 -10.3181 -0.0326766  0.0359904 -0.0422917 -0.00325275 -0.00182031   0.0140503   -0.0235007 -0.000118956  -0.00213458  -0.0411774   0.0133996 -0.00101213 1 0 0
               108.1  4.68237   1.7794 -10.1236 -0.0298493  0.0388627 -0.0438057 0.00744906  0.0146812 0.00147039   -0.0235084 -0.000118887  -0.00213625    -0.041284    0.0132634 -0.000877207 1 0 0
               108.2  4.68274  1.98666 -10.0576 -0.0306096  0.0385651 -0.0462903 0.00195366 0.00447192 -0.0099462   -0.0235266 -0.000121569  -0.00214331   -0.0412365    0.0133356 -0.000792784 1 0 0
               108.3  4.82123  2.08838 -10.0283 -0.0308291  0.0371622 -0.0498339 -0.00626975 -0.00393351  -0.0220886    -0.023534 -0.000117746  -0.00213935   -0.0412464    0.0134127 -0.000719087 1 0 0
               108.4  4.76415  2.40003 -10.1038 -0.0279823  0.0384694 -0.0502804  0.00709067  0.00419317 -0.00555723   -0.0235541 -0.000115731  -0.00214217   -0.0413706    0.0133104 -0.000760028 1 0 0
               108.5  4.69483  2.23203 -9.89759 -0.0299228  0.0371449 -0.0534452 -0.00666733  0.00207148  -0.0167794   -0.0235492 -0.000127771  -0.00214182   -0.0412916    0.0134216 -0.000670967 1 0 0
               108.6  4.66742  2.40284 -9.84554 -0.0304331  0.0417392 -0.0519694  -0.0059801   0.0155649 -0.00967743   -0.0235736 -0.000119358  -0.00214565    -0.041268    0.0132257 -0.000775866 1 0 0
               108.7  4.5668  2.4654 -9.8383 -0.0268196  0.0382028 -0.0475094  0.00658214 -0.00160509   0.0215063   -0.0235869 -0.000122029  -0.00213493 -0.0414547   0.013386 -0.0009895 1 0 0
               108.8  4.63037  2.17314 -9.70452 -0.0237598    0.04215  -0.046278 0.0160166 0.0111978 0.0130471   -0.0236093 -0.000120419  -0.00214845   -0.0415277    0.0131982 -0.000940146 1 0 0
               108.9   4.4969  2.37807 -9.70178 -0.0281063  0.0406483 -0.0464663   -0.011095 0.000527396   0.0120879   -0.0236141 -0.000120793  -0.00214475   -0.0413212    0.0133471 -0.000887061 1 0 0
                 109  4.44539  2.25962 -9.57078 -0.0288367  0.0378319 -0.0478833  -0.0126062  -0.0123842 -0.00212304   -0.0236305 -0.000122494  -0.00215046  -0.0413585   0.0134539 -0.00080629 1 0 0
               109.1  4.45257  2.29425 -9.57302 -0.0269691  0.0351369  -0.049358 -0.00317194  -0.0170726 -0.00175016   -0.0236362 -0.000113501  -0.00214306   -0.0414918    0.0134826 -0.000769733 1 0 0
               109.2   5.1301  1.53989 -8.79379 -0.0257286  0.0395647 -0.0486459 0.00692408  0.0198367  0.0165605   -0.0236472 -0.000120683  -0.00214721   -0.0415281    0.0132526 -0.000742656 1 0 0
               109.3  4.78666  2.80461 -7.52308 -0.0272768  0.0403088 -0.0484583 0.0138276 0.0122942 0.0134637   -0.0236648 -9.60851e-05   -0.0021739   -0.0414184    0.0133275 -0.000672883 1 0 0
               109.4  2.61673  5.86214 -5.91957 -0.0229772  0.0399308 -0.0465791   0.0243686 -0.00664533  0.00729316  -0.0236697 -0.00013675 -0.00216808   -0.0415119    0.0133355 -0.000704383 1 0 0
               109.5 2.05701 6.40178 -3.6311 -0.00710761   0.0389203  -0.0379535   0.0681595 -0.00374512    0.034507   -0.0236448 -0.000170279  -0.00216838  -0.0420369   0.0132343 -0.00103408 1 0 0
               109.6   1.5035  4.64562 -1.68856 0.00426221   0.044413 -0.0315517 0.0757801 0.0251677 0.0613697   -0.0236851 -0.000118713  -0.00218789  -0.0422382   0.0130009 -0.00109917 1 0 0
               109.7   2.06592    3.3356 -0.758825 0.00552016  0.0427427 -0.0313204  0.0444251 0.00149578  0.0328267    -0.023686 -8.53612e-05   -0.0021853   -0.0420389    0.0131666 -0.000865014 1 0 0
               109.8   2.30764   2.63393 -0.900388 -0.00338281   0.0345893  -0.0313954  -0.0194577  -0.0438838 -0.00359186   -0.0237333 -8.51177e-05  -0.00216231  -0.0415446   0.0135225 -0.00078616 1 0 0
               109.9  1.78254  3.60434 -2.20143 -0.00832067   0.0316919  -0.0377721 -0.0346081 -0.0336567 -0.0276638   -0.0237201 -8.48365e-05  -0.00214354    -0.041452    0.0134574 -0.000562924 1 0 0
                 110  1.50742  4.16931 -2.73717 -0.00918433   0.0321584  -0.0366224   -0.029295  -0.0024076 -0.00810406   -0.0237239 -0.000127688  -0.00212065   -0.0415577    0.0133411 -0.000688962 1 0 0
             110.098  1.29695  4.06521 -3.01166 -0.00641507   0.0350675  -0.0389292 -0.0128203  0.0143164 -0.0182904   -0.0237261 -0.000117892  -0.00213137   -0.0417987    0.0132178 -0.000638078 1 0 0
             110.197  2.21771  3.30611 -4.33798 -0.00969974    0.038218    -0.03996 -0.0406876  0.0349655 -0.0204677    -0.023738 -0.000116677  -0.00214675     -0.04176    0.0131465 -0.000662995 1 0 0
             110.298  1.77814 0.309803 -8.35542 -0.010791 0.0388002 -0.039483 -0.0466022  0.0204238 -0.0149759   -0.0237783 -0.000100578  -0.00211941    -0.041911    0.0132895 -0.000802811 1 0 0
             110.399  1.92713 -1.99258 -11.5201  -0.030162    0.03816 -0.0347115  -0.131355 -0.0230029  0.0137307   -0.0237697 -3.77749e-05  -0.00204926  -0.0414023    0.013373 -0.00101488 1 0 0
             110.498  2.15697 -1.54492 -12.0913 -0.0457904  0.0443933 -0.0313056  -0.11678 0.0348318  0.023827   -0.0238324 -7.87294e-05  -0.00209284  -0.0412335   0.0130911 -0.00108338 1 0 0
               110.6  1.92535 -1.28653 -11.5626 -0.0483067   0.045413  -0.040558 -0.0519291  0.0355337 -0.0173519   -0.0238229 -0.000120865  -0.00214589   -0.0415111    0.0131496 -0.000589877 1 0 0
               110.7   1.99923 -0.691322   -11.253 -0.0369564  0.0445211 -0.0454672 0.00206494  0.0155465 -0.0321162   -0.0238366 -0.000113303  -0.00216411   -0.0421853    0.0131407 -0.000457445 1 0 0
               110.8   2.47471 -0.660173  -11.2402 -0.0359294   0.042482 -0.0528397 -0.00397256  0.00353744    -0.04169   -0.0238506 -0.000141124    -0.002156   -0.0422595    0.0132675 -0.000290692 1 0 0
               110.9 3.01772 -1.1883 -11.258 -0.0318143  0.0413346 -0.0483677   0.0121809  -0.0112991 -0.00866243    -0.023872 -0.000114006   -0.0021558   -0.0424524    0.0132753 -0.000618017 1 0 0
                 111   2.94045 -0.674326  -11.5963 -0.0364821  0.0387062 -0.0461844 -0.0193508 -0.0230347 0.00957867   -0.0238842 -0.000123463  -0.00215314   -0.0422559    0.0133717 -0.000737725 1 0 0
               111.1   2.72334 -0.509888  -11.5727 -0.0393822  0.0415634 -0.0470852 -0.0130808 0.00422703 0.00541408   -0.0238711 -0.000150585  -0.00214641   -0.0421757     0.013192 -0.000640642 1 0 0
               111.2   3.13332 -0.606341   -10.941 -0.0389708  0.0440943 -0.0475903 -0.00380025  0.00843505 -0.00762637   -0.0238921 -0.000122162   -0.0021622   -0.0422058    0.0130895 -0.000600635 1 0 0
               111.3   3.44074 -0.220006  -11.1085 -0.0433915  0.0421093 -0.0495899  -0.0371595   -0.010497 -0.00911688   -0.0239129 -0.000137164  -0.00216629   -0.0421058    0.0132043 -0.000579282 1 0 0
               111.4   3.60581 -0.394004  -11.4291   -0.03974  0.0419183 -0.0426932 -0.00717389 -0.00300214    0.030257   -0.0239331 -0.000137852  -0.00215551   -0.0423939    0.0131062 -0.000830617 1 0 0
               111.5   3.61757 -0.605465  -11.4832 -0.0340635   0.040848 -0.0430958   0.0260076 -0.00979128  0.00781461  -0.0239335 -0.00013213 -0.00215466   -0.0426154    0.0130756 -0.000706429 1 0 0
             111.599   3.68805 0.0238461  -11.4574 -0.0378239   0.038653 -0.0469015 -0.00503533   -0.013068  -0.0065367    -0.023951 -0.000139445  -0.00216305   -0.0423866    0.0131791 -0.000548216 1 0 0
               111.7  3.75784 0.069305 -11.4118 -0.0378056  0.0408828 -0.0453495 -0.00957669 0.000657166  0.00370471   -0.0239599 -0.000146169  -0.00216716   -0.0424042    0.0130297 -0.000605693 1 0 0
               111.8   3.58874 0.0939746  -11.4991 -0.0396688  0.0412659 -0.0503342 -0.00830975  0.00418946  -0.0170846   -0.0239642 -0.000146454  -0.00216503   -0.0423602    0.0130304 -0.000405114 1 0 0
               111.9  3.82005  0.26825 -11.2506 -0.0360593  0.0409107 -0.0471182    0.0140307 -0.000774184 -0.000652283   -0.0239807 -0.000139755   -0.0021648   -0.0425149    0.0130184 -0.000598623 1 0 0
                 112  3.94222 0.550145 -11.3324 -0.0357247  0.0410542 -0.0487106 -0.00806711 -0.00496509 -0.00685689   -0.0239975 -0.000144188  -0.00217328   -0.0425084    0.0129904 -0.000540492 1 0 0
               112.1  3.91889  0.82552 -11.6964  -0.037593  0.0403613 -0.0445597  -0.0117909 -0.00502178   0.0187721   -0.0240199 -0.000169741  -0.00216344   -0.0424761    0.0130068 -0.000720562 1 0 0
               112.2   4.0959 0.619506 -11.7379 -0.0348481  0.0387671 -0.0470454  0.00934719 -0.00726591   0.0020746  -0.0240315 -0.00014153 -0.00216822   -0.0426177    0.0130217 -0.000555762 1 0 0
               112.3  4.30847 0.607867 -11.4996 -0.0350341  0.0373107 -0.0468332  -0.0046487 -0.00736214  0.00362906   -0.0240405 -0.000154906  -0.00217287   -0.0425986    0.0130636 -0.000556468 1 0 0
               112.4  4.11543 0.482318  -11.593 -0.0395685  0.0374892 -0.0528117  -0.0266025 -0.00862127  -0.0229727   -0.0240374 -0.000159489  -0.00217187   -0.0424552    0.0130582 -0.000318424 1 0 0
             112.499  4.04373 0.594349 -11.9849 -0.0427348  0.0361282 -0.0520731 -0.0306637  -0.014308  -0.012527   -0.0240384 -0.000158058  -0.00215989    -0.042443    0.0130707 -0.000444924 1 0 0
               112.6  4.05717 0.724306 -12.1232 -0.0411638  0.0369015 -0.0506408 -0.00685969 -0.00123682  0.00456429   -0.0240475 -0.000158306  -0.00216607   -0.0425946    0.0129454 -0.000520867 1 0 0
               112.7  4.16558   0.5888 -12.0584  -0.038897   0.036968 -0.0537924 0.00253501 0.00114284 -0.0189997   -0.024058 -0.00015389 -0.00216861  -0.0427096   0.0129129 -0.00039509 1 0 0
               112.8  4.36617 0.742266 -12.0283 -0.0405463  0.0384771 -0.0528934 -0.00688848  0.00308438 -0.00804718   -0.0240793 -0.000158329  -0.00217829   -0.0426305    0.0128608 -0.000499789 1 0 0
               112.9  4.37416 0.774745 -12.0352  -0.040269  0.0333383 -0.0540012 -0.00710487  -0.0160758  0.00022685   -0.0240902 -0.000159582  -0.00217618   -0.0427132     0.013069 -0.000496167 1 0 0
                 113  4.40998  0.76861 -12.0914 -0.0394928  0.0363895 -0.0490009 -0.00226086  0.00182686   0.0144402   -0.0241096 -0.000158744  -0.00217728   -0.0427437    0.0128627 -0.000668604 1 0 0
               113.1   4.3895 0.968108 -12.0568 -0.0381912  0.0396569 -0.0494981 0.00254746   0.017651 0.00841599   -0.0241171 -0.000158985  -0.00217596    -0.042782    0.0127291 -0.000577012 1 0 0
               113.2  4.50166 0.935672 -11.9792 -0.0404555  0.0419882 -0.0422476 -0.0104944  0.0160026  0.0349422   -0.0241385 -0.000175828  -0.00218143   -0.0426875    0.0127164 -0.000809251 1 0 0
               113.3  4.49055 0.808311 -11.9388 -0.0405987  0.0407545 -0.0444762 -0.00920363  0.00473991   0.0141451   -0.0241473 -0.000151166  -0.00218018   -0.0427468    0.0128145 -0.000603778 1 0 0
               113.4  4.51754 0.823528 -11.9642  -0.037333   0.040017 -0.0450519   0.00579682 -0.000429079   0.00436731   -0.0241648 -0.000162882  -0.00218201   -0.0429175    0.0128108 -0.000536817 1 0 0
               113.5   4.4594 0.928416 -11.9206 -0.0390171  0.0402282 -0.0495481 -0.00459315 0.000664766  -0.0121613   -0.0241707 -0.000157775  -0.00217719   -0.0428325    0.0128251 -0.000348558 1 0 0
               113.6  4.47246  0.89751 -11.8066 -0.0410431  0.0401133 -0.0506354   -0.0153819 -0.000803141   -0.0121891   -0.0241793 -0.000173085  -0.00219064   -0.0427831    0.0128423 -0.000350661 1 0 0
               113.7  4.42103 0.748258 -11.8856 -0.0396781  0.0366368 -0.0553894 -0.0046067 -0.0145871 -0.0251828   -0.0241836 -0.000155502  -0.00217981   -0.0429221     0.012945 -0.000236939 1 0 0
               113.8  4.46006 0.720822 -11.7701 -0.0358418  0.0359545 -0.0529781  0.00918539  -0.0118157 -0.00330402   -0.0242061 -0.000153695  -0.00218923   -0.0430818    0.0128626 -0.000404396 1 0 0
               113.9   4.4179 0.691353 -11.7981 -0.0387886  0.0354166 -0.0559867 -0.00750102 -0.00889671  -0.0166929   -0.0242017 -0.000158738  -0.00218353   -0.0429361     0.012878 -0.000309725 1 0 0
                 114  4.40175 0.770883 -11.8206 -0.0409293  0.0382368 -0.0525724 -0.0131378 0.00474623 0.00141456   -0.0242195 -0.000163363  -0.00218679   -0.0428608    0.0127391 -0.000487253 1 0 0
               114.1  4.34719 0.823706 -11.7857 -0.0433351   0.035971 -0.0558294  -0.0170068  -0.0055355 -0.00862814     -0.02422 -0.000165618  -0.00218995  -0.0428372   0.0128654 -0.00037404 1 0 0
               114.2  4.49707 0.779189   -11.62 -0.0415741  0.0378422 -0.0548599 -0.00260013  0.00480547 -0.00351165   -0.0242441 -0.000162552  -0.00218655   -0.0429459    0.0127387 -0.000423311 1 0 0
             114.299  4.56439 0.925213 -11.5917 -0.0428022  0.0409355 -0.0451176 -0.0148024  0.0127213  0.0380079   -0.0242718 -0.000165539  -0.00219694   -0.0429137    0.0126273 -0.000793105 1 0 0
             114.398  4.51822 0.687994 -11.6514 -0.0374626  0.0377359 -0.0479923   0.0119301 -0.00349273   0.0153287  -0.0242762 -0.00016405 -0.00218848    -0.043205     0.012734 -0.000540025 1 0 0
               114.5  4.56709 0.742354  -11.773 -0.0369676  0.0390915 -0.0438478    0.010709 0.000180136    0.022551   -0.0243019 -0.000162813  -0.00219867   -0.0431625     0.012662 -0.000644756 1 0 0
               114.6    4.461 0.787244 -11.8144 -0.0383142  0.0349089 -0.0560753 -0.00587677  -0.0111548  -0.0292631   -0.0242892 -0.000169601  -0.00218737   -0.0431112    0.0128671 -0.000102652 1 0 0
               114.7  4.47878 0.642899 -11.8825 -0.0392186  0.0384231 -0.0505881   -0.0103028    0.0011504 -0.000259226   -0.0243198 -0.000161408  -0.00219359   -0.0430797    0.0126645 -0.000404208 1 0 0
             114.799  4.12367 0.920621 -11.9643 -0.0377485  0.0382549 -0.0514319 0.00696623 0.00760191  0.0019537    -0.024329 -0.000160487  -0.00218827    -0.043164    0.0126618 -0.000362623 1 0 0
               114.9  4.35003 0.978255 -11.5311 -0.0376541  0.0379632 -0.0497769  4.97189e-05 -0.000678504  -0.00455262   -0.0243447 -0.000166307  -0.00219487   -0.0431462    0.0127014 -0.000436839 1 0 0
                 115  4.49369  1.09037 -12.0294 -0.0353025  0.0367861 -0.0501173  -0.00680791   -0.0131785 -0.000871582  -0.0243619 -0.00016311 -0.00220191   -0.0432825    0.0126759 -0.000450118 1 0 0
             115.099  4.44702 0.879749 -12.3205 -0.0363181  0.0354384 -0.0485713 -0.00183701 -0.00242191   0.0159669   -0.0243754 -0.000166923  -0.00219001   -0.0432692    0.0127098 -0.000480541 1 0 0
             115.196  4.47123 0.826173  -12.055 -0.0371316  0.0372733   -0.04774 0.00233404 0.00452248 0.00392195   -0.0243821 -0.000145158  -0.00219911   -0.0432065    0.0126358 -0.000460358 1 0 0
             115.297  4.48389  1.17532 -12.0474 -0.0349931  0.0376314 -0.0540259 -0.00235983  0.00319202   -0.023461   -0.0243926 -0.000151458  -0.00221018   -0.0433052     0.012601 -0.000221103 1 0 0
             115.398  4.48622 0.987638 -12.0613 -0.0403413  0.0367061 -0.0542562    -0.027856 -0.000479453  -0.00652831   -0.0243959 -0.000169856  -0.00220456   -0.0431302    0.0127149 -0.000281973 1 0 0
             115.498 4.43493 1.02113 -12.139 -0.0390283  0.0354659 -0.0550842 -0.00957402 -0.00749617  -0.0145222   -0.0244001 -0.000147276  -0.00220886   -0.0432983    0.0127029 -0.000304345 1 0 0
               115.6  4.48874  1.28795 -12.0321 -0.0410147  0.0372822 -0.0532671 -0.0157111 0.00451274 0.00262452   -0.0244104 -0.000178256  -0.00219827   -0.0432357    0.0126111 -0.000403552 1 0 0
               115.7  4.52786  1.09613 -11.9668 -0.0372634  0.0363726 -0.0534245 -0.000116625  -0.00322963  0.000932468   -0.0244286 -0.000165235   -0.0022089   -0.043472   0.0125975 -0.00038895 1 0 0
               115.8   4.4741  1.18665 -12.0079 -0.0393012   0.036268 -0.0533814  -0.00866704 -0.000144385   0.00492991    -0.024432 -0.000178883  -0.00220832   -0.0433913    0.0126125 -0.000381956 1 0 0
               115.9  4.51102  1.12357 -12.0416  -0.036458  0.0345219 -0.0512575  0.00448513 -0.00806512  0.00940097   -0.0244576 -0.000164071   -0.0021976   -0.0435474    0.0126322 -0.000461012 1 0 0
                 116  4.36419  1.27348 -11.8829 -0.0391298  0.0347269 -0.0513122 -0.00670138 -0.00168957  0.00786302    -0.024472 -0.000170658  -0.00220994   -0.0434271    0.0126248 -0.000409699 1 0 0
               116.1  4.29929  1.41731 -11.6456 -0.0394629  0.0355195 -0.0525131 -0.00599154 0.000935528 -0.00721528   -0.0244768 -0.000176358  -0.00220319   -0.0434261    0.0125833 -0.000337677 1 0 0
               116.2  4.32903  1.60527 -11.7212 -0.0391685  0.0355665  -0.048242  -0.0102093 -0.00153795   0.0159165      -0.0245 -0.000176922  -0.00221048   -0.0434746    0.0125556 -0.000523609 1 0 0
               116.3  4.30375  1.44616 -11.8366 -0.0395015  0.0370321 -0.0515797 -0.00656915  0.00726137   0.0024908   -0.0245065 -0.000184572  -0.00219894   -0.0434956     0.012492 -0.000314323 1 0 0
               116.4  4.37014  1.23341 -11.6253   -0.03747  0.0377347 -0.0475202 0.00593493 0.00505979  0.0136691   -0.0245287 -0.000155473  -0.00220595   -0.0435912    0.0124571 -0.000457407 1 0 0
             116.499  4.22451  1.42636 -11.5964 -0.0350346  0.0394102 -0.0550992  0.0108701  0.0126619 -0.0274807   -0.0245212 -0.000185709  -0.00220826   -0.0436619    0.0124034 -0.000126653 1 0 0
             116.599  4.24998  1.40236 -11.5384 -0.0375279  0.0379265 -0.0537441 -0.00746985  0.00278523 -0.00251419  -0.0245404  -0.0001769 -0.00220937  -0.0435525    0.012543 -0.00027088 1 0 0
               116.7 4.28903 1.29785  -11.52 -0.0393071  0.0387611 -0.0503569  -0.013159 0.00160381 0.00975336   -0.0245614 -0.000178298  -0.00220962   -0.0435135    0.0125156 -0.000413937 1 0 0
               116.8  4.29696  1.21585 -11.4327  -0.037877  0.0414048 -0.0511608 -0.00211399   0.0118684 0.000824868   -0.0245717 -0.000176104  -0.00221281    -0.043604    0.0123931 -0.000334974 1 0 0
               116.9  4.30269  1.28198 -11.4498 -0.0407814  0.0400808 -0.0469041  -0.0170648 0.000411988   0.0202937   -0.024602 -0.00017671 -0.00221138    -0.043528    0.0125043 -0.000503661 1 0 0
                 117  4.30832  1.16915 -11.5312 -0.0378167  0.0375205 -0.0508512 0.000263824  -0.0112197 -0.00575715   -0.0246157 -0.000167292  -0.00220713   -0.0437258    0.0125533 -0.000292238 1 0 0
               117.1  4.21497   1.3568 -11.5109 -0.0364694  0.0392148 -0.0458311 0.00568336 0.00129248  0.0170066   -0.0246324 -0.000178418    -0.002207   -0.043753   0.0124229 -0.00048605 1 0 0
               117.2  3.86702  1.63293 -11.4355 -0.0353425  0.0369626 -0.0546225   0.0102609 -0.00785572  -0.0214208   -0.0246284 -0.000166399  -0.00220726   -0.0437876    0.0125179 -9.68096e-05 1 0 0
               117.3  4.00047   1.6739 -11.2184 -0.0374625  0.0407241 -0.0518168  -0.0104709  0.00940242 -0.00734262   -0.0246512 -0.000180598  -0.00222359    -0.043653    0.0123667 -0.000267322 1 0 0
               117.4  4.47823  1.38908 -11.5072 -0.0382071  0.0366204 -0.0529211  -0.0201584  -0.0179446 -0.00898961  -0.0246614  -0.0001797 -0.00220623   -0.0437169    0.0125287 -0.000276373 1 0 0
               117.5  4.75962  1.06872 -11.9512 -0.0415587  0.0365066    -0.0499 -0.0248541 -0.0125956 0.00981671   -0.0246901 -0.000168229  -0.00221436   -0.0436648    0.0124643 -0.000410978 1 0 0
               117.6  4.71775  1.05224 -12.0551 -0.0435201  0.0348633 -0.0530098  -0.0095672 -0.00771958  -0.0033904   -0.0246881 -0.000164413  -0.00219534  -0.0436547   0.0125031 -0.00024518 1 0 0
               117.7  4.87055  1.19342 -11.9002 -0.0426926   0.033178 -0.0517943  -0.0113913  -0.0136688 -0.00258671   -0.0247038 -0.000170935  -0.00221031   -0.0437371    0.0125111 -0.000323155 1 0 0
               117.8  4.87288  1.22588 -12.1327 -0.0414333   0.032584 -0.0491437 -0.00515107  -0.0107549   0.0125625    -0.024726 -0.000181165  -0.00220978   -0.0438388    0.0124465 -0.000422511 1 0 0
               117.9  4.81813  1.07087 -12.0824 -0.0364065  0.0349806 -0.0508939   0.024736 0.00823753 0.00105443   -0.0247224 -0.000176871  -0.00221286   -0.0440093    0.0122711 -0.000271775 1 0 0
                 118  4.92239  1.28798 -12.0406 -0.0393777  0.0356061 -0.0480259 -0.00166141  0.00267331  0.00669559   -0.0247473 -0.000177405  -0.00221702   -0.0438056    0.0123181 -0.000400735 1 0 0
               118.1  4.78693  1.38307 -12.0464 -0.0417629  0.0362584 -0.0510446  -0.0180812  0.00673898 0.000277611   -0.0247466 -0.000183791  -0.00221479   -0.0437411    0.0123295 -0.000240551 1 0 0
               118.2  4.75951   1.1272 -12.0595 -0.0411629  0.0338992 -0.0478777 -0.00702015 -0.00963352  0.00760033  -0.0247698  -0.0001796 -0.00222314    -0.043855    0.0124115 -0.000380102 1 0 0
             118.299  4.76183  1.20046 -12.0806 -0.0358158  0.0338136 -0.0496669   0.0174154 -0.00275238 -0.00220576  -0.0247826 -0.00014928 -0.00221357   -0.0440773    0.0123162 -0.000279014 1 0 0
               118.4  4.75618  1.39451 -12.0049 -0.0350393  0.0348212 -0.0473674  0.00913342 -0.00252014  0.00924733   -0.0247987 -0.000194383  -0.00221794   -0.0440358    0.0122641 -0.000364734 1 0 0
               118.5   4.7072  1.35253 -12.0447 -0.0354699  0.0358358  -0.048948   0.0010365  0.00458065 0.000262264   -0.0248084 -0.000170601  -0.00220956   -0.0439895    0.0122288 -0.000257019 1 0 0
               118.6  4.68544  1.43867 -11.9381 -0.0400371  0.0364476 -0.0519995 -0.0171705 0.00328216 -0.0154795   -0.0248173 -0.000182873  -0.00222982   -0.0438092    0.0122717 -0.000152698 1 0 0
               118.7  4.69897  1.28587 -11.9706 -0.0392675  0.0350378  -0.053715  -0.0124003 -0.00375234 -0.00989405   -0.0248243 -0.000152848  -0.00221714   -0.0439304    0.0123137 -0.000141878 1 0 0
               118.8  4.70749   1.3576 -11.9432 -0.0393372  0.0363291 -0.0542103 -0.0100001   0.003299 -0.0103028   -0.0248404 -0.000178023  -0.00222048   -0.0439665    0.0122305 -0.000155025 1 0 0
               118.9  4.59859  1.35643 -11.9917 -0.0382101  0.0319702 -0.0595095 0.000745809  -0.0137908  -0.0272378  -0.0248343  -0.0001713 -0.00221244   -0.0440779    0.0123981 -1.92474e-05 1 0 0
                 119  4.67813  1.40298 -11.8705 -0.0370441   0.034869 -0.0576109 0.00110909 0.00399221 -0.0107539   -0.0248529 -0.000168871  -0.00222708   -0.0440962    0.0122132 -0.000172322 1 0 0
               119.1  4.61995  1.41835 -11.8517 -0.0398837  0.0349744 -0.0562205 -0.0126392 0.00132152 0.00374384   -0.0248594 -0.000169625  -0.00223104   -0.0439917    0.0122487 -0.000263092 1 0 0
               119.2  4.70896    1.283 -11.8668  -0.040784   0.037309 -0.0519238 -0.0128805 0.00989152  0.0146337   -0.0248817 -0.000170282  -0.00222142   -0.0439936    0.0121578 -0.000407614 1 0 0
             119.299  4.71569  1.40937 -11.9023 -0.0409062  0.0361542 -0.0505793 -0.0111395 0.00146479  0.0162769   -0.0248966 -0.000168889   -0.0022229    -0.044058    0.0122218 -0.000413911 1 0 0
               119.4  4.77502  1.36207 -11.8737 -0.0395436  0.0381364 -0.0483383 -0.0014216 0.00745572  0.0201499   -0.024914 -0.00017051 -0.00222306   -0.0441373    0.0121211 -0.000414972 1 0 0
               119.5   4.7783  1.42698 -11.8699  -0.042134  0.0372426 -0.0444522  -0.0150542 -0.00149663   0.0263715   -0.0249359 -0.000180252  -0.00223269   -0.0440619       0.0122 -0.000502777 1 0 0
               119.6  4.78181  1.42834 -11.8784 -0.0412834  0.0366817 -0.0518868 -0.00499731 0.000213489  -0.0108925   -0.0249379 -0.000180409  -0.00222339   -0.0441576    0.0122066 -0.000114674 1 0 0
             119.699   4.8292  1.43873 -11.8734 -0.0409986  0.0360992 -0.0475417 -0.00468317 -0.00515411  0.00797143   -0.0249627 -0.000184369  -0.00222994   -0.0441968    0.0122054 -0.000331866 1 0 0
               119.8   4.7724  1.50507 -11.8306 -0.0395158  0.0370089 -0.0548984 0.00399711 0.00395716 -0.0231778   -0.0249603 -0.000183178  -0.00222776    -0.044263    0.0121432 -7.38964e-06 1 0 0
               119.9  4.79817  1.40264 -11.7671 -0.0401174  0.0366582  -0.054813 -0.00458239 -0.00144147  -0.0145688   -0.0249806 -0.000175266  -0.00223997   -0.0442398    0.0121726 -0.000103253 1 0 0
                 120  4.77586  1.36501 -11.8079 -0.0379423  0.0378489 -0.0546791  0.00581342  0.00502965 -0.00529558   -0.0249924 -0.000175827  -0.00222891    -0.044334    0.0120928 -0.000153489 1 0 0
             120.097  4.81801  1.40633 -11.7535 -0.0383331  0.0361105 -0.0546283 0.000444759 -0.00647104 -0.00717309   -0.0250043 -0.000190094  -0.00223348  -0.0443097   0.0121807 -0.00018905 1 0 0
             120.196  4.83638  1.35201 -11.8382 -0.0371068   0.033798  -0.052784  0.0032917 -0.0139696 0.00456908    -0.025015 -0.000165789   -0.0022281  -0.0443722   0.0122263 -0.00029484 1 0 0
             120.297  4.84442  1.35251 -11.7908 -0.0375628  0.0356822 -0.0528529 -0.00350004 -0.00105927  0.00446653   -0.0250265 -0.000175761  -0.00223929   -0.0443278    0.0120994 -0.000248091 1 0 0
             120.399   4.8456  1.26241 -11.8152 -0.0392465  0.0379841 -0.0522639 -0.00886732  0.00868375  0.00595833   -0.0250346 -0.000171948   -0.0022473   -0.0442619    0.0120097 -0.000238024 1 0 0
               120.5  4.87299  1.28456 -11.8321 -0.0373498  0.0386581 -0.0535794 -0.00121129  0.00745765 -0.00128431   -0.0250497 -0.000156606  -0.00223765   -0.0443783     0.011981 -0.000164302 1 0 0
               120.6  4.76615  1.31957 -11.8786 -0.0390357  0.0342745 -0.0487475 -0.0148717 -0.0167442  0.0206579   -0.0250575 -0.000193418  -0.00223955   -0.0443624    0.0121904 -0.000386027 1 0 0
               120.7  4.58133  1.30492 -12.1579 -0.0403023    0.03103 -0.0527867 -0.0155115  -0.043273  0.0199873   -0.0250661 -0.000168136  -0.00223741   -0.0443932    0.0122285 -0.000117552 1 0 0
               120.8  3.20718  4.37291 -15.0129 -0.0410138  0.0237712 -0.0438915 0.00526045  -0.202818   0.206644   -0.0250766 -0.000175086   -0.0022383   -0.0443588    0.0120306 -5.78638e-05 1 0 0
               120.9  1.06914  6.64176 -20.9701 -0.0329735 -0.0081371  -0.013976 0.0429025 -0.465726  0.306805  -0.0250483 -0.00024161  -0.0021603   -0.0445543    0.0118807 -0.000120754 1 0 0
                 121  2.15225  7.13944 -20.8806 -0.0334996 -0.0629214  0.0202557 -0.111581  -0.50695  0.224952   -0.0250655 -0.000193921  -0.00211754   -0.0446975    0.0120344 -0.000387052 1 0 0
               121.1  5.14381  4.05273 -23.7283 -0.0597916  -0.100526  0.0397387 -0.290187  -0.28071 0.0422633   -0.0251452 -0.000146447  -0.00225328   -0.0444025    0.0119619 -0.000638646 1 0 0
               121.2  9.27746 -1.79764 -29.3352 -0.106549 -0.116579 0.0263579   -0.33296 -0.0411452  -0.114584   -0.025205 -6.4227e-05 -0.00218574   -0.0438323    0.0122835 -0.000178678 1 0 0
             121.299  9.10638 -1.59038  -33.913  -0.143793  -0.113277 0.00112655 -0.237067 0.0334443 -0.131106   -0.0252307 -2.37054e-05  -0.00217876  -0.0434231   0.0123865 0.000470161 1 0 0
               121.4  7.44065  1.06693 -34.9862   -0.146192   -0.100272 -0.00349632 -0.0585654  0.0622751 -0.0368833   -0.0251566 -0.000119251  -0.00218981  -0.0437431   0.0116785 0.000387505 1 0 0
               121.5   7.2645  1.49075 -34.2134  -0.130318  -0.100759 0.00208665 0.0679798 0.0333441 0.0278926   -0.0251518 -0.000164726  -0.00222595  -0.0445443   0.0113918 0.000176496 1 0 0
               121.6  6.22812  2.10045 -34.1594  -0.113809  -0.102603 0.00918794 0.0992198 0.0147341 0.0480531   -0.0251737 -0.000142634  -0.00226692  -0.0450217   0.0112823 2.17692e-05 1 0 0
               121.7  4.99594  2.77069 -34.3881 -0.102003 -0.104448 0.0207881  0.0917268 0.00180255  0.0632313   -0.0251711 -0.000144446    -0.002248   -0.0452086    0.0112871 -0.000298793 1 0 0
               121.8 4.39895 2.85538 -34.544 -0.0970892  -0.102809  0.0161124   0.0599368 -0.00152355  0.00326851   -0.0251749 -0.000137371  -0.00224834  -0.0450602   0.0113378 0.000117809 1 0 0
               121.9  4.22955   3.3198 -34.3356 -0.0969585 -0.0987869  0.0129702  0.0185613 0.00830984 -0.0213107   -0.0251956 -0.000132643  -0.00224552  -0.0447747   0.0113024 0.000253305 1 0 0
                 122  4.57782  3.20021 -34.1685 -0.0993404  -0.097567 0.00757971 -0.0193052 0.00704549 -0.0380585   -0.0252068 -0.000137808  -0.00225193  -0.0446651   0.0113684 0.000370621 1 0 0
               122.1  5.01965  3.09947 -34.0677 -0.0969585 -0.0987378 0.00853789   -0.0130101 -0.000707837  -0.00194926   -0.0252354 -0.000130031  -0.00226099    -0.04488   0.0112831 0.000203558 1 0 0
             122.199  5.01745  3.04197 -34.1699 -0.0980776  -0.103255 0.00971672 -0.0214668 -0.0112989 0.00901902   -0.0252473 -0.000127813  -0.00225186  -0.0450235   0.0114295 0.000141031 1 0 0
               122.3  5.06363  2.80657 -34.2533 -0.0978065  -0.104841  0.0161111 -0.0188331 -0.0210963  0.0334006  -0.0252508 -0.00013667 -0.00225256  -0.0451165   0.0113652 -9.3062e-05 1 0 0
               122.4   5.0964  2.44169 -34.3464 -0.100541 -0.102361 0.0121969   -0.0291251 -0.000994829 -0.000258755   -0.0252524 -0.000128522  -0.00225179  -0.0450052   0.0112309 0.000238795 1 0 0
               122.5  5.13995  2.31109 -34.4941  -0.103647 -0.0973568  0.0148144 -0.0334552  0.0134687 0.00676551  -0.0252636 -0.00012902 -0.00225771  -0.0448648   0.0110297 0.000147871 1 0 0
               122.6  5.31933  2.23886 -34.5117  -0.105684 -0.0967205  0.0121002 -0.0267891  0.0128176 -0.0115126   -0.0252672 -0.000132137  -0.00225715  -0.0449335   0.0110282 0.000278735 1 0 0
               122.7  5.52126   2.1898 -34.5086  -0.103511 -0.0963854  0.0112967 -0.00593285  0.00258745  -0.0103346   -0.0252858 -0.000136128  -0.00226146  -0.0451132   0.0109171 0.000271641 1 0 0
               122.8  5.66417  2.14328 -34.4539   -0.10249 -0.0963901  0.0131103  -0.00321719 -0.000172813    0.0028735   -0.0252907 -0.000143615  -0.00226388  -0.0451721   0.0108634 0.000167452 1 0 0
               122.9  5.65067  2.13077 -34.5033  -0.102066 -0.0989398  0.0179906 -0.0121064 -0.0141768  0.0251722   -0.0253051 -0.000138175  -0.00225974   -0.0452734    0.0108917 -3.01422e-05 1 0 0
                 123  5.67781  1.90696 -34.5081  -0.104305 -0.0994988  0.0174276   -0.021839 -0.00559252   0.0121534   -0.0253038 -0.000141169  -0.00226516  -0.0452433   0.0108917 9.41837e-05 1 0 0
             123.099   5.0386  1.01899 -34.3735 -0.103672 -0.097088   0.02044 0.0191584 0.0265205 0.0254928   -0.0253233 -0.000138894  -0.00226155 -0.0452519  0.0107621 5.8809e-05 1 0 0
               123.2  1.94731 -2.28486 -31.1932 -0.0941118 -0.0911752  0.0186227  0.182895 0.0725233 0.0376786    -0.025305 -0.000126602  -0.00226649  -0.0452559   0.0107213 0.000327424 1 0 0
               123.3  -3.6426 -2.28497 -19.7904 -0.0600668 -0.0802194   0.018552   0.360089  0.0700258 0.00517278   -0.0252514 -7.07723e-05  -0.00236642  -0.0453683   0.0103779 0.000509325 1 0 0
               123.4 -7.73936  2.11015 -8.98825   -0.02154 -0.0724518  0.0206909   0.312329  0.0782375 -0.0505118  -0.0252116 -0.00016951  -0.0025307   -0.045491   0.0102658 0.000280539 1 0 0
               123.5 -8.41141  3.70217 -4.07188  0.0251482 -0.0718547  0.0268671    0.247996   0.0583666 -0.00404436   -0.0252342 -0.000238421  -0.00250549   -0.0465643    0.0101722 -0.000144598 1 0 0
               123.6 -6.08144  2.35233  -2.7502  0.0499736 -0.0675838  0.0319358   0.196406  0.0710998 0.00141652   -0.0253269 -0.000190144  -0.00237893   -0.0467906    0.0102413 -0.000380515 1 0 0
               123.7  -1.3013   4.0301 -6.62211  0.0470626 -0.0684994  0.0210028  0.0808894  0.0666327 -0.0726748 -0.0254128  -0.000125  -0.002319  -0.0459281    0.010592 6.40548e-05 1 0 0
               123.8  2.44539   4.0913 -8.67508  0.0318318 -0.0635312 0.00340119 -0.0353403   0.108209  -0.136982   -0.0254909 -0.000166923  -0.00221077  -0.0450344   0.0108232 0.000474699 1 0 0
               123.9  4.77295  8.78377 -13.7239  0.0202618 -0.0487891 -0.0174526 -0.127102  0.122015 -0.155564  -0.0254767 -0.00014061 -0.00223868  -0.0448886   0.0106684 0.000773713 1 0 0
                 124 2.41207 16.9462 -23.419 0.00914623  -0.037415 -0.0369264  -0.185124  0.0643283 -0.0918353  -0.0254619 -0.00023218 -0.00216797 -0.0451337  0.0105371 0.00109733 1 0 0
               124.1 -1.04802  19.0888 -32.9446 0.00624679 -0.0287885  -0.047193  -0.132567 0.00170716 0.00296945  -0.0253909 -0.00027575  -0.0020802 -0.0457894  0.0100912 0.00137539 1 0 0
               124.2 -1.87194   16.311 -35.6588 0.00300449 -0.0190626 -0.0209988 -0.0455048  0.0572033   0.159647  -0.0254148 -0.00012588   -0.002097  -0.0458055  0.00960948 0.000583347 1 0 0
               124.3 -3.47529  11.1455 -33.0436  -0.0212023 -0.00167413   0.0109112 -0.0657117   0.144374   0.245242   -0.0254358 -1.80944e-05  -0.00226493  -0.0447997  0.00980159 0.000362764 1 0 0
               124.4 -4.29049  5.35181 -26.4937 -0.0331217  0.0140229  0.0355704 -0.0667139   0.164244   0.203284  -0.0254279  5.5771e-05 -0.00234802  -0.0445778  0.00998431 0.000376771 1 0 0
               124.5  -6.5105  3.54506 -23.4068 -0.0394637  0.0347442  0.0468518 -0.0741824    0.17571   0.114137  -0.0254397 0.000104548 -0.00244324  -0.0445444  0.00979682 0.000580399 1 0 0
               124.6 -6.68179  3.44258 -21.7063 -0.0301135  0.0438244   0.051056 -0.0198223    0.14066  0.0468765  -0.0254267 9.64307e-06  -0.0023725   -0.045313  0.00965207 0.000621137 1 0 0
               124.7 -5.27042  2.43939   -20.04 -0.026115 0.0454659 0.0448819  -0.0219802     0.12627 -0.00220599   -0.0254733 -3.18513e-05  -0.00237095  -0.0458709  0.00994622 0.000985044 1 0 0
               124.8  -4.22098 -0.589779  -18.8421 -0.0276554  0.0525907   0.050996 -0.0332266   0.170482    0.06601   -0.0255188 -4.99841e-05  -0.00235461  -0.0460827   0.0103019 0.000837708 1 0 0
               124.9 -2.99527 -4.77253  -12.433 -0.033017 0.0754441 0.0594217 0.00806814   0.232818   0.110161   -0.0255191 -4.90183e-06  -0.00238552  -0.0458656    0.010274 0.000882766 1 0 0
                 125 -6.05431 -5.16461 -4.42245 -0.0319421   0.102909   0.071742 0.0537267  0.290528 0.0981086  -0.0255443 7.08734e-06   -0.002501 -0.0457318  0.0102545 0.00078122 1 0 0
               125.1 -9.7273 -5.5817 3.54096 -0.0174018   0.135184  0.0806425 0.0873375  0.258327  0.061781   -0.0254485 -0.000117428  -0.00253715 -0.0460066 0.00999114 0.00079004 1 0 0
             125.196 -7.88265 -7.31711  9.20513 0.00616571    0.15923  0.0823382     0.12517    0.193428 -0.00867249   -0.0254265 -9.58131e-05  -0.00253076  -0.0466555  0.00971375 0.000838882 1 0 0
               125.3 -5.65925 -9.54692  15.0744 0.0243544  0.166072 0.0759308   0.117649   0.101287 -0.0491131   -0.0255348 -9.10827e-05  -0.00250585 -0.0469043  0.0100632 0.00108671 1 0 0
               125.4 -3.92727 -11.5333  22.5876  0.029674  0.161796 0.0776421  0.0927782 0.00265559 -0.0612825   -0.0255829 -9.45304e-05  -0.00253127  -0.0465773    0.010644 0.000740991 1 0 0
               125.5  -1.8977 -11.3067  27.6429 0.0339949  0.153916 0.0658582  0.0787641 -0.0660794  -0.146917   -0.0255902 -0.000108444  -0.00253393  -0.0462686   0.0108122 0.000774104 1 0 0
               125.6 0.327577 -10.7963  27.6032 0.0475587  0.153192 0.0353063   0.130356 -0.0382528  -0.278751  -0.0255761 -0.00015548 -0.00249914 -0.0464143  0.0105652 0.00131323 1 0 0
             125.699  3.98947 -7.63417  27.3817  0.0695891    0.15829 0.00563762   0.181161 0.00286582  -0.329023  -0.0255654 -0.00016454 -0.00241478 -0.0469088  0.0103788 0.00139029 1 0 0
               125.8  8.99842 -4.06006   29.636  0.0871671   0.160558 -0.0314039  0.151106 0.0215541 -0.344104   -0.0256208 -0.000277002   -0.0024155 -0.0469165  0.0103421 0.00152168 1 0 0
               125.9 13.0674 -2.1374 31.0881   0.103462   0.167305 -0.0620892  0.122142 0.0465153 -0.285264   -0.0256598 -0.000272087  -0.00245983 -0.0471479  0.0102627 0.00151692 1 0 0
                 126   15.5955 -0.342405   30.4923   0.102012   0.163904 -0.0823127 -0.0029341  0.0151756  -0.204868   -0.0256301 -0.000234555   -0.0024396  -0.046616   0.010306 0.00119703 1 0 0
               126.1    16.8965 0.00400336    27.1273 0.089107 0.158983 -0.10416 -0.0924359 -0.0261135  -0.175756   -0.0256108 -0.000226323  -0.00237827 -0.0461127  0.0102888 0.00132379 1 0 0
               126.2 16.6167 1.63598  22.748 0.0709902  0.166039  -0.12014  -0.131103 0.00512384  -0.155842   -0.025602 -0.00018122 -0.00235844 -0.0460969 0.00978606 0.00141929 1 0 0
             126.299 16.3109 3.27158 18.3356 0.0520894  0.167021 -0.135937 -0.155721 0.0115606 -0.138385   -0.0255745 -0.000184947  -0.00233683 -0.0459009 0.00966668 0.00150402 1 0 0
               126.4 13.5287 6.81728 12.1244 0.0335299    0.1637 -0.148722  -0.165692 -0.0138349 -0.0884794   -0.0255892 -0.000193101  -0.00232999  -0.045721 0.00978007 0.00151643 1 0 0
               126.5 10.7166 10.8993 4.93611 0.0232659  0.164255 -0.143327   -0.139574  -0.0270679 -0.00920882   -0.0255632 -0.000167419   -0.0022847 -0.0459628 0.00961386 0.00106203 1 0 0
               126.6  7.53452  14.5751 -2.72398 0.0176648  0.162463 -0.129969  -0.113666 -0.0332258  0.0712432   -0.0256067 -0.000200602  -0.00227169  -0.0462717  0.00950588 0.000555057 1 0 0
               126.7  6.74057  13.5453 -10.5014 0.00666534   0.163464   -0.12339   -0.108724 -0.00757162     0.09664   -0.0256336 -0.000150859   -0.0022539  -0.0463448  0.00936435 0.000670816 1 0 0
               126.8  7.10835  13.0411 -16.9238 -0.0105467   0.156746  -0.127424  -0.111908 -0.0265389  0.0250009   -0.0257174 -4.19075e-05   -0.0022971 -0.0461941 0.00965984 0.00115321 1 0 0
               126.9 5.17831 16.0808  -22.32 -0.0314721   0.145623  -0.126238 -0.0987637 -0.0464437  0.0162301   -0.0257384 -6.16317e-05  -0.00232968 -0.0457516  0.0101176 0.00119455 1 0 0
                 127  2.46502  19.7481 -24.9968 -0.0389768   0.139673  -0.130668   -0.049916  -0.0177101 -0.00267256  -0.0257003 -0.00010095 -0.00235865 -0.0458246  0.0102793 0.00139571 1 0 0
               127.1 -1.06471  23.3022  -26.689 -0.0308964   0.143361  -0.124179 0.0136743  0.016898 0.0361205   -0.0256961 -0.000137207  -0.00238839 -0.0461084 0.00991064 0.00110397 1 0 0
               127.2  -3.8475  24.8256 -27.4801 -0.014799  0.149876 -0.119697 0.0642042 0.0500514 0.0529147  -0.0256615 -0.00015636 -0.00239965  -0.0465209  0.00946226 0.000997496 1 0 0
               127.3 -1.14279  20.5226 -23.6856 -0.00668827    0.159047   -0.109537 0.0740645 0.0714603 0.0894827   -0.0256788 -0.000128392  -0.00241134  -0.0464645  0.00927067 0.000860626 1 0 0
               127.4 2.99088 10.6571 -16.528 -0.00156564    0.155557  -0.0999975  0.115127 0.0353714  0.121418   -0.0257664 -2.64783e-05  -0.00249901  -0.0465325  0.00978183 0.000901651 1 0 0
               127.5   4.4279  3.39893 -10.6091  0.0037104   0.144802 -0.0869062   0.137772 -0.0359469   0.143521  -0.0258261 9.47259e-05 -0.00259895   -0.046443   0.0104424 0.000958009 1 0 0
               127.6  3.23771  1.91757 -5.88182 0.00922001   0.141424 -0.0768932   0.104944 -0.0458399   0.149944  -0.0258089  1.7939e-05 -0.00257982 -0.0461828  0.0105565 0.00125729 1 0 0
               127.7  4.25887  3.83677 -1.50785  0.0257466   0.141192 -0.0644976  0.0753894 -0.0282917   0.180961   -0.0257547 -0.000119901  -0.00258034 -0.0464564  0.0102791  0.0014263 1 0 0
               127.8  3.32329  5.36588 0.915534  0.0494864   0.147804 -0.0353844  0.0884336 0.00659347    0.24041   -0.0258115 -0.000191559  -0.00257448 -0.0471702 0.00973516 0.00107146 1 0 0
               127.9 -0.183515   5.59199    1.4872  0.0762544   0.142825 -0.0197844   0.143069 -0.0286878   0.152552   -0.0257483 -0.000213977  -0.00252601 -0.0479775 0.00986779 0.00126696 1 0 0
                 128 -2.11387  4.70882  1.24768   0.0900166    0.139791 -0.00886717   0.123565 -0.0381177  0.0695578   -0.0257149 -0.000184533  -0.00250539 -0.0480089 0.00984884 0.00127526 1 0 0
               128.1 -2.77224  3.84342  1.57621   0.0906454    0.140973 -0.00484002  0.0639452  0.0107209 0.00909502   -0.0257475 -0.000148272  -0.00248646 -0.0475818 0.00971384 0.00130533 1 0 0
               128.2 -2.78567  3.11372  2.36042  0.0906133   0.134151 -0.0053555   0.0297609 -0.00597724   -0.043236   -0.0257742 -0.000148994  -0.00248935 -0.0472808  0.0101001 0.00125129 1 0 0
               128.3 -3.00884   4.1918  2.34731  0.0900041   0.129224 -0.0115115 0.00380637 -0.0808656 -0.0508297   -0.0258011 -0.000146551  -0.00250206 -0.0471576  0.0101707 0.00129352 1 0 0
               128.4  -3.896 5.95771 0.48072  0.0941242   0.114579 -0.0154686 0.0101769 -0.191236 0.0128675   -0.0258052 -0.000211155  -0.00247876 -0.0473188  0.0102076 0.00136695 1 0 0
               128.5 -3.91754  7.27977 -1.49864    0.101427   0.0974457 -0.00239728 -0.00720848   -0.204425   0.0894759   -0.0258066 -0.000205077   -0.0024407  -0.0476621   0.0100798 0.000963649 1 0 0
               128.6 -3.78034  7.41093 -5.56241  0.103709 0.0803494 0.0095673 -0.0761688   -0.15335  0.0882564   -0.0258399 -0.000206199  -0.00243684 -0.0479842  0.0100406 0.00080254 1 0 0
               128.7 -0.413749   4.30447  -9.99743 0.0869536 0.0655684 0.0154355  -0.169647 -0.0985546  0.0327945   -0.0258712 -0.000173211  -0.00239827   -0.047795   0.0101488 0.000858499 1 0 0
               128.8   2.6394 0.953749 -14.5185  0.054608 0.0531303  0.011332  -0.243658 -0.0438284 -0.0156019   -0.0259666 -9.94264e-05  -0.00240027 -0.0472848  0.0104454 0.00115462 1 0 0
               128.9  2.51212 -1.63136 -18.8098  0.0122664  0.0419582 -0.0030998  -0.275713 -0.0626649 -0.0423849  -0.0259512 -9.1247e-05 -0.00239853 -0.0466016  0.0109128 0.00180798 1 0 0
                 129 0.755508 0.544018 -20.5348 -0.00965353   0.0433595 -0.00744485  -0.190011 -0.0365012 -0.0278366  -0.0259012 -0.00011034 -0.00241911 -0.0465849  0.0105864 0.00189917 1 0 0
               129.1 -0.479069   3.09354  -20.3433 -0.00603541   0.0507488 -0.00199081  -0.0740753   0.0308719 -0.00795458   -0.0258688 -0.000234862  -0.00247532 -0.0472548  0.0098897 0.00161729 1 0 0
               129.2   -1.909  4.95882 -20.7794  0.0141155  0.0593014 -0.0082254  0.0611434  0.0646329 -0.0596607    -0.025868 -0.000239584  -0.00251324 -0.0481368 0.00926646 0.00180613 1 0 0
               129.3 -2.58641  4.29148 -21.6023  0.0306087  0.0609359 -0.0106346  0.112493 0.0182046 -0.050032   -0.0258693 -0.000233393   -0.0025023  -0.048558 0.00924667 0.00162458 1 0 0
               129.4 -2.35839  4.81662 -22.3129   0.0284189   0.0543654 -0.00395157   0.0585025  -0.0353214 -0.00455368   -0.025913 -0.00015761 -0.00249676 -0.0481347 0.00978747  0.0011878 1 0 0
               129.5 -1.70143  5.98865 -22.0235   0.0256024   0.0491227 -0.00506701    0.0130364   -0.0252162 -0.000418359   -0.0259428 -0.000165447  -0.00250191 -0.0478686  0.0100245 0.00125026 1 0 0
               129.6 -1.61006  6.13404 -21.8282   0.0232595   0.0472632 -0.00377919  -0.013055 -0.0124288  0.0154157  -0.0259729 -0.00018049 -0.00252366 -0.0477595  0.0100883 0.00122915 1 0 0
             129.699 -1.64152  5.90816 -21.7279   0.0279567   0.0456417 -0.00825336  0.00745638  -0.0155925 -0.00715602   -0.0259643 -0.000165545  -0.00251198 -0.0480165 0.00995614 0.00144497 1 0 0
             129.799 -1.48049  6.29962 -21.6732  0.0289206  0.0464468 -0.0135735 -0.00148356 -0.00554215  -0.0263315   -0.0259654 -0.000158996  -0.00251456 -0.0480228  0.0098295 0.00162397 1 0 0
               129.9 -1.16295  6.08938 -21.8838  0.0303967  0.0450864 -0.0217405 -0.00868065 -0.00531283  -0.0508748   -0.0259751 -0.000175751  -0.00250145 -0.0481457 0.00979971 0.00181486 1 0 0
                 130 -0.130378   4.64031  -21.9895  0.0257499  0.0446502 -0.0216286 -0.0531085 -0.0258693 -0.0366573   -0.0259851 -0.000159168  -0.00251496 -0.0480295 0.00983251 0.00160289 1 0 0
               130.1 -1.08502  4.21981 -24.5464  0.0181643   0.036736 -0.0229279   -0.141219   -0.146354 -0.00164783   -0.0260093 -0.000133641  -0.00250172 -0.0480976  0.0098352 0.00152719 1 0 0
             130.197 -4.23381     6.97 -29.3399 -0.00593082   0.0180854  -0.0165873 -0.286375 -0.263896 0.0465045  -0.0259852 -0.00015454 -0.00245959 -0.0479119  0.0097937 0.00135889 1 0 0
             130.296 -4.44836  5.86944 -35.0216  -0.0292127 -0.00319744  -0.0148486 -0.282369 -0.236692 0.0240517   -0.0259322 -0.000227662  -0.00242196 -0.0480992 0.00943585 0.00148224 1 0 0
               130.4 -2.18325  2.96554 -40.4327 -0.0500769 -0.0213403  -0.008374   -0.23788  -0.207384 0.00955083   -0.0260462 -0.000138633  -0.00234693 -0.0482691 0.00912273 0.00124274 1 0 0
               130.5  1.53293  3.77921 -42.5659   -0.0888745   -0.0419393 -0.000683794 -0.290161  -0.20327 0.0398099   -0.0261046 -0.000104011  -0.00238183 -0.0477621 0.00951406 0.00108416 1 0 0
               130.6  3.16882   3.4109 -45.5777   -0.123611  -0.0685191 -0.00520774  -0.308408   -0.19069 0.00215548   -0.0261223 -0.000187188  -0.00245728  -0.047823 0.00996555 0.00143203 1 0 0
               130.7  4.11595  2.70571 -49.2362  -0.145137 -0.0939385 -0.0115265  -0.258906  -0.196348 -0.0372835   -0.0260996 -0.000175539  -0.00245511  -0.048331 0.00990909 0.00165304 1 0 0
               130.8 5.32786  2.1933 -51.778   -0.15898  -0.102945 -0.0230866  -0.187347  -0.137245 -0.0799837   -0.0260745 -0.000180777   -0.0024513 -0.0483413 0.00926768 0.00202028 1 0 0
               130.9  5.34166  2.95633 -53.2904  -0.173113  -0.112554 -0.0251868  -0.158189  -0.124636 -0.0686703   -0.0261059 -0.000181974  -0.00246692 -0.0482975 0.00902062 0.00177003 1 0 0
                 131  5.49196  3.10788 -54.3027  -0.182195  -0.129568 -0.0280658  -0.133459  -0.167193 -0.0728275   -0.0260533 -0.000219728    -0.002483 -0.0485657 0.00884676 0.00155216 1 0 0
               131.1  6.94576  4.00962 -54.1631  -0.190652  -0.144068 -0.0328423  -0.128319  -0.154332 -0.0739144   -0.0260844 -0.000211326   -0.0025031 -0.0486031 0.00855156 0.00144614 1 0 0
               131.2  7.94584  4.80902 -55.0515  -0.206523  -0.161787 -0.0412084   -0.17419  -0.147561 -0.0786982   -0.0261063 -0.000232335  -0.00252438 -0.0486936 0.00867457 0.00145571 1 0 0
               131.3  9.72197  5.40005 -55.5045  -0.225093  -0.180321 -0.0514323  -0.189314   -0.13016 -0.0813281   -0.0261225 -0.000229635  -0.00250069 -0.0489028 0.00883411 0.00152707 1 0 0
               131.4  11.7686  4.47034 -56.2155 -0.238819 -0.193945 -0.065758  -0.148982  -0.103331 -0.0999977  -0.0261398 -0.00023394 -0.00251122  -0.049116 0.00873936 0.00181279 1 0 0
               131.5  12.6017  3.00014 -57.5445  -0.250731  -0.190141 -0.0768359  -0.110299 -0.0260828  -0.108214   -0.0261526 -0.000188063  -0.00252365 -0.0486525 0.00840574 0.00196982 1 0 0
               131.6  14.4747  3.31907 -57.4652  -0.260806  -0.178361 -0.0784292 -0.0462217  0.0547752 -0.0439105   -0.0261537 -0.000178185  -0.00251891 -0.0480805 0.00817702 0.00171027 1 0 0
               131.7  13.6525   3.9461 -57.6326  -0.253304  -0.176167 -0.0767631 0.0272258  0.029557 0.0335387    -0.026202 -0.000237965  -0.00253361  -0.048381 0.00780806 0.00170256 1 0 0
               131.8  11.4472  5.14642 -57.5174  -0.254013   -0.18353 -0.0774298 -0.00667192   -0.024386 -0.00539182   -0.0261131 -0.000231025  -0.00252489 -0.0487046 0.00814622 0.00170567 1 0 0
               131.9  11.5069  5.74945 -56.9971  -0.245572  -0.186204 -0.0703233 0.000153357  -0.0186237   0.0197067   -0.0261344 -0.000268126  -0.00252993 -0.0489248 0.00761121 0.00146634 1 0 0
                 132  12.1998  4.45843 -57.5177  -0.240829  -0.186917 -0.0718033 -0.00101216 -0.00601015  0.00543392   -0.0261671 -0.000248008  -0.00253885 -0.0490546 0.00737486 0.00166353 1 0 0
               132.1  12.9004  3.32225 -58.4115  -0.250412  -0.184162 -0.0758698  -0.046439 0.00522091 -0.0140944   -0.0261829 -0.000211954  -0.00251972 -0.0487454 0.00767387 0.00183706 1 0 0
             132.199  13.0723  3.23374 -58.8392  -0.257265  -0.177796 -0.0818961 -0.0459139   0.036459 -0.0280718   -0.0261926 -0.000212583  -0.00252365 -0.0484756 0.00771421 0.00206431 1 0 0
               132.3  13.1169  3.72565 -59.2408   -0.25735  -0.174954 -0.0791318   -0.0252293    0.0346001 -0.000597733   -0.0262065 -0.000220312   -0.0025227 -0.0485919 0.00750616 0.00188434 1 0 0
               132.4  12.9632  4.73557 -58.4539  -0.259701  -0.169692 -0.0778717 -0.0289299  0.0472955 0.00147261   -0.0262007 -0.000247471  -0.00251361 -0.0485394 0.00745826  0.0018495 1 0 0
               132.5  13.3396  5.54829 -57.1189  -0.249483  -0.167498 -0.0817602  0.0157354  0.0415373 -0.0134231   -0.0262012 -0.000260312  -0.00254469 -0.0489164 0.00699322 0.00211966 1 0 0
               132.6  14.2102  8.02877 -55.7433  -0.245141  -0.167162 -0.0755689 0.00768772  0.0439507  0.0138429   -0.0262173 -0.000273869  -0.00254187 -0.0491707 0.00684259 0.00177928 1 0 0
               132.7  14.4264  9.44329 -54.5422  -0.244369  -0.163874 -0.0759184 0.00178073  0.0390086  0.0166069   -0.0262358 -0.000318064  -0.00254285 -0.0492396  0.0068635 0.00186071 1 0 0
               132.8  14.2649  7.81607 -54.4689  -0.247593  -0.159209 -0.0791598  -0.0155731    0.013707 -0.00581942   -0.0262208 -0.000277191  -0.00253697 -0.0491184 0.00699413 0.00207323 1 0 0
               132.9   13.964  6.36897 -55.1134  -0.250907   -0.15317 -0.0834491  -0.032926 -0.0147625 -0.0309824   -0.0262241 -0.000214186    -0.002532 -0.0488202 0.00690677   0.002298 1 0 0
                 133 14.3871 7.11308 -54.832  -0.254844  -0.144833 -0.0835402 -0.0372743  0.0240029 -0.0246921   -0.0262245 -0.000222707  -0.00252855 -0.0483919 0.00667537 0.00227606 1 0 0
               133.1  14.6434  7.19353 -54.4637   -0.25831  -0.144037 -0.0799716 -0.0477244  0.0167126  0.0116471   -0.0262434 -0.000245267  -0.00253374 -0.0484493 0.00661169 0.00205389 1 0 0
               133.2  14.6371  7.31802 -54.2577  -0.257677  -0.150262 -0.0807228 -0.0576432 -0.0385056 0.00208171   -0.0262409 -0.000250349  -0.00253442  -0.048876 0.00649145 0.00210083 1 0 0
               133.3  15.8566  6.33882 -53.2002  -0.263529  -0.157582 -0.0815454  -0.103212 -0.0843019  0.0111946   -0.0262304 -0.000254446  -0.00252879 -0.0490221  0.0064342 0.00218307 1 0 0
               133.4  17.7868  4.83978 -53.5682  -0.273239  -0.164992 -0.0792636 -0.120007 -0.113239 0.0244532   -0.0262811 -0.000237637  -0.00255965 -0.0489557 0.00628227 0.00220678 1 0 0
               133.5  17.2115  4.03162 -55.7403  -0.283555  -0.169629 -0.0727095  -0.130123 -0.0788153  0.0548754   -0.0263184 -0.000218529  -0.00252905 -0.0487555 0.00597915 0.00221898 1 0 0
               133.6  14.9821  1.83705 -59.0905  -0.304686  -0.171754 -0.0694364   -0.161905  -0.0362941 0.000539554  -0.0262843 -0.00020569 -0.00249897 -0.0484171 0.00621385 0.00219235 1 0 0
               133.7  14.6498  1.38583 -61.4809  -0.312484  -0.168487 -0.0733337  -0.109569 -0.0209466 -0.0747538   -0.0262514 -0.000167439  -0.00248265 -0.0483034 0.00575181 0.00236971 1 0 0
               133.8 16.6849 2.75242 -60.409 -0.316188   -0.1695  -0.08209  -0.0391263 -0.00290557  -0.0905435    -0.026285 -0.000181726  -0.00250241 -0.0483726 0.00551985 0.00244042 1 0 0
               133.9  16.7338   4.3288 -59.4554 -0.314349 -0.177638 -0.093748 0.00456257 -0.0265256 -0.0761021   -0.0263518 -0.000244929  -0.00255063 -0.0488077 0.00555063 0.00259832 1 0 0
                 134  15.3885  4.18056 -58.6338  -0.314531  -0.194352 -0.0994176 -0.00126815  -0.0784394  -0.0523459   -0.0263091 -0.000276927  -0.00252466 -0.0493712 0.00581658 0.00243354 1 0 0
               134.1   14.568  3.24801 -57.5585 -0.307177 -0.200545 -0.100588  0.0102884 -0.0672131 -0.0223851  -0.0263055 -0.00024632  -0.0025313 -0.0494825  0.0054058 0.00239375 1 0 0
               134.2  15.0228  2.93251 -56.8117 -0.306879 -0.200441 -0.100383 -0.010461 -0.033756 -0.010867   -0.0263046 -0.000226005  -0.00255562 -0.0492247 0.00521699 0.00237828 1 0 0
               134.3 14.8147 3.01891 -56.409 -0.307095 -0.195933 -0.103463 -0.0198626 -0.0107175 -0.0193364   -0.0263464 -0.000232568  -0.00254109 -0.0489323 0.00500006  0.0025696 1 0 0
               134.4   14.947  3.46748 -55.5641 -0.312453  -0.19838 -0.112171 -0.0333163 -0.0291206  -0.054162   -0.0263224 -0.000227025  -0.00253505 -0.0488946 0.00520954 0.00280867 1 0 0
               134.5  15.7328  4.05115 -54.6116  -0.31121 -0.201022 -0.113234 -0.0217412 -0.0171683 -0.0195866  -0.0263681 -0.00023445 -0.00254182 -0.0490101 0.00497712 0.00270204 1 0 0
               134.6  16.2448  3.88172 -54.6978 -0.314851 -0.206441 -0.112533   -0.036943  -0.0259164 -0.00115736   -0.0263727 -0.000263093  -0.00253157 -0.0491498 0.00508769 0.00254105 1 0 0
             134.701  16.7488   3.1859 -54.9243 -0.314967  -0.20676 -0.111019 -0.0300006  -0.020435 0.00650344   -0.0263999 -0.000231626  -0.00252405 -0.0491503 0.00483223 0.00254954 1 0 0
               134.8   16.781  2.98318 -55.0716 -0.319989 -0.205302  -0.12017  -0.0355006 -0.00928388  -0.0342206   -0.0263823 -0.000225708  -0.00251993 -0.0489813 0.00495706 0.00298077 1 0 0
               134.9  16.4643  3.20254 -54.8971 -0.321806 -0.200701  -0.11895 -0.0338818 0.00402327 -0.0101442   -0.0263908 -0.000235398   -0.0025258 -0.0487706 0.00468435 0.00288273 1 0 0
                 135  16.2695  3.55029 -54.6234 -0.316196 -0.202172 -0.120238 -0.00221016 -0.00316819  -0.0129895   -0.0263749 -0.000249017  -0.00252449 -0.0490517  0.0043593 0.00297663 1 0 0
               135.1  16.5112    3.412 -54.5957 -0.313371 -0.205447 -0.118263   0.00153809   -0.0200838 -0.000832243   -0.0263874 -0.000254352  -0.00253261  -0.049237 0.00422888 0.00283834 1 0 0
             135.198   16.745  3.45696 -54.6248 -0.317083 -0.205244 -0.114423 -0.0184664 -0.0159563  0.0194426   -0.0264216 -0.000256828   -0.0025205 -0.0490516 0.00426419 0.00266302 1 0 0
               135.3 16.3833 3.60413 -54.659 -0.319015 -0.206216 -0.116934  -0.0296072     -0.0217 -0.00101335   -0.0264183 -0.000248006  -0.00253046 -0.0490295 0.00426958 0.00287911 1 0 0
               135.4   16.112  4.11451 -54.9305 -0.320923 -0.209045 -0.118735 -0.0461608 -0.0469794 -0.0162714   -0.0264157 -0.000260985   -0.0025136 -0.0490411 0.00415142 0.00296941 1 0 0
               135.5  15.8946   4.6263 -54.6825 -0.320799 -0.214044 -0.119554  -0.0256906  -0.0582319 -0.00825334   -0.0264221 -0.000254154   -0.0025161 -0.0491394 0.00395301 0.00299733 1 0 0
               135.6  16.3753   4.4625 -54.3617 -0.322259 -0.219751 -0.121589 -0.0194535 -0.0438197 -0.0190077   -0.0264254 -0.000257901  -0.00252109  -0.049185 0.00391211 0.00307145 1 0 0
             135.699  16.3509   5.3102 -53.8206 -0.323382 -0.221674 -0.119806 -0.00893874  -0.0261984 -0.00913518   -0.0264378 -0.000247322  -0.00253202 -0.0491247  0.0038203  0.0029247 1 0 0
             135.801 16.3191 8.58593 -53.287 -0.318756 -0.224334 -0.124492  0.0291766 -0.0554246 -0.0373889   -0.0264318 -0.000276938  -0.00252534 -0.0491675   0.003649 0.00309328 1 0 0
               135.9  17.0411  12.0469 -50.5849 -0.311591 -0.233213 -0.129612  0.0504049 -0.0720848 -0.0311138   -0.0264287 -0.000368875  -0.00250319 -0.0493444 0.00355941 0.00318681 1 0 0
                 136   16.517  11.3314 -49.2318  -0.30367 -0.243031 -0.132181  0.0319303 -0.0364153 -0.0035048   -0.0264469 -0.000368024  -0.00253869 -0.0496775 0.00351159 0.00321007 1 0 0
               136.1  16.1843  9.20636 -50.7183 -0.301831 -0.248601 -0.127389 0.00143489 -0.0473263 0.00285757   -0.0264175 -0.000269307  -0.00253303 -0.0497479 0.00344541 0.00292491 1 0 0
               136.2  17.4239  7.87249 -50.4652  -0.30786 -0.235662 -0.125079  -0.0203625   0.0230844 -0.00409113   -0.0264567 -0.000227362  -0.00249345 -0.0489212 0.00322014 0.00306702 1 0 0
               136.3  18.3729  7.95014 -50.3023 -0.320927 -0.227317 -0.132101 -0.0796154  0.0393072 -0.0195364    -0.026482 -0.000238261  -0.00251832 -0.0484722 0.00352687  0.0033855 1 0 0
             136.401  18.9106  7.30605 -50.3344 -0.321225 -0.226584  -0.13501  -0.0456639   0.0218946 -0.00610702   -0.0264899 -0.000264677  -0.00252099 -0.0487863 0.00333839 0.00348588 1 0 0
             136.501  18.3356  7.24757 -50.7088 -0.317706 -0.228198 -0.135743 -0.00833901 0.000756203 -0.00204625   -0.0264915 -0.000250426  -0.00251745 -0.0491198 0.00313912 0.00353581 1 0 0
               136.6  17.8842  7.51582 -50.6674 -0.310272 -0.230255  -0.13485  0.0286033 -0.0117432 -0.0099829  -0.0264698 -0.00026498 -0.00251118 -0.0493943 0.00285764 0.00351467 1 0 0
               136.7 17.9698 7.72438 -50.475 -0.311439 -0.231768  -0.13444 -0.00690321  -0.0125358 -0.00608943   -0.0264721 -0.000281423  -0.00251711 -0.0493162 0.00295264 0.00339578 1 0 0
             136.801 18.3967 7.31961 -50.691 -0.308032 -0.227984 -0.127254 0.00239812 0.00776109  0.0302435   -0.0265115 -0.000284592  -0.00251754 -0.0492135 0.00254392 0.00318939 1 0 0
               136.9  18.3065  6.86757 -51.0181 -0.312904 -0.231308 -0.127133 -0.0187802 -0.0164472  0.0235826   -0.0265056 -0.000271786  -0.00251162 -0.0492386 0.00285612 0.00323114 1 0 0
                 137  18.0145   6.8921 -51.1298 -0.311121 -0.226584 -0.128656 -0.00461452  0.00802769 -0.00505629   -0.0265158 -0.000260138  -0.00251704 -0.0491041 0.00260302 0.00352389 1 0 0
             137.101  18.0667   7.3449 -50.8678 -0.309673 -0.229254 -0.128497   -0.015604 -0.00467229 -0.00874565   -0.0264989 -0.000278786   -0.0025178 -0.0492965 0.00255136 0.00345656 1 0 0
               137.2  18.3073  7.19531 -51.0518 -0.310148 -0.229782 -0.128949  -0.0203134 -0.00384815  -0.0060181   -0.0265409 -0.000280129  -0.00251822 -0.0493569 0.00247154 0.00345797 1 0 0
               137.3 18.2148 7.20717 -51.202 -0.312011  -0.22831 -0.131417  -0.0164919 -0.00694859  -0.0122132     -0.02652 -0.000279658  -0.00251141 -0.0492733 0.00244327 0.00357996 1 0 0
             137.401 18.1729  7.6253  -50.99 -0.309672 -0.225272 -0.130236 -0.00344631  0.00537954 5.19154e-05   -0.0265572 -0.000278703   -0.0025192 -0.0492149 0.00216463 0.00358959 1 0 0
             137.501  17.9248  7.88673 -50.9163 -0.311015 -0.228679 -0.130614  -0.0189098  -0.0108003 -0.00102294   -0.0265381 -0.000293088  -0.00251189 -0.0493514 0.00227563 0.00355223 1 0 0
             137.601  18.0499  7.74322 -50.9206 -0.305142 -0.226073 -0.128804  0.0107527 0.00258821 0.00626241   -0.0265668 -0.000287951  -0.00252801 -0.0494111 0.00184126 0.00360659 1 0 0
             137.701  17.9012  7.83097 -50.9594 -0.308942 -0.228893 -0.126752 -0.0167264 -0.0166413   0.013878     -0.02656 -0.000272534  -0.00251364 -0.0493885 0.00207058 0.00344851 1 0 0
               137.8 17.8993  8.0752 -50.837 -0.306457 -0.229419 -0.127745 -0.00699746  -0.0146492  0.00704856   -0.0265828 -0.000281521  -0.00252437 -0.0494765 0.00188774 0.00362627 1 0 0
             137.901  17.6173  7.75811 -51.0671 -0.308822 -0.231058 -0.131477 -0.0146134 -0.0157586 -0.0137102   -0.0265797 -0.000280891  -0.00251558 -0.0494705 0.00203151 0.00381944 1 0 0
             138.001  17.4541  7.98164 -50.9896 -0.306885 -0.228368 -0.130784  -0.00741662 -2.49827e-05  -0.00136455     -0.02659 -0.000266742  -0.00251982 -0.0493959 0.00173097 0.00384588 1 0 0
             138.101  17.4442  7.59408 -51.1288 -0.307407 -0.226965 -0.124657 -0.00665152  0.00416572   0.0274164   -0.0266009 -0.000275997  -0.00252294 -0.0493121 0.00160106  0.0036036 1 0 0
             138.201  16.9957   7.8005 -51.2159 -0.306203 -0.226991 -0.125406 -0.00413954  0.00119264 -0.00264328   -0.0266109 -0.000269869  -0.00252643 -0.0493945 0.00157295 0.00374121 1 0 0
               138.3 16.9906 8.27585 -51.126  -0.30718 -0.225708 -0.127134  -0.031926 0.00584204 -0.0258945   -0.0266239 -0.000284843  -0.00251657 -0.0493724 0.00151104 0.00378041 1 0 0
               138.4   17.649  8.22587 -50.9978 -0.308712 -0.228431 -0.127227  -0.0385572 -0.00653033 -0.00305178   -0.0266377 -0.000289396  -0.00252268 -0.0495715 0.00143931 0.00366904 1 0 0
             138.499  17.8296  7.90187 -51.4081 -0.307708 -0.226513 -0.129656 -0.00599919  -0.0034947  0.00249855   -0.0266638 -0.000279644  -0.00252194 -0.0496017 0.00124236 0.00388507 1 0 0
               138.6   17.379  8.15403 -51.4187 -0.311835 -0.227181 -0.134629 -0.0133603 -0.0177137 -0.0291329  -0.0266387 -0.00027258  -0.0025134 -0.0495005 0.00145528 0.00405602 1 0 0
               138.7  17.4093  8.71383 -50.9691 -0.308912 -0.229702 -0.132099  -0.0138259  -0.0155736 -0.00559505   -0.0266506 -0.000278989  -0.00252618 -0.0496285 0.00120322  0.0038604 1 0 0
               138.8  17.4205  8.53341 -51.1313 -0.309629 -0.229133 -0.132241  -0.0169164 -0.00242408 -0.00117449   -0.0266408 -0.000301865  -0.00251936 -0.0495946 0.00111118 0.00388927 1 0 0
             138.901    17.58  8.38992 -51.2306 -0.308645 -0.224963 -0.128298 -0.00691065  0.00690718   0.0144971   -0.0266637 -0.000276936  -0.00252047  -0.0494602 0.000844443   0.0038111 1 0 0
                 139  17.5695  8.57913 -51.0725 -0.310718 -0.227114 -0.130124  -0.0196196 -0.00632428   0.0059463   -0.0266589 -0.000281043  -0.00251604  -0.0495466 0.000988988  0.00390485 1 0 0
               139.1  17.4338   8.4333 -51.1485 -0.309411 -0.228509 -0.129668 -0.0108266 -0.0113708 0.00354265  -0.0266803 -0.00027774 -0.00252661  -0.0496731 0.000868252  0.00393744 1 0 0
             139.201  17.4037  8.59604 -51.0445 -0.309248 -0.227637 -0.128774  -0.0118649 -0.00504834  0.00450126   -0.0266729 -0.000285888  -0.00251834  -0.0496224 0.000733914   0.0039551 1 0 0
             139.301  17.4606  8.52163 -51.1213 -0.306241 -0.227594 -0.131277 -3.19749e-05   -0.0024206   -0.0138698    -0.026689 -0.000280218  -0.00252316  -0.0497433 0.000591846   0.0041199 1 0 0
             139.401  17.5685  8.49502 -51.1132 -0.305497 -0.227824 -0.131979 -0.00391773 -0.00502098  -0.0100555   -0.0266955 -0.000278856  -0.00251849  -0.0497646 0.000523128  0.00410554 1 0 0
             139.501  17.5718  8.40948 -51.1631 -0.309021 -0.227159 -0.132953    -0.02072 -0.00320402   -0.010353   -0.0266972 -0.000269139  -0.00252596  -0.0496363 0.000609455    0.004103 1 0 0
               139.6  17.6879  8.46653 -51.1439  -0.31176 -0.228568 -0.132663  -0.0308228  -0.0112274 -0.00324671   -0.0267159 -0.000273848  -0.00252062  -0.0496486 0.000621137  0.00403227 1 0 0
             139.701  17.7091  8.52813 -51.1856 -0.309148 -0.228447 -0.130037  -0.0123324 -0.00756701   0.0103604   -0.0267334 -0.000273854  -0.00252177  -0.0497457 0.000307937  0.00398068 1 0 0
               139.8  17.7942  8.59618 -51.1663 -0.307706 -0.227051 -0.130183  -0.0049132 -0.00120411  0.00259115   -0.0267387 -0.000285097   -0.0025205    -0.04974 0.000154306  0.00409007 1 0 0
               139.9  17.7341  8.67925 -51.1537 -0.307872 -0.226956 -0.131871  -0.00885573 -0.000808137  -0.00326504  -0.0267528 -0.00028037 -0.00251967  -0.049761 0.00014801 0.00419089 1 0 0
                 140  17.6657  8.67225 -51.2013 -0.310319 -0.226874 -0.130087  -0.0241403 -0.00450379  0.00543457   -0.0267608 -0.000287568  -0.00251716  -0.0497011 0.000148794  0.00408972 1 0 0
             140.099  17.6763  8.58729 -51.2104 -0.308783 -0.227135 -0.134747  -0.0119791 -0.00393956  -0.0198908   -0.0267598 -0.000283741  -0.00252383  -0.0498372 5.15338e-05  0.00434087 1 0 0
             140.201  17.7232  8.46166 -51.2957  -0.30803 -0.227422 -0.133208 -0.00868682 -0.00845099 -0.00308312   -0.0267712 -0.000278404  -0.00252236   -0.0498605 -9.26068e-05   0.00422231 1 0 0
             140.301  17.6596  8.58414 -51.2396 -0.308545 -0.226412 -0.131475  -0.0116155 -0.00176615  0.00649418   -0.0267815 -0.000289183  -0.00252028   -0.0497863 -0.000187258   0.00417356 1 0 0
               140.4   17.606  8.48917 -51.2441 -0.309084 -0.226727 -0.131339  -0.0155916 -0.00210869   0.0105607  -0.0267856 -0.00028901 -0.00252332    -0.049826 -0.000221602   0.00422162 1 0 0
               140.5  17.2608  8.60026 -51.3113 -0.309295 -0.227907 -0.132396  -0.0120933 -0.00822032  -0.0125094   -0.0267967 -0.000291887   -0.0025159  -0.0499013 -0.00022641  0.00426711 1 0 0
               140.6  17.4673  8.73266 -51.1724 -0.308619 -0.226789 -0.129657  -0.0183781 -0.00400484 -0.00161907   -0.0267967 -0.000284834   -0.0025212   -0.0498612 -0.000444402   0.00412934 1 0 0
               140.7  17.7169  8.69825 -51.1127 -0.309206 -0.225986 -0.133063  -0.0186196  0.00349148 -0.00207258   -0.0268053 -0.000291291  -0.00251977   -0.0498953 -0.000495398   0.00433791 1 0 0
             140.799  17.3263  8.51757 -51.3208 -0.306325 -0.224355 -0.130608 0.00695341 0.00177469  0.0127081   -0.0268203 -0.000274321  -0.00252063  -0.0499361 -0.00072268  0.00430312 1 0 0
             140.901  17.1217  8.88393 -51.0187 -0.308195 -0.223161 -0.129525 0.000876267  0.00544653   0.0170519   -0.0268111 -0.000280947  -0.00251601   -0.0498089 -0.000635667   0.00431451 1 0 0
             141.001 16.5889 9.26546 -50.549 -0.305307 -0.225295 -0.128789  0.0211518 0.00431535   0.027147   -0.0268193 -0.000285323  -0.00252589   -0.0500054 -0.000626606   0.00436614 1 0 0
             141.101  15.6682  9.85345 -49.8827 -0.300305 -0.222266 -0.126609 0.0319656 0.0265243 0.0329188   -0.0268078 -0.000308044  -0.00252181   -0.0500134 -0.000766542   0.00445708 1 0 0
               141.2  14.8732  9.00337 -49.3806 -0.288795 -0.216857  -0.11311 0.0777239 0.0503726  0.117038   -0.0268388 -0.000295262  -0.00252975 -0.0501003 -0.0012306 0.00420766 1 0 0
               141.3  12.9206  8.16967 -49.3376 -0.279133  -0.21508 -0.101043 0.0977642 0.0487011   0.16482   -0.0268311 -0.000262603  -0.00253312   -0.050305 -0.00114714  0.00424745 1 0 0
             141.401  9.81508   7.7152 -49.3687  -0.268835  -0.200339 -0.0775304 0.148985 0.132235 0.234571   -0.0268316 -0.000272688  -0.00252866  -0.0499251 -0.00129355  0.00418637 1 0 0
             141.501  6.45117    6.872 -48.9738 -0.250324 -0.183239  -0.05223 0.230953 0.226863 0.226892   -0.0268014 -0.000268223  -0.00251398  -0.0499023 -0.00125588   0.0040491 1 0 0
             141.601  5.12403  6.35331 -44.6928  -0.220404  -0.144815 -0.0371218  0.329052  0.443978 0.0892507   -0.0268204 -0.000297737  -0.00252984  -0.0497016 -0.00154567  0.00426226 1 0 0
             141.701  3.00814  3.29427 -38.9185  -0.176943 -0.0974988 -0.0416206  0.350359  0.555989 -0.105047   -0.0268434 -0.000267291  -0.00261313  -0.0501889 -0.00178363  0.00439291 1 0 0
             141.801  3.38678   4.6232 -32.7616  -0.148347 -0.0427465   -0.06867  0.218273  0.559066 -0.229499   -0.0268339 -0.000237443  -0.00264221  -0.0503207 -0.00169393   0.0048856 1 0 0
             141.901  6.43877  5.94556 -25.7894  -0.133321 0.00331621 -0.0868905  0.107901  0.423317 -0.192113  -0.0269177 -0.00034775 -0.00265269  -0.0504185 -0.00147679  0.00466908 1 0 0
                 142  7.61981  9.17481 -19.3176  -0.129691   0.018409 -0.0939139  0.0165867   0.170356 -0.0960231  -0.0269551 -0.00035592 -0.00266976   -0.0508103 -0.000734537   0.00414066 1 0 0
             142.101  8.21322  11.4982 -13.5758  -0.127672  0.0194738 -0.0990479  -0.0127693  -0.0481158 -0.00734756   -0.0269054 -0.000429852   -0.0026341   -0.0509935 -0.000520599   0.00405682 1 0 0
               142.2  10.0475  13.8071 -6.78857  -0.11793 0.0125661 -0.113019 -0.0255438 -0.0963606 -0.0389523   -0.0268974 -0.000405584  -0.00261062   -0.0516629 -0.000828418   0.00470164 1 0 0
             142.301  10.1127  13.3823 -5.73167 -0.117991 0.0173005 -0.110437   -0.10195 -0.0688376 -0.0124983   -0.0269122 -0.000391049  -0.00264135 -0.0518107 -0.0016447 0.00457171 1 0 0
               142.4   11.243  8.81845 -7.59784 -0.138257 0.0173979 -0.112102  -0.160594 -0.0736043 -0.0278293   -0.0269134 -0.000290488  -0.00254408  -0.0514201 -0.00196899  0.00466602 1 0 0
             142.501  11.5964   1.3337 -9.08221 -0.177305 0.0122022 -0.106224 -0.174342 -0.132729 0.0253908   -0.0269802 -0.000214725  -0.00251906   -0.050246 -0.00200199  0.00469646 1 0 0
               142.6  11.8051  3.39939 -12.8822   -0.217957 -0.00420754   -0.108441  -0.30277 -0.151455 0.0192084   -0.0269615 -0.000191043  -0.00254353  -0.0491901 -0.00169796    0.004993 1 0 0
               142.7  11.7093  1.03043 -18.3198   -0.25128 -0.0211889  -0.111374  -0.383833  -0.224673 -0.0523932    -0.026942 -0.000345373  -0.00245541   -0.049315 -0.00173775  0.00512916 1 0 0
             142.801  12.0165  6.38737 -21.9834  -0.275572 -0.0425549  -0.122195  -0.331731  -0.231197 -0.0489943    -0.026974 -0.000276378  -0.00244836  -0.0498945 -0.00193383  0.00551638 1 0 0
             142.901 12.1766 8.09399  -22.97  -0.29353  -0.06418 -0.114976 -0.272556 -0.218873 0.0411453   -0.0269875 -0.000434497   -0.0024541  -0.0505413 -0.00228346  0.00520404 1 0 0
             142.999 9.91522   9.035 -28.984   -0.29809 -0.0903322   -0.10903 -0.124092 -0.289607 0.0045838   -0.0269845 -0.000376753  -0.00250897  -0.0513361 -0.00251228  0.00498814 1 0 0
               143.1 -2.23762  10.6882 -42.5606 -0.317988   -0.1273 -0.093329 -0.215121 -0.446002  0.144546   -0.0270169 -0.000336624  -0.00243254  -0.0511318 -0.00244397   0.0044673 1 0 0
             143.201 -5.60049  8.09864 -53.2647   -0.34847  -0.153255 -0.0630919 -0.328308 -0.437717  0.248778   -0.0268649 -0.000292849  -0.00232332  -0.0504216 -0.00329217  0.00434723 1 0 0
             143.301 -7.37643  5.75787 -60.2198  -0.385503   -0.18208 -0.0464367 -0.381396   -0.4389  0.163182   -0.0271441 -0.000240001  -0.00246933  -0.0499548 -0.00401188  0.00457454 1 0 0
             143.401 -7.22183  10.0958 -69.1242 -0.433173  -0.23165 -0.045578 -0.472957 -0.400026 0.0683351   -0.0271539 -0.000235133   -0.0025027  -0.0501621 -0.00358665  0.00509121 1 0 0
             143.501 -3.46906  11.9166 -78.3753  -0.488678  -0.290891 -0.0388089 -0.576438 -0.367765  0.136653   -0.0271932 -0.000348841  -0.00252186  -0.0512357 -0.00282182  0.00526245 1 0 0
             143.599  10.3018  12.6393 -88.1784  -0.546308  -0.339296 -0.0394697 -0.581792 -0.345005 0.0194306   -0.0273264 -0.000314878  -0.00249467  -0.0521512 -0.00274661  0.00574062 1 0 0
               143.7 11.0344  15.718  -100.6  -0.617712  -0.368305 -0.0491119  -0.482086  -0.305773 -0.0668335   -0.0275009 -0.000264694  -0.00246205  -0.0518589 -0.00172455   0.0062366 1 0 0
             143.801  13.5627  19.7321 -107.281 -0.654556  -0.37306  -0.04652 -0.272189 -0.180719 0.0329332   -0.0273117 -0.000244109  -0.00240831  -0.0505857 -0.00176853  0.00626043 1 0 0
             143.901 22.5869 20.2233 -104.44  -0.63347 -0.382087 -0.046536  0.196991 -0.134817 0.0999131  -0.0272824 -0.00023546 -0.00252658     -0.0499 -0.00300173  0.00712593 1 0 0
                 144  25.7683  17.4133 -97.0592  -0.577944  -0.399232 -0.0226212  0.554085 -0.139176  0.261572   -0.0273742 -0.000262251  -0.00267358  -0.0495693 -0.00414919  0.00716759 1 0 0
             144.099  25.8969  13.6814 -85.6341  -0.517477  -0.425291 0.00934802   0.62748 -0.106275  0.369471   -0.0272331 -0.000245061  -0.00279142  -0.0503446 -0.00461761  0.00688453 1 0 0
               144.2  24.4401  7.31972 -74.0473 -0.459059 -0.454418 0.0588658  0.587914 -0.116793  0.410318   -0.0271563 -0.000321184  -0.00287118  -0.0514183 -0.00510467  0.00603796 1 0 0
               144.3  21.2294 0.853395 -65.3069 -0.396577 -0.477096  0.107147 0.542368 -0.14077 0.398029   -0.0271201 -0.000290489  -0.00291428  -0.0518753 -0.00573061  0.00561755 1 0 0
               144.4  18.9111 -4.57212 -59.5256 -0.350584 -0.476122  0.140645   0.408893 -0.0835586   0.362625   -0.0270912 -0.000275187  -0.00283821  -0.0511462 -0.00557257  0.00600356 1 0 0
               144.5  13.6043 -8.69786 -57.7879 -0.301423 -0.467913  0.175525  0.329989 0.0163176  0.388229   -0.0271517 -0.000269628  -0.00278251  -0.0505636 -0.00646547  0.00660102 1 0 0
               144.6  8.52975 -12.6346 -58.3499 -0.268229 -0.454977  0.211953    0.2372 0.0918442  0.364822   -0.0270825 -0.000269954  -0.00269779  -0.0502782 -0.00690861  0.00689527 1 0 0
               144.7  5.96879 -13.8448 -58.6794 -0.248006 -0.439966  0.254331 0.145886  0.11233 0.406454    -0.027075 -0.000256066  -0.00264838  -0.0501353 -0.00718833  0.00665059 1 0 0
               144.8  4.22946 -12.5846 -61.0814 -0.240027 -0.433421  0.296991 0.0652808   0.06721  0.427898  -0.0271167 -0.00028096 -0.00265039  -0.0501757 -0.00704156  0.00656642 1 0 0
               144.9  2.34423 -10.6196   -62.55 -0.239844 -0.433424   0.33838 0.0118035 0.0493104  0.444651   -0.0271425 -0.000323702  -0.00260431  -0.0503312 -0.00666433  0.00669975 1 0 0
                 145 -0.0511449    -10.776   -63.6127 -0.236398 -0.434993  0.377178 -0.00746088   0.0667625    0.413073  -0.0271353 -0.00033695 -0.00263316  -0.0507878 -0.00661172  0.00707322 1 0 0
               145.1 0.0235231  -13.4706  -65.3781 -0.228177 -0.419869  0.412662 0.0284119  0.131774  0.336798   -0.0271628 -0.000279608  -0.00263157  -0.0506431 -0.00721606  0.00725173 1 0 0
             145.199 0.244592  -14.377 -65.3369  -0.22716 -0.396465  0.442951 0.0121538   0.15623  0.258238   -0.0272237 -0.000236706  -0.00262938  -0.0501124 -0.00737004  0.00708866 1 0 0
               145.3 0.434041 -15.4145 -65.2638 -0.234717 -0.385294  0.461875 -0.0390956   0.147151   0.125296  -0.0272395 -0.00027013 -0.00266022  -0.0502313 -0.00689498  0.00715862 1 0 0
               145.4  0.95117 -17.3644 -64.6891 -0.239221 -0.378234  0.460854 -0.0283394  0.0668827 -0.0998035   -0.0272537 -0.000258746  -0.00265658 -0.0504434 -0.0067564 0.00736693 1 0 0
               145.5 -0.787847  -15.5795  -62.0468 -0.238989  -0.37733  0.438213  -0.0482472 -0.00326353   -0.319525   -0.0272728 -0.000248842  -0.00267339 -0.0505552  -0.006902 0.00747057 1 0 0
               145.6 -5.36617 -12.7677 -62.0133 -0.247725 -0.382573   0.40168   -0.20339 -0.0371231  -0.412843  -0.0272494 -0.00030801 -0.00270145  -0.0508038 -0.00703175  0.00750629 1 0 0
               145.7 -6.30337 -13.5024 -66.1076 -0.259608 -0.385471  0.360548 -0.297674 -0.013298 -0.461936   -0.0272058 -0.000305998  -0.00265491  -0.0511934 -0.00783004   0.0074752 1 0 0
               145.8 -2.45669 -14.0439 -72.6034 -0.297795 -0.372603  0.315463  -0.48745 0.0478651  -0.48971   -0.0272917 -0.000254102  -0.00256745  -0.0506221 -0.00820684  0.00717207 1 0 0
               145.9  1.59351 -11.6278 -83.1723 -0.359519 -0.361267  0.259854 -0.641472 0.0784056  -0.57783   -0.0274011 -0.000257563  -0.00252999   -0.050135 -0.00809886  0.00718477 1 0 0
                 146   4.2361 -8.03647   -96.47  -0.43483 -0.351632  0.194246 -0.692855  0.105898 -0.654856   -0.0273916 -0.000296366  -0.00243067  -0.0499298 -0.00761788  0.00736941 1 0 0
               146.1  4.12238 -5.70565 -111.405 -0.496919 -0.340832  0.131599 -0.583024  0.135178 -0.608735   -0.0273871 -0.000300925  -0.00235837  -0.0500061 -0.00776683   0.0073056 1 0 0
             146.201  6.09195 -3.52623 -121.643 -0.523446 -0.329021 0.0759913 -0.337919  0.129657 -0.566003   -0.0273442 -0.000251327  -0.00234395  -0.0499502 -0.00907484   0.0073002 1 0 0
               146.3   6.40628 -0.817231  -130.054 -0.531422 -0.311724 0.0225498 -0.151691  0.110889 -0.535041   -0.0274325 -0.000291231  -0.00242413 -0.0491024  -0.010004 0.00721251 1 0 0
               146.4  3.21422  1.88856 -135.963  -0.543899  -0.305366 -0.0316859 -0.107242  0.052048 -0.447525    -0.027419 -0.000271659  -0.00245637 -0.0491666 -0.0100395 0.00748254 1 0 0
               146.5  1.16476  4.07627 -141.078  -0.559309  -0.310793 -0.0624091  -0.124039 -0.0245522  -0.272474   -0.0274058 -0.000262916  -0.00249583 -0.0497808 -0.0102493 0.00718636 1 0 0
               146.6 -0.0740473    4.67629   -144.433  -0.570411  -0.328212 -0.0785892 -0.109392 -0.114469  -0.12095   -0.0274449 -0.000240603  -0.00251227 -0.0502734 -0.0108184  0.0069818 1 0 0
             146.701 -0.0609722    1.82336   -147.627  -0.580862  -0.342775 -0.0842962 -0.133213 -0.175704  0.024433   -0.0274851 -0.000195374  -0.00255399 -0.0502687  -0.011004   0.007065 1 0 0
               146.8 -0.343713  0.124304   -146.03  -0.588024  -0.353953 -0.0798038 -0.134231 -0.266698 0.0695489   -0.0275248 -0.000105656  -0.00255504 -0.0493584 -0.0104833 0.00706487 1 0 0
               146.9    -3.61355 -0.00227596    -142.592  -0.596043  -0.369541 -0.0835388 -0.0532246  -0.167018    0.11885   -0.0275113 -0.000168238  -0.00267186 -0.0490219 -0.0101201 0.00799561 1 0 0
                 147 -6.60497 -2.35662 -138.494   -0.60192  -0.389059 -0.0607524 0.0161715 -0.127824   0.20421   -0.0274453 -0.000122462  -0.00271077  -0.049512 -0.0101875 0.00763102 1 0 0
               147.1 -5.30163 -4.30042 -135.215  -0.585425  -0.406211 -0.0387996   0.101879 -0.0897942   0.123956   -0.0275036 -0.000138435  -0.00271598 -0.0491811 -0.0109699 0.00735261 1 0 0
               147.2 -4.43812 -4.71918 -132.205  -0.573571   -0.40497 -0.0287696   0.0814921 -0.00412515   0.0441938   -0.0275467 -0.000146901  -0.00271788 -0.0488229 -0.0107095 0.00724932 1 0 0
               147.3 -2.60935  -3.8944 -130.176   -0.56558   -0.39585 -0.0299977  0.0348792  0.0484719 -0.0156565   -0.0275596 -0.000199433  -0.00271476 -0.0483954 -0.0104424 0.00739474 1 0 0
             147.399 -1.92081 -2.93507 -129.831  -0.571222  -0.396444 -0.0412891 -0.0442713  0.0206265  -0.077808  -0.0275888 -0.00021465 -0.00270373 -0.0488267 -0.0104761 0.00782178 1 0 0
               147.5  -1.9481 -1.43785 -129.969  -0.580781   -0.39883 -0.0433676 -0.0890632 0.00294997 -0.0415168   -0.0275452 -0.000233035  -0.00266414 -0.0491656 -0.0105028 0.00756447 1 0 0
               147.6 -0.0520855  -0.515562   -130.196  -0.581866  -0.407634 -0.0444592 -0.0704267 -0.0400603 -0.0167989   -0.0275497 -0.000229991  -0.00265471 -0.0491836  -0.011163 0.00744282 1 0 0
               147.7   0.793754 -0.0242587   -130.064  -0.575893  -0.409346 -0.0452978 -0.0141408 -0.0319013 -0.0105931   -0.0275632 -0.000217479  -0.00264825  -0.048573 -0.0115602  0.0074025 1 0 0
               147.8 -0.588345 -0.277595  -129.476  -0.570783  -0.407461 -0.0477059 -0.000408776  -0.00630794   -0.0208004   -0.0275481 -0.000204969  -0.00265607 -0.0480872 -0.0116325 0.00746517 1 0 0
               147.9  -1.99648 -0.357581  -128.945  -0.563244  -0.404849 -0.0467484  0.00533377   0.0118753 -0.00614964   -0.0275133 -0.000200316  -0.00266257 -0.0475913  -0.011858 0.00732912 1 0 0
                 148  -1.78503 -0.244272  -128.956  -0.554921  -0.408481 -0.0527985    0.0139325 -0.000642084   -0.0261453   -0.0275405 -0.000191243  -0.00266699 -0.0474073 -0.0124548 0.00761127 1 0 0
               148.1   -1.78169 -0.0631549   -129.031  -0.552739  -0.413056 -0.0438196 0.00839377 -0.0199022  0.0198888    -0.027547 -0.000210319  -0.00265243 -0.0475505 -0.0126808 0.00705098 1 0 0
               148.2  -1.9445 0.213621  -128.61  -0.552636  -0.413493 -0.0518635  0.00268065 -0.00708475  -0.0404882   -0.0275743 -0.000198823  -0.00265914 -0.0475047 -0.0126272 0.00746838 1 0 0
             148.299 -2.60506 0.565485 -128.234  -0.552281  -0.410548 -0.0507452 -0.0133482  0.0154495 -0.0143696   -0.0275558 -0.000217534  -0.00265955 -0.0473508 -0.0125286 0.00723117 1 0 0
               148.4 -2.73285 0.938425 -127.967  -0.552167  -0.407287 -0.0543752 -0.0422635  0.0317735 0.00752368   -0.0275716 -0.000211011  -0.00266414 -0.0471424 -0.0126305 0.00741087 1 0 0
               148.5 -1.31513  1.20415 -127.872  -0.547739  -0.407483 -0.0518642 -0.00337002   0.0487299   0.0637391   -0.0275768 -0.000210589  -0.00265548 -0.0469888 -0.0131712 0.00744773 1 0 0
               148.6  1.81847 0.438282 -127.032  -0.542009  -0.393788 -0.0421145 0.0421474  0.127064  0.111607   -0.0276264 -0.000212047  -0.00265565 -0.0465767 -0.0131451 0.00743925 1 0 0
               148.7  1.36396 -1.46301 -126.744  -0.537036  -0.371251 -0.0305195  0.14968 0.238961 0.135874  -0.0276526 -0.00018322 -0.00266624 -0.0465174 -0.0127342 0.00749683 1 0 0
               148.8 0.0861051  -4.51611  -122.256  -0.504311  -0.339672 -0.0149126  0.36989  0.37411 0.167016  -0.0275925 -0.00015739  -0.0026749 -0.0460951 -0.0129849 0.00744751 1 0 0
               148.9  0.34948 -7.31907 -113.095  -0.449395  -0.297073 0.00780249 0.458455 0.454517 0.180808  -0.0276142 -0.00015519 -0.00275756 -0.0454946 -0.0136288 0.00714439 1 0 0
                 149 -0.35539  -9.9617 -105.767 -0.407249  -0.25644 0.0227438  0.383195  0.430705 0.0730594   -0.0276417 -0.000180449  -0.00279212 -0.0458128 -0.0137717 0.00710867 1 0 0
               149.1 -1.25688 -11.5913 -103.705 -0.381781 -0.224595 0.0272908    0.267117    0.337477 -0.00161678   -0.0276125 -0.000198995  -0.00273923 -0.0465136 -0.0135676 0.00704043 1 0 0
               149.2   4.7428 -8.06729 -99.6168 -0.349556 -0.191757 0.0172086   0.253332   0.262514 -0.0709267   -0.0276098 -0.000264943  -0.00264853 -0.0460029 -0.0139429 0.00736591 1 0 0
               149.3   6.0592 -6.31126 -93.1481   -0.338075   -0.184381 -0.00636106  0.178185  0.099879 -0.167896   -0.0277506 -0.000353467  -0.00269828 -0.0467483 -0.0135911 0.00819746 1 0 0
               149.4  2.83312 -5.81387 -87.0152    -0.3323  -0.187245 -0.0209827  0.0789723 -0.0378755  -0.127879   -0.0276281 -0.000335402  -0.00271355 -0.0473349  -0.013188 0.00821182 1 0 0
               149.5  1.50266 -7.30788 -85.7503  -0.302459  -0.202433 -0.0296461  0.0331533  -0.162494 -0.0543573  -0.0275328 -0.00029642 -0.00270559 -0.0473004 -0.0147474 0.00837277 1 0 0
               149.6  2.95525 -6.29963 -83.5022  -0.276074  -0.207826 -0.0225492   0.164008 -0.0797466 -0.0444914   -0.0275661 -0.000268426  -0.00261501 -0.0468768 -0.0158852 0.00777029 1 0 0
               149.7  6.48592  -5.3187 -87.1981  -0.264553  -0.198679 -0.0135505 0.0864782 0.0166946  0.127225    -0.027633 -0.000298565  -0.00263428 -0.0460128 -0.0158839 0.00741165 1 0 0
               149.8  5.56231 -14.2165 -87.5603   -0.26205  -0.182678 0.00654586 0.074031 0.110188 0.264619   -0.0276553 -0.000304086  -0.00254104 -0.0454552 -0.0154885 0.00738609 1 0 0
               149.9  2.57326   -10.26 -91.0664 -0.248612 -0.160162 0.0264723 0.0957082  0.127955   0.17408   -0.0276251 -0.000122612  -0.00263039 -0.0447616 -0.0158041 0.00751852 1 0 0
                 150   1.81319 -0.787334  -92.4026 -0.230313 -0.147905 0.0362585 0.110667 0.136415 0.034347    -0.027558 -0.000464898  -0.00251598 -0.0446675 -0.0162378 0.00763598 1 0 0
               150.1  3.15204   2.9143 -93.4617 -0.225207 -0.175962 0.0267461 -0.0473894 -0.0814909  -0.141216   -0.0275842 -0.000547736  -0.00257701  -0.046601 -0.0165035 0.00824622 1 0 0
               150.2  4.45194   9.5073 -93.6732 -0.232798 -0.197636 0.0133467 -0.129457 -0.140217 -0.163765   -0.0276805 -0.000430883  -0.00256747 -0.0472843 -0.0167322 0.00810317 1 0 0
               150.3  6.73383  13.7387 -94.0792  -0.252955  -0.206684 0.00346266 -0.145517 -0.146285 -0.158414    -0.027657 -0.000535857  -0.00256488 -0.0470118 -0.0163459 0.00775691 1 0 0
               150.4  6.01713  19.1049 -94.5001  -0.271851  -0.206179 -0.0172296 -0.104704 -0.107276 -0.218732   -0.0277098 -0.000479689  -0.00256095 -0.0462082 -0.0157936 0.00795784 1 0 0
               150.5  9.74935  21.2487 -91.0752  -0.272019  -0.201587 -0.0508058 -0.0508516 -0.0033902  -0.278214   -0.027643 -0.00052345 -0.00254754 -0.0455291 -0.0160569 0.00868825 1 0 0
               150.6  13.1775  18.6114 -90.9865  -0.266288  -0.199475 -0.0735598 -0.0739271 0.00479311  -0.135538   -0.0277255 -0.000486751  -0.00262463 -0.0453516 -0.0167859   0.008913 1 0 0
             150.699  11.9844  17.3486 -93.6438  -0.280412  -0.203346 -0.0830529  -0.138601 -0.0607426 -0.0835369   -0.0277151 -0.000398707  -0.00258739 -0.0454678 -0.0166404 0.00887045 1 0 0
               150.8  11.1546  19.2019 -94.6666  -0.291207  -0.191712 -0.0945144 -0.0926933  0.0138876  -0.144417   -0.0276333 -0.000432106  -0.00253435 -0.0446098 -0.0165063 0.00911244 1 0 0
               150.9  11.4356  23.7682 -93.7244  -0.283691  -0.191504 -0.0972354   0.022433  0.0637066 -0.0402725   -0.0276324 -0.000503906  -0.00256181 -0.0445653 -0.0172648 0.00885232 1 0 0
             150.999  11.2839  23.2798 -93.0659 -0.277603 -0.201769 -0.103254  0.0287332 -0.0133951 -0.0397196    -0.027623 -0.000544317  -0.00257729 -0.0453828 -0.0176241 0.00876318 1 0 0
               151.1  10.1955  25.4443 -92.5124 -0.272752 -0.204378 -0.106803  0.0152022 -0.0257836 -0.0313254   -0.0276511 -0.000475278  -0.00258676 -0.0453697 -0.0178028 0.00875361 1 0 0
               151.2  10.1785  25.4143 -92.3025 -0.270394 -0.205419 -0.103849 -0.00631757  -0.0245865   0.0236726   -0.0276126 -0.000549819  -0.00256717  -0.045185 -0.0179406 0.00865187 1 0 0
             151.299  10.3858  24.3757 -92.6515 -0.266433 -0.203799 -0.103508  0.00682532 -0.00923234   0.0207236   -0.0276668 -0.000465969  -0.00257561 -0.0450227 -0.0181356 0.00889527 1 0 0
               151.4  10.7841   23.143 -92.9574 -0.264749  -0.19573 -0.102873 -0.00456608    0.032763  0.00156665   -0.0276655 -0.000461817  -0.00256581 -0.0446257 -0.0181297 0.00914955 1 0 0
               151.5  11.4545  22.1965 -93.1764 -0.270769 -0.183075 -0.100449 -0.0473962  0.0774566 0.00774644   -0.0276838 -0.000446612  -0.00258256 -0.0442204 -0.0178515 0.00917744 1 0 0
               151.6  11.4685  21.8573 -93.9786 -0.278059 -0.174217 -0.105809 -0.0625717  0.0660944 -0.0246564   -0.0276943 -0.000451929  -0.00257692 -0.0442599 -0.0177012 0.00945203 1 0 0
               151.7 10.9607 22.5664 -94.226 -0.277017 -0.175047  -0.10922 -0.0315684  0.0158811 -0.0366465   -0.0276894 -0.000463067  -0.00255808 -0.0444875 -0.0181104 0.00943919 1 0 0
               151.8  10.4063  23.6679 -94.2684 -0.269427 -0.177992 -0.108278  0.00585651  -0.0024413 -0.00909552   -0.0276944 -0.000492912  -0.00257313 -0.0445107 -0.0187585 0.00930894 1 0 0
             151.899  9.90129  23.4665 -94.4964 -0.271331 -0.188926 -0.104798 -0.0227097 -0.0500302  0.0124748   -0.0276745 -0.000481044  -0.00256906 -0.0449559 -0.0188408 0.00889573 1 0 0
             151.999  10.0193  23.3677 -94.6134 -0.267108 -0.185089 -0.104352 -0.00210565  -0.0112401  0.00149561   -0.0277034 -0.000475614  -0.00257027 -0.0444935 -0.0190883 0.00918143 1 0 0
               152.1  10.2396  23.3651 -94.5555 -0.270007  -0.18584 -0.104897 -0.0235541 -0.0127526 -0.0038907    -0.027713 -0.000462926  -0.00257335 -0.0444926  -0.018991 0.00918723 1 0 0
               152.2  10.4164  23.4817 -94.5023 -0.270929 -0.179846 -0.109077  -0.025367  0.0180749 -0.0201579   -0.0277222 -0.000468605  -0.00257962 -0.0442313 -0.0189759 0.00950026 1 0 0
               152.3  10.3707  23.4965 -94.4809 -0.273974 -0.178545 -0.108779  -0.0361274   0.0134206 -0.00944747   -0.0277245 -0.000469771   -0.0025719  -0.044207 -0.0189951 0.00939991 1 0 0
               152.4 10.1653 23.5129 -94.583  -0.27452 -0.179837  -0.10809  -0.0349855  0.00132923 -0.00497782   -0.0277311 -0.000471689  -0.00256862 -0.0442592  -0.019221  0.0093245 1 0 0
               152.5   10.329    23.51 -94.6079 -0.273395 -0.182528 -0.107933  -0.0253496  -0.0126757 -0.00491006   -0.0277311 -0.000465698  -0.00257499  -0.044316 -0.0195313 0.00929459 1 0 0
               152.6  10.4763  23.5568 -94.6746 -0.271898 -0.181246 -0.106076  -0.0149023 -0.00299225  0.00984581   -0.0277575 -0.000468142  -0.00256986 -0.0441096 -0.0197429 0.00931499 1 0 0
               152.7  10.2635   23.377 -94.8087  -0.27197 -0.180312 -0.104373 -0.0212178 0.00205131  0.0121685   -0.0277611 -0.000466846  -0.00257486 -0.0440188 -0.0198359 0.00933431 1 0 0
               152.8  10.4156  23.0516 -94.8669 -0.271221 -0.178778 -0.107808  -0.018571  0.0104924 -0.0119626   -0.0277661 -0.000463195  -0.00256636 -0.0440195 -0.0199606 0.00959756 1 0 0
               152.9  10.6486  22.7911 -94.9696 -0.273576 -0.176115 -0.106543  -0.0289978    0.014964 -0.00152162   -0.0277857 -0.000469236  -0.00257424 -0.0438911 -0.0199682 0.00953262 1 0 0
                 153    10.48  22.8133 -95.1206 -0.274236 -0.176205 -0.105758  -0.0286451  0.00395161 0.000380254   -0.0277867 -0.000461394  -0.00256615 -0.0438956 -0.0201401 0.00949012 1 0 0
               153.1  10.5413  22.6808 -95.0461 -0.272481 -0.177577 -0.104987  -0.0130239 -0.00874206   0.0128322   -0.0277939 -0.000469832  -0.00256848 -0.0439137 -0.0203967 0.00951325 1 0 0
               153.2  10.0817  22.2369 -95.2068 -0.273907 -0.179144  -0.10656   -0.0174964   -0.0124192 -0.000999831   -0.0277871 -0.000450416  -0.00256482  -0.044002 -0.0203885 0.00963756 1 0 0
               153.3  9.65784  22.2153 -95.2272 -0.269866 -0.173507 -0.106199 -0.00978206   0.0168729  -0.0178847   -0.0277967 -0.000461991  -0.00256505 -0.0435908 -0.0206358 0.00979446 1 0 0
               153.4  9.89649  22.3995 -95.1529 -0.267815 -0.178035 -0.106802    -0.01644 -0.00844569  -0.0148874   -0.0277925 -0.000451488   -0.0025689 -0.0438115 -0.0209379 0.00965728 1 0 0
               153.5  10.5564   22.332 -95.2394 -0.268651 -0.176071 -0.102969 -0.0154335 0.00213756   0.019612  -0.0278304  -0.0004712 -0.00256546 -0.0435821 -0.0210078 0.00952147 1 0 0
               153.6  10.2501  22.0404 -95.4879 -0.272145  -0.17769 -0.105399   -0.030246  -0.0138267 -0.00336287   -0.0278385 -0.000454089  -0.00256695 -0.0437375 -0.0209172 0.00965999 1 0 0
             153.699  10.1998  22.2489 -95.4059 -0.271695 -0.172308 -0.102466 -0.0264006  0.0132331 0.00345201   -0.0278509 -0.000458833  -0.00256473  -0.043301 -0.0210602 0.00969382 1 0 0
               153.8  10.2387  22.4457 -95.3507 -0.273117  -0.17509 -0.106481  -0.0341174 0.000339931  -0.0152552   -0.0278387 -0.000458975  -0.00257027   -0.04356 -0.0211852 0.00982342 1 0 0
               153.9  10.4526  22.3153 -95.4499 -0.271121 -0.177117 -0.105643   -0.019412  -0.0119089 -0.00722732   -0.0278582 -0.000459991  -0.00256155 -0.0435518 -0.0215039 0.00975611 1 0 0
                 154  10.4091  22.5159 -95.4676 -0.274484 -0.179115 -0.103346 -0.0364122 -0.0175022 0.00495157   -0.0278549 -0.000456995  -0.00256792   -0.04353 -0.0214937 0.00959567 1 0 0
               154.1  10.5192  22.4568 -95.5968  -0.27525 -0.179965 -0.102535 -0.0357553 -0.0147045  0.0115296   -0.0278559 -0.000463529  -0.00255974   -0.04345 -0.0216628 0.00966231 1 0 0
               154.2  10.5192  22.2676 -95.6273 -0.274038  -0.17553 -0.105598 -0.0158616 0.00805682 -0.0123432   -0.0278654 -0.000461404  -0.00256966 -0.0431985 -0.0217938  0.0100174 1 0 0
               154.3  10.1199    22.51 -95.6626 -0.273506 -0.176147 -0.105198  -0.0226441 0.000696847 -0.00607363   -0.0278693 -0.000457822  -0.00256231 -0.0431906 -0.0219681 0.00995065 1 0 0
               154.4  10.2751  22.2822 -95.6768 -0.270151 -0.173761 -0.106677 -0.00193213   0.0150824 -0.00830645   -0.0278717 -0.000469042   -0.0025627 -0.0430589 -0.0222283  0.0101228 1 0 0
               154.5  10.1007  22.1277 -95.7698  -0.27077 -0.174766 -0.103043  -0.0117581 -0.00292473   0.0023064   -0.0278876 -0.000461108  -0.00256266 -0.0430678 -0.0222936 0.00987193 1 0 0
               154.6  9.66829  22.6196 -95.8032 -0.269979 -0.178987 -0.103797 -0.0232112 -0.0186497 -0.0178061   -0.0278842 -0.000457637  -0.00255991 -0.0432077 -0.0224986 0.00983644 1 0 0
               154.7  9.88755  23.2625 -95.8487 -0.268719 -0.177729 -0.105188  -0.0306093 0.000124459 -0.00767754   -0.0278927 -0.000474504  -0.00256138 -0.0430142 -0.0227344 0.00994576 1 0 0
               154.8  10.4691  22.6469 -95.9837 -0.271237 -0.176852 -0.106049  -0.0167003 -0.00428835  0.00546296   -0.0279056 -0.000476727  -0.00255811 -0.0429873 -0.0227153  0.0100337 1 0 0
               154.9   9.6586  22.7214 -96.1284 -0.276789 -0.177835 -0.107353 -0.0428117 -0.0167978 -0.0140228   -0.0279184 -0.000446673  -0.00256135 -0.0430426 -0.0225215  0.0100443 1 0 0
                 155  9.50332  23.3164 -95.9095 -0.276487 -0.176439 -0.108567  -0.0386974  0.00336053 -0.00934095   -0.0278817 -0.000462711  -0.00255394 -0.0428436 -0.0227574   0.010161 1 0 0
               155.1  9.52115  22.7288 -96.1024  -0.26996 -0.178744 -0.108419 -0.000902256  -0.00751639  -0.00614575   -0.0279204 -0.000475368  -0.00255753 -0.0428557 -0.0233209  0.0101961 1 0 0
               155.2  9.68056  22.7405 -96.0844 -0.269763 -0.178297 -0.106198  -0.0123365 -0.00875397 -0.00296354   -0.0279326 -0.000438052  -0.00256335 -0.0427017 -0.0233877  0.0100837 1 0 0
               155.3  9.78533  22.9957 -96.0486 -0.268726 -0.175641 -0.107078  -0.00713  0.011956 0.0011168    -0.027953 -0.000464306  -0.00255795 -0.0425417 -0.0234663  0.0102284 1 0 0
               155.4  9.43608    22.75 -96.1962 -0.272356 -0.177883 -0.108222  -0.0334628 -0.00744103 -0.00515258   -0.0279429 -0.000455289  -0.00255827 -0.0427373 -0.0233951  0.0101948 1 0 0
               155.5 9.40307 22.7956 -96.225 -0.273604 -0.174056 -0.104928 -0.0267804  0.0126649 0.00938351   -0.0279476 -0.000466118  -0.00255599 -0.0424243 -0.0234816  0.0101431 1 0 0
               155.6  9.12736  22.7294 -96.2214 -0.271874 -0.177105 -0.102556  -0.0234323 -0.00879601   0.0154782   -0.0279642 -0.000456304  -0.00256557 -0.0425337  -0.023803  0.0100641 1 0 0
             155.699  9.03295  22.6704 -96.2859 -0.271296 -0.175363 -0.103148   -0.0198364   0.00458029 -0.000372922    -0.027959 -0.000469026  -0.00256108 -0.0424178 -0.0239245    0.01024 1 0 0
               155.8  9.1122 22.6723 -96.312 -0.269559 -0.177763 -0.102222  -0.0166269 -0.00933953  0.00177889   -0.0279766 -0.000459087  -0.00256405 -0.0424724 -0.0241985  0.0101909 1 0 0
               155.9   9.1517  22.6605 -96.4071  -0.27129  -0.18081 -0.105816 -0.0222089 -0.0218342 -0.0122717   -0.0279774 -0.000461814  -0.00255176 -0.0426226 -0.0242112  0.0103187 1 0 0
             155.999 8.98882 22.7273 -96.419 -0.269553 -0.179178 -0.106454  -0.0147331 -0.00702561  -0.0154038   -0.0279958 -0.000462485  -0.00255583 -0.0423841 -0.0243828  0.0104129 1 0 0
               156.1 8.82665 22.8141 -96.458 -0.272431 -0.178218 -0.106827  -0.0308666 0.000958107  -0.0091306   -0.0279819 -0.000458054  -0.00254639 -0.0422968 -0.0243309  0.0103897 1 0 0
               156.2  8.86306  22.7622 -96.5153 -0.269952 -0.173385 -0.104397 -0.0148154  0.0215194 0.00297507  -0.0279988 -0.00046185 -0.00255254 -0.0419675 -0.0245885  0.0104047 1 0 0
               156.3   8.8273  22.8276 -96.4915 -0.268973 -0.175745 -0.103352   -0.013314 -0.00249095  0.00469976   -0.0280023 -0.000463002  -0.00255414 -0.0421048 -0.0247901  0.0103197 1 0 0
               156.4  8.84201  22.9013 -96.5289 -0.268229 -0.176912 -0.104036   -0.015477 -0.00689617   -0.001607   -0.0280197 -0.000468346  -0.00255188 -0.0421358 -0.0249276  0.0103813 1 0 0
               156.5  8.91352  22.8976 -96.5483 -0.269114 -0.174736 -0.103034 -0.0228294 0.00496151 0.00233598   -0.0280172 -0.000470218   -0.0025549 -0.0419653 -0.0249658  0.0104064 1 0 0
               156.6  8.90213  22.7982 -96.6575 -0.268575 -0.174234 -0.103619  -0.0178239  0.00306172 0.000630101   -0.0280331 -0.000466003  -0.00255423 -0.0419424 -0.0251206  0.0104897 1 0 0
               156.7  8.44726  22.7297 -96.8891 -0.268483 -0.176065 -0.105465 -0.0136244 -0.0029611 0.00794826   -0.0280295 -0.000460675  -0.00255827 -0.0420626 -0.0252402  0.0105758 1 0 0
               156.8  7.18939   21.558 -97.6348 -0.266005 -0.173727 -0.100794 -0.000823533    0.0129399    0.0354582   -0.0280439 -0.000464614  -0.00255566 -0.0418829 -0.0254318  0.0105493 1 0 0
               156.9  5.69774  22.5047 -98.0167  -0.263853   -0.17388 -0.0932107  0.0317144 -0.0182347  0.0857504    -0.028014 -0.000421271  -0.00254509 -0.0418108 -0.0255015  0.0104082 1 0 0
                 157  2.70857  23.8132 -98.2493  -0.254004   -0.17556 -0.0770843  0.0620751 -0.0349664   0.183257   -0.0280072 -0.000500831  -0.00254423 -0.0416153 -0.0258168  0.0103633 1 0 0
               157.1  3.95396  21.2981 -96.8249  -0.244894    -0.1842 -0.0550036 0.0744105 -0.052839   0.20353   -0.0279954 -0.000467416  -0.00254766 -0.0417524 -0.0260524   0.010221 1 0 0
               157.2  3.47845  18.0253 -95.8565  -0.238692  -0.187802 -0.0433618  0.0313088 -0.0351347   0.109148   -0.0280564 -0.000395724   -0.0025794 -0.041816 -0.026068 0.0104662 1 0 0
               157.3  2.31257  17.0359 -94.6335  -0.235848  -0.182077 -0.0356858 -0.0114269  0.0334387  0.0753402   -0.0280273 -0.000422474  -0.00256261 -0.0414643 -0.0260979  0.0107232 1 0 0
               157.4  1.03798  15.8364 -93.9669  -0.235675  -0.176467 -0.0263268 -0.0392126  0.0454671  0.0458839   -0.0280261 -0.000415164   -0.0025793  -0.041299 -0.0262665  0.0106046 1 0 0
               157.5  1.20922  17.0428 -93.0645  -0.240565  -0.172351 -0.0179946 -0.0468965  0.0363409  0.0244281   -0.0280273 -0.000435189  -0.00255695 -0.0411916  -0.026252  0.0103071 1 0 0
               157.6  2.36098  17.4338 -92.0017  -0.242628  -0.173597 -0.0173212 -0.0350885 0.00948202  0.0363976   -0.0280831 -0.000484766  -0.00256931 -0.0414171 -0.0264207   0.010353 1 0 0
               157.7   2.7389  17.5356 -91.1224  -0.246362  -0.182888 -0.0198127 -0.0409922 -0.0353654  0.0222086   -0.0281051 -0.000453103  -0.00256484 -0.0419867 -0.0265145  0.0105049 1 0 0
               157.8  2.62347  17.3671 -90.3983  -0.248549  -0.186365 -0.0204932 -0.0187684 -0.0368539 0.00229177   -0.0280851 -0.000455692  -0.00256779 -0.0420151 -0.0265618  0.0106283 1 0 0
               157.9  2.39492  17.2298 -89.5234  -0.247729  -0.182543 -0.0170126 -0.0041804 0.00246554 0.00164264    -0.028078 -0.000463606  -0.00255684 -0.0416044 -0.0266183  0.0105922 1 0 0
                 158  1.82273  17.1999 -89.3822  -0.239111  -0.181077 -0.0142846 -0.000891468  -0.00711333  -0.00763486   -0.0280972 -0.000449628  -0.00256108 -0.0414083 -0.0271701   0.010479 1 0 0
               158.1  1.84372  18.0646 -89.5675 -0.239353 -0.180161 -0.015766  -0.0222459 -0.00906082  -0.0226591   -0.0280884 -0.000461417  -0.00254656 -0.0412706 -0.0272521  0.0105285 1 0 0
               158.2  2.04623  18.7085 -90.0301  -0.242004  -0.183289 -0.0160761  -0.0142494   -0.010278 0.000701921   -0.0281147 -0.000464904  -0.00254771 -0.0413828 -0.0272361  0.0104223 1 0 0
               158.3   1.9287  18.2284 -90.3621  -0.245617   -0.18699 -0.0162676  -0.021853 -0.0253177 0.00603375   -0.0281158 -0.000463591  -0.00252966 -0.0415376  -0.027109  0.0103988 1 0 0
               158.4  1.58014  18.2575 -90.5061  -0.237979  -0.184293 -0.0131913   0.0157651 -0.00370022    0.010236   -0.0281385 -0.000429708  -0.00254313  -0.041199 -0.0276036  0.0104071 1 0 0
               158.5  1.32451   18.056 -90.6222  -0.239308   -0.18334 -0.0151902 -0.00847765  -0.0014479 -0.00659489  -0.0281166 -0.00044791 -0.00253396 -0.0411759 -0.0274753  0.0105608 1 0 0
             158.599  1.27208  18.1275 -90.7028 -0.232144 -0.184312 -0.018347   0.0189079 -0.00142168  -0.0317117   -0.0281445 -0.000430347  -0.00254056 -0.0412082  -0.027915  0.0106435 1 0 0
             158.699  1.11379  18.5574 -90.7524  -0.233787  -0.183522 -0.0167645  -0.0108719  -0.0024264 -0.00872278   -0.0281373 -0.000453519  -0.00254083 -0.0410911 -0.0277719  0.0104315 1 0 0
               158.8 0.899052  18.5437  -90.735  -0.233542  -0.186004 -0.0151707  -0.0197093 -0.00965995   0.0139519   -0.0281508 -0.000449661  -0.00254507 -0.0411619  -0.027895   0.010331 1 0 0
               158.9 0.769324  18.2577 -90.8076  -0.235348  -0.183554 -0.0108558 -0.0299227 0.00702796  0.0270298   -0.0281503 -0.000454955  -0.00253717 -0.0409787 -0.0279243  0.0102754 1 0 0
                 159 0.798074  18.0536 -90.8214 -0.236218 -0.185097 -0.016319   -0.030092 -0.00386286  -0.0190773  -0.0281489 -0.00043644 -0.00254214 -0.0411668 -0.0280774  0.0105634 1 0 0
               159.1 0.964435  18.1784 -90.7698 -0.234112 -0.179469  -0.01558   -0.014324   0.0248712 -0.00703756     -0.02817 -0.000459707  -0.00254537 -0.0408128 -0.0283389  0.0105625 1 0 0
               159.2 0.536204  17.0111  -90.602  -0.235341  -0.180981 -0.0173249 -0.0232442 0.00737178 -0.0096154   -0.0281569 -0.000448628   -0.0025433 -0.0410231 -0.0283945  0.0105474 1 0 0
               159.3 0.393249  17.1449 -90.7223  -0.235333  -0.182778 -0.0135697  -0.0191017 -0.00657909  0.00904279   -0.0281723 -0.000419365  -0.00255386 -0.0410359 -0.0285576  0.0102895 1 0 0
               159.4 -0.121392   16.8414  -90.7973 -0.235439 -0.183563    -0.012  -0.0204915 -0.00598816  0.00985595   -0.0281776 -0.000444783  -0.00254407 -0.0410282 -0.0286661  0.0102588 1 0 0
             159.499 0.0452084   16.7346  -90.8681  -0.232552  -0.179571 -0.0111519  -0.00416798    0.0144166 -0.000714451  -0.0281923 -0.00043353 -0.00254809 -0.0407794  -0.028917   0.010329 1 0 0
               159.6   0.0954  16.9528 -90.8835 -0.231835 -0.178799 -0.015114 -0.00547197  0.00812222  -0.0211201   -0.0281976 -0.000440081    -0.002551 -0.0408355 -0.0290059  0.0104862 1 0 0
               159.7 0.0607792   17.1001  -90.8666  -0.235455  -0.179095 -0.0131745 -0.0287422 0.00289415 0.00102128   -0.0282124 -0.000451351  -0.00255247 -0.0408476  -0.028885  0.0103025 1 0 0
               159.8 -0.0127933    17.1141   -91.0176  -0.233084  -0.182572 -0.0139262 -0.0147407 -0.0176017 -0.0034351   -0.0282163 -0.000447815  -0.00254196 -0.0409935  -0.029192  0.0102957 1 0 0
               159.9 -0.00743022      17.285    -91.0188  -0.233542  -0.181572 -0.0144706  -0.0172781 -0.00474111 -0.00716425   -0.0282252 -0.000450771  -0.00254532  -0.040853 -0.0292578  0.0103407 1 0 0
                 160 -0.12325  17.3809 -91.0348  -0.234918  -0.183121 -0.0153097  -0.0286119 -0.00785942 -0.00612658  -0.0282292  -0.0004498 -0.00254475 -0.0409005 -0.0293217  0.0103297 1 0 0
               160.1 0.0648488   17.0806  -90.9466  -0.234773   -0.17868 -0.0129581 -0.0266025  0.0155421 0.00666705   -0.0282334 -0.000455773  -0.00254631 -0.0405979 -0.0294811  0.0102897 1 0 0
               160.2 0.0542193   16.4875  -90.9002  -0.237714  -0.179562 -0.0121796 -0.0386533  0.0041275  0.0148955   -0.0282318 -0.000439125  -0.00254558 -0.0407145 -0.0295129  0.0102644 1 0 0
               160.3 -0.0590756    15.8668   -91.0144  -0.235165  -0.179072 -0.0105623 -0.0164937  0.0020685  0.0131857  -0.0282494 -0.00044799 -0.00254231 -0.0406575 -0.0298609  0.0102834 1 0 0
               160.4 -0.0889465    15.4906   -91.0839   -0.236899   -0.177443 -0.00782383  -0.0204269   0.0172603 -0.00414828   -0.0282393 -0.000433944  -0.00253885 -0.0405834 -0.0298641    0.01017 1 0 0
               160.5 0.208968  15.6257 -91.0234   -0.233672   -0.176825 -0.00863772  -0.0058045  0.00368547 -0.00273664   -0.0282591 -0.000436846  -0.00254374 -0.0405816  -0.030156  0.0101804 1 0 0
               160.6  0.13437  15.8555 -91.0699   -0.234584   -0.173945 -0.00771726 -0.0144434  0.0180892 0.00972235   -0.0282662 -0.000449823  -0.00254682 -0.0404517 -0.0301561  0.0101933 1 0 0
             160.699 0.0473099   15.3979  -91.2167   -0.23241  -0.174151 -0.0105877 -0.00252951    0.010932 -0.00946152   -0.0282687 -0.000450287  -0.00254672  -0.040584 -0.0303654  0.0103401 1 0 0
               160.8 -0.0297146    14.9072   -91.0679  -0.233029  -0.173532 -0.0110767 -0.0151304 0.00269123 -0.0141393    -0.028279 -0.000426072  -0.00255243 -0.0405802 -0.0303776     0.0103 1 0 0
               160.9 -0.214027   15.0212   -91.075   -0.231661   -0.172293 -0.00918166  -0.0190216   0.0107298 -0.00542661   -0.0282732 -0.000432497  -0.00254716 -0.0404775 -0.0305492  0.0101509 1 0 0
                 161 0.144195  15.0165 -91.1524   -0.232627   -0.172147 -0.00953347  -0.0341075  0.00428534 -0.00155555   -0.0282781 -0.000447792  -0.00255155 -0.0405025 -0.0306634  0.0101305 1 0 0
               161.1 0.540869  14.9285 -91.3499  -0.235306  -0.176599 -0.0126778  -0.0325428  -0.0203049 -0.00822204   -0.0282777 -0.000435057  -0.00254454 -0.0407571 -0.0307409  0.0102224 1 0 0
               161.2 0.330333  14.6291 -91.6098 -0.236483 -0.173196 -0.011965  -0.0189298  0.00295337 -0.00444781    -0.028292 -0.000440831  -0.00254013  -0.040473 -0.0308057  0.0102347 1 0 0
               161.3 0.0205435   14.6501   -91.719  -0.235703  -0.168563 -0.0073667 -0.0130723  0.0151199 0.00864545    -0.028286 -0.000442092  -0.00253764 -0.0401574 -0.0309283  0.0100587 1 0 0
               161.4 -0.218517   15.0413  -91.6651   -0.233281   -0.167536 -0.00534674 -0.0122506  0.0113431 0.00863625   -0.0283065 -0.000451387  -0.00254544  -0.040125 -0.0311584 0.00998848 1 0 0
               161.5 -0.15633  15.2512 -91.6738   -0.233187   -0.171285 -0.00438183  -0.0213291 -0.00761208   0.0115473   -0.0283021 -0.000455846   -0.0025428 -0.0403513 -0.0312991 0.00992577 1 0 0
             161.599 0.0431915    15.058  -91.7572   -0.230284   -0.171975 -0.00341742 -0.00568432 -0.00777319   0.0103766   -0.0283277 -0.000445325  -0.00255538 -0.0403199 -0.0315845 0.00995015 1 0 0
               161.7 0.0363028   15.0646  -91.8052    -0.23084   -0.173555 -0.00187606 -0.0112935 -0.0180402  0.0103566   -0.0283264 -0.000445236  -0.00254526 -0.0403249 -0.0316039 0.00991847 1 0 0
               161.8 -0.116857    15.044  -91.8089  -0.229152  -0.173101 -0.0073532 -0.00489161 -0.00459257  -0.0191863   -0.0283336 -0.000438171  -0.00254806 -0.0402826 -0.0317566  0.0102299 1 0 0
               161.9 -0.36978  14.9608 -91.8515   -0.229889   -0.172353 -0.00680767  -0.0195207 0.000515423  -0.0116675   -0.0283306 -0.000444105  -0.00254499 -0.0401899 -0.0317787  0.0101305 1 0 0
                 162  -0.3018  14.5625 -91.9126   -0.229236   -0.169502 -0.00510551  -0.0204666   0.0140032 -0.00342575    -0.028343 -0.000435815  -0.00255066 -0.0400107 -0.0319311  0.0100333 1 0 0
               162.1 -0.274703   14.6486  -91.9698   -0.232385   -0.168557 -0.00551092  -0.0322171  0.00927519 -0.00473343   -0.0283406 -0.000432205  -0.00254845 -0.0400217 -0.0319099   0.010028 1 0 0
               162.2 -0.307458   14.6519  -91.9363   -0.232302   -0.170548 -0.00615173   -0.023452 0.000312882  -0.0021545   -0.0283531 -0.000434756  -0.00255175 -0.0401456 -0.0321136  0.0100074 1 0 0
               162.3 -0.423035   14.5365  -91.9051   -0.230098   -0.170279 -0.00705563 -0.0035907  0.0174157  -0.010019     -0.02835 -0.000435132  -0.00254716 -0.0401561 -0.0323473  0.0100229 1 0 0
             162.399 -0.943401   14.2462  -92.1282   -0.229903   -0.167252 -0.00637347  -0.0142358   0.0187415 -0.00572494   -0.0283559 -0.000428944  -0.00255185 -0.0400718 -0.0323983 0.00995201 1 0 0
               162.5 -0.901755   14.2593   -92.242   -0.224965    -0.16634 -0.00290642 -0.00346749 -0.00953078   0.0110746    -0.028354 -0.000434241  -0.00253633  -0.039945 -0.0327703 0.00979036 1 0 0
               162.6 -0.75785  14.4967 -92.0536   -0.228774   -0.166672 -0.00633479   -0.019982 -0.00272658 -0.00444275   -0.0283782 -0.000430235  -0.00254227 -0.0399821 -0.0326232  0.0100029 1 0 0
               162.7 -0.80122  14.2192  -91.961   -0.229015   -0.161639 -0.00552687    -0.017955    0.0208132 -0.000543979   -0.0283844 -0.000441203  -0.00255531 -0.0397175 -0.0326987   0.010021 1 0 0
               162.8 -0.95491  14.1312 -91.9457   -0.230084   -0.161052 -0.00547963 -0.0285534 0.00977212 -0.0102871    -0.028379 -0.000433018  -0.00255011 -0.0397583 -0.0327789 0.00997768 1 0 0
               162.9 -0.97469  14.3376 -92.0134   -0.228083   -0.161464 -0.00599877 -0.0201031 0.00364283 -0.0144488   -0.0283885 -0.000435799    -0.002553 -0.0397729 -0.0330746  0.0099232 1 0 0
                 163 -0.919436     14.41  -92.1194   -0.230213   -0.163894 -0.00759224   -0.026707 -0.00837018  -0.0111499   -0.0283833 -0.000438148  -0.00255224 -0.0399103 -0.0331099 0.00989739 1 0 0
               163.1 -1.04853  14.4143 -92.1693   -0.226589   -0.166855 -0.00266629 -0.00475638  -0.0229464   0.0166527   -0.0283978 -0.000438778  -0.00255074  -0.039892 -0.0334366 0.00961069 1 0 0
               163.2 -1.20768  14.4012 -92.1999   -0.224997   -0.165439 -0.00352686 -0.00264965 -0.00474311  0.00431912   -0.0284003 -0.000442949  -0.00254904 -0.0397287 -0.0335492 0.00978103 1 0 0
             163.299  -1.3227  14.3727 -92.2501   -0.224632   -0.163571 -0.00035836 -0.0109987 0.00402476  0.0110814   -0.0284064 -0.000438301  -0.00254517  -0.039572 -0.0335995 0.00968017 1 0 0
               163.4 -1.15027  14.3448 -92.2359   -0.223345    -0.16243 -0.00148888 -0.00975628  0.00634981 0.000205376   -0.0284219 -0.000438524  -0.00255059 -0.0395374 -0.0337594 0.00979098 1 0 0
               163.5 -1.18936  14.3768 -92.2912   -0.226787   -0.165822 -0.00490546  -0.028928  -0.012113 -0.0109321   -0.0284248 -0.000441607  -0.00254724 -0.0397641 -0.0336989 0.00989178 1 0 0
               163.6 -1.25783   14.239 -92.3401   -0.228967   -0.167132 -0.00914528 -0.0312355 -0.0140481 -0.0255591   -0.0284202 -0.000441675  -0.00254129 -0.0397926 -0.0337576  0.0100289 1 0 0
               163.7 -1.29234  14.2391 -92.3449   -0.231028   -0.164595 -0.00614161  -0.0347461  0.00158687 -0.00504056   -0.0284166 -0.000437703  -0.00254231 -0.0395293 -0.0338022 0.00983014 1 0 0
               163.8 -1.30932  14.2285 -92.4032   -0.225426   -0.162452 -0.00580835 -0.00508356   0.0114822  -0.0030809   -0.0284374 -0.000438708  -0.00254467 -0.0393596 -0.0342822 0.00982307 1 0 0
               163.9 -1.31659  14.0584 -92.4523  -0.226185  -0.162816 -0.0031748 -0.0138822 0.00320571 0.00532038   -0.0284273 -0.000437722   -0.0025466    -0.0394 -0.0342932 0.00965828 1 0 0
                 164  -1.2416  14.1863 -92.4418   -0.222524    -0.16354 -0.00187047 -0.000394256  -0.00465326   0.00577335  -0.0284422  -0.0004341 -0.00254543 -0.0393829 -0.0345783 0.00960438 1 0 0
               164.1 -1.14546  14.1278 -92.4216   -0.226733   -0.166661 -0.00261339 -0.0300351 -0.0136222 0.00508422   -0.0284469 -0.000440189  -0.00255264 -0.0395593 -0.0344229 0.00963488 1 0 0
               164.2  -1.0816  13.8883 -92.5677   -0.226992   -0.164485 -0.00465144  -0.0265015  0.00143685 -0.00867724   -0.0284505 -0.000444554  -0.00254389 -0.0393895 -0.0345836 0.00980212 1 0 0
               164.3 -1.09616  13.8262 -92.6201   -0.229642   -0.162305 -0.00800219 -0.0324643  0.0091806 -0.0236521   -0.0284426 -0.000431469  -0.00254815 -0.0393053 -0.0345998 0.00992663 1 0 0
               164.4 -1.13727  13.8522 -92.6126   -0.225858   -0.160901 -0.00289184 -0.0120168  0.0089201 0.00462085  -0.0284519 -0.00044735 -0.00254617 -0.0391465 -0.0349515  0.0095915 1 0 0
               164.5 -1.09637  13.6768 -92.6161   -0.225128   -0.159873 -0.00142037 -0.0117813  0.0098042 0.00588032   -0.0284564 -0.000438678  -0.00255002 -0.0391199 -0.0350677 0.00954448 1 0 0
               164.6 -1.15964  13.7908 -92.6422  -0.225223   -0.16043 0.00335588   -0.0169517 -8.74646e-05    0.0217979   -0.0284636 -0.000452012  -0.00254834  -0.039126 -0.0351498 0.00933003 1 0 0
               164.7 -1.15704   13.747 -92.6455  -0.228924  -0.163052 -0.0011115  -0.0341455   -0.011341 -0.00500838   -0.0284664 -0.000440791  -0.00255045 -0.0393292 -0.0351074 0.00959137 1 0 0
               164.8 -1.15298  13.7234 -92.6729   -0.227799   -0.165374 -0.00191956   -0.021928  -0.0173888 -0.00851578   -0.0284801 -0.000449501  -0.00254334 -0.0393464 -0.0353683 0.00958989 1 0 0
               164.9 -1.22002  13.6906 -92.6497  -0.226791  -0.163449 -0.0074693  -0.0157084 -0.00151351  -0.0321044   -0.0284773 -0.000439473  -0.00254758 -0.0391863 -0.0355483 0.00984922 1 0 0
                 165 -1.32787   13.634 -92.6551   -0.227809    -0.16154 -0.00674262 -0.0211047 0.00620946 -0.0169673   -0.0284729 -0.000447075  -0.00254358 -0.0390421 -0.0355744 0.00969727 1 0 0
             165.099  -1.3151  13.6356 -92.6212   -0.225259    -0.15942 -0.00307948 -0.00929629   0.0129916  0.00667821   -0.0284876 -0.000440109  -0.00255014 -0.0388797 -0.0358172 0.00947783 1 0 0
               165.2 -1.43454  13.6237 -92.6373  -0.224667  -0.161756 0.00221145  -0.0124774 -0.00707196   0.0232234   -0.0284851 -0.000460415  -0.00255236  -0.038985 -0.0359288 0.00921483 1 0 0
               165.3 -1.45801  13.6304 -92.6381   -0.225757   -0.162878 -0.00091019  -0.0195523 -0.00828756 -0.00156954   -0.0284737 -0.000441806  -0.00254467 -0.0390494 -0.0359765 0.00944213 1 0 0
               165.4 -1.41871  13.6121  -92.628   -0.224195   -0.160512 0.000544835 -0.0132102 0.00562409 0.00427026   -0.0284977 -0.000462667  -0.00255477 -0.0388529 -0.0361655 0.00941872 1 0 0
               165.5 -1.46323  13.3788 -92.6657   -0.223959   -0.161664 -0.00345518  -0.0134033 -0.00400197  -0.0178489   -0.0284797 -0.000437414  -0.00254927 -0.0389567 -0.0362841 0.00958566 1 0 0
               165.6 -1.39831   13.319 -92.6727   -0.226519   -0.161581 -0.00486922  -0.0263653 -0.00294522  -0.0188085   -0.0285083 -0.000438469  -0.00254663 -0.0389305 -0.0362492  0.0095672 1 0 0
               165.7 -1.54468  13.3561 -92.7064   -0.227516   -0.163375 -0.00382092  -0.0293851  -0.0106117 -0.00627265   -0.0285053 -0.000440573  -0.00254314 -0.0389532  -0.036361 0.00941268 1 0 0
               165.8 -1.63705  13.3192 -92.7321   -0.226733   -0.163556 -0.00546258  -0.0198896 -0.00614828  -0.0116679   -0.0285045 -0.000442118  -0.00254556 -0.0388923 -0.0365695 0.00947353 1 0 0
               165.9 -1.67433  13.3323 -92.7636  -0.224603  -0.164088 -0.0027518 -0.00891055 -0.00930076 0.000940632   -0.0285091 -0.000447371  -0.00253984 -0.0388067 -0.0367846 0.00928955 1 0 0
             165.999 -1.58365  13.4288 -92.6748   -0.223736   -0.160348 -0.00217785 -0.0111766  0.0138591 0.00189231   -0.0285302 -0.000444239  -0.00254616 -0.0385638 -0.0368809 0.00932555 1 0 0
               166.1 -1.56729  13.3151 -92.7312   -0.223546   -0.161433 -0.00224516  -0.0157774  0.00119765 0.000364788   -0.0285328 -0.000454354  -0.00254271 -0.0386712 -0.0369915 0.00930911 1 0 0
               166.2  -1.5188  13.2598 -92.7525   -0.224729   -0.159601 -0.00225715  -0.0215664  0.00769479 -0.00352869   -0.0285404 -0.000440922  -0.00254407  -0.038583 -0.0370282 0.00932767 1 0 0
               166.3 -1.52492  13.3365 -92.7547   -0.223043   -0.160771 0.000292379  -0.0115419 -0.00377819  0.00783162   -0.0285415 -0.000455349  -0.00253903 -0.0386069 -0.0372327 0.00917046 1 0 0
               166.4 -1.40435  13.4007 -92.6486   -0.225273   -0.158304 9.55347e-06 -0.0245293 0.00825783  0.0068412   -0.0285407 -0.000456847  -0.00255058 -0.0384812 -0.0371963 0.00926604 1 0 0
               166.5 -1.44182  13.2681 -92.6819  -0.225749  -0.156581 0.00122011 -0.0252742  0.0108925 0.00391899   -0.0285489 -0.000462222  -0.00255107 -0.0384145 -0.0373203 0.00924637 1 0 0
               166.6 -1.35451  13.3152 -92.6719   -0.227221   -0.158083 -0.00348858 -0.0305706 -0.0025721 -0.0205152   -0.0285388 -0.000443145  -0.00254726 -0.0385613 -0.0374327 0.00943857 1 0 0
             166.699 -1.19735  13.3776 -92.6555    -0.222329    -0.157471 -0.000744035   -0.0018214   0.00177856 -0.000169505   -0.0285643 -0.000466462  -0.00255572 -0.0384168 -0.0378411 0.00923734 1 0 0
               166.8 -1.26023  13.2246 -92.7276   -0.222862   -0.164831 -0.00468981 -0.0111103 -0.0340011  -0.016508   -0.0285488 -0.000438532  -0.00254542 -0.0388067 -0.0378968 0.00931634 1 0 0
               166.9 -1.21983  13.2884 -92.7403    -0.22297   -0.161864 -0.00135751  -0.0142982  -0.0067123 0.000114652   -0.0285736 -0.000458042  -0.00255295 -0.0384557 -0.0379279 0.00916785 1 0 0
                 167 -1.32513  13.3476 -92.7594   -0.227407   -0.160928 -0.00077976   -0.0376544 -0.000460131  0.000216839    -0.028561 -0.000436738  -0.00254416 -0.0383847  -0.037802 0.00915272 1 0 0
               167.1 -1.23515  13.3494 -92.7936   -0.224122   -0.158969 0.000912181 -0.0166631 0.00853808 0.00661884   -0.0285888 -0.000459818   -0.0025456 -0.0382203 -0.0381745 0.00911386 1 0 0
               167.2 -1.22187  13.3675 -92.8401  -0.222718   -0.16178 0.00199253 -0.00981364 -0.00911364  0.00573016   -0.0285918 -0.000450815  -0.00254259  -0.038361  -0.038371 0.00903853 1 0 0
               167.3 -1.27077  13.3637 -92.8189  -0.222885  -0.162735 0.00243241 -0.0146686 -0.0103524 0.00197707   -0.0285952 -0.000452994  -0.00254277 -0.0383503 -0.0384345 0.00904119 1 0 0
             167.399 -1.24627    13.37 -92.7886  -0.225059  -0.162116 -0.0038021  -0.0278828 -0.00195828  -0.0248977   -0.0286024 -0.000450426  -0.00255137 -0.0383355 -0.0384411 0.00936417 1 0 0
             167.499 -1.36215  13.2451 -92.8826   -0.223198   -0.160893 -0.00315261 -0.0132498 0.00215516 -0.0123228   -0.0286008 -0.000457988  -0.00254375 -0.0382004 -0.0386755  0.0092496 1 0 0
               167.6 -1.52942  13.1905  -92.873   -0.226236   -0.160885 -0.00237254  -0.0296597 -0.00140552 -0.00625749  -0.0286078 -0.00044784 -0.00254598 -0.0381888 -0.0386172 0.00915083 1 0 0
               167.7 -1.55075  13.2244 -92.8604  -0.222761  -0.159158 0.00230266 -0.00803839  0.00668576   0.0131484   -0.0286061 -0.000451547  -0.00254567 -0.0380119 -0.0389123 0.00894024 1 0 0
             167.799 -1.56093  13.2355 -92.8531 -0.224444 -0.163369 -0.001521 -0.0206871 -0.0162859 -0.0103182   -0.0286195 -0.000439696  -0.00253931 -0.0382823 -0.0389365 0.00910209 1 0 0
               167.9 -1.59331   13.248 -92.8018   -0.223153    -0.16542 -0.00236043 -0.0150261 -0.0182123 -0.0094698    -0.028615 -0.000441416  -0.00254265 -0.0382715 -0.0391332 0.00909664 1 0 0
                 168 -1.61907   13.215 -92.7979   -0.224731   -0.160395 -0.00481914 -0.0243015  0.0131511 -0.0187249   -0.0286244 -0.000443808  -0.00254751 -0.0379703 -0.0391283 0.00924332 1 0 0
               168.1 -1.65597  13.1016 -92.8277   -0.225703   -0.159347 -0.00436646 -0.0257555 0.00894459 -0.0136037   -0.0286221 -0.000438019  -0.00253986  -0.037941 -0.0392147 0.00912637 1 0 0
               168.2 -1.62686  13.2109  -92.801   -0.222576   -0.158706 -0.00222022 -0.00991174  0.00624749 -0.00440014   -0.0286388 -0.000443011  -0.00254739  -0.037867 -0.0395186 0.00895469 1 0 0
             168.299 -1.61835  13.3067 -92.8567   -0.223818   -0.162407 -0.00435961  -0.0189098  -0.0127844 -0.00979815   -0.0286252 -0.000440472  -0.00253958 -0.0380906 -0.0395601  0.0089791 1 0 0
               168.4 -1.55949  13.3736 -92.8661   -0.223238   -0.162458 -0.00386692  -0.0147016 -0.00746579  0.00070705   -0.0286361 -0.000445612  -0.00254462 -0.0379946 -0.0397006  0.0089413 1 0 0
               168.5 -1.68148  13.2555  -92.908   -0.225946   -0.163861 -0.00199657 -0.0252832 -0.0133927 0.00795098   -0.0286219 -0.000441356  -0.00254078 -0.0380095 -0.0396505 0.00885422 1 0 0
               168.6 -1.60496  13.3078  -92.847  -0.221137  -0.157115 0.00111481 0.00192976  0.0228361  0.0127791   -0.0286508 -0.000449495  -0.00254428 -0.0375554 -0.0399777 0.00884852 1 0 0
               168.7 -1.63494  13.2574 -92.8048   -0.223994   -0.161951 -0.00216806  -0.0189203  -0.0120863 -0.00953762   -0.0286318 -0.000445224  -0.00254239 -0.0379446 -0.0398929 0.00895475 1 0 0
               168.8 -1.55343  13.4137 -92.7398   -0.220897   -0.160814 -0.00420532 -0.00644487 0.000957045   -0.014237   -0.0286581 -0.000452581   -0.0025445 -0.0378027 -0.0401706 0.00903692 1 0 0
               168.9 -1.55969  13.2752 -92.7925   -0.224175   -0.162108 -0.00137234  -0.0295774 -0.00749865  0.00690243   -0.0286426 -0.000453728  -0.00254158 -0.0378446 -0.0400711 0.00883233 1 0 0
                 169 -1.50009  13.2206 -92.8054   -0.221631   -0.162205 -0.00409102  -0.0113968 -0.00507504  -0.0117141   -0.0286626 -0.000436308  -0.00253923 -0.0377951 -0.0403733 0.00899094 1 0 0
               169.1 -1.54629  13.2255 -92.7664   -0.224876   -0.160136 -0.00287434  -0.0306852  0.00674257 -0.00418794   -0.0286556 -0.000446991  -0.00254609 -0.0376622 -0.0402745 0.00890894 1 0 0
               169.2 -1.39765  13.2143 -92.7654   -0.218976   -0.159229 0.000710412 -0.000351691   0.00544561    0.0111678   -0.0286702 -0.000455088  -0.00254225  -0.037539 -0.0407369 0.00872943 1 0 0
               169.3 -1.35939  13.1415 -92.8092    -0.222612    -0.159488 -0.000234035   -0.025833 0.000268246  0.00219468   -0.0286686 -0.000449344  -0.00254108  -0.037615 -0.0405977 0.00881164 1 0 0
               169.4 -1.29683  13.1945 -92.8616  -0.219502  -0.160362 0.00410531 -0.00591074 -0.00648899   0.0156897   -0.0286832 -0.000462199  -0.00254087 -0.0375641 -0.0408926 0.00860811 1 0 0
               169.5 -1.44094  13.1907 -92.8263    -0.225148    -0.159156 -0.000984617  -0.0364684 0.000641159  -0.0143693    -0.028676 -0.000453137  -0.00254554  -0.037563 -0.0406718 0.00893241 1 0 0
               169.6  -1.4881  13.1183 -92.8558   -0.223561   -0.161292 -0.00112903  -0.0221228 -0.00751747 -0.00983437   -0.0286844 -0.000456498  -0.00253745 -0.0376219 -0.0409661 0.00885006 1 0 0
               169.7 -1.53152  13.0512 -92.8645   -0.221044   -0.160756 -0.00369612  -0.0104525 -0.00394452  -0.0237845    -0.028691 -0.000450359  -0.00254389 -0.0375306 -0.0412275 0.00892387 1 0 0
               169.8 -1.55461  13.2951 -92.8472   -0.221744   -0.162089 -0.00322347  -0.0169796 -0.00977289  -0.0121582    -0.028689 -0.000462766   -0.0025397 -0.0375309 -0.0412649 0.00878006 1 0 0
               169.9 -1.63057  13.1343 -92.8447   -0.222763    -0.16301 -0.00647005  -0.0225258 -0.00804643  -0.0191832   -0.0286992 -0.000447548  -0.00254764  -0.037552 -0.0413323 0.00888127 1 0 0
                 170 -1.73597  13.1457 -92.8813   -0.222177   -0.161135 -0.00338897  -0.0152116 7.56826e-05 -0.00118319   -0.0286952 -0.000453556  -0.00254481 -0.0373441 -0.0414613 0.00868461 1 0 0
             170.099 -1.90517  13.3579 -92.8621   -0.220976   -0.161499 -0.00228002  -0.0106652 -0.00293367 0.000510573   -0.0287103 -0.000442271  -0.00254492 -0.0373176 -0.0416155 0.00860647 1 0 0
             170.198 -2.02496  13.4146  -92.821    -0.219453    -0.160739 -2.11562e-06 -0.0100977  0.0043434  0.0114393   -0.0287126 -0.000462006  -0.00254832 -0.0372342 -0.0417667 0.00852814 1 0 0
             170.299  -2.1223  13.2814 -92.8589   -0.222166   -0.164119 -0.00271531  -0.0263213  -0.0144336 -0.00748938   -0.0286935 -0.000444431  -0.00254138 -0.0374485 -0.0417398 0.00864704 1 0 0
               170.4 -1.88947  13.3169 -92.8288    -0.220541    -0.158923 -0.000757139 -0.0132592  0.0148576  0.0032896   -0.0287245 -0.000452683  -0.00254399 -0.0370952 -0.0419209 0.00861256 1 0 0
               170.5  -1.8592  13.2147 -92.8812       -0.218    -0.157428 -0.000135106 -0.00327454   0.0149091  0.00562894   -0.0287357 -0.000450036  -0.00253823 -0.0370649 -0.0421228 0.00860325 1 0 0
               170.6 -1.94275  13.0633 -92.8793   -0.219582   -0.159853 -0.00101985  -0.0139824 -0.00579617 -0.00478805   -0.0287337 -0.000442993   -0.0025456 -0.0372588  -0.042099 0.00860975 1 0 0
               170.7  -2.1226  13.1175 -92.8975  -0.218329  -0.161917 -0.0022781  -0.011236 -0.0158467 -0.0138621   -0.0287445 -0.000445981  -0.00253671 -0.0372999 -0.0422618 0.00861359 1 0 0
               170.8 -2.13931  13.2389 -92.8168   -0.221046   -0.158838 -0.00278168  -0.0289459  0.00872902 -0.00790547   -0.0287394 -0.000445706  -0.00254652 -0.0370809 -0.0421962 0.00863708 1 0 0
               170.9 -2.10897  13.1281  -92.872    -0.22125   -0.161828 -0.00175058 -0.0264031 -0.0104947 0.00231444   -0.0287451 -0.000454338  -0.00253976 -0.0372213 -0.0423797  0.0085094 1 0 0
                 171 -2.07947  12.9906 -92.8701    -0.22363   -0.160265 -0.00538126   -0.0317094 -0.000147801   -0.0185264   -0.0287449 -0.000436878  -0.00254411 -0.0371226 -0.0424127 0.00870511 1 0 0
               171.1 -2.01948  13.0684 -92.8968   -0.220897   -0.161088 -0.00376693  -0.0128055 -0.00476152 -0.00516457   -0.0287453 -0.000446408  -0.00253451  -0.037079  -0.042717 0.00853135 1 0 0
               171.2  -1.9643  12.9922 -92.9254    -0.22231   -0.161127 -0.00620774  -0.0208318 -0.00226146  -0.0143435   -0.0287513 -0.000438411  -0.00253523 -0.0370762 -0.0427411  0.0086248 1 0 0
               171.3 -1.87495  13.0325 -92.9481    -0.2184  -0.158875 0.00030363 -0.00459124  0.00672147   0.0173348   -0.0287736 -0.000454072  -0.00253401 -0.0368309 -0.0430317 0.00829038 1 0 0
             171.399 -1.84711  12.9336 -92.9296    -0.22107   -0.160734 -0.00174593   -0.0199334  -0.00432456 -0.000302805   -0.0287602 -0.000444442  -0.00253916 -0.0369992 -0.0429644 0.00842787 1 0 0
               171.5 -1.72852  12.9953   -92.93   -0.22117  -0.158173 0.00218286 -0.0218641 0.00659147  0.0140283   -0.0287816 -0.000457955   -0.0025354 -0.0367925 -0.0430635 0.00828478 1 0 0
               171.6 -1.71093  12.9445 -92.9003  -0.221264   -0.16158 -0.0052623  -0.0191007 -0.00941809  -0.0269811   -0.0287673 -0.000446023  -0.00254144 -0.0370531 -0.0432344 0.00862756 1 0 0
               171.7 -1.56949  13.0132 -92.9022   -0.219298   -0.161033 -0.00365943  -0.0109548 -0.00624622 -0.00913238   -0.0287913 -0.000453898  -0.00254263 -0.0369013  -0.043434 0.00844722 1 0 0
               171.8 -1.67134  13.0268 -93.0067   -0.221888   -0.161329 -0.00132415  -0.0251692 -0.00240165  0.00916496    -0.028784 -0.000445059  -0.00253347 -0.0368722 -0.0433733 0.00831167 1 0 0
               171.9 -1.73091  12.9129 -93.0168  -0.219095  -0.158437 0.00574489 -0.0102812 0.00725461  0.0286415   -0.0287922 -0.000467167  -0.00254187 -0.0366154  -0.043624 0.00806027 1 0 0
                 172 -1.89686  12.9301 -93.0805   -0.22471  -0.160766 0.00103103  -0.0384049 -0.00542366   -0.011103   -0.0287808 -0.000452081  -0.00253499 -0.0368552 -0.0434523 0.00835006 1 0 0
               172.1  -1.7773  13.0882 -93.0667    -0.221562    -0.160352 -3.08395e-05 -0.0160195 -0.0015504 -0.0113681  -0.0288033 -0.00046355 -0.00253881 -0.0367507 -0.0438279 0.00835933 1 0 0
               172.2 -1.79051  12.9608 -93.0853   -0.219605   -0.160133 -0.00150039 -0.00701912 -0.00110943  -0.0102707   -0.0288141 -0.000457131  -0.00254055 -0.0367119 -0.0440254 0.00839205 1 0 0
               172.3  -1.8628  12.9887 -93.1003    -0.216843    -0.159684 -9.22109e-05 -0.000100405  -0.00122319  -0.00600241   -0.0288188 -0.000457046  -0.00253997 -0.0366232 -0.0442093  0.0082749 1 0 0
               172.4 -1.95912  13.1026 -93.1135  -0.221845  -0.158761 0.00324227 -0.0325798 0.00233625 0.00972502  -0.0288131 -0.00046865 -0.00254342 -0.0365629 -0.0439759 0.00810646 1 0 0
             172.499 -2.04015   13.125 -93.1397  -0.219996  -0.160546 0.00167413  -0.0188393 -0.00729574 0.000603771  -0.0288202 -0.00046386 -0.00253889 -0.0366368 -0.0442736 0.00820249 1 0 0
               172.6 -2.03715  13.0035 -93.1478    -0.222283    -0.160691 -0.000388471  -0.0260867 -0.00478187  -0.0112748   -0.0288238 -0.000467031  -0.00254329 -0.0366286 -0.0442807 0.00830382 1 0 0
               172.7 -2.14118  13.0472 -93.1216   -0.220291   -0.160393 -0.00549943 -0.00897858 -0.00493457  -0.0323375   -0.0288079 -0.000452354  -0.00253268 -0.0365854 -0.0445081  0.0084695 1 0 0
               172.8 -2.16837  13.1867 -93.0215   -0.219364    -0.16121 -0.00579213  -0.0107864 -0.00390189  -0.0161608   -0.0288174 -0.000456584  -0.00253931 -0.0365653 -0.0446181  0.0083411 1 0 0
               172.9 -2.30631  13.0892 -93.0749   -0.221348   -0.161498 -0.00424627  -0.0254242 -0.00366281 -0.00399025   -0.0288093 -0.000454559  -0.00253429 -0.0365378 -0.0445958 0.00819975 1 0 0
                 173  -2.2524  13.0902 -93.0558   -0.220872   -0.159216 -0.00128396  -0.020085 0.00565148 0.00516088   -0.0288223 -0.000459396  -0.00253622 -0.0363442  -0.044746 0.00806964 1 0 0
               173.1 -2.40075  13.0468 -93.0657   -0.220208    -0.16158 -0.00420538   -0.015671 -0.00817106  -0.0110493   -0.0288088 -0.000452009  -0.00253186 -0.0364932 -0.0449201 0.00818296 1 0 0
               173.2 -2.32876  13.0322  -93.005   -0.217831   -0.160774 2.03879e-05  -0.00422284 -0.000589384    0.0126209   -0.0288234 -0.000464986  -0.00254457 -0.0363406  -0.045113  0.0079665 1 0 0
               173.3 -2.31729  12.9502 -93.0481  -0.218482  -0.162841 0.00239974 -0.0139422 -0.0119336  0.0158221   -0.0288244 -0.000459112   -0.0025355 -0.0364161 -0.0451336 0.00789015 1 0 0
             173.399 -2.10218  13.0035 -92.9784  -0.215841  -0.157804 0.00232486 -0.00337724   0.0155778  0.00803017   -0.0288369 -0.000468466  -0.00254382 -0.0360957 -0.0453384  0.0080446 1 0 0
               173.5  -2.1251   12.882 -93.0448    -0.220194    -0.159806 -0.000753932  -0.0298547 -0.00130749  -0.0110032   -0.0288332 -0.000463004  -0.00253726  -0.036324 -0.0451944 0.00816887 1 0 0
               173.6 -2.01645   12.983 -93.0786   -0.219531   -0.159963 -0.00392454  -0.0227609 -0.00157624  -0.0244432   -0.0288392 -0.000467643  -0.00253339 -0.0363079 -0.0454001 0.00824465 1 0 0
               173.7 -1.92014  12.9325 -93.1065   -0.223562   -0.161339 -0.00125459  -0.0385952 -0.00897077 -0.00183628   -0.0288435 -0.000469735  -0.00253235 -0.0363284 -0.0453304  0.0080071 1 0 0
               173.8 -1.73237  12.9317 -93.0897 -0.218796 -0.157611 0.0015496 -0.00425255   0.0111517   0.0126609   -0.0288699 -0.000472546  -0.00253961 -0.0360168 -0.0457462 0.00794137 1 0 0
               173.9  -1.8312  12.8089 -93.1447  -0.220952  -0.158927 0.00130121  -0.0191139 -0.00181466  0.00226015   -0.0288602 -0.000468047  -0.00253344 -0.0361501 -0.0456952 0.00797089 1 0 0
                 174 -1.69764  12.8881 -93.1401    -0.218008     -0.16031 -0.000424986 -0.00825987 -0.00601144  -0.0107931   -0.0288776 -0.000465068  -0.00253483 -0.0361789 -0.0459866 0.00803064 1 0 0
               174.1 -1.59738  12.8703 -93.1479    -0.220847    -0.160945 -0.000670225  -0.0270781 -0.00611636 -0.00667021    -0.028879 -0.000469369   -0.0025398 -0.0361832 -0.0459157 0.00799223 1 0 0
               174.2 -1.54887  12.7739 -93.2153    -0.219534    -0.158982 -0.000526736  -0.0146938  0.00375958 -0.00359094   -0.0288851 -0.000469874  -0.00253397 -0.0360202 -0.0461179 0.00799201 1 0 0
               174.3  -1.6785  12.6351 -93.2063   -0.221826   -0.158465 -0.00310378 -0.0235494  0.0029391  -0.016936   -0.0288815 -0.000462336  -0.00253759 -0.0360347  -0.046094  0.0080885 1 0 0
               174.4 -1.77987     12.7  -93.237   -0.221776   -0.159883 -0.00274998  -0.0215553 -0.00651179  -0.0150968   -0.0288889 -0.000464761  -0.00253344  -0.036066 -0.0462434 0.00795697 1 0 0
               174.5 -1.75635  12.8479 -93.1897   -0.222256   -0.159585 -0.00224315  -0.0234798 -0.00208173 -0.00741516   -0.0288937 -0.000463662   -0.0025355 -0.0359829 -0.0463504 0.00787091 1 0 0
               174.6 -1.79502  12.9822 -93.2368   -0.222176   -0.160076 0.000720212  -0.0193333 -0.00382109   0.0131179    -0.028894 -0.000471139  -0.00253308 -0.0359417 -0.0464846 0.00770724 1 0 0
               174.7 -1.83361  12.7995 -93.2408  -0.220335  -0.158745 0.00123988 -0.00980756  0.00324251  0.00996954   -0.0289065 -0.000467899  -0.00253735 -0.0358413 -0.0466889 0.00777099 1 0 0
               174.8  -1.9167  12.8527 -93.2392  -0.218994   -0.15834 0.00274604 -0.00781683  0.00119406  0.00380167   -0.0289083 -0.000472009  -0.00252852 -0.0357963 -0.0468238  0.0077292 1 0 0
               174.9 -1.99858   12.902 -93.1864   -0.217105   -0.158559 -0.00238001  -0.00311347 -0.000250371   -0.0224599   -0.0289071 -0.000474403  -0.00254042 -0.0358384 -0.0469927 0.00796946 1 0 0
                 175 -2.06668  13.0287 -93.1758    -0.2171  -0.159326 -0.0025522 -0.00816949 -0.00279178 -0.00836872    -0.028908 -0.000481951  -0.00253557 -0.0358498 -0.0470304 0.00788088 1 0 0
               175.1  -2.1714  12.7946 -93.1787   -0.220646   -0.161905 -0.00606768 -0.0297525 -0.0146947  -0.020894   -0.0289103 -0.000470581  -0.00253559 -0.0360014 -0.0469433 0.00797293 1 0 0
               175.2 -2.24107  12.9064 -93.2109   -0.220525   -0.160672 -0.00137673  -0.0257757 -0.00657829  0.00159051   -0.0289124 -0.000478464  -0.00253356 -0.0357674 -0.0470878 0.00767855 1 0 0
               175.3 -2.25264  12.8988 -93.2815    -0.220584    -0.163343 -0.000906986 -0.0225865 -0.0147395 0.00232876   -0.0289122 -0.000470818  -0.00252569 -0.0358461  -0.047245 0.00763394 1 0 0
               175.4 -2.21722  12.9727 -93.2588  -0.219288   -0.15867 0.00151602 -0.0126937  0.0104201  0.0114907   -0.0289282 -0.000483578  -0.00253503 -0.0354959 -0.0474013 0.00761627 1 0 0
               175.5 -2.33634  12.9205 -93.2938    -0.218041    -0.157955 -0.000802408 -0.00626276  0.00828978 -0.00638089   -0.0289289 -0.000477918  -0.00253466 -0.0355214 -0.0475549 0.00776544 1 0 0
               175.6 -2.45549  13.0432 -93.3172   -0.220405   -0.157368 -0.00213519 -0.0244452 0.00554443 -0.0122671   -0.0289323 -0.000479435  -0.00253249  -0.035538 -0.0475053 0.00778184 1 0 0
             175.698 -2.45103  13.1218 -93.3378   -0.219819   -0.161452 -0.00308822 -0.0194569 -0.0155393 -0.0110927   -0.0289429 -0.000476318  -0.00253044 -0.0357313 -0.0477042 0.00771187 1 0 0
               175.8  -2.5319  13.0523 -93.3473   -0.222025   -0.160788 -0.00619902  -0.0277113 -0.00450893  -0.0188037   -0.0289335 -0.000467387  -0.00253417 -0.0356479  -0.047713 0.00783395 1 0 0
               175.9 -2.41143  12.9805  -93.376   -0.218228   -0.161534 -0.00567322 -0.00205762 -0.00627582 -0.00838521   -0.0289486 -0.000468578  -0.00252786 -0.0355945 -0.0480288 0.00772165 1 0 0
                 176 -2.33025  12.9778 -93.3212    -0.22116   -0.159016 -0.00220121 -0.0208289 0.00464045 0.00950418   -0.0289504 -0.000466942  -0.00252861 -0.0354165 -0.0478857 0.00756795 1 0 0
             176.099  -2.2968  12.9979 -93.3156  -0.219053   -0.15939 0.00194536 -0.00980623  0.00219324   0.0204098   -0.0289564 -0.000477691  -0.00252739 -0.0353943 -0.0481076 0.00740556 1 0 0
               176.2 -2.27767  12.9102 -93.2772  -0.220213  -0.157268 -0.0028363 -0.0226783 0.00986448 -0.0132953   -0.0289565 -0.000465788   -0.0025336 -0.0353561 -0.0481489 0.00773266 1 0 0
               176.3 -2.15286  12.9462 -93.3098    -0.216171    -0.159519 -0.000224196 -0.00246655 -0.00327899   0.0052797   -0.0289607 -0.000486226  -0.00252772 -0.0354264 -0.0484935 0.00751517 1 0 0
             176.399 -2.16697  12.7818 -93.2868  -0.220456  -0.159621 -0.0008547  -0.0277368 -0.00641564 -0.00199375   -0.0289479 -0.000470917  -0.00253857 -0.0354418 -0.0483164 0.00756582 1 0 0
               176.5 -2.03442  12.9439 -93.3024  -0.217851   -0.15727 0.00323846 -0.0120964 0.00688316  0.0157655   -0.0289625 -0.000490191  -0.00253333  -0.035211 -0.0485801 0.00740333 1 0 0
               176.6 -1.99643   12.705 -93.3434   -0.217544    -0.16261 -0.00341817 -0.0100441  -0.016946 -0.0187381   -0.0289548 -0.000468191  -0.00253849 -0.0355693 -0.0487346 0.00770515 1 0 0
               176.7 -1.95585  12.6218 -93.3826   -0.216844   -0.158136 0.000938279 -0.00894399  0.00527606  0.00472408   -0.0289735 -0.000484636  -0.00253748 -0.0351869 -0.0487841 0.00749482 1 0 0
               176.8 -2.19177  12.5576 -93.4064   -0.220593   -0.161201 0.000803002   -0.033727  -0.0108119 -0.00127844   -0.0289654 -0.000472152  -0.00252843  -0.035376 -0.0486892 0.00746637 1 0 0
               176.9 -2.19958  12.5846 -93.3968  -0.220837  -0.156092 0.00490115 -0.0308789  0.0201846  0.0124656   -0.0289649 -0.000491925  -0.00253619 -0.0350277 -0.0488355 0.00733549 1 0 0
                 177 -2.15846  12.4205 -93.6011   -0.22316  -0.158405 0.00342913  -0.0327309 -0.00553296 -0.00202144   -0.0289736 -0.000478349  -0.00253378 -0.0352311 -0.0489321 0.00740218 1 0 0
               177.1 -2.26483  12.5334 -93.6337   -0.218324   -0.156288 -0.00149577 0.00915072 0.00750386 -0.0231289   -0.0289726 -0.000482666  -0.00253466  -0.035084 -0.0493223 0.00764984 1 0 0
               177.2 -2.64199  12.5195  -93.679  -0.215886  -0.161188 0.00151657  0.00174558  -0.0232829 -0.00387661   -0.0289824 -0.000482756    -0.002527 -0.0352727 -0.0494369 0.00732498 1 0 0
               177.3 -2.66765  12.8086 -93.6565    -0.21719    -0.15994 -0.00105781  -0.0212372 0.000936941  -0.0161877   -0.0289806 -0.000480565  -0.00252718 -0.0351368 -0.0494161  0.0074507 1 0 0
               177.4 -2.44554  12.5287 -93.6973  -0.216631  -0.159001 0.00161812  -0.0122575 -0.00206891  0.00874043   -0.0290068 -0.000493527  -0.00253803 -0.0350362 -0.0495441 0.00729332 1 0 0
               177.5 -2.73802  12.4499 -93.7514     -0.2177   -0.157302 -0.00185525  -0.011935 0.00510714 -0.0134701    -0.028996 -0.000469487  -0.00252513 -0.0349711 -0.0495535 0.00751578 1 0 0
               177.6 -2.91317  12.5873 -93.6285  -0.215964  -0.157584 -0.0012406 -0.0100179 0.00157045 -0.0136202   -0.0290017 -0.000483938  -0.00253723 -0.0349581 -0.0497226 0.00738559 1 0 0
               177.7 -2.8281 12.7868 -93.579   -0.215222   -0.158093 -0.00293541  -0.0155171 -0.00158386  -0.0105853   -0.0289995 -0.000475269  -0.00253046 -0.0349735 -0.0498555 0.00738616 1 0 0
               177.8 -2.35068  12.8373 -93.3715  -0.213732  -0.156339 0.00338067 0.0134165 0.0117309 0.0291878   -0.0290231 -0.000498364  -0.00253698  -0.034816   -0.04996 0.00710029 1 0 0
               177.9 -3.00491  12.4674 -93.0232     -0.21255    -0.159736 -2.80558e-05  0.0312421 -0.0222746 0.00687843   -0.0290088 -0.000474825  -0.00252994 -0.0350755 -0.0499099  0.0073472 1 0 0
                 178 -4.06354  12.8026 -92.4275  -0.207757  -0.159513 0.00249841   0.0320437 -0.00692978   0.0209757  -0.0290073 -0.00048315 -0.00253481  -0.034936 -0.0499797 0.00730316 1 0 0
               178.1 -4.42345  12.2652 -91.9782  -0.198138  -0.165246 0.00624944  0.0356024 -0.0347462  0.0290207   -0.0289994 -0.000483288  -0.00253861  -0.035099  -0.050392 0.00718692 1 0 0
               178.2 -4.26848  11.8944 -91.8159  -0.191492  -0.164338 0.00536987  0.0411248  -0.012574 0.00111416   -0.0290146 -0.000466257  -0.00253306 -0.0349079 -0.0505792 0.00737399 1 0 0
               178.3 -3.84114  11.6382 -91.1245 -0.187026 -0.160807 0.0119922  0.0480984 0.00230823   0.035471   -0.0290363 -0.000482613  -0.00252764 -0.0345962 -0.0505388 0.00716851 1 0 0
               178.4 -4.97057  11.4024 -90.9221 -0.184376 -0.165138 0.0146757  0.0148817 -0.0164032  0.0138765  -0.0290254  -0.0004784 -0.00254503 -0.0348274 -0.0504859 0.00711306 1 0 0
               178.5  -5.8443  11.6034 -91.2573  -0.18319 -0.165082  0.014907 -0.0187304 0.00228419 -0.0111734   -0.0290012 -0.000490656  -0.00252737 -0.0347704 -0.0505665 0.00709971 1 0 0
               178.6 -4.98124  12.0158  -91.312  -0.18373 -0.165908 0.0072215  -0.0273604 0.000513356  -0.0387213   -0.0290155 -0.000492467  -0.00251929 -0.0348573 -0.0507503 0.00736144 1 0 0
               178.7 -4.19997  12.0245 -91.1757  -0.186189  -0.161849 0.00630632 -0.0282849  0.0239782 -0.0132682   -0.0290443 -0.000502206  -0.00252783 -0.0346676 -0.0507572 0.00729868 1 0 0
               178.8  -4.4679  11.5242 -91.4074 -0.188747 -0.162325 0.0131117 -0.0303695 0.00523474  0.0186842   -0.0290491 -0.000494223  -0.00252681 -0.0347165 -0.0507412 0.00690938 1 0 0
               178.9 -4.38068  11.3896 -91.3776 -0.189166 -0.161711 0.0176584 -0.0229135 0.00685414  0.0227883   -0.029046 -0.00049695  -0.0025191 -0.0346868 -0.0508515 0.00675279 1 0 0
                 179 -4.60717  11.4278 -91.3758 -0.186023 -0.163514 0.0122565 -0.0170676 -0.0121163 -0.0124454   -0.0290533 -0.000489625  -0.00252956 -0.0348059 -0.0512218 0.00704889 1 0 0
               179.1 -4.45398  11.8982 -91.4054 -0.187442 -0.161761 0.0128131   -0.0272756 -0.000159259  -0.00367551  -0.0290417 -0.00050977 -0.00252075  -0.034618 -0.0512731  0.0070101 1 0 0
               179.2 -4.21675  11.5207   -91.43  -0.18938  -0.16322 0.0106287  -0.0149818 -0.00432343 -0.00944412   -0.0290517 -0.000509037  -0.00252559 -0.0347217  -0.051302 0.00708656 1 0 0
               179.3 -4.77819  11.6031 -91.5538 -0.195037 -0.163878 0.0100858 -0.0423772 -0.0053717 -0.0162469   -0.0290527 -0.000488653  -0.00251251 -0.0347355 -0.0511118 0.00705612 1 0 0
               179.4 -4.65239  11.5856 -91.5433 -0.189931 -0.161124  0.009151 -0.0130261 0.00891149 -0.0264305   -0.0290501 -0.000494047  -0.00252307 -0.0345263 -0.0515854 0.00699288 1 0 0
               179.5 -4.64917  11.9111 -91.7125  -0.192694  -0.160936 0.00554941 -0.0317913 0.00206482 -0.0321758   -0.0290551 -0.000487202  -0.00252208 -0.0345548 -0.0515581 0.00702159 1 0 0
               179.6 -4.36321  12.2374 -91.8304  -0.191217  -0.162426 0.00622961  -0.0120763   -0.001744 -0.00739703   -0.0290704 -0.000504395  -0.00252078 -0.0345877 -0.0517899 0.00682756 1 0 0
               179.7 -4.33573  12.0573  -91.817 -0.192357 -0.163291 0.0104516 -0.00938429 -0.00777332   0.0216229    -0.029082 -0.000504726   -0.0025282  -0.034584   -0.05176 0.00662608 1 0 0
               179.8 -4.69215  11.9114 -91.9536 -0.191898 -0.166245 0.0113807 -0.0146291 -0.0211801 0.00274306   -0.0290738 -0.000500896   -0.0025195 -0.0346695 -0.0518595 0.00663182 1 0 0
               179.9 -4.84649  12.1503 -92.0755  -0.193646   -0.16788 0.00774271 -0.0367552 -0.0172461 -0.0238488   -0.0290878 -0.000490048  -0.00252363 -0.0346704 -0.0519246 0.00677281 1 0 0
                 180 -4.50354    12.38 -92.2829 -0.194198 -0.164663  0.004431 -0.0257775  0.0118554 -0.0163406   -0.0290725 -0.000506417  -0.00251351 -0.0344455 -0.0520948 0.00688611 1 0 0
               180.1 -4.36242  12.0903 -92.3705  -0.195328  -0.163096 0.00562318 -0.0165047 0.00963569 0.00301264   -0.0290964 -0.000509784  -0.00252449  -0.034389 -0.0521491 0.00679577 1 0 0
               180.2 -4.57043  11.8233 -92.4327  -0.196488  -0.164795 0.00946441   -0.012705 -0.00231632   0.0128034   -0.0290779 -0.000503337  -0.00251076 -0.0344889 -0.0521435 0.00658446 1 0 0
               180.3 -4.66582  11.7849 -92.3037 -0.192474 -0.161277  0.013051 0.00193145 0.00982314  0.0140651   -0.0290918 -0.000510518  -0.00252702 -0.0342385 -0.0523985  0.0064929 1 0 0
               180.4 -4.71392  11.9449 -92.2712  -0.192313  -0.162001 0.00855855 -0.0106884 0.00436848  -0.012987   -0.0290756 -0.000505197  -0.00252018 -0.0343617 -0.0524736  0.0067339 1 0 0
               180.5 -4.54072  11.8432  -92.243  -0.192069  -0.162224 0.00307557 -0.0148733 0.00277025 -0.0284716   -0.0290868 -0.000510256  -0.00252433 -0.0344207 -0.0525996 0.00691895 1 0 0
               180.6 -4.39787  11.7414 -92.2725  -0.194396  -0.161086 0.00417574 -0.0246438 0.00409359 -0.0130004  -0.0290956  -0.0005079 -0.00252579 -0.0343446 -0.0525548 0.00675048 1 0 0
               180.7 -4.34709  11.7912 -92.2766  -0.195498  -0.163436 0.00727952  -0.0226607 -0.00962211  0.00280016   -0.0290932 -0.000502264  -0.00252306 -0.0344282 -0.0526166 0.00650151 1 0 0
               180.8 -4.20075  11.9208 -92.2305  -0.196683  -0.166561 0.00709772 -0.0272065 -0.0187369 0.00240198   -0.0291058 -0.000504066  -0.00252118 -0.0345199 -0.0527127 0.00649591 1 0 0
               180.9 -4.14664  11.7467 -92.3318  -0.195515  -0.162367 0.00826372 -0.0188961 0.00855285 0.00855789   -0.0291062 -0.000519375  -0.00252147 -0.0342011 -0.0529114 0.00652112 1 0 0
                 181 -3.84152  11.7493 -92.2837  -0.195316   -0.15966 0.00630631  -0.0123836   0.0169672 -0.00766952   -0.0291185 -0.000501574  -0.00252658 -0.0341114 -0.0530419 0.00664973 1 0 0
             181.099 -3.98133  11.6223  -92.172   -0.19223  -0.159713 0.00427057 0.00460612  0.0113488 -0.0164061   -0.0291076 -0.000515283  -0.00252397 -0.0341917 -0.0532584 0.00666655 1 0 0
               181.2  -3.9403  11.6632 -92.0943  -0.192501  -0.161421 0.00894339  -0.0145376 -0.00188199  0.00929911   -0.0291237 -0.000512827  -0.00252577 -0.0342672 -0.0532527 0.00634489 1 0 0
               181.3 -3.88167  11.4344 -92.1668  -0.191777  -0.163109 0.00899986   -0.015704 -0.00968669  0.00130298   -0.029119 -0.00051795 -0.00252406 -0.0343318 -0.0534062 0.00634169 1 0 0
             181.399 -3.85713  11.5223 -92.2046   -0.19398  -0.161319 0.00683487  -0.0228454 -0.00130472 -0.00867897  -0.0291245 -0.00050877 -0.00252338 -0.0342002 -0.0533951 0.00647369 1 0 0
               181.5  -3.9546  11.5946 -92.2765  -0.193872   -0.16195 0.00639943  -0.0174443 -0.00282465  -0.0122949   -0.0291162 -0.000512109  -0.00251852 -0.0342032 -0.0535237 0.00642807 1 0 0
               181.6 -3.79459  11.5203  -92.227  -0.195459  -0.162305 0.00836386  -0.0236184 -0.00513909  0.00388233   -0.0291326 -0.000514067   -0.0025253 -0.0341784 -0.0535414 0.00629238 1 0 0
               181.7  -3.7609   11.444 -92.2915  -0.195563  -0.161829 0.00915364  -0.0186537 -0.00314902  0.00300924   -0.0291298 -0.000511645  -0.00251654 -0.0341042 -0.0536588 0.00628065 1 0 0
               181.8 -3.66756   11.504  -92.316  -0.19282 -0.162596 0.0106985 -0.00687382 -0.00220008  0.00745092   -0.0291394 -0.000514772  -0.00251867 -0.0340892  -0.053914 0.00619913 1 0 0
               181.9 -3.82458   11.372 -92.3382 -0.193895  -0.15998 0.0104659   -0.0175435   0.00804622 -0.000538141   -0.0291263 -0.000514024  -0.00252341 -0.0339586 -0.0539114  0.0062667 1 0 0
                 182 -3.77939  11.5476 -92.3808  -0.191837  -0.161271 0.00961474 -0.00896453 -0.00104189 -0.00504807    -0.029149 -0.000516695  -0.00252206 -0.0340316 -0.0541403 0.00626481 1 0 0
               182.1 -3.77709  11.4188 -92.3969  -0.193661  -0.162724 0.00850574  -0.0161737 -0.00459615 -0.00557908   -0.0291429 -0.000517129  -0.00252066 -0.0341197 -0.0541137 0.00628529 1 0 0
               182.2 -3.86908  11.3348 -92.4032  -0.194982  -0.162636 0.00964699 -0.0241913 -0.0075365 -0.0024757    -0.029148 -0.000514915   -0.0025217 -0.0340583 -0.0541419 0.00620506 1 0 0
               182.3 -3.97385  11.4605 -92.4249  -0.195141  -0.160142 0.00473814 -0.0222292  0.0103366 -0.0263392   -0.0291432 -0.000511261   -0.0025212 -0.0339211 -0.0542955 0.00643614 1 0 0
               182.4 -3.93279  11.2873 -92.5358  -0.194814  -0.160485 0.00310382 -0.0144954  0.0022421 -0.0191158    -0.029155 -0.000518922   -0.0025259 -0.0339691 -0.0544355 0.00637279 1 0 0
               182.5 -4.12359  11.3181 -92.6085  -0.194426  -0.161332 0.00235994  -0.0123603 -0.00274302  -0.0184793  -0.0291515 -0.00049915 -0.00251469 -0.0339869 -0.0545405 0.00629638 1 0 0
               182.6 -4.08427   11.304 -92.5156  -0.195943  -0.160177 0.00146646 -0.0193047  0.0023933 -0.0179762   -0.0291512 -0.000504931  -0.00252701 -0.0339136 -0.0545352 0.00624975 1 0 0
               182.7   -4.194  11.5758 -92.5365   -0.19467  -0.161967 0.00235495  -0.0157259  -0.0110661 -0.00731824   -0.0291567 -0.000513891  -0.00251925 -0.0339427 -0.0547148 0.00609398 1 0 0
               182.8 -4.08972  11.6363 -92.5635  -0.195934  -0.161569 0.00238848    -0.022191   0.00280842 -0.000281745   -0.0291552 -0.000514889  -0.00252403 -0.0338848 -0.0547532 0.00608077 1 0 0
               182.9 -4.08406  11.4627 -92.6692  -0.192953  -0.162175 0.00508807 -0.00352257 -0.00559101  0.00749408   -0.0291713 -0.000517707  -0.00251761 -0.0338641 -0.0550172 0.00593003 1 0 0
                 183 -4.15051  11.5754  -92.621  -0.193366  -0.160801 0.00412613 -0.00858454  0.00215457 -0.00185277   -0.0291714 -0.000510045  -0.00251733 -0.0337722 -0.0550302 0.00602218 1 0 0
             183.099 -4.15348  11.6468 -92.5528  -0.194448  -0.159719 0.00322283  -0.0152855  0.00871465 -0.00131994  -0.0291712 -0.00052011 -0.00252091  -0.033743 -0.0550388 0.00606549 1 0 0
               183.2 -4.17553  11.4554 -92.5834  -0.193976  -0.163648 0.00444896 -0.0159676 -0.0128949 0.00722605   -0.0291776 -0.000507464  -0.00252201 -0.0339499 -0.0551819 0.00595516 1 0 0
               183.3 -4.11577  11.2422 -92.6641 -0.194467 -0.162582  0.010077  -0.0177713 -0.00475511   0.0223747   -0.0291805 -0.000519782  -0.00251293 -0.0337874 -0.0552188 0.00574678 1 0 0
               183.4 -4.12197  11.2993 -92.6673  -0.194142  -0.163035 0.00615675  -0.0161257 -0.00507259 -0.00843457   -0.0291715 -0.000505915  -0.00251026 -0.0338058 -0.0553783 0.00600952 1 0 0
               183.5 -3.88681  11.2662 -92.6291 -0.191612  -0.16024  0.010462 -0.00363248   0.0104324   0.0148628   -0.0291957 -0.000523917  -0.00251789 -0.0335913 -0.0555643 0.00580321 1 0 0
               183.6 -3.91712  11.2421 -92.6194 -0.191054 -0.158182 0.0102359 -0.00709366    0.011539  0.00615023   -0.0291957 -0.000523916  -0.00251784 -0.0335324 -0.0556327 0.00589388 1 0 0
               183.7 -3.81529  11.1236  -92.608  -0.192103  -0.159592 0.00991037 -0.0175297 0.00330845 -0.0011121   -0.0292055 -0.000519659  -0.00252337 -0.0336709 -0.0556609 0.00590034 1 0 0
               183.8 -3.84586  11.0484 -92.7048  -0.195152  -0.159683 0.00587951  -0.0351083 0.000818784  -0.0226447   -0.0291947 -0.000513929   -0.0025196 -0.0337205 -0.0556506 0.00606084 1 0 0
               183.9 -3.66772  11.1505 -92.9617  -0.197774  -0.160613 0.00635224  -0.0496901 -0.00805581  -0.0157624   -0.0292185 -0.000519921  -0.00252398 -0.0337164 -0.0557475 0.00590445 1 0 0
                 184 -3.08265  11.2247 -92.9759  -0.198306  -0.161281 0.00428294  -0.0192404 -0.00156931  -0.0155064   -0.0292088 -0.000509064  -0.00251995 -0.0337063 -0.0559468 0.00591285 1 0 0
               184.1 -3.62284  10.8412  -93.037  -0.197197  -0.160259 0.00379962 -0.00279788 -0.00851076  -0.0113747   -0.0292302 -0.000513582  -0.00252835 -0.0336053 -0.0560569 0.00588681 1 0 0
               184.2 -4.38275  11.3613 -92.9706  -0.197624  -0.162089 0.00355062  -0.0200855 -0.00899797  -0.0198228  -0.029198 -0.0005017 -0.0025227 -0.0336265 -0.0560815 0.00580272 1 0 0
               184.3 -3.99427  11.6833 -92.9226  -0.197934  -0.163206 0.00282042  -0.0306236 0.000273394  -0.0102375   -0.0291949 -0.000526023  -0.00252213 -0.0336455 -0.0562322 0.00572312 1 0 0
               184.4  -3.7529  11.4711 -93.0467  -0.194387  -0.162834 0.00247783 -0.00309859 -0.00154443 0.000510691   -0.0292206 -0.000525309   -0.0025274 -0.0335793 -0.0565701 0.00571252 1 0 0
               184.5 -3.84747  11.3558  -93.143   -0.199326   -0.159779 0.000479737 -0.0213584  0.0127328 -0.0135634   -0.0292193 -0.000506339  -0.00251767 -0.0334678 -0.0563358 0.00584605 1 0 0
               184.6 -3.97351  11.4317 -93.0559  -0.198418  -0.160489 0.00344733   -0.0130369 -0.000214755  1.50084e-05   -0.0292193 -0.000520556  -0.00252405 -0.0334937  -0.056475 0.00560145 1 0 0
               184.7 -3.97275  11.5819 -92.9791  -0.196857  -0.159593 0.00406587 -0.0115307 0.00611695   0.008625   -0.0292266 -0.000515888  -0.00252407  -0.033425 -0.0566491 0.00558916 1 0 0
               184.8 -4.09763  11.3431 -93.0439  -0.198828   -0.16024 0.00268354  -0.0214243 0.000786302 -0.00258547   -0.0292236 -0.000523277  -0.00252165 -0.0335136 -0.0566482 0.00568677 1 0 0
               184.9 -4.02012  11.4445 -92.9653  -0.195892  -0.162947 0.00333452 0.000317308  -0.0168273 -0.00944787    -0.029236 -0.000510956  -0.00251689  -0.033583 -0.0569021 0.00557089 1 0 0
                 185 -4.11413  11.6845 -92.7484  -0.193242  -0.162464 0.00527044   0.0046314 -0.00675313  0.00569247   -0.0292312 -0.000523224  -0.00252343 -0.0334393 -0.0570144 0.00546381 1 0 0
               185.1 -4.33691  11.6441 -92.7943  -0.193564  -0.163899 0.00777264  -0.0203314 -0.00720698    0.019338    -0.029231 -0.000529488  -0.00252371 -0.0334727 -0.0570309  0.0053793 1 0 0
               185.2 -4.25327  11.4385 -93.0415  -0.196712  -0.163629 0.00774754   -0.0373715 -3.62444e-05   0.00558842   -0.0292294 -0.000525231  -0.00250895 -0.0334479 -0.0570363 0.00546689 1 0 0
               185.3 -3.68858  11.3369 -92.9643  -0.195208  -0.159482 0.00989708 -0.00348249    0.011279  0.00662614   -0.0292469 -0.000529957  -0.00251622 -0.0331943 -0.0572451 0.00542118 1 0 0
               185.4 -3.99607  11.6489 -92.8367  -0.197761  -0.157793 0.00448482 -0.0124234  0.0123206 -0.0161371   -0.0292415 -0.000526813  -0.00252061 -0.0332113 -0.0571495 0.00571214 1 0 0
               185.5 -4.14562  11.6944 -92.7242  -0.197509  -0.158462 0.00536884 -0.0241505 0.00943636 0.00458739   -0.0292297 -0.000540417   -0.0025249 -0.0332817 -0.0572782 0.00559149 1 0 0
               185.6 -4.03931  11.2598 -92.8191   -0.19592   -0.16242 0.00569063 -0.0172083 -0.0119485 -0.0023973  -0.0292343 -0.00053173 -0.00251996  -0.033493 -0.0575401 0.00551733 1 0 0
               185.7 -3.74707  11.0942  -92.791   -0.19537  -0.161666 0.00313618 -0.0062885 -0.0113329 -0.0241414  -0.0292366 -0.00052146 -0.00251759 -0.0333823 -0.0576495 0.00561089 1 0 0
               185.8  -3.7351  11.5845 -92.6452  -0.197835  -0.160097 0.00372801  -0.0231137  0.00559013 -0.00895593    -0.029244 -0.000527388   -0.0025256 -0.0332318 -0.0575596 0.00550796 1 0 0
               185.9  -3.7962  11.3226 -92.7461     -0.1964   -0.159125 0.000250638 -0.0169297  0.0110074 -0.0156362   -0.0292258 -0.000541521  -0.00252314 -0.0332281  -0.057791 0.00563419 1 0 0
                 186 -3.65614  11.2013 -92.8583 -0.196255 -0.161173  0.004895  -0.0180625 -0.00983524   0.0074121   -0.0292494 -0.000518096  -0.00251923  -0.033291 -0.0579013 0.00530152 1 0 0
             186.099 -3.65335  11.2258 -92.8803  -0.196438  -0.160433 0.00584238   -0.0105725 -0.000531738   0.00662849   -0.0292381 -0.000539079  -0.00251623 -0.0332046 -0.0579656 0.00529693 1 0 0
               186.2 -3.73357  11.1503 -92.7525  -0.193931  -0.158632 0.00563238  0.00382273  0.00826637 -0.00246251   -0.0292488 -0.000531137  -0.00252334 -0.0330973 -0.0581388  0.0053512 1 0 0
               186.3 -3.95016  11.1524 -92.7285  -0.192584  -0.161468 0.00685771  -0.00775665  -0.00853308 -0.000426916  -0.0292461 -0.00053022 -0.00252023 -0.0332469 -0.0582354 0.00522697 1 0 0
             186.399 -3.80835  11.3413 -92.7014  -0.193184  -0.160503 0.00699002  -0.0172824  0.00109924 5.40574e-05   -0.0292504 -0.000541943  -0.00252333 -0.0331505 -0.0582762    0.00523 1 0 0
               186.5 -4.00038  11.1049 -92.8676  -0.196209  -0.158982 0.00485625  -0.0302214  0.00619185 -0.00740031   -0.0292455 -0.000533301  -0.00251384 -0.0331106 -0.0582367 0.00535569 1 0 0
               186.6  -3.9967  11.1594 -92.9312  -0.193917  -0.161513 0.00845901  -0.0100111 -0.00751943  0.00547387   -0.0292599 -0.000532971  -0.00251402  -0.033189 -0.0585058  0.0050957 1 0 0
               186.7 -4.18945  11.1706  -92.897   -0.19494  -0.160674 0.00722299  -0.0106814 -0.00502353 -0.00306992    -0.029249 -0.000541033  -0.00251099 -0.0331152 -0.0584997 0.00519219 1 0 0
               186.8 -4.23052  11.3555 -92.7551  -0.192893  -0.162263 0.00812454 -0.00810226 -0.00816855  0.00618332   -0.0292592 -0.000538034  -0.00252231 -0.0331305 -0.0586865 0.00513004 1 0 0
               186.9   -4.327  11.1313 -92.8257  -0.194358  -0.159808 0.00822949 -0.0230408 0.00810075 0.00124496   -0.0292489 -0.000544834  -0.00251629 -0.0329956 -0.0586805 0.00517977 1 0 0
                 187 -4.17278  11.0931 -92.8354  -0.193346  -0.162018 0.00624943  -0.0117601 -0.00846978  -0.0132348   -0.0292615 -0.000528335  -0.00251493 -0.0331173 -0.0588801 0.00521905 1 0 0
               187.1 -4.30513  11.2707 -92.8375  -0.197132  -0.159765 0.00485508 -0.0268707 0.00612074 -0.0122675   -0.0292476 -0.000546064  -0.00251375 -0.0329816  -0.058749 0.00526487 1 0 0
               187.2 -4.31935  11.2229 -92.8629  -0.195309  -0.160134 0.00628015  -0.0167925  0.00119171 -0.00117815   -0.0292576 -0.000542063  -0.00251474 -0.0329753 -0.0589918 0.00512231 1 0 0
             187.299 -4.26381  11.1574 -92.9308 -0.195575 -0.159682 0.0059057  -0.0157048  0.00341227 -0.00590284   -0.0292599 -0.000540411  -0.00251081 -0.0329552 -0.0590839 0.00511895 1 0 0
               187.4 -4.23956  11.2311 -92.9558  -0.193753  -0.158945 0.00459443 -0.00374315   0.0044905 -0.00769753    -0.029269 -0.000545515  -0.00251131 -0.0329072 -0.0592683 0.00515307 1 0 0
               187.5 -4.33363  10.9923 -92.8983  -0.194093  -0.157229 0.00161948 -0.00562836   0.0106277  -0.0182177   -0.0292698 -0.000531115  -0.00251248 -0.0328723 -0.0592779 0.00526807 1 0 0
               187.6 -4.33517  11.1125 -92.8371  -0.197069  -0.158594 0.00307119  -0.0286288 -0.00296934 -0.00616904   -0.0292706 -0.000527228  -0.00251461 -0.0329583 -0.0591873 0.00508992 1 0 0
               187.7 -4.09525  11.0657 -92.8143  -0.195945  -0.159544 0.00160822   -0.019932 -0.00228077 -0.00974491   -0.0292746 -0.000541064  -0.00251676 -0.0329803 -0.0594191 0.00510652 1 0 0
               187.8 -3.94312  11.0869 -92.9261  -0.194361  -0.159876 0.00574297  -0.0123255 -0.00653042  0.00845769   -0.0292877 -0.000540804  -0.00251721 -0.0329098 -0.0595995  0.0048581 1 0 0
               187.9 -3.69469  11.1217  -92.938  -0.193087  -0.160701 0.00750049  0.00248316 -0.00815511   0.0086892   -0.0292927 -0.000544951  -0.00251429 -0.0328959 -0.0597093 0.00479976 1 0 0
                 188  -4.0152  11.1952 -92.8599  -0.194936  -0.161471 0.00615693   -0.0149542     -0.01267 -0.000295937   -0.0292936 -0.000539201  -0.00251858 -0.0329016 -0.0596289 0.00491047 1 0 0
             188.099 -3.97301  11.3482  -92.801  -0.195631  -0.158748 0.00682733   -0.025891    0.013168 2.56308e-05   -0.0292853 -0.000551541  -0.00251784 -0.0327156 -0.0596942  0.0049099 1 0 0
               188.2 -3.74129  11.2065 -92.8942  -0.194325  -0.160967 0.00592832  -0.0202086 -0.00508821 -0.00500574   -0.0293027 -0.000543974   -0.0025175 -0.0328608 -0.0599512 0.00489909 1 0 0
               188.3 -3.51651   11.229 -92.9394  -0.194783  -0.159734 0.00544214   -0.014145   0.0025994 -0.00517219    -0.029313 -0.000544134  -0.00251189 -0.0327618 -0.0600294 0.00491781 1 0 0
               188.4 -3.76194  11.1753 -92.9527  -0.193778   -0.16082 0.00345122 -0.00534565 -0.00376429  -0.0159463   -0.0292986 -0.000542399   -0.0025161 -0.0328223 -0.0601608 0.00495243 1 0 0
               188.5 -3.70556  11.3561 -92.9212   -0.19471  -0.159517 0.00803908   -0.0181328 -0.000190421    0.0101294   -0.0293119 -0.000551334  -0.00251376 -0.0326786 -0.0601403 0.00468313 1 0 0
               188.6 -3.82067  11.3042 -92.9496  -0.194297  -0.162963 0.00730126 -0.0142658 -0.0123723 0.00480547   -0.0293057 -0.000542436  -0.00251228 -0.0328509 -0.0602902  0.0047233 1 0 0
               188.7 -3.83957  11.2437 -92.9473 -0.196271 -0.161036 0.0109133  -0.0192708 -0.00142135   0.0153719   -0.0293176 -0.000554922  -0.00251307 -0.0326728  -0.060248 0.00461724 1 0 0
               188.8 -4.02705  11.3555 -92.8841  -0.192564  -0.157569 0.00977431 -0.000345706    0.0146857  0.000511644   -0.0293106 -0.000549171  -0.00251268 -0.0324768 -0.0605365  0.0047626 1 0 0
               188.9 -4.07022  11.3364 -92.8521  -0.191894  -0.158234 0.00895326 -0.00868148  0.00753497 -0.00171573   -0.0293208 -0.000556831   -0.0025205 -0.0325837 -0.0606194 0.00477392 1 0 0
                 189 -4.14515  11.1286 -92.9892    -0.194289    -0.160292 -0.000447845  -0.0215716 -0.00416913  -0.0441763   -0.0293139 -0.000534792  -0.00250866 -0.0327962 -0.0606265 0.00515388 1 0 0
               189.1 -4.03756  11.1251 -92.9832   -0.196996    -0.16329 0.000696377 -0.0218221 -0.0200417 -0.0224276   -0.0293295 -0.000535413  -0.00250699 -0.0328694 -0.0605812 0.00486461 1 0 0
             189.199 -4.30838  11.2605 -92.8596  -0.192726  -0.161514 0.00147077  0.00384653 -0.00432813  -0.0122573   -0.0293322 -0.000534675  -0.00251399 -0.0326144  -0.060868 0.00475416 1 0 0
               189.3 -4.67425  11.2656 -92.9019    -0.197566     -0.16017 -0.000544635 -0.0398649 0.00725752 -0.0160978   -0.0293161 -0.000531345   -0.0025104 -0.0325742 -0.0606665 0.00480919 1 0 0
               189.4 -4.45043  11.3325 -93.0093  -0.193271  -0.159816 0.00464496 -0.0133967 0.00693868  0.0092864   -0.0293233 -0.000545527  -0.00251078 -0.0324887 -0.0610854 0.00446073 1 0 0
               189.5 -4.23619  11.3507 -93.0275   -0.19483  -0.158761 0.00540036 -0.00930945  0.00226355  0.00717983    -0.029331 -0.000544093  -0.00251131 -0.0324582 -0.0610614  0.0044738 1 0 0
               189.6 -4.35501  11.5081 -92.9722   -0.19238  -0.162484 0.00164595 4.90037e-05   -0.012985 -0.00863569    -0.029347 -0.000539071  -0.00251457 -0.0326594 -0.0612767 0.00463419 1 0 0
               189.7 -4.37174  11.4838 -93.0096   -0.193398   -0.162651 -0.00125657   -0.018636 -0.00459531  -0.0180227   -0.0293309 -0.000542482  -0.00251368  -0.032631 -0.0612812 0.00473409 1 0 0
               189.8 -4.27459  11.3735 -93.0764   -0.193489   -0.161278 -0.00126641  -0.0151114 0.000351301  -0.0133523   -0.0293369 -0.000541831  -0.00251085 -0.0325121 -0.0613691   0.004662 1 0 0
               189.9 -4.27845  11.4901 -93.0844  -0.195714  -0.163457 0.00124501   -0.0210112  -0.00848546 -0.000139784  -0.0293455 -0.00053953 -0.00250806 -0.0325869 -0.0613307 0.00445576 1 0 0
                 190 -4.26071  11.4436 -93.0378  -0.195833  -0.162361 0.00460604  -0.0166215 -0.00192258    0.014329   -0.0293388 -0.000545655  -0.00250678 -0.0324546 -0.0614134 0.00432293 1 0 0
               190.1 -4.28953  11.5375 -93.0168  -0.196254  -0.162465 0.00803683  -0.0197704 -0.00133477   0.0247005   -0.0293463 -0.000547481  -0.00250981 -0.0324249 -0.0614874 0.00423426 1 0 0
             190.199 -4.23705  11.6175 -93.0483  -0.19309 -0.161132 0.0108838 -0.0061862 0.00722044  0.0245904   -0.0293499 -0.000560907  -0.00250922 -0.0323166 -0.0617636 0.00421631 1 0 0
               190.3 -4.13396  11.4832 -93.1226  -0.19217 -0.159337 0.0104802 -0.00709896   0.0100994  0.00816867   -0.0293597 -0.000564352  -0.00251016 -0.0322714 -0.0618747 0.00434684 1 0 0
               190.4 -4.03415  11.4728 -93.1415  -0.195809  -0.160917 0.00444579  -0.0231154 -0.00183257  -0.0208031   -0.0293501 -0.000547387  -0.00250637 -0.0324586 -0.0617874 0.00463718 1 0 0
               190.5 -3.97974  11.4608 -93.1364  -0.194381  -0.157132 0.00831777 -0.00973069   0.0148064  0.00285063   -0.0293657 -0.000562977  -0.00251581 -0.0321987  -0.061936 0.00439748 1 0 0
               190.6 -4.06621  11.5414 -93.0712  -0.194941  -0.158178 0.00727578  -0.0180135  0.00151553 -0.00522245    -0.029359 -0.000560924  -0.00251695  -0.032308 -0.0620017  0.0044168 1 0 0
               190.7 -4.09236  11.4144 -93.0829  -0.194601  -0.158981 0.00377909 -0.0165277 -0.0012992 -0.0197916   -0.0293539 -0.000563653  -0.00251937  -0.032369  -0.062146 0.00453621 1 0 0
               190.8 -4.07523  11.3741 -93.1392   -0.19674  -0.164614 0.00309458 -0.0253535 -0.0259989  -0.016509   -0.0293506 -0.000546291  -0.00251089 -0.0326187  -0.062164  0.0044114 1 0 0
               190.9 -4.11215  11.4026 -93.1546   -0.195256   -0.162652 0.000688527  -0.0110869 -0.00645513  -0.0221657    -0.029354 -0.000557399  -0.00250988 -0.0323751 -0.0623568 0.00448335 1 0 0
                 191 -4.18263  11.4334 -93.1489  -0.194096  -0.159347 0.00253478 -0.00739886   0.0107471 -0.00512151   -0.0293565 -0.000558389  -0.00251319 -0.0321405 -0.0624506 0.00433392 1 0 0
             191.099 -4.22065  11.4159  -93.193  -0.192616  -0.160411 0.00331494 -0.00412208  0.00270576 -0.00109563   -0.0293625 -0.000558117  -0.00251223 -0.0322194 -0.0625863 0.00424189 1 0 0
               191.2 -4.33492  11.4524 -93.1875  -0.192447  -0.158334 0.00747959 -0.00913087  0.00795504   0.0130958   -0.0293695 -0.000565529  -0.00251462 -0.0320853 -0.0626067  0.0040609 1 0 0
               191.3 -4.44221  11.4366 -93.1628  -0.192195  -0.160442 0.00211104 -0.00923749 -0.00386628   -0.017509  -0.0293531 -0.00055605  -0.0025095 -0.0322637 -0.0627247 0.00432633 1 0 0
             191.399 -4.45835   11.524 -93.1335   -0.194118   -0.165806 -0.00165486 -0.0221884 -0.0267794  -0.025486   -0.0293652 -0.000557673  -0.00251195 -0.0325142 -0.0627308 0.00436102 1 0 0
               191.5 -4.51876  11.5535 -93.1746   -0.193436    -0.16339 0.000963403  -0.0155153  -0.0031974 -0.00325061   -0.0293587 -0.000562805  -0.00250502 -0.0322174 -0.0628433  0.0041817 1 0 0
               191.6  -4.5389   11.502 -93.1721  -0.193547  -0.161075 0.00737849 -0.0168107 0.00629778  0.0232132   -0.0293691 -0.000567864  -0.00251404 -0.0320269 -0.0628916 0.00389719 1 0 0
               191.7 -4.57932  11.5633  -93.221  -0.191997  -0.158024 0.00738276 -0.00579334    0.017366   0.0105478    -0.029363 -0.000562409  -0.00250447 -0.0319017 -0.0630651 0.00401586 1 0 0
               191.8 -4.65355  11.5416 -93.1936  -0.193848   -0.16338 0.00593807 -0.0158731 -0.0147019 0.00136255  -0.0293725 -0.00056797 -0.00251072 -0.0322598 -0.0630614 0.00404921 1 0 0
               191.9 -4.84011  11.5858  -93.205  -0.193388  -0.162747 0.00413011  -0.0135377 -0.00526504 -0.00652764   -0.029361 -0.00056789 -0.00250826 -0.0321561 -0.0631832 0.00415219 1 0 0
                 192 -4.90711  11.4624 -93.2068  -0.190929  -0.161998 0.00726435 -0.00372621 0.000990978  0.00857417   -0.0293641 -0.000572307  -0.00251085 -0.0320468 -0.0633638 0.00398483 1 0 0
               192.1  -4.9138  11.4299 -93.2406  -0.191168  -0.161617 0.00647267 -0.00995828  0.00216639 -0.00241684   -0.0293678 -0.000566088  -0.00250327 -0.0320371 -0.0634009 0.00405399 1 0 0
               192.2 -4.89338  11.3597 -93.2215  -0.191776  -0.162729 0.00564796  -0.0126789 -0.00545511 -0.00485297   -0.0293639 -0.000569847  -0.00249999 -0.0320968 -0.0634399 0.00406259 1 0 0
             192.299 -4.96311  11.3075 -93.1846    -0.192829     -0.16404 -0.000198113  -0.0176277 -0.00671824   -0.027574  -0.0293562 -0.00055883 -0.00250434 -0.0321752 -0.0635003 0.00429873 1 0 0
               192.4 -4.85254  11.2821 -93.1888    -0.1933      -0.16 0.00589594  -0.01914 0.0125625 0.0090254   -0.0293649 -0.000576638  -0.00250624 -0.0318736 -0.0635195 0.00394126 1 0 0
               192.5 -4.80795  11.1697  -93.201   -0.19094  -0.159925 0.00671495 -0.00401043  0.00455587  0.00527172   -0.0293683 -0.000572055  -0.00250243 -0.0318944 -0.0637408 0.00391737 1 0 0
               192.6 -4.74686  11.1999 -93.1306  -0.194159  -0.156313 0.00703194 -0.0242849  0.0186516 0.00293701   -0.0293639 -0.000574493  -0.00250992 -0.0317561 -0.0636139 0.00396694 1 0 0
               192.7 -4.66812  11.1486 -93.1274 -0.193036 -0.159103 0.0040373   -0.0179128 -0.000449718   -0.0135369   -0.0293682 -0.000570835  -0.00250756  -0.031978 -0.0638537 0.00404224 1 0 0
               192.8 -4.56703  11.1467  -93.175  -0.197155   -0.16034 0.00362761  -0.0351474 -0.00744839  -0.0111476   -0.0293596 -0.000566435  -0.00250383 -0.0320345 -0.0637599 0.00398555 1 0 0
               192.9  -4.3892  11.1751 -93.2081  -0.190807  -0.161623 0.00547998  0.00237773  -0.0105736 -0.00103698   -0.0293828 -0.000576881  -0.00250804 -0.0319719  -0.064245 0.00381476 1 0 0
                 193  -4.4004   11.104 -93.2403  -0.193946  -0.160038 0.00540219  -0.0161186  0.00241985 0.000701522   -0.0293637 -0.000569726  -0.00250384 -0.0318739  -0.064078 0.00385386 1 0 0
             193.099 -4.35937  11.0733 -93.2281  -0.191805  -0.160164 0.00707072 -0.00352186 -0.00178943  0.00482882   -0.0293858 -0.000576185  -0.00250581 -0.0318464 -0.0642682 0.00376351 1 0 0
             193.199 -4.42393  11.1137 -93.1913  -0.194304  -0.161655 0.00377732  -0.0199567 -0.00505613  -0.0108261     -0.02937 -0.000566454  -0.00250087 -0.0319502  -0.064207  0.0039254 1 0 0
               193.3 -4.43024  10.9998 -93.1918  -0.195372  -0.158198 0.00617967   -0.0250976    0.0126441 -0.000408303   -0.0293827 -0.000580548  -0.00250631 -0.0317335 -0.0642461 0.00379671 1 0 0
               193.4 -4.48679  11.1201 -93.2533  -0.192171  -0.161178 0.00905192 -0.0108073 -0.0101629 0.00493973   -0.0293859 -0.000571876  -0.00250484 -0.0318535 -0.0645575 0.00357343 1 0 0
               193.5   -4.265  11.3022 -93.2814 -0.190873 -0.158441 0.0151188 -0.00695486   0.0068047   0.0327917    -0.029399 -0.000593741  -0.00250679 -0.0316206 -0.0646565 0.00335516 1 0 0
               193.6 -4.34206  11.2253 -93.3328 -0.192868 -0.161387 0.0101035 -0.00739172 -0.00930158  0.00147195   -0.0293781 -0.000577419  -0.00250085 -0.0318613 -0.0646435 0.00371102 1 0 0
               193.7  -4.6132  11.0746 -93.2711  -0.193377  -0.160112 0.00654644 -0.00800499 -0.00124165   -0.018461   -0.0293859 -0.000585278  -0.00250498 -0.0317811 -0.0646583  0.0038991 1 0 0
               193.8  -5.0636  11.2812 -93.2741  -0.191424  -0.160469 0.00784143  -0.0137416 -0.00203399  -0.0113671   -0.0293775 -0.000581405   -0.0025035 -0.0317293  -0.064829 0.00372375 1 0 0
               193.9 -4.75893  11.3622 -93.2689  -0.191539  -0.162212 0.00451515  -0.0157919 -0.00198106  -0.0190119   -0.0293831 -0.000583019   -0.0025035 -0.0318305 -0.0649483 0.00379002 1 0 0
                 194 -4.70004  11.1473 -93.3143  -0.190616   -0.16148 0.00316253 -0.00509692  -0.0056947  -0.0129627   -0.0294016 -0.000579671  -0.00250383 -0.0317498 -0.0650687 0.00379268 1 0 0
               194.1 -4.86877  11.1993 -93.2847  -0.194232   -0.15961 0.00487219  -0.0214508  0.00800693 -0.00644341   -0.0293942 -0.000573965  -0.00250105 -0.0316352 -0.0648914 0.00367378 1 0 0
             194.199 -4.84597  11.2745 -93.2088  -0.193549   -0.15917 0.00664603 -0.0193328 0.00442945 0.00246502   -0.029395 -0.00058289   -0.002505 -0.0316025 -0.0650488 0.00354318 1 0 0
               194.3 -4.85496  11.2505 -93.2715  -0.192417  -0.160835 0.00731576  -0.0131984 -0.00332146  0.00453614   -0.0294005 -0.000578133  -0.00250208  -0.031681 -0.0652352  0.0034904 1 0 0
               194.4 -4.84382  11.2538 -93.2934  -0.190142  -0.159168 0.00675315 -0.000178066    0.0041453  -0.00114733   -0.0294059 -0.000582737  -0.00250383 -0.0315621 -0.0654219 0.00354583 1 0 0
               194.5 -4.98407    11.19  -93.259  -0.192505  -0.160051 0.00456964    -0.014256 -0.000665447   -0.0111457   -0.0293979 -0.000576236  -0.00250198 -0.0316547 -0.0653313 0.00362786 1 0 0
               194.6 -5.02708  11.1778 -93.2088  -0.189943  -0.159162 0.00185404 -0.00494432  0.00370906  -0.0188322   -0.0293996 -0.000575849  -0.00250232 -0.0315925 -0.0655557 0.00370002 1 0 0
               194.7 -4.97204  11.1731  -93.221   -0.19018  -0.161183 0.00341509  -0.0143745 -0.00745924 -0.00480367   -0.0294106 -0.000583841  -0.00250571 -0.0316725 -0.0655928 0.00351057 1 0 0
               194.8 -4.98148  11.1488 -93.3123  -0.191118  -0.161715 0.00633522  -0.0182256 -0.00705247  0.00678144  -0.0294036 -0.00057929 -0.00249626 -0.0316308 -0.0656175  0.0033456 1 0 0
               194.9  -4.8123    11.23 -93.2519  -0.192117   -0.16076 0.00929664  -0.0169561 0.000908888    0.018624    -0.029415 -0.000584882  -0.00250195 -0.0315305 -0.0656464  0.0032589 1 0 0
                 195 -4.91528  11.2636 -93.2048 -0.190126 -0.158032 0.0125529 0.00219738  0.0174871  0.0325475  -0.0294166 -0.00058861 -0.00250367 -0.0313886 -0.0658056 0.00323379 1 0 0
               195.1  -5.0701   11.062 -93.1377 -0.188443 -0.159569 0.0124294 0.00869206 0.00202084  0.0205551   -0.0294161 -0.000591668  -0.00250591  -0.031569 -0.0658964 0.00336394 1 0 0
             195.199 -5.30936  11.1607 -93.0814 -0.186129 -0.158303 0.0125535  0.00352307 0.000200897   0.0124247   -0.0294078 -0.000584281  -0.00250051 -0.0315054 -0.0659963 0.00347556 1 0 0
               195.3 -5.24845  11.3678 -92.9603 -0.183325 -0.158084 0.0140352 -1.24155e-05   0.00133407  -0.00129033  -0.0294156 -0.00059688 -0.00250096  -0.031459 -0.0661546 0.00341162 1 0 0
               195.4 -5.19707  11.4133 -92.9228 -0.186255 -0.160821 0.0144927  -0.0303694 -0.00824317  0.00519775   -0.0294137 -0.000589326  -0.00249954  -0.031614 -0.0660755 0.00336001 1 0 0
               195.5 -5.10145  11.2427 -93.2334 -0.185119 -0.158652  0.015814   -0.02128 0.00602925 0.00890065   -0.0294224 -0.000593795  -0.00250418 -0.0314394 -0.0663004 0.00334521 1 0 0
               195.6 -4.98787  10.7192 -93.5926 -0.189726 -0.157148 0.0178793 -0.0358626 0.00409126  0.0038354   -0.0294256 -0.000583094  -0.00249505 -0.0313939 -0.0661804 0.00328721 1 0 0
               195.7 -4.67196  11.0522 -93.5791 -0.190971 -0.151183 0.0162239 -0.0152961  0.0269168 -0.0148474     -0.02942 -0.000573385  -0.00249738 -0.0311135 -0.0662593 0.00341168 1 0 0
               195.8 -4.83773  11.2285  -93.557 -0.190644 -0.153875 0.0167751   -0.014954 -0.00369283  -0.0120914   -0.0294348 -0.000601831  -0.00250321 -0.0313202 -0.0663681 0.00323363 1 0 0
               195.9 -4.93275  11.5065 -93.5795 -0.188327 -0.156248 0.0130613  -0.0115197 -0.00806402  -0.0173792   -0.0294175 -0.000592614  -0.00250258 -0.0314018  -0.066625 0.00333166 1 0 0
             195.999 -4.87234  11.3843 -93.7334 -0.186527 -0.157407 0.0138846  -0.0064595 -0.00656732 -0.00952562   -0.0294297 -0.000597363  -0.00250348  -0.031394  -0.066785 0.00319055 1 0 0
               196.1 -4.80154  11.4401 -93.7931 -0.187516  -0.15692 0.0113105  -0.0108745 -0.00278955  -0.0180444   -0.0294293 -0.000587543   -0.0024957 -0.0313485 -0.0667819 0.00326608 1 0 0
               196.2 -4.86857  11.3096 -93.7284 -0.184422  -0.15749 0.0132951  0.00626458 -0.00392283  0.00289923   -0.0294422 -0.000592845     -0.00251 -0.0313152 -0.0669627 0.00310412 1 0 0
               196.3 -5.24936  11.2441 -93.8407 -0.187691 -0.159499 0.0103807  -0.023448 -0.0117882 -0.0163604   -0.0294235 -0.000579582  -0.00250042 -0.0314274 -0.0668316 0.00323269 1 0 0
               196.4 -5.16197  11.3733 -93.8844 -0.187648 -0.157829 0.0163647  -0.0210857 0.000991462  0.00897438   -0.0294369 -0.000594203   -0.0025076 -0.0312192 -0.0669204 0.00287832 1 0 0
               196.5 -4.91135  11.5358 -93.7897 -0.186655 -0.159967  0.013968  -0.0095608 -0.00796384  0.00365816   -0.0294349 -0.000592123  -0.00249521 -0.0313275 -0.0671056 0.00301336 1 0 0
               196.6 -5.25211  11.2387 -93.8227 -0.187361 -0.157984 0.0136051   -0.0178573   0.00592775 -0.000356459   -0.0294537 -0.000599052  -0.00251319  -0.031209 -0.0671361 0.00308874 1 0 0
               196.7 -5.12261  11.1624 -93.8924  -0.18892 -0.155419  0.010445 -0.0196274  0.0147226  -0.023218   -0.0294227 -0.000581705   -0.0024917 -0.0311338  -0.067169 0.00322196 1 0 0
               196.8 -5.17236  11.3135 -93.8873 -0.189234  -0.15967 0.0116743  -0.0147089  -0.0194974 -0.00470535   -0.0294494 -0.000593909  -0.00249959 -0.0313393  -0.067257 0.00299323 1 0 0
               196.9 -5.50883  11.4642 -93.8858 -0.189068 -0.155204 0.0116341  -0.0146097    0.015497 0.000100971   -0.0294263 -0.000594718  -0.00249567 -0.0310308 -0.0673259  0.0030545 1 0 0
                 197 -5.54511   11.274 -93.9138 -0.187333  -0.15498  0.015079 -0.0125768 0.00876431 0.00489675   -0.0294444 -0.000599448  -0.00250459 -0.0310492 -0.0674984  0.0028454 1 0 0
               197.1 -5.22896  11.4211 -93.9665 -0.186235 -0.158685 0.0134091  -0.00477494   -0.0170983 -0.000461261   -0.0294524 -0.000590492  -0.00249604 -0.0312412 -0.0676655  0.0028963 1 0 0
               197.2 -5.43888  11.4032 -94.0721 -0.186155  -0.15914 0.0109151  0.00271523 -0.00781186  -0.0143649    -0.029451 -0.000598397  -0.00250094 -0.0312035 -0.0676868 0.00302345 1 0 0
             197.299 -5.63469  11.4737 -94.0422 -0.186736 -0.154616 0.0114842 -0.00889353   0.0160378  -0.0173087   -0.0294519 -0.000598264  -0.00249521 -0.0309453 -0.0676197 0.00295614 1 0 0
               197.4 -5.48928  11.9397 -93.8541 -0.188585 -0.158244 0.0133113 -0.0346094 -0.0114108 0.00561276   -0.0294433 -0.000602483  -0.00250161 -0.0311453 -0.0676406 0.00273891 1 0 0
               197.5 -5.06881  11.8551 -93.8441 -0.186618 -0.158771 0.0119632 -0.0124128 -0.0013347  0.0110734   -0.0294594 -0.000609981  -0.00250408 -0.0311155  -0.067956 0.00285264 1 0 0
               197.6 -5.07228  11.2638 -93.9344 -0.189174 -0.159767 0.0160858 -0.0124762  -0.013208  0.0148694   -0.0294715 -0.000594572  -0.00250118 -0.0311245 -0.0678549 0.00270829 1 0 0
               197.7 -5.37394  11.6202 -93.8936 -0.188296 -0.155829 0.0123709 -0.0134838  0.0132785   -0.02735   -0.0294616 -0.000592117  -0.00249652 -0.0308902 -0.0679781 0.00293187 1 0 0
               197.8 -5.04907  11.9588 -93.8651  -0.188698  -0.155008 0.00958891 -0.0288648  0.0101544 -0.0210368   -0.0294601 -0.000601709  -0.00250447 -0.0308971 -0.0680913 0.00292988 1 0 0
               197.9 -4.72283  11.9415 -94.0432  -0.192052  -0.155851 0.00911541  -0.0346214  0.00348213 -0.00163592   -0.0294725 -0.000607687  -0.00250213 -0.0309832 -0.0680973 0.00287516 1 0 0
                 198 -4.61738  11.6326 -94.0505 -0.191965 -0.159782 0.0105142 -0.0092418  -0.016604 0.00502797    -0.029468 -0.000594911  -0.00250076 -0.0311551 -0.0682458 0.00275196 1 0 0
             198.099 -4.89185  11.4908 -94.0074 -0.189437  -0.15937 0.0117797 -5.0952e-06  -0.0148186 -0.00503595   -0.0294744 -0.000599648  -0.00249912 -0.0310055 -0.0683895 0.00270025 1 0 0
             198.199 -4.93656  11.8636 -93.9612 -0.189049 -0.158127 0.0107226 -0.0158551 0.00374524 -0.0126022   -0.0294652 -0.000597099   -0.0025035 -0.0308788 -0.0684468 0.00273112 1 0 0
               198.3 -4.52361  11.9192 -94.0949 -0.190598 -0.157053 0.0122456 -0.0214944 0.00823844 0.00391525   -0.0294765 -0.000617417  -0.00250142  -0.030833 -0.0684729  0.0026191 1 0 0
               198.4  -4.4341  11.7901 -94.0906 -0.191766 -0.156725 0.0112981 -0.00731993  0.00352855  0.00513962   -0.0294818 -0.000598134  -0.00249889 -0.0308602 -0.0685055 0.00270062 1 0 0
               198.5 -4.97721    11.69 -94.0727  -0.19051 -0.157225 0.0160391 -0.0066378 -0.0024014  0.0122571   -0.0294728 -0.000613528   -0.0025013 -0.0308392 -0.0685867 0.00246993 1 0 0
               198.6 -5.03585  11.8294 -94.0251 -0.186766 -0.157881 0.0132613 -0.00329385 -0.00280941  -0.0121518   -0.0294667 -0.000600603  -0.00250342 -0.0308514 -0.0688716 0.00260209 1 0 0
               198.7 -4.90312  11.8651  -94.085  -0.187414  -0.159084 0.00880497  -0.0105927 -0.00613981   -0.019101   -0.0294745 -0.000599635  -0.00249929 -0.0309261 -0.0689019 0.00275672 1 0 0
               198.8 -4.93942  11.7652 -94.1167   -0.1867 -0.159537 0.0115998 -0.00374906 -0.00483071 0.000774506   -0.0294789 -0.000607817   -0.0024991 -0.0308735  -0.068962 0.00254873 1 0 0
               198.9  -5.0891  11.7226 -94.1249 -0.191085  -0.15817 0.0137628  -0.0247988 -0.00102824 0.000611041   -0.0294789 -0.000612056  -0.00249811 -0.0307863 -0.0687499 0.00246061 1 0 0
                 199 -5.12384  11.9265 -94.0209  -0.19209  -0.15773 0.0123716  -0.0246647  0.00058129 -0.00633344   -0.0294816 -0.000603765   -0.0025017 -0.0307502 -0.0688445 0.00252578 1 0 0
               199.1 -5.27001  12.0429 -94.0734  -0.192946  -0.158749 0.00881492    -0.027981 -0.000447383   -0.0168084   -0.0294783 -0.000619345  -0.00250226 -0.0308145 -0.0689782 0.00264769 1 0 0
             199.199 -5.2362 11.9813 -94.199 -0.191599 -0.156432 0.0109016  -0.0172682  0.00870814 -0.00261782   -0.0294914 -0.000617804   -0.0025019 -0.0306401  -0.069176 0.00248459 1 0 0
               199.3 -5.27841  11.9356 -94.2793  -0.192441  -0.157033 0.00869127 -0.0128747 0.00150145 -0.0125371   -0.0294768 -0.000606843  -0.00249239 -0.0307161 -0.0692339 0.00254358 1 0 0
               199.4 -5.25171   12.001 -94.2451  -0.189427  -0.158796 0.00870243  0.00382035 -0.00718703 -0.00524967   -0.0294945 -0.000613172  -0.00249549 -0.0307644 -0.0694532 0.00244984 1 0 0
               199.5 -5.40896  11.8806 -94.1953  -0.189593  -0.160127 0.00729574 -0.00161957 -0.00852682  -0.0104034   -0.0294831 -0.000606009  -0.00249901 -0.0308099 -0.0694418 0.00248481 1 0 0
               199.6  -5.5714  11.9766 -94.2105  -0.188764  -0.156396 0.00975108  -0.0117818  0.00807657 -0.00391267   -0.0294904 -0.000616246  -0.00249561 -0.0305332 -0.0694864 0.00235076 1 0 0
               199.7 -5.36251  12.0698  -94.181  -0.192054  -0.157533 0.00933346   -0.0288876   0.00216504 -0.000247086   -0.0294785 -0.000607102  -0.00250382 -0.0306444 -0.0694261 0.00233286 1 0 0
               199.8 -5.47208  11.9316 -94.3838  -0.19118 -0.156705 0.0110298 -0.0118965 0.00277941 0.00635478   -0.0294964 -0.000621683  -0.00249496 -0.0305757 -0.0695966 0.00225514 1 0 0
               199.9  -5.3853    12.03 -94.2989  -0.18855 -0.157403 0.0115025  0.00245581 -0.00210377  0.00258575   -0.0294991 -0.000607815  -0.00249831 -0.0305865 -0.0697922  0.0022326 1 0 0
                 200 -5.68054  12.0241 -94.2957  -0.189583  -0.158099 0.00885883 -0.0107502 -0.0054737 -0.0132022   -0.0294854 -0.000620423  -0.00249887  -0.030636 -0.0697624 0.00235201 1 0 0
               200.1 -5.75587  12.2436 -94.3116 -0.190656 -0.155383 0.0110095  -0.0200293  0.00917091 0.000180513   -0.0294779 -0.000618423  -0.00250358 -0.0304416 -0.0697662 0.00222873 1 0 0
             200.199 -5.76772  12.2811 -94.3662  -0.191512   -0.15899 0.00490242 -0.0169906 -0.0133725 -0.0243947  -0.0294718 -0.00061863 -0.00249194 -0.0306905 -0.0698801 0.00244766 1 0 0
               200.3 -5.63726  12.3248 -94.2996  -0.188924  -0.158606 0.00428688 -0.00341922 -0.00198135  -0.0131166   -0.0295007 -0.000609474      -0.0025 -0.0305754 -0.0700868 0.00238111 1 0 0
               200.4 -5.70369  12.1972 -94.3373  -0.188805  -0.159743 0.00500125 -0.00840588 -0.00246959 -0.00695659  -0.0294887  -0.0006144 -0.00249826 -0.0306107 -0.0701212 0.00227023 1 0 0
               200.5 -5.50896  12.0874 -94.3412 -0.190005 -0.158171 0.0095688  -0.0185912 0.000829307   0.0118537   -0.0294927 -0.000613232  -0.00249402 -0.0304676 -0.0700886 0.00204326 1 0 0
               200.6 -5.38456    12.16 -94.3579 -0.189692  -0.15836  0.010676  -0.0136169 0.000811773   0.0107703   -0.0294956 -0.000611949  -0.00249995 -0.0304623 -0.0702129 0.00202499 1 0 0
               200.7 -5.35683  12.0755 -94.3707 -0.188352 -0.156435 0.0145596 -0.00478157  0.00688007   0.0246062    -0.029495 -0.000624544  -0.00249833 -0.0303302 -0.0703275 0.00191873 1 0 0
               200.8  -5.3985  11.9512 -94.3423 -0.190351 -0.159866 0.0113472  -0.0137322  -0.0100253 -0.00180501   -0.0294907 -0.000613703  -0.00249854 -0.0305812 -0.0703131 0.00213513 1 0 0
               200.9 -5.40855  11.9067 -94.3513 -0.187323 -0.158072 0.0113506 -0.00243418   0.0014536 -0.00534715   -0.0295015 -0.000614818  -0.00249789 -0.0304077 -0.0705395 0.00213949 1 0 0
             200.999 -5.24282  11.9645 -94.3613 -0.189933 -0.158062 0.0111474   -0.0220159 -1.67714e-05  -0.00775417   -0.0295056 -0.000622929  -0.00249758 -0.0304159 -0.0704551  0.0021161 1 0 0
               201.1 -5.20774  11.9701 -94.4288  -0.188085  -0.156915 0.00892264 -0.00784165  0.00415383  -0.0154429   -0.0295013 -0.000617191  -0.00249234 -0.0303423 -0.0706638 0.00217639 1 0 0
               201.2 -5.22008  12.0456 -94.4356  -0.188696  -0.160284 0.00813669 -0.0116668 -0.0107971 -0.0128222   -0.0295131 -0.000618592  -0.00249586  -0.030511 -0.0707003 0.00209717 1 0 0
               201.3 -5.38209  11.8971 -94.4492 -0.188306 -0.159463 0.0069453 -0.00971509 -0.00361376  -0.0151742   -0.0294989 -0.000615072  -0.00249068 -0.0304103 -0.0707748 0.00210376 1 0 0
               201.4 -5.32715  11.9849 -94.3804 -0.188319  -0.15753  0.012798 -0.0115349 0.00605666  0.0159714    -0.029522 -0.000621423  -0.00250016 -0.0302288 -0.0707902   0.001793 1 0 0
               201.5 -5.41097   11.944  -94.423 -0.187234 -0.155182 0.0103217 -0.00828231   0.0138462 -0.00391332   -0.0295117 -0.000618622  -0.00249506 -0.0301603 -0.0709318 0.00198392 1 0 0
               201.6 -5.34165  11.9973 -94.4417 -0.187272 -0.159124 0.0132865 -0.0125082 -0.0106118 0.00967158 -0.0295313 -0.0006266 -0.0024953 -0.0303713 -0.0709982 0.00176133 1 0 0
               201.7 -5.45161  11.9321 -94.5027  -0.188071   -0.15788 0.00919486  -0.0137475 0.000201535  -0.0123604   -0.0295161 -0.000616217  -0.00249379 -0.0302986 -0.0710491 0.00201701 1 0 0
               201.8 -5.40487  11.9348 -94.4521 -0.188819 -0.158547 0.0125295   -0.014983 -0.00385412  0.00673271   -0.0295228 -0.000628587  -0.00249861 -0.0302847  -0.071066 0.00179303 1 0 0
               201.9 -5.42936  11.7783 -94.3877  -0.184474   -0.15742 0.00942626 0.00505442 0.00366143 -0.0145423    -0.029521 -0.000618047  -0.00249918 -0.0302016 -0.0713737 0.00194789 1 0 0
                 202 -5.20832  11.8176  -94.341 -0.186167 -0.155992 0.0118168 -0.0112789  0.0115859 0.00505001   -0.0295202 -0.000621117   -0.0025023 -0.0301445 -0.0712694 0.00179347 1 0 0
               202.1 -5.32537  11.5233 -94.3767 -0.188282 -0.158341 0.0103315  -0.0224188 -0.00722642 -0.00340368   -0.0295253 -0.000613901  -0.00249553 -0.0303266  -0.071264 0.00185196 1 0 0
               202.2 -5.34011  11.5457 -94.3473  -0.189155  -0.157936 0.00850765 -0.0219937  -0.002944  -0.013765   -0.0295164 -0.000620345   -0.0024965 -0.0302659 -0.0713484 0.00191994 1 0 0
             202.299 -5.34502  11.5379 -94.3844  -0.191475  -0.157343 0.00752381   -0.0270721 -0.000755088   -0.0154964    -0.029508 -0.000616066  -0.00249264 -0.0302175 -0.0713461 0.00190142 1 0 0
               202.4 -5.39937  11.7632   -94.44  -0.188742  -0.154484 0.00813346  -0.0125299   0.0112056 -0.00951228   -0.0295134 -0.000627162  -0.00249884 -0.0300085 -0.0716121 0.00181631 1 0 0
               202.5  -5.1323  11.7185 -94.4388  -0.185731  -0.153871 0.00687232  0.00522421   0.0117684 -0.00935765   -0.0295107 -0.000632729  -0.00249952 -0.0300154 -0.0718291 0.00181155 1 0 0
               202.6 -5.23291   11.645 -94.4812 -0.187419 -0.154493 0.0078682 -0.00780104  0.00321371 -0.00123718   -0.0295229 -0.000626407  -0.00250091 -0.0300964  -0.071732 0.00170555 1 0 0
               202.7  -5.2901  11.7052 -94.4534 -0.187918 -0.156851 0.0127006 -0.0142324 -0.0101034  0.0215941   -0.0295123 -0.000633617  -0.00249335 -0.0301724 -0.0717482 0.00145004 1 0 0
               202.8 -5.20986  11.7219 -94.2639 -0.190151 -0.154932 0.0109076 -0.0217538 0.00957465 0.00328471     -0.02951 -0.000628027  -0.00250017 -0.0300894 -0.0717277 0.00165938 1 0 0
               202.9 -4.86805  11.8422 -93.9755 -0.185915 -0.153298 0.0107172  0.00546411   0.0206266 -0.00063986   -0.0295145 -0.000633259  -0.00249806 -0.0300368 -0.0720491 0.00166734 1 0 0
             202.999  -4.7924  12.1433 -93.3892    -0.1836  -0.151316 0.00535988  0.0200236  0.0303868 -0.0271878   -0.0295121 -0.000625773  -0.00250515 -0.0300945 -0.0721562   0.001887 1 0 0
             203.099 -3.80664  12.2015 -91.8087 -0.180899 -0.150396 0.0067621   0.0332911   0.0308631 -0.00624594   -0.0295287 -0.000633189  -0.00250724 -0.0301942 -0.0721452   0.001672 1 0 0
               203.2 -2.42179  12.5573 -89.5492  -0.177591  -0.144623 0.00942658 0.0443679 0.0477944 0.0212782    -0.029543 -0.000631587  -0.00254062 -0.0300822 -0.0720741 0.00155573 1 0 0
               203.3 -0.915651   12.3122  -86.9465 -0.170126 -0.139327 0.0158304  0.057654 0.0774963 0.0223246  -0.0295657 -0.00063967 -0.00255362 -0.0300792 -0.0722339 0.00130358 1 0 0
               203.4 0.0312128   11.3336  -84.4955 -0.165911   -0.1279 0.0183293 0.0570129  0.102819 0.0195212   -0.0295534 -0.000643159  -0.00254835 -0.0299373 -0.0721282 0.00133727 1 0 0
               203.5 0.241953  10.2949 -82.5052 -0.160328 -0.119878  0.012759   0.0499995   0.0858567 -0.00516016   -0.0295503 -0.000621118  -0.00255829  -0.030112 -0.0721431 0.00166838 1 0 0
               203.6  -0.7698  9.64865 -81.8174  -0.150678   -0.11186 0.00917119  0.0288844  0.0549117 -0.0221887   -0.0295249 -0.000623279   -0.0025434 -0.0300981 -0.0724776 0.00183475 1 0 0
               203.7 -0.614603   9.71755  -81.7378  -0.145893  -0.106017 0.00645641 -0.0156835  0.0317517 -0.0433324   -0.0295059 -0.000628231  -0.00252019 -0.0300082 -0.0727517 0.00183626 1 0 0
               203.8 0.614281  9.91042 -81.8776 -0.146595  -0.10472  0.003481 -0.0293788  0.0180024 -0.0447338   -0.0295273 -0.000647083  -0.00251146 -0.0300724 -0.0728619  0.0017267 1 0 0
               203.9  1.08972  9.96517 -82.2113  -0.151471  -0.106559 0.00543831  -0.0335476 -0.00385498 -0.00222504   -0.0295457 -0.000653195  -0.00250134 -0.0301806 -0.0727295 0.00143343 1 0 0
                 204 0.668316  9.70188 -82.5002   -0.15552  -0.110051 0.00680158 -0.0423162 -0.0211797 0.00460293   -0.0295285 -0.000639188  -0.00249692 -0.0303027 -0.0726803 0.00135523 1 0 0
             204.099  0.89873  9.80373 -82.5898  -0.156183  -0.106567 0.00739105 -0.0298451 0.00902233 0.00613903   -0.0295088 -0.000642096  -0.00249904 -0.0300747 -0.0728938 0.00140425 1 0 0
               204.2  1.05644  9.38884 -82.6967   -0.15656  -0.101956 0.00660004  -0.0190206   0.0201943 0.000119256   -0.0295214 -0.000652315   -0.0025021 -0.0299136 -0.0730472 0.00152341 1 0 0
               204.3 0.964156  9.51527 -82.9219  -0.158402  -0.103431 0.00229919  -0.0273733 -0.00174272  -0.0288545   -0.0295129 -0.000635365  -0.00249922 -0.0300692 -0.0730635 0.00166748 1 0 0
               204.4  1.00012  9.93172 -83.2186   -0.162032    -0.10277 0.000995016 -0.0314886 0.00129103 -0.0272229  -0.0295153 -0.00064941 -0.00249538 -0.0300134 -0.0730282 0.00157404 1 0 0
               204.5 0.951911  10.4174 -83.3727   -0.160692   -0.105146 0.000955192  -0.0113435 -0.00808218 -0.00306102  -0.0295125 -0.00065453  -0.0024969 -0.0301326  -0.073232 0.00146348 1 0 0
               204.6 0.827898  10.2184 -83.3706  -0.159838  -0.107154 0.00562118  0.00112224 -0.00618808   0.0297432   -0.0295234 -0.000657017  -0.00249557 -0.0301967 -0.0733009 0.00126305 1 0 0
               204.7  0.62379  9.86143 -83.2896  -0.154898  -0.108061 0.00818273   0.0226021 -0.00343815   0.0266426   -0.0295248 -0.000643139  -0.00250061 -0.0302443 -0.0735261 0.00128556 1 0 0
               204.8 0.521946  9.54623  -83.169 -0.156495 -0.101441 0.0101944 -0.00601431   0.0276112   0.0157011    -0.029545 -0.000641768  -0.00251094  -0.029923 -0.0734002 0.00136127 1 0 0
               204.9 0.426901  9.45549   -83.37  -0.153709 -0.0979893 0.00730781 -0.00165546   0.0239081  -0.0143936   -0.0295379 -0.000653026  -0.00250531 -0.0299046 -0.0736082 0.00154558 1 0 0
                 205 0.671031  9.63501 -83.5004   -0.158289   -0.101369 0.000447557 -0.0245685 0.00381936 -0.0301013  -0.0295487 -0.00064329 -0.00250033  -0.030199 -0.0733972 0.00174207 1 0 0
             205.099 0.516947  9.54584 -83.5355  -0.158279  -0.101878 0.00251919   -0.0138117   0.00130852 -6.99369e-05  -0.0295469 -0.00066521 -0.00249955 -0.0302284  -0.073508 0.00151746 1 0 0
             205.199 0.225407   9.5157  -83.493  -0.159316  -0.101152 0.00751175  -0.0191877 -0.00462457   0.0287167    -0.029548 -0.000651977  -0.00250352 -0.0301646 -0.0735314 0.00130617 1 0 0
               205.3 0.662854  9.43326 -83.3386 -0.157184 -0.102083 0.0145699 -0.00391368  -0.0223286   0.0663721   -0.0295388 -0.000658061  -0.00250018 -0.0301423 -0.0737428 0.00119338 1 0 0
               205.4  1.12059  9.30495 -83.0805 -0.156099 -0.103338 0.0223801 -0.00287747  -0.0258872   0.0673159  -0.0295627 -0.00065932 -0.00250667 -0.0300506 -0.0738433 0.00115925 1 0 0
               205.5 0.814546  9.09047 -82.9382 -0.155689 -0.105213 0.0217657 0.00767258 0.00498138  0.0115503   -0.0295604 -0.000659871  -0.00250626 -0.0301315 -0.0738601 0.00143938 1 0 0
               205.6 0.621567  9.00837 -82.7757 -0.150391 -0.104545  0.019596  0.0319292  0.0100128 -0.0308277   -0.0295521 -0.000653378  -0.00250771 -0.0301776 -0.0740659  0.0014865 1 0 0
             205.699 0.529724   9.3554 -82.5913 -0.148151 -0.104484 0.0158241   0.0235473 -0.00883336   -0.034954   -0.0295464 -0.000668208  -0.00250468 -0.0301758 -0.0740228  0.0015026 1 0 0
               205.8 0.0757817   9.94593  -82.6469   -0.14953  -0.104927 0.00856938  -0.00506083 -0.000923801   -0.0434375   -0.0295433 -0.000663369  -0.00250469 -0.0301676 -0.0738853 0.00170875 1 0 0
             205.899 0.174597  9.71039 -82.8742 -0.146015 -0.106242 0.0083197 -0.000188033  -0.00656947   -0.0214097   -0.0295555 -0.000674091  -0.00249748 -0.0302342 -0.0741148 0.00152308 1 0 0
             205.999 0.343717  9.33862 -83.0857  -0.147543  -0.109002 0.00936204  -0.0205308  -0.0325343 -0.00927543   -0.0295458 -0.000658391  -0.00248781 -0.0302679  -0.074072 0.00135662 1 0 0
               206.1  0.45204  9.92053 -83.1743 -0.146099 -0.107852 0.0139532 -0.0111963 -0.0128657  0.0214684   -0.0295711 -0.000661888  -0.00250069 -0.0300327 -0.0742892 0.00116049 1 0 0
             206.199 0.635019  10.0385 -83.1759 -0.146223 -0.111009 0.0103244 -0.00542774  -0.0133999  0.00680329  -0.0295537 -0.00066688  -0.0024976 -0.0301732 -0.0743408 0.00145226 1 0 0
