            0.400198  2.21217  8.96067 0.200166 -0.00423294 8.27347e-05 0.000122038  -0.0158676  0.00571547 0.000112393 -2.75622e-08 -2.30571e-08  1.19397e-07  1.6542e-08  1.0863e-09 2.86486e-09 1 0 0 13241
             0.50018    2.28269    9.04931 -0.0224159  -0.00399398  0.000368171 -0.000903191 -0.00883948  0.00494644  -0.0076016 -2.13412e-05  9.25785e-06  2.87102e-06 -3.43283e-06  3.55691e-07  9.56049e-07 1 0 0 13161
             0.59888   2.32989   9.00403 -0.226298   -0.0049077 -0.000919094  -0.00349244  -0.0185382 -0.00671901  -0.0194491 -3.02611e-05  1.15042e-05  -8.9375e-07 -5.71071e-06  4.40826e-06  4.15875e-06 1 0 0 13133
            0.700119   2.74742   8.92824 -0.231672 -0.00476803  -0.0023046 -0.00245304 -0.00839581 -0.00330878  0.00399081 -5.04853e-05  1.17888e-05 -4.82238e-06  -2.0063e-05  1.77375e-05 -1.78915e-05 1 0 0 13202
            0.799923   2.66839   8.94985 -0.140182 -0.00650829 -0.00185374 -0.00261563  -0.0215203  0.00590312 -0.00224402 -6.58086e-05  1.01881e-05 -4.34043e-06 -1.46745e-05  1.09727e-05 -6.60109e-06 1 0 0 13245
            0.899951   2.66822   9.09565 -0.199209 -0.00770483 -0.00305991 -0.00391705  -0.0252712 -0.00182084 -0.00704127 -7.68608e-05  8.51833e-06 -5.31259e-06 -4.42911e-05  4.16529e-05 -3.32813e-06 1 0 0 13163
             1.00002   2.79709   8.93852 -0.222559 -0.00768807 -0.00500053 -0.00318992   -0.013698 -0.00889937  0.00676758 -9.38348e-05  1.25697e-05 -5.42154e-06 -9.17571e-05  7.64536e-05 -3.34627e-05 1 0 0 13257
             1.09987    2.7698   8.88434 -0.200564 -0.00776897 -0.00380119 -0.00277838 -0.0102973  0.0114104 0.00231813 -0.000108653  1.19872e-05 -8.00701e-06 -0.000127837  4.19282e-05 -3.01261e-05 1 0 0 13161
             1.19982   2.76787   8.91239 -0.256172 -0.00864538 -0.00344783  -0.0038636  -0.0156015   0.0100937 -0.00660103 -0.000124227  1.14906e-05 -8.44708e-06 -0.000142308  5.70548e-05 -1.18968e-05 1 0 0 13264
             1.29989   2.85637   8.77878 -0.209714 -0.00747072 -0.00287931 -0.00141227 -0.00280586   0.0104542   0.0153286  -0.00014047  1.45724e-05 -1.48452e-05 -0.000190644  6.88684e-05 -7.13142e-05 1 0 0 13213
             1.38837    2.8724   8.81717 -0.194292 -0.00867002 -0.00258163 -0.00216601    -0.01587  0.00853839 0.000984246 -0.000153027  9.65464e-06 -1.48555e-05 -0.000185205  8.28956e-05 -3.24572e-05 1 0 0 13161
             1.48449   2.87412   8.77223 -0.235434   -0.0080719  -0.00158408 -0.000794201 -0.00407079   0.0145087  0.00859758 -0.000162075  1.29348e-05 -1.53261e-05 -0.000225855  8.29961e-05 -6.20254e-05 1 0 0 13156
             1.59885    2.95283     8.7769 -0.0978935  -0.00881817  -0.00227138 -0.000326756 -0.0150352  0.0022344 0.00760505 -0.000178808  1.25353e-05 -1.80892e-05 -0.000231372  0.000124306 -5.44128e-05 1 0 0 13191
             1.69973   2.93704   8.74951 -0.125001 -0.00878807 -0.00352847 -0.00111541  -0.0122097 -0.00503347 -0.00326527 -0.000195994  1.18918e-05  -1.8095e-05 -0.000271248   0.00014913 -3.96603e-05 1 0 0 13218
             1.79975   2.95761   8.73107 -0.183183 -0.00910297 -0.00359658 -0.00158712 -0.00945321  0.00282061 -0.00139457 -0.000211464  1.06914e-05 -1.95461e-05 -0.000296551  0.000144794 -3.65177e-05 1 0 0 13230
             1.89966   2.99334   8.78975 -0.147772 -0.00914506 -0.00384773 -0.00184336 -0.00929464  0.00130132 -0.00335135 -0.000227303  1.08388e-05 -2.07422e-05 -0.000320308  0.000157456 -4.26224e-05 1 0 0 13152
             1.99962   3.08902   8.90448 -0.114722   -0.0086525  -0.00350083 -0.000430454 -0.00576321  0.00736531  0.00944074 -0.000243825  1.11825e-05 -2.38276e-05 -0.000352202   0.00015769 -7.82965e-05 1 0 0 13258
             2.09963   3.06781   8.79618 -0.177287 -0.00736801 -0.00293495  0.00050083  0.0013439  0.0101395 0.00837306 -0.000257519  1.71171e-05 -2.33468e-05 -0.000398009   0.00016254 -8.33556e-05 1 0 0 13219
             2.19956   3.20206   8.97719 -0.110213 -0.00716129 -0.00131073   0.0027687 -0.00395692   0.0168577   0.0195529 -0.000275767  1.55014e-05 -2.80184e-05 -0.000403632  0.000153835 -0.000106722 1 0 0 13192
             2.29971  3.1818 8.97898 -0.0182    -0.007728 -0.000997916   0.00153203  -0.0142302   0.0115871 -0.00109201 -0.000287079  1.52582e-05 -3.06043e-05 -0.000420213  0.000184821 -5.58226e-05 1 0 0 13287
              2.3853     3.1935    9.03216 -0.0956987 -0.00866463  -0.0015853  0.00106491  -0.0208449  0.00168203 -0.00122893 -0.000302667  1.51158e-05 -3.08366e-05 -0.000435929  0.000217196 -5.51843e-05 1 0 0 13170
             2.48275  3.14713   8.8276 -0.17668 -0.00923562 -0.00261343  0.00150233  -0.0161319 -0.00201109  0.00618866 -0.000313187  2.10357e-05 -3.23883e-05 -0.000470311  0.000244269 -6.69524e-05 1 0 0 13187
             2.59965   3.10916   8.68155 -0.292132 -0.00941961 -0.00126772  0.00430802 -0.0121016  0.0117368  0.0163549 -0.000331934  2.08622e-05 -3.30686e-05 -0.000509953  0.000218311 -0.000107377 1 0 0 13359
             2.69959    3.1806   8.64834 -0.269323 -0.00916204  -0.0010741   0.0042971 -0.00743223   0.0099824  0.00706516 -0.000352854  1.75879e-05 -3.80877e-05 -0.000550264  0.000239495 -8.36484e-05 1 0 0 13240
             2.79967   3.26712   8.55964 -0.262416   -0.0100689 -0.000565667   0.00489089 -0.0175953 0.00966567 0.00717158 -0.000370973   1.7995e-05 -4.10301e-05 -0.000559931  0.000252648 -8.37227e-05 1 0 0 13265
             2.89956  3.20447  8.38832 -0.34691  -0.0107437 -0.00189259  0.00376821  -0.0181678 -0.00266233 -0.00325832 -0.00038337 1.85864e-05 -4.0812e-05 -0.000598003  0.000299407 -5.68542e-05 1 0 0 13274
             2.99947   3.19851   8.27756 -0.436474   -0.0102129 -0.000426672   0.00422754  -0.00729071    0.0131322 -0.000816337 -0.000399462  1.85546e-05  -4.4733e-05 -0.000656996  0.000263883 -7.68464e-05 1 0 0 13215
             3.09934   3.19581   8.21831 -0.570646   -0.0102828 -0.000214589    0.0044657 -0.00789309  0.00790875  0.00381875 -0.000414487  1.82049e-05 -4.55429e-05 -0.000676084  0.000289478 -8.75851e-05 1 0 0 13259
             3.19999   3.20554   8.05226 -0.605006   -0.0113171 -0.000712331   0.00578291  -0.0166782 0.000634459  0.00997378 -0.000431384  2.14846e-05 -4.73227e-05 -0.000675349  0.000323775 -0.000111606 1 0 0 13372
             3.29985   3.22466   8.16628 -0.660266   -0.010968 -0.00138628  0.00629448 -0.00916521 -0.00171125  0.00185727 -0.000449695  1.92672e-05 -4.84302e-05 -0.000728049  0.000337423 -0.000115454 1 0 0 13304
             3.39968   3.27914   8.40018 -0.739599  -0.010445  -0.001978 0.00528736 -0.00483581 0.000695378 -0.00537287 -0.000466897  2.00514e-05 -5.06125e-05  -0.00077111  0.000348763 -0.000101216 1 0 0 13135
             3.49967    3.4082   8.60751 -0.666768   -0.010679 -0.00282195  0.00150467   -0.0101822 -0.000691757     -0.02379 -0.000482559   1.7276e-05  -5.1781e-05 -0.000797186  0.000366517 -4.24043e-05 1 0 0 13251
             3.59971   3.29932   8.54161 -0.721104  -0.0104391 -0.00461256 -0.00107774  -0.0100422 -0.00790262  -0.0231123 -0.000496639  1.94303e-05 -5.15442e-05 -0.000836304   0.00040711 -4.41206e-05 1 0 0 13128
             3.70079   3.26711   8.53606 -0.801781  -0.0117247 -0.00470701 -0.00268491  -0.0185078 1.91575e-05  -0.0198295 -0.000510765   1.8012e-05 -5.31298e-05 -0.000842107  0.000395973 -5.78425e-05 1 0 0 13388
             3.79967   3.35505   8.51225 -0.830761     -0.01137  -0.00462787 -0.000869999 -0.00790323  0.00280921  0.00709593 -0.000529123  2.01822e-05 -5.58313e-05 -0.000882005  0.000397224  -0.00013597 1 0 0 13288
             3.89956   3.42086   8.52077 -0.823947  -0.0106432 -0.00324954  0.00206152 -0.00245857   0.0141661   0.0241338 -0.000549052  1.88421e-05 -5.92528e-05 -0.00091648 0.000379514 -0.00017817 1 0 0 13327
               3.999    3.3748   8.56389 -0.844066  -0.0115018 -0.00342571   0.0027151 -0.0143747 0.00623754  0.0119283 -0.000563252  1.78558e-05 -6.02708e-05 -0.000919392  0.000416643 -0.000151533 1 0 0 13305
             4.09959   3.47378   8.56114 -0.857057  -0.0108018 -0.00212369  0.00251456 -0.00439987   0.0160355   0.0014255 -0.000585182  2.04274e-05 -6.10537e-05 -0.000982504  0.000402506  -0.00012945 1 0 0 13327
             4.19955  3.48563  8.57415 -0.79773  -0.0110385 -0.00299124 0.000286356 -0.0120034 0.00496324 -0.0106684 -0.000600186  1.78579e-05  -6.4648e-05  -0.00100642  0.000459186 -8.67136e-05 1 0 0 13423
             4.30056   3.44088   8.45769 -0.864116   -0.0114344  -0.00186493 -0.000150674  -0.0123897   0.0131065 -0.00614668 -0.000618764  2.03773e-05 -6.58344e-05  -0.00103369  0.000450297 -0.000101079 1 0 0 13415
             4.39904   3.36333   8.43647 -0.900046    -0.012987  -0.00274402 -0.000980701   -0.0227962 -0.000972072  -0.00632953 -0.000634992  1.99649e-05 -6.87108e-05 -0.00103525 0.000499893 -0.00010385 1 0 0 13446
             4.49893  3.46902  8.37444 -0.93371   -0.0128705  -0.00217753 -5.51985e-05 -0.0102362 0.00819514 0.00392632 -0.000657552  2.07619e-05 -7.22219e-05  -0.00109199  0.000489968 -0.000142722 1 0 0 13455
             4.59871   3.46439   8.41977 -0.973784  -0.0130591 -0.00232388 2.25806e-05 -0.0108938 0.00447687  0.0029481 -0.000672565  1.86097e-05 -7.08376e-05  -0.00111922  0.000511866 -0.000140692 1 0 0 13553
             4.69842   3.52183   8.32688 -0.944537   -0.0127879  -0.00335507 -0.000269269  -0.00771189  -0.00215104 -1.42718e-05 -0.000691164  2.11385e-05 -7.29929e-05  -0.00116085  0.000548693 -0.000137978 1 0 0 13430
             4.80045   3.51204   8.58781 -0.931385  -0.0128515 -0.00468751 -0.00196619 -0.00868539 -0.00663786  -0.0108087 -0.000703111  1.50332e-05 -7.54129e-05  -0.0011909 0.000571042 -0.00011408 1 0 0 13459
              4.8995   3.57737   8.53424 -0.970012  -0.0122249 -0.00453686 -0.00120348 -0.00323374  0.00198871   0.0039406 -0.000724791  1.99579e-05 -7.44879e-05  -0.00122637   0.00055941 -0.000151754 1 0 0 13389
             4.99906   3.61857   8.46068 -0.908859  -0.0119696 -0.00540526 -0.00214349 -0.00762347 -0.00200091 -0.00146995 -0.000738199  1.87585e-05 -7.84529e-05  -0.00125704  0.000583769 -0.000126269 1 0 0 13196
             5.10045  3.55877  8.29801 -0.95541   -0.01227 -0.0052705 -0.0018533  -0.0138235  0.00456202 0.000310921 -0.000753345  2.15641e-05 -8.02578e-05  -0.00128298  0.000580602 -0.000137735 1 0 0 13425
             5.20044  3.54021  7.99355 -1.06226  -0.0130049 -0.00299727 0.000689662 -0.0151081  0.0210302  0.0191845 -0.000773229  2.21351e-05 -8.37428e-05  -0.00130188  0.000546821 -0.000185428 1 0 0 13294
             5.30034   3.5736  7.85307 -1.12622  -0.0148523 -0.00397302  0.00171309 -0.0238812 0.00207651  0.0131035 -0.000790481  2.11917e-05 -8.36139e-05  -0.00130196   0.00061811 -0.000180316 1 0 0 13327
             5.40022  3.66684  7.79151 -1.11012  -0.0141408 -0.00361461  0.00272388 -0.0054266  0.0076906  0.0103646 -0.000812144  1.94367e-05 -8.71973e-05 -0.00137932 0.000612154 -0.00018231 1 0 0 13257
             5.50013  3.64497  7.72148 -1.12503  -0.0151198 -0.00425929  0.00259889 -0.0163705 0.00055855  0.0024698 -0.000826496  1.89919e-05 -8.98695e-05  -0.00138354  0.000647404 -0.000163327 1 0 0 13302
             5.60042  3.67637  7.72923 -1.23707  -0.0146389 -0.00439802  0.00244237 -0.00613924  0.00248837 4.16187e-06 -0.000845741  1.82763e-05 -8.96319e-05 -0.00144239 0.000649008 -0.00016185 1 0 0 13367
             5.70026  3.85434  7.87206 -1.30301  -0.0150057 -0.00433998  0.00143194 -0.00861099  0.00409401 -0.00738733 -0.000864144  1.40011e-05 -9.28495e-05  -0.00146002  0.000655123 -0.000142797 1 0 0 13314
             5.80012  3.96227  7.94901 -1.32157  -0.0152919  -0.0039813 0.000270223 -0.00967889  0.00805344    -0.01232 -0.000881842  1.80112e-05 -9.59342e-05  -0.00148248  0.000660746 -0.000142318 1 0 0 13297
             5.90005  4.03135  8.14644 -1.31672   -0.0156382  -0.00421318 -0.000321242  -0.0132854  0.00356826 -0.00801303 -0.000898071  1.21455e-05 -9.56691e-05  -0.00150587  0.000686838 -0.000164103 1 0 0 13286
                   6    3.996   8.1207 -1.30344  -0.0148167 -0.00650485 -0.00161125   -0.004325  -0.0127256 -0.00606889 -0.000911806  1.66765e-05 -9.82603e-05 -0.00156265 0.000743997  -0.0001662 1 0 0 13391
             6.09972  3.95363  8.10799 -1.34688   -0.015259 -0.00654453 -0.00167447  -0.0108876  0.00303473 -0.00163098 -0.000930246  1.61086e-05 -9.93277e-05  -0.00157491  0.000727043 -0.000173697 1 0 0 13210
             6.19995  3.91165  8.18242 -1.37974  -0.0150737 -0.00569942 -0.00339182 -0.0042134   0.010941 -0.0139973 -0.000945953  1.58721e-05 -9.97024e-05 -0.00161639 0.000713205 -0.00014645 1 0 0 13331
             6.30004 4.06737 8.26947 -1.2211  -0.0147459 -0.00600113 -0.00224212 -0.00648698  0.00423356  0.00452051 -0.000968395  1.71569e-05 -0.000104221  -0.00163189  0.000750567 -0.000206918 1 0 0 13250
             6.40003  4.02694  8.32067 -1.15174  -0.0149924  -0.0053641 -0.00287849   -0.0116934    0.0107897 -0.000178058 -0.000983278  1.53911e-05 -0.000104729  -0.00166085  0.000749513 -0.000181018 1 0 0 13309
             6.49991  3.97813  8.24098 -1.19163  -0.0143105 -0.00619177  -0.0017198  -0.00611822 -0.000316103   0.00868685    -0.001003  1.71863e-05 -0.000106515  -0.00171008  0.000792366 -0.000217082 1 0 0 13154
             6.60014  3.96771  8.25497 -1.22926  -0.0154729 -0.00605362 -0.00385824 -0.0138002  0.0051952 -0.0138022 -0.00101968 1.52273e-05 -0.00010836 -0.00171654  0.00079307 -0.00015634 1 0 0 13378
             6.69987  4.03631  8.31385 -1.23083  -0.0147992 -0.00660449 -0.00291568 -0.00434836  0.00156415  0.00449502  -0.00104249  1.73691e-05 -0.000109472  -0.00176245  0.000823121 -0.000214864 1 0 0 13111
             6.79984  4.09592  8.28415 -1.16976  -0.0136219 -0.00646175 -0.00184546 0.000913914  0.00530337  0.00932142  -0.00106336  1.82383e-05 -0.000111794  -0.00180801  0.000826205 -0.000231379 1 0 0 13287
              6.8998  4.09613  8.34784 -1.20667  -0.0142683  -0.0065597 -0.00149361 -0.0113894 0.00249737 0.00718607  -0.00108083  1.73024e-05 -0.000113921  -0.00180418  0.000843999 -0.000222522 1 0 0 13235
             6.99868  4.16742  8.27924 -1.23009   -0.0149655   -0.0061074 -0.000351581 -0.0149755 0.00798824  0.0102684  -0.00110254  2.05793e-05 -0.000116322 -0.00182549 0.000844831 -0.00023344 1 0 0 13177
             7.09979  4.15375   8.2417 -1.24562   -0.015278 -0.00451079  0.00155393 -0.0113958  0.0178078  0.0149536  -0.00112016  2.06131e-05 -0.000118623  -0.00186333  0.000829062 -0.000251731 1 0 0 13306
             7.19964 4.23982 8.24299 -1.2519  -0.0151708 -0.00327849  0.00425264 -0.00865314    0.015608    0.023541 -0.00114404 2.13808e-05 -0.00012234  -0.00189848  0.000842635 -0.000285537 1 0 0 13300
             7.29966  4.30059  8.23737 -1.15477   -0.014772 -0.00388109  0.00319574 -0.00724844  0.00691538  0.00644345  -0.00116076  2.03286e-05 -0.000125811  -0.00195125  0.000894489 -0.000216764 1 0 0 13319
             7.39958  4.27279  8.03761 -1.31485  -0.0151635 -0.00379263  0.00393535 -0.0127929 0.00219081 0.00440318 -0.00118373 2.07223e-05 -0.00012502  -0.00197465   0.00091015 -0.000226761 1 0 0 13226
             7.49963  4.31276  8.06267 -1.32764  -0.0151738 -0.00494659  0.00210668 -0.00603165 -0.00348671 -0.00926737  -0.00119894  1.95255e-05 -0.000129566  -0.00201679   0.00094378 -0.000187041 1 0 0 13390
              7.5996  4.41066  8.11381 -1.26573  -0.0153389 -0.00464614  0.00235143   -0.0111143   0.00535505 -0.000500212  -0.00121893  1.68496e-05 -0.000130999  -0.00203589  0.000932979 -0.000211889 1 0 0 13209
             7.69968  4.32788  7.89514 -1.37605  -0.0162263 -0.00597778  0.00171115  -0.0184333 -0.00581695 -0.00122565 -0.00123393 2.00253e-05 -0.00013147  -0.00205906  0.000982812 -0.000205279 1 0 0 13462
             7.79954  4.36413  7.76448 -1.44208  -0.0175198 -0.00694858  0.00361465    -0.01957 -0.00593324   0.0109269  -0.00125642   2.0184e-05 -0.000133045  -0.00207409  0.000997182 -0.000255849 1 0 0 13201
             7.89971  4.38326  7.78119 -1.44308  -0.0174619 -0.00588695   0.0030148  -0.0066691   0.0100581 -0.00237963   -0.0012723  1.80858e-05 -0.000136606  -0.00213676  0.000954912 -0.000221271 1 0 0 13446
             7.99961  4.47196  7.74969 -1.36832  -0.0168279 -0.00495471  0.00365001 -0.00664347   0.0159724  0.00463001  -0.00129476  1.78294e-05 -0.000138088  -0.00217916  0.000963884 -0.000243404 1 0 0 13249
             8.09975  4.39354  7.67099 -1.43116  -0.0172493 -0.00376609  0.00299527  -0.0126883   0.0162122 -0.00501425   -0.0013095  2.05507e-05 -0.000141234  -0.00220637  0.000974207 -0.000226484 1 0 0 13562
             8.19953  4.39465  7.73626 -1.44433  -0.0168101 -0.00463998  0.00335877 -0.00360733 2.56436e-05  0.00391151 -0.00133139 1.93532e-05 -0.00014192  -0.00224583   0.00103644 -0.000260439 1 0 0 13022
             8.29971  4.37635  7.79358 -1.31084 -0.0166055 -0.0041655 0.00186678 -0.00728702  0.00861305  -0.0106412  -0.00134672  1.79689e-05 -0.000145021  -0.00228122   0.00102866 -0.000221179 1 0 0 13593
             8.39933  4.37689  7.86424 -1.28914  -0.0147658 -0.00619793 7.49675e-05  0.00527101 -0.00795638  -0.0130312  -0.00136544  1.65096e-05 -0.000145745  -0.00235556   0.00109723 -0.000221115 1 0 0 13137
              8.5002  4.31338  7.98328 -1.26195  -0.0146534 -0.00578254 -0.00046306 -0.00397494  0.00163964 -0.00895268  -0.00138295  1.39399e-05 -0.000148117  -0.00235438   0.00107249 -0.000237155 1 0 0 13524
             8.59967   4.3094  8.08878 -1.25364  -0.0155462 -0.00591467 -0.00108003  -0.0146104   0.0054302 -0.00228718  -0.00139923  1.75172e-05 -0.000147926  -0.00235496   0.00108902 -0.000241955 1 0 0 13192
             8.69943  4.32948  7.99162 -1.18006   -0.0168811  -0.00536628 -0.000796227  -0.022413 0.00934895 0.00075593  -0.00142001  1.93059e-05 -0.000151926  -0.00237197   0.00109587 -0.000254005 1 0 0 13369
             8.79927  4.33329  8.01886 -1.18001  -0.0178437 -0.00391905 0.000185906 -0.0173936  0.0150606 0.00777048 -0.00144062   1.507e-05  -0.0001529  -0.00241057    0.0010836 -0.000277625 1 0 0 13208
             8.89962  4.38613  8.00333 -1.10772  -0.0166557 -0.00232412  0.00233922 -0.00172596    0.019762   0.0172064  -0.00146478  1.47539e-05 -0.000156544  -0.00248815    0.0010854 -0.000319665 1 0 0 13448
             8.99972  4.39063  7.99676 -1.10625  -0.0170143 -0.00175178  0.00408691 -0.00971907   0.0124119   0.0191743  -0.00148355  1.39178e-05 -0.000158908  -0.00249485   0.00112455 -0.000326167 1 0 0 13460
             9.09955  4.39646   7.9615 -1.13258  -0.0155621 -0.00209635  0.00384612  0.0029546 0.00677714 0.00422106   -0.0015024  1.49979e-05 -0.000159294  -0.00257239   0.00116124 -0.000292005 1 0 0 13375
             9.19973  4.38829  8.01062 -1.04071  -0.0155142 -0.00318133 0.000737048 -0.00468764 -0.00218882  -0.0186661  -0.00151939   1.3616e-05 -0.000164389  -0.00258732   0.00120859 -0.000218888 1 0 0 13437
             9.29972 4.37121 7.92798 -1.0019  -0.0148552  -0.0024915 0.000140656 -0.00484822  0.00744876  -0.0100909  -0.00153916  1.59843e-05 -0.000165864  -0.00262778   0.00119064 -0.000247986 1 0 0 13338
             9.39955   4.3624  7.99372 -1.06302  -0.0159852 -0.00200015 -0.00146343 -0.0155382 0.00935554 -0.0121721  -0.00155781   1.1949e-05 -0.000167063  -0.00262788   0.00120265 -0.000235798 1 0 0 13507
             9.49712  4.37641  7.94603 -1.12196   -0.0159369    -0.004734 -0.000935619 -0.0112098 -0.0173323 0.00280711  -0.00158146  1.42997e-05 -0.000164188  -0.00266497   0.00129447 -0.000292242 1 0 0 13539
             9.59711 4.38727 7.85755 -1.1357  -0.0169116 -0.00587075 0.000463535 -0.0171088 -0.0098992  0.0117876  -0.00159896  1.47059e-05 -0.000169221  -0.00267902    0.0012832 -0.000315699 1 0 0 13652
             9.69707  4.41604   7.7252 -1.21845   -0.018621 -0.00398872 -0.00020697  -0.0222725   0.0158337 -0.00287168 -0.00162207  1.5702e-05 -0.00017032  -0.00270492   0.00121258 -0.000259487 1 0 0 13567
             9.79962  4.40685  7.67449 -1.26804   -0.0205378  -0.00230473 -0.000271247   -0.0245403    0.0189104 -0.000430777  -0.00163827  1.29082e-05 -0.000173651  -0.00272357   0.00121661 -0.000269955 1 0 0 13649
              9.9008 4.45489 7.58914 -1.2296  -0.0198883 -0.00422615 -0.00215194  -0.0089438 -0.00284959 -0.00957506 -0.00165976 1.11771e-05 -0.00017582  -0.00281832   0.00131415 -0.000248985 1 0 0 13575
             9.99983  4.41931  7.59713 -1.31769  -0.0183215 -0.00516995 -0.00161641  0.00257046 -0.00679812 -0.00060809  -0.00167807  6.39736e-06 -0.000176749   -0.0028871    0.0013242 -0.000297627 1 0 0 13346
             10.0996  4.36195   7.4503 -1.38923  -0.0175891 -0.00725521 -0.00301857 0.000858959   -0.011478 -0.00684427  -0.00169501  7.86941e-06 -0.000178207  -0.00291307    0.0013681 -0.000269295 1 0 0 13471
             10.1998  4.41428  7.33675 -1.39195   -0.0168823  -0.00517219 -0.000217297 0.000653093   0.0139756   0.0135721  -0.00171702  7.49329e-06 -0.000183331  -0.00292969   0.00129237 -0.000342192 1 0 0 13337
             10.2993 4.44794 7.34672 -1.4282  -0.0167388 -0.00336744  0.00103007 -0.00399285   0.0218828   0.0133298  -0.00173748  6.58556e-06 -0.000185655  -0.00294245   0.00128808 -0.000341525 1 0 0 13388
             10.4006  4.40107  7.30049 -1.45967  -0.0170542 -0.00276139  0.00268886 -0.00965781   0.0114541   0.0125222  -0.00176019  9.83524e-06 -0.000186557  -0.00295407   0.00133483 -0.000364257 1 0 0 13314
             10.4996  4.39991  7.57255 -1.48141  -0.0181468 -0.00328892  0.00177274    -0.012861 -0.000151845  -0.00499049  -0.00178077  5.43621e-06 -0.000189318  -0.00295962   0.00137654 -0.000325394 1 0 0 13300
             10.5998  4.50609  7.89152 -1.25013  -0.0164778 -0.00184238 0.000735817  0.00217051   0.0180263 -0.00416244  -0.00180102  5.69548e-06 -0.000193421  -0.00304875   0.00134367 -0.000309724 1 0 0 13433
             10.6996  4.50172  7.83079 -1.25212 -0.0162248 -0.0018492 0.00161787 -0.0115878 0.00699726  0.0111622  -0.00182333  7.08189e-06 -0.000191613  -0.00307242   0.00139557 -0.000340694 1 0 0 13249
             10.7997  4.32852  7.68242 -1.49847  -0.0170546 -0.00244014 0.000629494  -0.0126338 -0.00244485 -0.00434346  -0.00184231  6.68402e-06 -0.000192907  -0.00309904    0.0014271 -0.000301025 1 0 0 13372
             10.9006  4.45585  7.71429 -1.45975  -0.0191156 -0.00328254 -0.00250055  -0.0207298 -0.00121959  -0.0256352  -0.00186044  3.44436e-06 -0.000197097  -0.00309348   0.00144638 -0.000240661 1 0 0 13373
             11.0005  4.46615  7.72674 -1.40866  -0.0174602  -0.0035692 -0.00378804 0.00274295 0.00142601 -0.0146891  -0.00187856  3.32678e-06 -0.000199807  -0.00318957   0.00144874 -0.000277092 1 0 0 13408
             11.1005  4.45235  7.82218 -1.46691  -0.0180915 -0.00280563 -0.00272557  -0.013522 0.00527529 0.00361236  -0.00189569  2.06194e-06 -0.000201114  -0.00317575   0.00143973 -0.000337073 1 0 0 13236
             11.2005  4.44965  7.68437 -1.57497  -0.0183242 -0.00447755 -0.00289606 -0.0123661 -0.0068656  0.0014846  -0.00191451  2.14339e-06 -0.000200716  -0.00321917   0.00149874 -0.000333477 1 0 0 13498
             11.3004 4.45785 7.64751 -1.5758  -0.0184068  -0.0063294 -0.00153708 -0.00739725  -0.0121417  0.00998351  -0.00193467  2.45647e-06 -0.000202728  -0.00324836   0.00153227 -0.000370041 1 0 0 13200
             11.4005  4.44635  7.71268 -1.53839  -0.0186853 -0.00658822 -0.00492971 -0.00813947  0.00220108  -0.0222536   -0.0019485 -5.72612e-07 -0.000202392  -0.00328669   0.00150888 -0.000263146 1 0 0 13445
             11.5004  4.49964  7.71203 -1.52398   -0.018614  -0.0050556 -0.00469501 -0.00817791   0.0145364 -0.00255056 -0.00196956  2.7595e-06 -0.00020753  -0.00331528   0.00147974 -0.000319043 1 0 0 13182
             11.6003  4.51165  7.69163 -1.52399  -0.0175374 -0.00577489 -0.00649615 -0.000251207   0.00355639   -0.0119975  -0.00199064 -2.35598e-06 -0.000207311  -0.00337988   0.00153781 -0.000298057 1 0 0 13340
             11.6993  4.50801   7.6489 -1.56525  -0.0173364 -0.00683885 -0.00466231 -0.00428332 -0.00744219     0.01107  -0.00201261  1.70766e-06 -0.000210286  -0.00338216   0.00157819 -0.000378185 1 0 0 13126
             11.8003  4.56499  7.53829 -1.52932  -0.0186048 -0.00629255 -0.00235305 -0.0170889 0.00708426  0.0214976  -0.00203467  3.57203e-06 -0.000212411  -0.00337021   0.00155556 -0.000394517 1 0 0 13282
             11.9002  4.53677  7.42177 -1.55837   -0.0180145  -0.00593768 -0.000498077 -0.00636506  0.00774252   0.0168933  -0.00205201 -9.23656e-07 -0.000215846  -0.00344506   0.00156194 -0.000399648 1 0 0 13178
             12.0002  4.61308  7.37448 -1.64522  -0.0184635  -0.0063014 -0.00075596 -0.00837991  0.00392128  0.00660528  -0.00207416  3.97483e-07 -0.000217244  -0.00346449   0.00159458 -0.000357745 1 0 0 13432
             12.1002  4.63526  7.31547 -1.58322  -0.0203901 -0.00392194 0.000648725 -0.0240297  0.0213409   0.010992  -0.00209311  7.71098e-09 -0.000221171  -0.00344901   0.00155371 -0.000366752 1 0 0 13282
             12.2002  4.65336  7.15054 -1.67439  -0.0203354 -0.00322887  0.00158025 -0.0126444  0.0136695  0.0102964  -0.00211708  1.04073e-06 -0.000223816  -0.00352913   0.00158837 -0.000375501 1 0 0 13421
             12.3002  4.55434  7.05238 -1.78549 -0.0204001 -0.0040142  0.0015521 -0.00855905  0.00102967  0.00245947  -0.00213523 -1.97839e-06 -0.000226233  -0.00357202   0.00164853 -0.000365079 1 0 0 13333
             12.4001  4.66487  7.09214 -1.76354  -0.0206142 -0.00456171  0.00158921 -0.00821242 0.000929411  0.00383072  -0.00215922 -2.15408e-06 -0.000226389  -0.00359592   0.00166924 -0.000362532 1 0 0 13320
                12.5  4.69701   7.1329 -1.67773  -0.0201832 -0.00354127  0.00363551  -0.006027 0.00910191  0.0121827  -0.00217901  -6.6343e-06 -0.000232071  -0.00363766   0.00164666 -0.000410891 1 0 0 13455
             12.6001  4.70885  7.14717 -1.77603  -0.0209912 -0.00456614  0.00472796  -0.0144742 -0.00311616   0.0133784  -0.00220348 -1.70677e-06 -0.000229115  -0.00364647   0.00170342 -0.000417539 1 0 0 13253
                12.7  4.60744  7.26054 -1.73972  -0.0221092 -0.00483897  0.00334524  -0.0168023  0.00236997 -0.00507384  -0.00221771 -5.10587e-06  -0.00023209  -0.00367533   0.00170605 -0.000350574 1 0 0 13324
             12.8001     4.68  7.29417 -1.70871  -0.0217909 -0.00544163   0.0034545  -0.00803416 -0.000848173   0.00131594  -0.00224436 -5.12318e-06 -0.000235855  -0.00373799    0.0017261 -0.000373205 1 0 0 13340
             12.8999  4.51961  7.29886 -1.75788   -0.0213292  -0.00612202 -0.000607719 -0.00122418 0.000250992  -0.0303501  -0.00225377 -6.68332e-06 -0.000237057  -0.00379782   0.00174205 -0.000280239 1 0 0 13385
                  13  4.59395   7.4383 -1.54498   -0.0201734  -0.00527168 -0.000497904  0.00256959  0.00976881 -0.00708008  -0.00227851 -7.11491e-06 -0.000241009  -0.00382762   0.00172462 -0.000356371 1 0 0 13305
                13.1   4.5175  7.44933 -1.53966  -0.0194252  -0.0035456 -0.00110641 -0.00538321   0.0188411 -0.00762304  -0.00229441 -5.83201e-06 -0.000241334  -0.00386517   0.00170612 -0.000360294 1 0 0 13453
             13.1998  4.49607  7.32771 -1.73594  -0.0197748 -0.00387246 0.000692394 -0.00956407  0.00541127   0.0172079  -0.00232135 -6.63722e-06 -0.000242095   -0.0038732   0.00177353 -0.000429049 1 0 0 13090
             13.2999  4.51179  7.26776 -1.61038   -0.020698 -0.00346552  0.00441786 -0.0139631 0.00403651  0.0285442  -0.00234112  -4.9516e-06 -0.000248046  -0.00387263   0.00177545 -0.000479682 1 0 0 13542
             13.3999  4.54528  7.28683 -1.62486  -0.0204246 -0.00525688  0.00300282  -0.0066059 -0.00629752  0.00011773   -0.0023609 -5.75927e-06 -0.000246253   -0.0039424   0.00183549 -0.000393626 1 0 0 13169
             13.4999  4.59975  7.32723 -1.52305  -0.0218786 -0.00241396  0.00218596  -0.0187116   0.0231953 -0.00541855  -0.00237909 -1.01646e-05 -0.000250619  -0.00394314   0.00175102 -0.000355715 1 0 0 13413
             13.5997   4.4783  7.23522 -1.61791   -0.021305 -0.00423809 -0.00189382 -0.00636173  -0.0024294  -0.0280374  -0.00239496 -1.04849e-05 -0.000249514   -0.0040311   0.00186075 -0.000293392 1 0 0 13216
             13.6997  4.51072  7.21026 -1.58257  -0.0195348 -0.00573169 -0.00296903  0.00916231 -0.00867131  -0.0175106  -0.00241888 -1.18344e-05 -0.000253528  -0.00409466   0.00189519 -0.000351717 1 0 0 13414
             13.7997 4.58624 7.36948 -1.4076  -0.0181567 -0.00647971  -0.0037559  0.00626821 -0.00516739  -0.0116117  -0.00243729 -1.18225e-05 -0.000256974 -0.00411114  0.00189565 -0.00038061 1 0 0 13255
             13.8997  4.71951  7.38305 -1.36574  -0.0176695 -0.00493932 -0.00159589 -0.00426356   0.0139855   0.0159499  -0.00245974 -1.02295e-05 -0.000259118  -0.00412033   0.00184894 -0.000451563 1 0 0 13465
             13.9996  4.62613  7.19595 -1.48195    -0.018501  -0.00504786 -0.000219067 -0.0154378 0.00414379  0.0156564  -0.00248067 -9.73457e-06 -0.000257466  -0.00412688   0.00189497 -0.000451604 1 0 0 13341
             14.0996   4.7031  7.15707 -1.50137  -0.0204115 -0.00467041 0.000522651 -0.0192768 0.00662074 0.00817964  -0.00250487 -1.04552e-05 -0.000261739  -0.00412394   0.00190285 -0.000436521 1 0 0 13332
             14.1996  4.78686  7.41802 -1.34961  -0.0206104 -0.00416111 0.000225993  -0.0134493   0.0100484 -0.00104734  -0.00252313 -1.65473e-05 -0.000265483 -0.00418724  0.00190708 -0.00041842 1 0 0 13393
             14.2996  4.81807  7.36237 -1.34461   -0.0195876  -0.00486629 -0.000993283    -0.00519  0.00460742 -0.00212834  -0.00254562 -1.50036e-05 -0.000264102   -0.0042783   0.00195855 -0.000395451 1 0 0 13363
             14.3997  4.74509  7.14052 -1.32846  -0.0200904 -0.00364343 -0.00173901 -0.0102761  0.0125936 -0.0056137  -0.00256335 -1.78237e-05 -0.000268696  -0.00429725   0.00194099 -0.000376342 1 0 0 13616
             14.4958 4.75476 7.02889 -1.3992 -0.0198968 -0.0032953 -0.0023535 -0.00487806  0.00863374   -0.005666  -0.00258808 -1.22735e-05 -0.000268664  -0.00433719    0.0019642 -0.000388039 1 0 0 13347
             14.5957  4.81256  6.89461 -1.32346   -0.0198747  -0.00411001 -0.000393624 -0.00826061 -0.00294638   0.0143431  -0.00261367 -1.11846e-05 -0.000274299  -0.00435134   0.00201823 -0.000459746 1 0 0 13628
             14.6995  4.78527  6.78596 -1.40678   -0.020695 -0.00553873 0.000497969  -0.0151365 -0.00909066  0.00840018   -0.0026343 -1.13091e-05 -0.000273469  -0.00437042   0.00205473 -0.000455364 1 0 0 13630
             14.7997  4.83163  6.86859 -1.42693   -0.022136 -0.00501463 -7.3828e-05   -0.016936  0.00642551 -0.00132276  -0.00265372  -1.7977e-05 -0.000276295  -0.00438605   0.00201721 -0.000410501 1 0 0 13774
             14.8996  4.84939  6.90025 -1.40252  -0.0215952 -0.00631992 -0.00157543 -0.00511333 -0.00276612  -0.0094635  -0.00267367 -2.15814e-05 -0.000279528  -0.00446102   0.00207479 -0.000393108 1 0 0 13547
             14.9993 4.92641 6.87665 -1.3143   -0.0207875  -0.00526095 -9.45682e-05 -0.000805512   0.00883708   0.00691651  -0.00269594 -1.98278e-05 -0.000285221  -0.00450168   0.00203876 -0.000453639 1 0 0 13333
             15.0996  4.89201  6.83472 -1.42843   -0.020497 -0.00549015 -0.00231458 -0.00713531  0.00673829  -0.0142262   -0.0027162 -2.27936e-05 -0.000283497  -0.00454293   0.00207627 -0.000384722 1 0 0 13390
             15.1997 4.94459 6.76577 -1.5048  -0.0209565 -0.00549901 -0.00190303 -0.00922987  0.00622618  0.00184509   -0.0027417 -2.27772e-05 -0.000285983  -0.00455361   0.00210382 -0.000434178 1 0 0 13309
             15.3003  4.94326   6.8208 -1.38827  -0.0204095 -0.00610567 -0.00164551 -0.000727534 -0.000598485 -0.000574446  -0.00276365 -2.74958e-05 -0.000287413  -0.00459608   0.00213614 -0.000448319 1 0 0 13529
             15.3996  4.96444  6.97375 -1.26669  -0.0186022 -0.00356868  0.00133511 0.00625118  0.0198028   0.018004  -0.00278878 -2.50824e-05 -0.000292998   -0.0046598   0.00206279 -0.000526708 1 0 0 13235
             15.4996 4.90518 7.04695 -1.3067  -0.0170628 -0.00388958  0.00116051 0.00497452 0.00759865 0.00696709  -0.00280731 -2.32593e-05 -0.000292357  -0.00471256   0.00213112 -0.000484941 1 0 0 13356
             15.5993   4.8699  7.04288 -1.34026  -0.0185076 -0.00309771 0.000114307  -0.0140073   0.0106879 -0.00456926  -0.00283091   -2.211e-05 -0.000293057  -0.00467462   0.00214043 -0.000430908 1 0 0 13288
             15.6996   4.8763  7.09196 -1.24958  -0.0192081 -0.00377632 -0.00220086  -0.013572  0.0025152 -0.0153489  -0.00285193 -2.28792e-05 -0.000296814  -0.00470839     0.002193 -0.000392073 1 0 0 13375
             15.8002  4.89762  7.16062 -1.21583  -0.0192431 -0.00419589 -0.00193429 -0.00972316 -0.00375046 -0.00299021  -0.00287675 -2.04313e-05 -0.000299132  -0.00475287   0.00220907 -0.000450999 1 0 0 13428
             15.8997   4.8468  7.26994 -1.23543  -0.0194257 -0.00564795 -0.00384214 -0.00955678 -0.00672929  -0.0111658  -0.00289336 -2.56333e-05 -0.000298349  -0.00479843   0.00224631 -0.000410857 1 0 0 13239
             15.9996  4.84742  7.24888 -1.26227  -0.0190939 -0.00605864 -0.00291524 -0.00559955 -0.00327757  0.00180508   -0.0029195  -2.1627e-05 -0.000302055 -0.00484264  0.00224166 -0.00047421 1 0 0 13410
             16.0996  4.81785  7.28343 -1.27637  -0.0192531 -0.00642043 -0.00385697 -0.00744916 0.000758816 -0.00403608  -0.00294026 -2.22902e-05 -0.000304742  -0.00487326   0.00224765 -0.000441753 1 0 0 13255
             16.1997  4.81113  7.32827 -1.31544  -0.0193626 -0.00556035 -0.00363357   -0.0072925    0.0098205 -0.000838445  -0.00296292 -2.09838e-05 -0.000305409  -0.00490395   0.00222774 -0.000464227 1 0 0 13408
             16.3002  4.85108  7.38332 -1.23724  -0.0193115 -0.00449519 -0.00337818 -0.00702358   0.0149992  0.00260641  -0.00298616 -1.97496e-05 -0.000310728  -0.00494062   0.00223088 -0.000474762 1 0 0 13403
             16.4001   4.7936   7.3534 -1.24366  -0.0192343 -0.00453378 -0.00420155 -0.00776672  0.00571308 -0.00566418  -0.00300459 -1.77004e-05 -0.000314157  -0.00498285   0.00228242 -0.000457342 1 0 0 13392
             16.4993   4.8146  7.43321 -1.24709  -0.0196968 -0.00572432 -0.00453613  -0.0114416 -0.00298817 0.000716743  -0.00302637 -2.01123e-05  -0.00031598  -0.00500248   0.00234531 -0.000471529 1 0 0 13127
             16.5996  4.81158  7.33874 -1.19976  -0.0195174 -0.00464095  -0.0049285 -0.00671418   0.0121461 -0.00357515  -0.00304945 -1.95385e-05 -0.000318659  -0.00506052   0.00231066 -0.000456876 1 0 0 13355
             16.6999     4.86  7.29352 -1.24447  -0.0188462  -0.0049855 -0.00361549 -0.00231019  0.00257631   0.0091515  -0.00307383 -1.92544e-05 -0.000318532  -0.00510558   0.00235939 -0.000518708 1 0 0 13116
             16.7996  4.79962  7.28781 -1.21972  -0.0180407 -0.00528958 -0.00298016      0.0011 0.000373196  0.00616411  -0.00309594 -1.94289e-05 -0.000322425  -0.00514797   0.00238033 -0.000520226 1 0 0 13415
             16.8996  4.87767   7.3505 -1.12825  -0.0178783 -0.00485275 -0.00152932 -0.00320237  0.00581224   0.0130631  -0.00312435 -1.77358e-05 -0.000327373   -0.0051575   0.00237539 -0.000544698 1 0 0 13179
             16.9998  4.85557  7.35118 -1.12084  -0.0179211 -0.00472844 -0.00176282 -0.00888671  0.00638522  0.00521445  -0.00314422 -1.62608e-05 -0.000327921  -0.00519169   0.00239477 -0.000501412 1 0 0 13378
             17.0998   4.8724  7.19769 -1.15257   -0.0184953  -0.00371277 -0.000363362 -0.0126915  0.0127704  0.0139796  -0.00316944  -1.3877e-05 -0.000330877 -0.00521702  0.00239151 -0.00052569 1 0 0 13241
             17.1998   4.9044  7.02514 -1.15976  -0.0197415 -0.00310763 0.000473315 -0.0175298 0.00939627  0.0086826  -0.00319394  -1.4109e-05 -0.000333886   -0.0052316   0.00241743 -0.000514092 1 0 0 13303
             17.2997  4.90297  6.97177 -1.15547   -0.019889 -0.00377185 0.000184547  -0.0107284 0.000899453 0.000985645  -0.00321589 -1.42638e-05 -0.000336336   -0.0052975   0.00247157 -0.000497798 1 0 0 13329
             17.4006 4.95827  6.9435 -1.2202   -0.0201036  -0.00503801 -3.76354e-06  -0.0111804 -0.00516783 3.42112e-05  -0.00324317 -1.12671e-05 -0.000337021  -0.00533957   0.00251753 -0.000499267 1 0 0 13311
             17.4998  4.98219  6.93344 -1.27269  -0.0202289 -0.00356674   0.0024941 -0.00938606   0.0131774   0.0157502  -0.00326796 -1.23701e-05 -0.000340638  -0.00537801   0.00245767 -0.000570419 1 0 0 13374
             17.5998   5.0298  6.93677 -1.29723  -0.0202966 -0.00392374  0.00229853 -0.00889908   0.0050223  0.00591685  -0.00329191 -1.33784e-05 -0.000341912  -0.00542694    0.0025125 -0.000529396 1 0 0 13278
             17.6998  4.97476  6.72886 -1.26884 -0.0195606 -0.0028606 0.00125278 -0.00177517   0.0138085  -0.0066283  -0.00330964 -1.07131e-05 -0.000348648  -0.00550324   0.00249972 -0.000480331 1 0 0 13476
             17.7998  5.02833  6.80956 -1.31545  -0.0202777 -0.00350781  0.00240529  -0.0125964 -0.00048376  0.00615729   -0.0033375 -9.00338e-06 -0.000348015  -0.00548811   0.00256566 -0.000550029 1 0 0 13219
             17.9006  4.96454  6.89423 -1.23999  -0.0209318 -0.00264628 0.000987669  -0.012357  0.0104087 -0.0100452  -0.00335738  -1.1647e-05 -0.000355771  -0.00553025   0.00254117 -0.000488178 1 0 0 13489
             17.9997  5.01688  6.99792 -1.26676 -0.0210667  -0.002899 0.00252132 -0.0112719 0.00309086  0.0100179  -0.00338452  -1.0199e-05 -0.000357868  -0.00557079    0.0025826 -0.000574352 1 0 0 13219
             18.0997  4.91523  7.01236 -1.32899  -0.0211277 -0.00310765  0.00367671 -0.00867668 0.000848201   0.0120113  -0.00340633 -9.45626e-06 -0.000354551 -0.00561848  0.00260301 -0.00058244 1 0 0 13422
             18.1993  4.91742    7.104 -1.28861  -0.0205299 -0.00393942  0.00283526 -0.00094116 -0.00192381  -0.0030344  -0.00342974 -9.90966e-06 -0.000360995   -0.0056826   0.00263433 -0.000537417 1 0 0 13175
             18.3005  5.07061  7.21566 -1.15847  -0.0194574 -0.00157551  0.00423072 0.00135831  0.0210684 0.00920818  -0.00345864 -9.22177e-06 -0.000366083  -0.00573196    0.0025535 -0.000577456 1 0 0 13459
             18.4005   4.9163  7.18633 -1.21746  -0.0184294 -0.00383027  0.00146037 -7.79261e-05  -0.00874273   -0.0131942  -0.00347294 -8.25409e-06 -0.000364034  -0.00579349   0.00269757 -0.000493793 1 0 0 13146
             18.4997  4.96716  7.15118 -1.19922  -0.0191364 -0.00384359  0.00101363 -0.00975943 0.000564493 -0.00580077  -0.00350351 -5.74872e-06 -0.000367956   -0.0057811   0.00268054 -0.000509465 1 0 0 13455
             18.5997 4.90576 7.16258 -1.1263   -0.019075 -0.00437573 -0.00136487  -0.00700372 -0.000753135   -0.0186455  -0.00351717 -6.80564e-06 -0.000374791  -0.00583369   0.00270197 -0.000466003 1 0 0 13182
             18.6996  5.00055  7.19675 -1.12903   -0.0192957  -0.00359956 -0.000432073 -0.00883946  0.00783661 0.000644011  -0.00354637 -7.05899e-06 -0.000375138  -0.00585332   0.00268202 -0.000550916 1 0 0 13463
             18.8004  4.98323  7.24681 -1.09748   -0.0191849  -0.00405891 -0.000473478 -0.00809247  0.00161566 0.000336841  -0.00356407 -6.06063e-06 -0.000376793  -0.00590253   0.00272149 -0.000556379 1 0 0 13174
             18.9003  4.95223  7.23164 -1.11358  -0.0188552 -0.00393015 0.000537278 -0.0047362 0.00468721  0.0068907  -0.00358813 -3.89452e-06 -0.000379616  -0.00594968   0.00272624 -0.000591616 1 0 0 13396
             19.0002   4.9784  7.19729 -1.05576  -0.0186551 -0.00334447 0.000603622 -0.00591426   0.0107495  0.00324501  -0.00361237 -4.75975e-06 -0.000382868  -0.00599094   0.00273103 -0.000573668 1 0 0 13315
             19.1001  4.98365  7.23085 -1.07953   -0.0178829  -0.00553709 -0.000409859 -0.00313493  -0.0105568 -0.00391206  -0.00363623 -3.78921e-06 -0.000380271  -0.00605509   0.00283564 -0.000558514 1 0 0 13445
             19.1993  4.98442  7.25612 -1.06774  -0.0183407 -0.00484409   -0.002257 -0.00820244   0.0075581  -0.0130856  -0.00366041 -9.74444e-06 -0.000383285  -0.00607518   0.00278628 -0.000500359 1 0 0 13366
             19.3003  5.00186  7.17591 -1.07245  -0.0193042 -0.00333167 -0.00189847  -0.0151041   0.0140994 -0.00363265  -0.00368867 -2.22497e-06 -0.000385499  -0.00607751   0.00276908 -0.000553064 1 0 0 13405
             19.4003   5.0297  7.29104 -1.10204  -0.0204996 -0.00333274  -0.0018744 -0.0182529  0.0074387 0.00233695  -0.00371328 -1.04759e-05 -0.000385617  -0.00609696   0.00282182 -0.000574185 1 0 0 13514
             19.5001  4.99572  7.12758 -1.07833  -0.0191067 -0.00511513 -0.00264548 0.000431019  -0.0073081 -0.00223888  -0.00373522 -3.21442e-06 -0.000389488  -0.00621687   0.00290278 -0.000564429 1 0 0 13371
             19.5992   5.0389  7.20094 -1.07987   -0.019742 -0.00407815 -0.00335169 -0.00978291  0.00793164 -0.00750368  -0.00375978 -9.50219e-06  -0.00039267  -0.00621438   0.00284578 -0.000542869 1 0 0 13556
             19.6987  4.91946  7.05267 -1.22299  -0.0193865 -0.00422274 -0.00375549 -0.00735204  0.00526135 -0.00477153   -0.0037824  -1.0779e-06 -0.000394771 -0.00627676  0.00288579 -0.00056276 1 0 0 13532
             19.7984  4.90088  6.99807 -1.37942   -0.018409 -0.00371654 -0.00113343 0.00108786 0.00696597  0.0180214  -0.00380974  -8.5513e-07 -0.000396267  -0.00633313    0.0028858 -0.000662054 1 0 0 13556
             19.8981  4.95288   6.9948 -1.36412  -0.0187788 -0.00536137 -0.00088229 -0.00906999 -0.00650938   0.0090079  -0.00383351 -1.44978e-06  -0.00040258 -0.00633059  0.00297066 -0.00062819 1 0 0 13489
             20.0001  5.09553  6.77506 -1.34842  -0.0182639 -0.00586562  0.00258967 -0.00520152 -0.00253006   0.0280949  -0.00386645 -1.06021e-06 -0.000402759  -0.00638467   0.00297408 -0.000706288 1 0 0 13477
                20.1  5.04621  6.83704 -1.31491  -0.0196028 -0.00562624 0.000503087  -0.0179918  0.00548493 -0.00808438  -0.00388329 -8.62156e-06 -0.000408385 -0.00639989  0.00295611 -0.00055765 1 0 0 13423
                20.2  4.98563  6.78763 -1.43684   -0.0216823  -0.00443937 -0.000599568  -0.0238808   0.0142738 -0.00919796  -0.00390967 -8.67777e-06  -0.00040818   -0.0064059   0.00294622 -0.000545904 1 0 0 13325
              20.299 4.95824 6.71407  -1.388  -0.0222139 -0.00429698 -0.00366805 -0.0136201  0.0117351 -0.0247421  -0.00393437 -7.99388e-06 -0.000412283  -0.00648474   0.00299539 -0.000491581 1 0 0 13373
             20.3999  5.04862  6.89434 -1.38458  -0.0208485 -0.00305635 -0.00267506  0.00233096   0.0111265 -0.00208035  -0.00396863 -9.46522e-06  -0.00041445  -0.00657304   0.00298523 -0.000622944 1 0 0 13315
                20.5  5.05815  6.89963 -1.28783  -0.0169545 -0.00378031 -0.00204717  0.0228271 0.00305558 0.00795677  -0.00399183 -2.75435e-06 -0.000416211    -0.006707    0.0030498 -0.000661594 1 0 0 13431
             20.5999  5.00711  6.83066 -1.31261   -0.0175993  -0.00349696 -0.000360708 -0.00742785  0.00181106   0.0112921  -0.00402217 -1.34093e-06 -0.000418249  -0.00662673   0.00306243 -0.000685785 1 0 0 13346
             20.6998  4.99772  6.97788 -1.34639  -0.0193537  -0.0041467 0.000200462   -0.0173906 -0.000960692   0.00983783   -0.0040483 -5.23444e-06  -0.00042014  -0.00659704       0.0031 -0.000667572 1 0 0 13345
             20.7998  5.03497  7.00276 -1.24355  -0.0201116 -0.00495904  0.00086649  -0.0156626 -0.00373188  0.00719601  -0.00407291 -6.72423e-07 -0.000424943  -0.00664274   0.00312703 -0.000670248 1 0 0 13423
             20.8999  5.03556  7.13027 -1.23562  -0.0196781 -0.00466436 -0.00202869 -0.00552344  0.00804868   -0.016122  -0.00409412 -4.61509e-06 -0.000423422  -0.00674904   0.00310068 -0.000555427 1 0 0 13257
             20.9999  5.04385  7.08254 -1.17741  -0.0191909 -0.00486066 -0.00145827 -0.00498878  0.00128873 -0.00170205  -0.00412247 -9.21982e-07 -0.000429052  -0.00679062   0.00313898 -0.000633713 1 0 0 13392
             21.0997   5.0372  7.17672 -1.24622  -0.0205272  -0.0044586 -0.00398188 -0.0146273 0.00646866   -0.01689  -0.00414548  -6.2272e-06 -0.000428601  -0.00678705   0.00313589 -0.000557155 1 0 0 13210
             21.1998  4.94788  7.22572 -1.22299  -0.0194683 -0.00558614 -0.00544167 -0.000836702  -0.00375722   -0.0125698  -0.00415946 -4.15671e-06 -0.000431635  -0.00688112   0.00319405 -0.000580657 1 0 0 13551
             21.2997  4.99922  7.25774 -1.22085  -0.0195416 -0.00636164 -0.00562188 -0.00755673 -0.00547912 -0.00542914  -0.00418627 -4.14841e-06 -0.000435293  -0.00688973    0.0032147 -0.000624279 1 0 0 13282
             21.3996  5.07628  7.22269 -1.20824  -0.0195472 -0.00658562 -0.00706896 -0.00709273  0.00222126  -0.0132811  -0.00421042 -1.21084e-06 -0.000439085  -0.00693645   0.00320851 -0.000604161 1 0 0 13319
             21.4997  5.14826  7.29521 -1.21797  -0.0196739 -0.00743037 -0.00608138  -0.0071417 -0.00261457  0.00586724  -0.00423588 -3.03901e-06 -0.000437961  -0.00695457   0.00324975 -0.000683164 1 0 0 13208
             21.5996 5.17668 7.20593 -1.0771  -0.0196297 -0.00570745   -0.005182 -0.00713737   0.0175744   0.0094192  -0.00426187 -1.67233e-06 -0.000443425  -0.00699731   0.00319376 -0.000679447 1 0 0 13291
             21.6997   5.1351  7.21928 -1.15804  -0.0201937 -0.00646218 -0.00509422  -0.0150717 0.000503733  0.00397356  -0.00428601  -2.5009e-06 -0.000443545  -0.00702948   0.00327805 -0.000675676 1 0 0 13254
             21.7998  5.15598  7.06507 -1.21811  -0.0198356 -0.00511131 -0.00519673  -0.00283684    0.0156079 -7.48219e-05  -0.00431041  5.82472e-07 -0.000445999  -0.00710898   0.00323778 -0.000654652 1 0 0 13408
             21.8997   5.1658  7.09854 -1.19337  -0.0207464 -0.00469445 -0.00362849 -0.0127686 0.00776163  0.0109915  -0.00433749 -5.93521e-06 -0.000451416  -0.00708754   0.00328845 -0.000715918 1 0 0 13124
             21.9996  5.18348  7.10058 -1.21188  -0.0192285  -0.0048518 -0.00208603 0.00311769  0.0033726  0.0157328  -0.00436258 -1.76702e-06 -0.000454209  -0.00719319   0.00331565 -0.000745908 1 0 0 13333
             22.0998     5.22  7.00108 -1.28367   -0.0184229  -0.00497156 -0.000375413 -3.16867e-05   0.00265244    0.0181481  -0.00439063 -5.43344e-07 -0.000456333 -0.00722817  0.00333639 -0.00075321 1 0 0 13285
             22.1993  5.21196  6.91359 -1.38294  -0.0195967 -0.00537439 0.000350181  -0.0146087 0.000814453   0.0117012   -0.0044142   3.2626e-06 -0.000456127  -0.00720818   0.00336487 -0.000717273 1 0 0 13250
             22.3005  5.20081  6.82022 -1.41326  -0.0206574 -0.00524256 0.000374837 -0.0157944 0.00458256 0.00328919  -0.00443685   1.1079e-06 -0.000463431   -0.0072397   0.00337288 -0.000685825 1 0 0 13423
             22.3996  5.22044  6.77751 -1.47894   -0.021797 -0.00586799 0.000289235  -0.0199205 2.80855e-05  0.00410999  -0.00446134  2.50123e-06 -0.000460911 -0.00727312  0.00341553 -0.00067672 1 0 0 13232
             22.4998  5.11833  6.65401 -1.61706   -0.0233849  -0.00577851 -0.000255382  -0.0228135  0.00371748 -0.00277319  -0.00448134 -1.22756e-06 -0.000465543   -0.0073114   0.00341612 -0.000650813 1 0 0 13497
             22.5997  5.18967  6.53024 -1.68906  -0.0240545  -0.0045873 0.000178158   -0.013682   0.0135074 0.000903892  -0.00451163 -2.17503e-06 -0.000469514  -0.00737551    0.0033884 -0.000677669 1 0 0 13312
             22.6997  5.19498  6.44967 -1.76185  -0.0230765 -0.00334944   0.0023016 0.000413784   0.0153757   0.0131264  -0.0045377 4.63995e-06 -0.00047379  -0.00745708    0.0033933 -0.000759895 1 0 0 13431
             22.7997  5.2687 6.58844 -1.6839    -0.02316 -0.00394507  0.00373826 -0.00767379    0.002152   0.0173337  -0.00456546   -4.295e-06 -0.000475696  -0.00746321   0.00347121 -0.000775698 1 0 0 13272
             22.8996   5.1646  6.46886 -1.69003  -0.0231505 -0.00452671  0.00279217  -0.0100565  0.00116996 -0.00348252  -0.00458627 -3.72522e-07  -0.00047814  -0.00752504   0.00351038 -0.000702145 1 0 0 13418
             22.9995  5.18192  6.59612 -1.71801  -0.0251881 -0.00523886  0.00385982  -0.0202469 -0.00461184  0.00843013  -0.00461342 -2.59741e-06 -0.000482101  -0.00748935   0.00354334 -0.000754845 1 0 0 13291
             23.0997  5.21033  6.62827 -1.55881  -0.0237763 -0.00345491  0.00441927 0.00149105   0.017524 0.00462092  -0.00464074 -8.20146e-07 -0.000488731  -0.00762721   0.00345996 -0.000735817 1 0 0 13365
             23.2003  5.19987  6.74278 -1.63899  -0.0231089 -0.00431152  0.00165322 -0.000726188   0.00111918   -0.0162899  -0.00466267 -2.78189e-06 -0.000484414  -0.00767788   0.00354711 -0.000651362 1 0 0 13278
             23.2995  5.22647  6.80199 -1.61512  -0.0223592 -0.00414462  0.00225983 0.000604884  0.00436166 0.000384802  -0.00468935  1.85941e-06 -0.000488423  -0.00770795   0.00355089 -0.000723656 1 0 0 13350
             23.3997 5.19377 6.86968 -1.5774   -0.020842 -0.00522689 0.000960568  0.00665087 -0.00475326 -0.00782933  -0.00471084  2.64621e-07 -0.000491332  -0.00777769   0.00360185 -0.000697533 1 0 0 13252
             23.4996  5.22237  6.92129 -1.53991    -0.02125 -0.00352126  0.00110073 -0.00751939   0.0153819 0.000176991  -0.00474087  1.22992e-06 -0.000492507  -0.00775743   0.00353359 -0.000704954 1 0 0 13463
             23.6001  5.11897  6.93344 -1.51474   -0.022053 -0.00434349 -0.00209177  -0.0149184 0.000710449    -0.02067  -0.00475759 -3.28452e-06 -0.000497803  -0.00778697   0.00362278 -0.000615735 1 0 0 13198
             23.6996  5.16625  6.83591 -1.53671  -0.0225694 -0.00315454 -0.00168291  -0.0120631   0.0106001 -0.00250658  -0.00478942  4.61108e-07 -0.000499829  -0.00782374   0.00358849 -0.000693336 1 0 0 13315
             23.8001 5.08295 6.86786 -1.5526  -0.0229129 -0.00538903 -0.00454426 -0.0111984 -0.0101605 -0.0186559  -0.00480391 -2.13418e-06 -0.000502183  -0.00787365   0.00370939 -0.000637122 1 0 0 13353
                23.9  5.14037  6.75093 -1.56651  -0.0225934 -0.00577853  -0.0028618 -0.00689773 -0.00180295   0.0053199  -0.00483631  9.37018e-06 -0.000502033  -0.00792436   0.00369403 -0.000755142 1 0 0 13441
                  24  5.11768  6.82623 -1.58896  -0.0231746 -0.00542004 -0.00226788 -0.0100792 0.00472096 0.00458392  -0.00485862 -1.63078e-06 -0.000505375  -0.00794221   0.00367489 -0.000757986 1 0 0 13285
                24.1  5.15348   6.8507 -1.57623   -0.022422 -0.00561942 -0.00150065 -0.000615376   0.00307729    0.0103849  -0.00488531  1.78903e-06 -0.000505991 -0.00801265  0.00369869 -0.00077419 1 0 0 13420
                24.2  5.20007   6.7246 -1.49766   -0.0223313  -0.00467092 -0.000568145 -0.00622206   0.0112802  0.00986065  -0.00491217 -1.85551e-06 -0.000514224  -0.00803934   0.00368682 -0.000766538 1 0 0 13398
             24.3001  5.19336   6.6368 -1.62755   -0.0223156  -0.00477036 -1.69179e-05 -0.00698298  0.00427803  0.00735829  -0.00493644  1.36679e-06 -0.000512643  -0.00808051   0.00373166 -0.000767136 1 0 0 13479
             24.3999   5.2341  6.53816 -1.60978   -0.0228502  -0.00390121 -0.000362224 -0.0101041  0.0136944 0.00162091   -0.0049622  1.81578e-06 -0.000517697  -0.00810378    0.0037255 -0.000721087 1 0 0 13522
             24.4996 5.23896  6.4583 -1.6749  -0.0237486 -0.00444944   0.0011506  -0.0160749 -0.00250519   0.0107806  -0.00498967  1.46772e-06 -0.000519832 -0.00811477    0.003794  -0.0007876 1 0 0 13339
                24.6  5.28578  6.48085 -1.74501  -0.0244148 -0.00454687 0.000931796 -0.0121661 0.00454273 0.00331226  -0.00501713 -2.24129e-06 -0.000521097  -0.00816704   0.00379644 -0.000747643 1 0 0 13488
             24.6978   5.2637  6.35967 -1.73923    -0.023074  -0.00633559 -0.000896087  0.00234177 -0.00944481  -0.0139178  -0.00503846  5.97468e-06 -0.000522706  -0.00827724   0.00387631 -0.000701144 1 0 0 13573
             24.7971  5.37451  6.49009 -1.71072  -0.0223671 -0.00621602  0.00044111 -0.00158292  0.00257249  0.00727909  -0.00506549  2.29125e-06 -0.000523606  -0.00830405   0.00384081 -0.000786084 1 0 0 13641
             24.8971  5.24184  6.47675 -1.70922  -0.0227375  -0.0049398 -0.00131518 -0.00915267   0.0134356  -0.0121088  -0.00507817 -1.36046e-06 -0.000529404   -0.0083295   0.00381233 -0.000701426 1 0 0 13547
             24.9992  5.32122   6.4834 -1.67767  -0.0215906 -0.00356722 0.000143726  0.0042282  0.0150044 0.00816525  -0.00510926  2.07027e-06 -0.000536745  -0.00839614   0.00381164 -0.000796227 1 0 0 13524
             25.0998  5.23447  6.62989 -1.59484   -0.022858 -0.00589057 -0.00233376 -0.0165857 -0.0111561  -0.012736  -0.00512581 -8.25692e-06 -0.000536126  -0.00836106    0.0039614 -0.000707734 1 0 0 13459
             25.1995  5.29371  6.61939 -1.65528  -0.0242072 -0.00456823 -0.00148624 -0.0191523  0.0099922 0.00143104  -0.00515808  -1.6515e-06 -0.000538634  -0.00838573   0.00387679 -0.000764983 1 0 0 13332
             25.2998  5.19611   6.7097 -1.66699  -0.0247341 -0.00465239  -0.0019798  -0.0117931  0.00497679 -0.00321101  -0.00517744 -1.02192e-05 -0.000539525  -0.00844901    0.0039162 -0.000753244 1 0 0 13442
             25.3998 5.24178 6.84135 -1.5843  -0.0228783  -0.0050175 -0.00244728  0.00783289  0.00199089 -0.00496495  -0.00520822 -9.84131e-06 -0.000543615    -0.008568   0.00394036 -0.000768955 1 0 0 13302
             25.4996  5.26416  6.82205 -1.47995  -0.0201436 -0.00507348 -0.00271585    0.0173284   0.00410328 -0.000721889  -0.00522956 -5.04818e-06  -0.00054707   -0.0086517   0.00395355 -0.000781285 1 0 0 13376
             25.5996  5.30787  6.86834 -1.49357  -0.0195511 -0.00597705 -0.00206321 -0.000697626  -0.00567944   0.00581324   -0.0052591 -3.53278e-06 -0.000547702 -0.00862948  0.00400735 -0.00081123 1 0 0 13310
             25.6996  5.28341  6.83257 -1.58493  -0.0199747 -0.00576655 -0.00116129 -0.00820869  0.00458107  0.00970872  -0.00528115  1.76788e-06 -0.000546423  -0.00863415   0.00398356 -0.000810617 1 0 0 13298
             25.7997  5.25737  6.76619 -1.56717  -0.0217304 -0.00506414 -0.00255453  -0.0175219   0.0088197 -0.00759995  -0.00530339 -6.29614e-07 -0.000551062   -0.0086196   0.00398411 -0.000728932 1 0 0 13320
             25.9006  5.32548  6.86987 -1.48399  -0.0217261 -0.00396129 -0.00201056 -0.00932689   0.0119186  0.00190028  -0.00533004 -6.40526e-06 -0.000554308  -0.00869071   0.00397574 -0.000784539 1 0 0 13462
             25.9996  5.25394  6.84523 -1.52384  -0.0225001  -0.0053777 -0.00266232  -0.0155014 -0.00448028  -0.0011175  -0.00535144 -6.97402e-06 -0.000556129  -0.00871724   0.00407742 -0.000771842 1 0 0 13370
             26.0994  5.26081  6.85653 -1.56007  -0.0235759 -0.00534354 -0.00574801  -0.014331 0.00493831 -0.0213291   -0.0053766  -8.5255e-06 -0.000557327  -0.00876082    0.0040627 -0.000667889 1 0 0 13291
             26.2005   5.2892  6.78914 -1.44637  -0.0233196 -0.00541594  -0.0061668 -0.00606652  0.00172087 -0.00752388   -0.0053994 -6.82575e-06 -0.000562822  -0.00882255   0.00408648 -0.000736642 1 0 0 13437
             26.2996  5.35837  6.72062 -1.42473  -0.0233505 -0.00634367 -0.00517428 -0.00995107 -0.00436559  0.00789394  -0.00542834 -9.81525e-06 -0.000564073  -0.00885565   0.00413098 -0.000803609 1 0 0 13302
             26.3996  5.23475  6.54368 -1.55593  -0.0226335 -0.00624597 -0.00503215 -0.00212703  0.00388709 0.000354648  -0.00544806 -6.68401e-06 -0.000564919  -0.00894397   0.00411061 -0.000786733 1 0 0 13408
             26.4997  5.26539  6.57737 -1.65517  -0.0245447 -0.00759436 -0.00349632  -0.0177419 -0.00785353   0.0122675  -0.00547893 -1.31959e-05 -0.000569228  -0.00887567   0.00418543 -0.000847691 1 0 0 13337
             26.6004  5.30552   6.5324 -1.66502  -0.0237706  -0.0070975 -0.00304015 -0.00221889  0.00727147  0.00592056  -0.00550801 -1.04327e-05 -0.000567818  -0.00898874   0.00413662 -0.000820166 1 0 0 13446
             26.7004  5.32363  6.51452 -1.63175  -0.0234817 -0.00622383  -0.0031899 -0.00352324   0.0115592  0.00269149  -0.00553599  -9.1726e-06 -0.000575183  -0.00902597   0.00413801 -0.000797871 1 0 0 13175
             26.8005  5.32852  6.40469 -1.63628  -0.0233639 -0.00415944 -0.00154262 -0.00550593   0.0220371   0.0111251  -0.00556361 -8.46124e-06 -0.000581956 -0.00905582  0.00411502 -0.00084345 1 0 0 13409
             26.9004 5.37071 6.36021 -1.7381   -0.0227076  -0.00421157 -0.000131048 -0.00156844  0.00679374   0.0140783  -0.00559469 -5.06561e-06 -0.000580261  -0.00910923   0.00419631 -0.000875011 1 0 0 13144
             26.9992 5.35125 6.41268 -1.7061  -0.0241351 -0.00311163 -0.00106764  -0.0153515   0.0137851 -0.00313701  -0.00561602 -7.62935e-06 -0.000585801  -0.00908435   0.00419398 -0.000793015 1 0 0 13273
             27.1004  5.31233  6.50894 -1.72263  -0.0243034 -0.00404931 -0.00321791   -0.0106712 -9.38539e-05   -0.0134266  -0.00563837 -6.96037e-06 -0.000588581  -0.00915701    0.0042778 -0.000753286 1 0 0 13202
             27.2003   5.2743  6.56965 -1.76826  -0.0238697 -0.00506171 -0.00315033 -0.00382572 -0.00536652 -0.00255545  -0.00566163 -9.98805e-06  -0.00058752  -0.00921745    0.0043187 -0.000810752 1 0 0 13347
             27.2996  5.30331  6.62481 -1.73124  -0.0232787 -0.00440379 -0.00212744 -3.56324e-05   0.00523979   0.00339368  -0.00568787  -7.4296e-06 -0.000596748  -0.00926052    0.0042759 -0.000859209 1 0 0 13286
             27.4003  5.35519  6.80684 -1.69742  -0.0234478 -0.00442568 -0.00157959 -0.00777551  0.00536005  0.00874866  -0.00571668 -1.29227e-05 -0.000593021  -0.00927029   0.00430822 -0.000864952 1 0 0 13402
             27.5002  5.30685  6.82199 -1.65522  -0.0236869 -0.00399449 -0.00160847 -0.0101646  0.0055339 0.00207423  -0.00573575 -1.29905e-05 -0.000599768  -0.00931441    0.0043123 -0.000836235 1 0 0 13342
             27.6002  5.37972  6.78938 -1.71372   -0.0238445  -0.00348318 -0.000601629 -0.00737002  0.00640029  0.00950119   -0.0057656 -1.03153e-05 -0.000596272  -0.00935331     0.004316 -0.000866832 1 0 0 13328
             27.7003  5.40019  6.89729 -1.62367   -0.0242856  -0.00452171 -0.000384189  -0.0131745 -0.00170966  0.00589235  -0.00578685 -1.14949e-05 -0.000608464  -0.00938168   0.00438494 -0.000860718 1 0 0 13375
             27.8002  5.42635  6.71479 -1.71424   -0.0234036  -0.00480044 -0.000432173 -0.000830803   0.00256014   0.00485082  -0.00581456  -5.6995e-06 -0.000604989  -0.00948588   0.00439003 -0.000838915 1 0 0 13259
             27.9002  5.41478  6.71694 -1.60789   -0.0241318  -0.00347704 -0.000171547 -0.00830881    0.010108 -0.00124591  -0.00583648 -1.05593e-05 -0.000614169  -0.00946922   0.00435596 -0.000831091 1 0 0 13381
                  28  5.48009  6.84055 -1.58499  -0.0246014 -0.00424378 2.21103e-05   -0.0116056 -2.00191e-05   0.00441332  -0.00586305 -1.10894e-05 -0.000614224  -0.00949208   0.00442814 -0.000858333 1 0 0 13144
             28.1002  5.45769  6.76587 -1.57869  -0.0241926 -0.00397036  0.00107354 -0.00660929  0.00603185  0.00919764  -0.00588851 -1.28052e-05  -0.00061399  -0.00957276   0.00442176 -0.000877586 1 0 0 13490
             28.2002   5.4092  6.80495 -1.61576  -0.0248816 -0.00435148 -0.00142658 -0.0102496 0.00184691 -0.0148243  -0.00591014 -1.53006e-05 -0.000618657  -0.00960072   0.00445761 -0.000770244 1 0 0 13328
             28.3002   5.4615  6.72788 -1.56843   -0.0242434  -0.00340251 -0.000330532 -0.00193656  0.00997864  0.00489254  -0.00593754 -7.44052e-06 -0.000624192  -0.00966259     0.004433 -0.000855938 1 0 0 13398
                28.4  5.43816  6.75588 -1.52531   -0.0242079  -0.00381706 -0.000405362  -0.00579562  0.000737751 -0.000788688  -0.00596282 -1.57336e-05  -0.00062955  -0.00968814   0.00449055 -0.000853965 1 0 0 13110
             28.5001  5.51357  6.79196 -1.56484  -0.0234776 -0.00285744 0.000748329 0.000424713  0.00974218   0.0090795  -0.00599346 -7.68051e-06  -0.00063149 -0.00974421  0.00445327 -0.00089655 1 0 0 13483
                28.6  5.43715  6.77383 -1.51857   -0.0231274  -0.00381735 -0.000208923  -0.00362719 -0.000723717  0.000628276  -0.00600917 -1.43438e-05 -0.000636648 -0.00978019  0.00453308 -0.00083625 1 0 0 13170
                28.7  5.48308  6.64193 -1.60165  -0.0236282 -0.00443586 0.000273212  -0.0103527 -0.00425447  0.00355702  -0.00603947 -7.03652e-06  -0.00063272   -0.0097875   0.00455569 -0.000859279 1 0 0 13392
                28.8  5.42901  6.57959 -1.64034  -0.0246639 -0.00675332 -0.00259025 -0.0159345 -0.0119255 -0.0161863  -0.00605619 -1.66014e-05 -0.000633099  -0.00981852   0.00464418 -0.000756553 1 0 0 13233
                28.9  5.47765  6.47995 -1.64424  -0.0248684 -0.00691286 -0.00198479  -0.0100756 -0.00362654  -0.0034523   -0.0060858 -1.09564e-05 -0.000636026  -0.00987586   0.00460225 -0.000840051 1 0 0 13420
             28.9999  5.47596  6.46589 -1.67305  -0.0235554  -0.0069503 -0.00561347 0.00364713 0.00670493 -0.0246329  -0.00610246 -1.67771e-05 -0.000634683  -0.00999626   0.00459097 -0.000722269 1 0 0 13314
             29.0999  5.48973  6.35547 -1.73048   -0.023523 -0.00664814 -0.00415101 -0.00587503  0.00268342  0.00163399  -0.00613546 -1.55299e-05 -0.000638715  -0.00998308   0.00461289 -0.000870587 1 0 0 13408
             29.1999   5.5284  6.35632 -1.82286   -0.022225 -0.00620487 -0.00206499 0.00449486 0.00728633  0.0175051  -0.00616349 -1.29674e-05 -0.000637936    -0.010061   0.00460715 -0.000946635 1 0 0 13456
             29.2998  5.51287  6.25652 -1.78144   -0.0223456  -0.00635001 -0.000280523 -0.00455561  0.00190018   0.0169101  -0.00618953 -1.52689e-05 -0.000645274   -0.0100499   0.00465489 -0.000955069 1 0 0 13401
                29.4  5.55943  6.31304 -1.76349   -0.0229811  -0.00434708 -0.000161386 -0.0110712  0.0220492 0.00504253  -0.00621335 -1.30771e-05 -0.000646116  -0.0100709   0.0045899 -0.00088767 1 0 0 13392
             29.4998  5.44368  6.33582 -1.75915   -0.0231728  -0.00555906 -0.000570606  -0.0107906 -0.00256448 5.73616e-05  -0.00623494 -1.42933e-05 -0.000651816   -0.0101236   0.00472852 -0.000888689 1 0 0 13385
             29.5998   5.5448  6.37807 -1.77328   -0.0241269  -0.00515949 -0.000367568 -0.0124057 0.00544772 0.00400851  -0.00626967 -1.56582e-05 -0.000652584   -0.0101404   0.00471108 -0.000890617 1 0 0 13504
             29.6967  5.48199   6.3618 -1.72646  -0.0236342 -0.00649873  -0.0010311 -0.00654449 -0.00553361 -0.00434985  -0.00629081  -1.0266e-05 -0.000657129   -0.0102269   0.00478504 -0.000873351 1 0 0 13516
             29.7961  5.51714  6.45316 -1.82532  -0.0238546 -0.00564491 0.000308542 -0.00753999  0.00668758   0.0056758  -0.00632109 -1.22253e-05 -0.000657881   -0.0102536   0.00472766 -0.000934098 1 0 0 13666
              29.896   5.4912  6.53221 -1.76775  -0.0238742 -0.00514327 -0.00213557 -0.00523332   0.0116037   -0.012183  -0.00633803 -1.85756e-05 -0.000663048   -0.0103084   0.00474413 -0.000822779 1 0 0 13577
              29.998  5.52784  6.56878 -1.72062   -0.0223107  -0.00530101 -0.000672499 0.00357773 0.00150516 0.00729663  -0.00636735 -1.44773e-05 -0.000663383   -0.0103895   0.00478492 -0.000936385 1 0 0 13565
             30.0997  5.4178 6.70323  -1.671  -0.0235392 -0.00656791 -0.00462279 -0.0126474 -0.0040539 -0.0233894  -0.00637934 -3.27188e-05 -0.000668771  -0.0103653  0.00485604 -0.00077344 1 0 0 13547
             30.1997  5.52264   6.7047 -1.64253  -0.0236178 -0.00438431 -0.00497564 -0.00746021   0.0170428  -0.0114442  -0.00641438 -2.25703e-05 -0.000672211   -0.0104213   0.00475438 -0.000834845 1 0 0 13343
             30.2997  5.46093  6.77844 -1.62546  -0.0246338 -0.00375268 -0.00526107  -0.0156828   0.0110543 -0.00307766  -0.00643435 -2.63538e-05 -0.000673344  -0.0104202  0.00480289 -0.00086729 1 0 0 13481
             30.3994   5.4873   6.6894 -1.72862  -0.0243874 -0.00604825 -0.00326969 -0.00800033  -0.0141538   0.0152365  -0.00647536 -1.86619e-05 -0.000670884   -0.0104913   0.00493167 -0.000982596 1 0 0 13285
             30.4987 5.40385 6.73237  -1.679  -0.0240587 -0.00692455 -0.00545154 -0.00157633 -0.00416372  -0.0114341  -0.00648964 -2.63406e-05 -0.000675154  -0.0105642  0.00491763 -0.00084804 1 0 0 13409
             30.5997  5.46911  6.74015 -1.69376  -0.0231628 -0.00688643 -0.00554184 0.00226241 0.00265652 -0.0050807  -0.00652378 -2.36695e-05 -0.000672804    -0.010616   0.00490408 -0.000894219 1 0 0 13314
             30.6997  5.46786  6.77913 -1.62638  -0.0222728 -0.00561925 -0.00428203 0.00128414   0.013289 0.00865954  -0.00654833 -2.52502e-05 -0.000680854   -0.0106535   0.00486571 -0.000950673 1 0 0 13380
             30.7996  5.47576   6.6465 -1.65355  -0.0226012 -0.00468581 -0.00219299 -0.00733499    0.010199   0.0175205  -0.00658226 -1.72469e-05 -0.000685115  -0.0106455   0.0048901 -0.00100132 1 0 0 13338
             30.8997  5.52352  6.70166 -1.61484   -0.0232078  -0.00385322 -0.000830177 -0.00986851   0.0106744   0.0169035  -0.00661355 -2.22894e-05 -0.000687964   -0.0106633   0.00490369 -0.000990024 1 0 0 13390
             30.9997  5.46896  6.64193 -1.59452  -0.0233404 -0.00521752 -0.00289009 -0.00849131 -0.00259635 -0.00905589 -0.00663732  -2.022e-05 -0.00068897  -0.0107286  0.00500714 -0.00087645 1 0 0 13362
             31.0995  5.49724  6.71472 -1.60746  -0.0244913 -0.00551119 -0.00462688  -0.0152414 0.000926303  -0.0138665  -0.00666589 -2.63159e-05 -0.000688779   -0.0107359   0.00501044 -0.000844144 1 0 0 13315
             31.1996  5.4874 6.56381 -1.5671   -0.024628 -0.00523184 -0.00467793 -0.00986751  0.00499632 -0.00319877  -0.00668957 -1.62234e-05 -0.000697921   -0.0107978   0.00500265 -0.000892094 1 0 0 13395
             31.2996  5.51538   6.5354 -1.63624  -0.0253584 -0.00611241 -0.00413543  -0.0121957 -0.00544812  0.00318396  -0.00671961 -2.35824e-05 -0.000694293   -0.0108134   0.00506133 -0.000941407 1 0 0 13303
             31.4003 5.52855 6.42419 -1.6127  -0.0247039 -0.00660439 -0.00385656 -0.00356298 0.000852016  0.00352113   -0.0067449 -2.11281e-05 -0.000698965   -0.0109057   0.00506603 -0.000945149 1 0 0 13565
             31.4997  5.50921  6.33876 -1.67852  -0.0240109 -0.00703767  -0.0040172  -0.00119053 -0.000353129 -0.000965765  -0.00676887 -1.92633e-05 -0.000702028    -0.010969   0.00508204 -0.000935759 1 0 0 13247
             31.5995  5.53662   6.2926 -1.73297   -0.023671 -0.00579615 -0.00347356 -0.00100944   0.0133029  0.00404243  -0.00679499 -2.50499e-05  -0.00070224   -0.0109989   0.00503625 -0.000947852 1 0 0 13389
             31.7002  5.50185  6.25387 -1.75366  -0.0251995 -0.00554951  -0.0053636 -0.0165341 0.00673173 -0.0115485  -0.00681867 -2.46663e-05 -0.000704833   -0.0109636   0.00509033 -0.000873484 1 0 0 13310
             31.7996  5.56392  6.18984 -1.74714  -0.0241338 -0.00463438 -0.00356671 -0.000546861    0.0129653   0.00991306  -0.00684473 -2.37172e-05 -0.000709836   -0.0110705   0.00508255 -0.000987905 1 0 0 13317
             31.8994 5.53954 6.16357 -1.7872   -0.024482 -0.00612215 -0.00303624 -0.00834476 -0.00732267  0.00401883  -0.00687286  -2.6879e-05 -0.000709748   -0.0110703   0.00519745 -0.000998551 1 0 0 13091
             32.0003 5.59762  6.2884 -1.7357  -0.0246367 -0.00618349 -0.00134513 -0.00764719  0.00172178   0.0147701  -0.00690033 -2.52252e-05 -0.000715182  -0.0111065  0.00517252 -0.00104171 1 0 0 13482
             32.1002  5.54363  6.32863 -1.73128  -0.0246595 -0.00613279 -0.00177887   -0.0069288   0.00255272 -0.000223967  -0.00692727 -2.68683e-05 -0.000717614  -0.0111609  0.00518424 -0.00098323 1 0 0 13211
             32.1996  5.56311  6.44849 -1.73764  -0.0241102 -0.00589595  -0.0018512 -0.0016882 0.00780914 0.00332896  -0.00695223 -2.94091e-05 -0.000717923  -0.0112252  0.00519003 -0.00098122 1 0 0 13347
             32.3002  5.51556  6.36598 -1.71219  -0.0236381 -0.00658796  -0.0033013 -0.00383491 0.000314318 -0.00998418  -0.00697686 -2.50721e-05 -0.000721996   -0.0112788   0.00525492 -0.000929763 1 0 0 13396
             32.3997  5.48012  6.46413 -1.78615  -0.0247463 -0.00685469 -0.00407502   -0.0118818 -0.000890334   -0.0083435  -0.00699774 -2.70805e-05 -0.000723372   -0.0112594   0.00526631 -0.000940214 1 0 0 13299
             32.4996  5.52334  6.49234 -1.69158  -0.0244301 -0.00517918 -0.00351092 -0.00349246   0.0158862 0.000797798  -0.00702635 -2.29707e-05 -0.000728432   -0.0113223     0.005204 -0.000986682 1 0 0 13333
             32.5996  5.54884  6.61836 -1.61325  -0.0240804 -0.00447767 -0.00331548 -0.00480981   0.0102965  0.00352876    -0.007055 -2.84989e-05 -0.000730021  -0.0113664  0.00524174 -0.00100482 1 0 0 13314
             32.6992  5.54211    6.528 -1.62555   -0.0235479  -0.00292261 -0.000231086 -0.00462083   0.0175986   0.0236999  -0.00708319 -2.27913e-05    -0.000735    -0.01142  0.00522634 -0.00110133 1 0 0 13410
             32.7996 5.49089 6.51508 -1.7359  -0.0237618 -0.00460123 3.54609e-05 -0.00677243 -0.00626825  0.00876645  -0.00711072 -2.57714e-05  -0.00073361  -0.0114488  0.00536382 -0.00105223 1 0 0 13212
                32.9  5.55812  6.58241 -1.64077   -0.0251187  -0.00367094 -0.000718253  -0.0138334   0.0104427 -0.00190815  -0.00713863 -2.78842e-05 -0.000740525   -0.0114372   0.00531223 -0.000976209 1 0 0 13475
             32.9999  5.57159  6.61369 -1.57699   -0.0257953  -0.00390562 -0.000621152 -0.0167887 0.00182672 0.00185604  -0.00716726  -2.9224e-05 -0.000745059   -0.0114868   0.00536425 -0.000999635 1 0 0 13253
                33.1  5.56438  6.50494 -1.68144  -0.0252274 -0.00362476  0.00043197 -0.00433702  0.00657663  0.00772434  -0.00719478 -2.63123e-05 -0.000744569  -0.0115941  0.00535949 -0.00103729 1 0 0 13463
                33.2  5.52419  6.53355 -1.67888  -0.0254165  -0.0036995 -0.00103841 -0.00409617  0.00393374 -0.00981136  -0.00721761  -3.2907e-05 -0.000751471   -0.0116207   0.00539196 -0.000966468 1 0 0 13229
             33.2999  5.61648  6.61244 -1.53815  -0.0231829 -0.00289419 0.000454295  0.0112554 0.00848749  0.0101036  -0.00724705 -3.20406e-05 -0.000754003  -0.0117246  0.00537218 -0.00106103 1 0 0 13453
             33.3998  5.58896  6.41297 -1.55127  -0.0228406 -0.00385521 0.000586096 -0.00430769  -0.0035247  0.00809924  -0.00727169  -2.7718e-05 -0.000753707  -0.011726 0.00545485 -0.0010333 1 0 0 13118
             33.4999  5.55942  6.20514 -1.66753  -0.0238925 -0.00346155  0.00156788 -0.0127494 0.00343184 0.00858649  -0.00729646  -2.2328e-05 -0.000757481  -0.0117189  0.00543142 -0.00103633 1 0 0 13434
             33.5998 5.54018 6.17535 -1.6299   -0.0251699  -0.00354672 -0.000476564 -0.0150519 0.00529671 -0.0126431  -0.00731766 -3.39862e-05 -0.000763648   -0.0117378   0.00545655 -0.000931712 1 0 0 13137
             33.6998   5.6292  5.97449 -1.61971  -0.0252918 -0.00282001 0.000735828 -0.0109575  0.0070819 0.00558376   -0.0073491  -2.6017e-05 -0.000764031  -0.0118003  0.00544519 -0.00102731 1 0 0 13396
             33.7999  5.53686  5.88439 -1.64677 -0.0255192 -0.0056106 -0.0022235  -0.011676 -0.0133276 -0.0155991  -0.00736468 -3.36802e-05 -0.000766269   -0.0118706   0.00559316 -0.000922344 1 0 0 13338
             33.8999  5.54211  5.71089 -1.75459   -0.024952 -0.00666082 -0.00272485 -0.00218596  -0.0098947 -0.00938878  -0.00739724 -2.93005e-05 -0.000763938   -0.0119494   0.00558042 -0.000969724 1 0 0 13416
             33.9998 5.53379 5.69294 -1.7527  -0.0267275 -0.00569954 -0.00297447  -0.0187485  0.00964352 -0.00537626  -0.00741904 -3.99248e-05 -0.000767665   -0.0119019   0.00551861 -0.000976506 1 0 0 13284
             34.0995  5.51173  5.58856 -1.79615  -0.0267771 -0.00538816 -0.00312724 -0.00981219  0.00720758 -0.00294504  -0.00744309  -3.2969e-05 -0.000770519  -0.0119882  0.00553977 -0.00100438 1 0 0 13425
             34.1997  5.52675   5.6072 -1.83325  -0.0267059 -0.00495901 -0.00254332 -0.00614577  0.00888981  0.00478442  -0.00747075 -4.23279e-05 -0.000769904  -0.0120385  0.00555853 -0.00104183 1 0 0 13351
             34.2998 5.46441 5.53989 -1.8641  -0.0258329 -0.00558882 -0.00203467  0.000338719 -0.000875351    0.0023544   -0.0074937 -3.54562e-05 -0.000776001  -0.0121132   0.0056222 -0.00107193 1 0 0 13430
             34.3998  5.46094  5.68246 -1.88606  -0.0255547 -0.00412517 -0.00172244 -0.00089812   0.0147711  0.00294652  -0.00752245 -3.95526e-05 -0.000777535  -0.0121362  0.00556666 -0.00106472 1 0 0 13463
             34.4998 5.43244 5.70478 -1.8291  -0.0253631 -0.00514363 -0.00325914  -0.00419473 -0.000429234  -0.00685218  -0.00754702 -3.65325e-05  -0.00078332  -0.0121644  0.00567536 -0.00101032 1 0 0 13384
             34.5996  5.45538  5.79503 -1.84813  -0.0249952 -0.00475921 -0.00315068 -0.00484143  0.00599564 0.000467779  -0.00757939 -4.01876e-05 -0.000781256  -0.0122138  0.00566064 -0.00104156 1 0 0 13477
             34.6958  5.3582 5.75229 -1.9043  -0.0247626 -0.00648624 -0.00438754 -0.00457523 -0.00960604 -0.00762582  -0.00759972 -3.62896e-05 -0.000784891  -0.0122626  0.00576127 -0.00101551 1 0 0 13334
             34.7997  5.41626  5.79724 -1.90428   -0.026902 -0.00479885 -0.00264932 -0.0197397  0.0108322 0.00836645  -0.00763025 -4.36139e-05 -0.000786763  -0.0121984    0.005667 -0.00108651 1 0 0 13723
             34.8997  5.39419  5.84162 -1.87335  -0.0256514 -0.00388201 -0.00254581 1.16021e-05   0.0138092  0.00265164  -0.00765014 -3.87314e-05 -0.000794227  -0.0123523  0.00566372 -0.00107042 1 0 0 13563
             34.9995 5.54139 5.78425 -1.8752   -0.0244113  -0.00300824 -0.000634905 0.00266313 0.00954582  0.0127553  -0.00768637 -3.76461e-05 -0.000793985  -0.0124154  0.00567892 -0.00114056 1 0 0 13620
              35.099  5.55689   5.7831 -2.00291  -0.0253658 -0.00381403 -0.00345176  -0.0111371 0.000965003  -0.0132835  -0.00770602  -4.0294e-05 -0.000797168   -0.0124038   0.00576536 -0.000992607 1 0 0 13523
             35.2009  5.63017  5.81967 -1.98466  -0.0264332 -0.00522445 -0.00295347  -0.0144906 -0.00779344  0.00278157  -0.00774055  -3.9871e-05 -0.000800115  -0.0124041  0.00583594 -0.00107128 1 0 0 13359
             35.2995  5.57457   5.7866 -1.96332  -0.0273691 -0.00578002 -0.00333841  -0.0165872 -0.00325908 -0.00215443  -0.00775807 -4.27216e-05 -0.000802365  -0.0124465  0.00583317 -0.00104128 1 0 0 13400
             35.3996  5.59375  5.74734 -2.00111  -0.0282336 -0.00710549 -0.00246016 -0.0158389 -0.0092803 0.00767148  -0.00778802 -3.90285e-05 -0.000804728 -0.0124927 0.00587602 -0.0010974 1 0 0 13299
             35.4995  5.55906  5.75621 -2.00672  -0.0274511 -0.00698663 -0.00328312 -0.000779451   0.00382317  -0.00382525  -0.00781039 -4.93711e-05 -0.000806873  -0.0126137  0.00583328 -0.00103269 1 0 0 13570
             35.5997  5.64619  5.66531 -2.09441  -0.0262713 -0.00619148 -0.00292792   0.0064349  0.00772418 0.000528723  -0.00784443 -4.19574e-05 -0.000804972 -0.0126741 0.00581326 -0.0010673 1 0 0 13326
             35.6994  5.65861  5.60884 -2.11111  -0.0257262 -0.00581037 -0.00540142 -0.000501206    0.0109201   -0.0152174  -0.00786538 -4.49199e-05  -0.00080496      -0.0127   0.00584099 -0.000964026 1 0 0 13349
             35.7997  5.61913  5.48394 -2.16317  -0.0270437   -0.006809 -0.00490653  -0.0162364 -0.00633945 1.00993e-05  -0.00788956 -4.36566e-05 -0.000811587  -0.0126548  0.00592955 -0.00105626 1 0 0 13294
             35.9006 5.65606 5.39502 -2.2251  -0.0287393 -0.00607402 -0.00436793 -0.0195284 0.00768854 0.00444905  -0.00792334 -4.57851e-05  -0.00080927  -0.0126607  0.00588619 -0.00106651 1 0 0 13404
             36.0007  5.67074  5.37161 -2.18328   -0.028644 -0.00739348 -0.00466462  -0.0103564 -0.00528455 0.000473404   -0.0079468 -4.58456e-05 -0.000817544  -0.0127678  0.00596824 -0.00106514 1 0 0 13464
             36.1006  5.75509  5.23912 -2.20708  -0.0288735 -0.00475212 -0.00375451 -0.0077061  0.0219843 0.00535364  -0.00798535 -4.09461e-05 -0.000822415  -0.0128248  0.00583072 -0.00107033 1 0 0 13277
             36.2006  5.76038  5.22872 -2.28226  -0.0289151 -0.00568316 -0.00337978  -0.00716389 -0.000636335   0.00526703  -0.00801148 -5.13964e-05 -0.000823071  -0.0128696  0.00596807 -0.00109707 1 0 0 13405
             36.2996 5.81669 5.21616 -2.2746  -0.0289781 -0.00524788 -0.00220604 -0.00506824  0.00579096   0.0103424  -0.00804051 -5.03984e-05 -0.000828011  -0.0129038  0.00595132 -0.00112398 1 0 0 13278
             36.3995   5.7694  5.18562 -2.25465  -0.0286964 -0.00631951   -0.004262 -0.00369357 -0.00317188  -0.0100951  -0.00805875 -4.80743e-05 -0.000831659 -0.0129628 0.00602541 -0.0010215 1 0 0 13302
             36.5005  5.79334  5.17173 -2.26307  -0.0306579 -0.00549025 -0.00406487   -0.021219  0.00869372 -0.00316358  -0.00808617 -5.16853e-05  -0.00083477 -0.0129138 0.00599664 -0.0010562 1 0 0 13416
             36.6005  5.75488  5.24367 -2.32973  -0.0298595 -0.00598205  -0.0050139 -0.00128626  0.00125629 -0.00820585  -0.00810914 -4.86738e-05 -0.000832661  -0.0130524  0.00604102 -0.00105652 1 0 0 13445
             36.6993  5.72641   5.3177 -2.21714  -0.0276556 -0.00690456 -0.00607174   0.0122357  -0.0028315 -0.00620679  -0.00812962 -4.96897e-05 -0.000838471  -0.0131676  0.00608514 -0.00105109 1 0 0 13161
             36.8006  5.73876  5.31284 -2.28601  -0.0267295 -0.00540891 -0.00556297   0.00495608    0.0107162 -0.000452645  -0.00816221 -4.26292e-05 -0.000839751  -0.0131724  0.00601194 -0.00109269 1 0 0 13415
             36.9006  5.69185  5.44052 -2.30647  -0.0275368 -0.00664573  -0.0051714 -0.00928648 -0.00466742  0.00519512   -0.0081852 -5.14023e-05 -0.000842831  -0.0131195   0.0061345 -0.00112633 1 0 0 13229
             37.0005  5.80392  5.41021 -2.28134  -0.0279539  -0.0062432 -0.00415283 -0.00897099  0.00304918  0.00507405  -0.00821305 -3.95748e-05 -0.000846478   -0.013154  0.00609367 -0.00114895 1 0 0 13472
             37.1005  5.88964  5.69745 -2.21485  -0.0287948 -0.00693766 -0.00608333  -0.0140209   0.0011592 -0.00639123  -0.00823463 -5.66495e-05  -0.00084956  -0.0131849  0.00614344 -0.00104616 1 0 0 13236
             37.2005  5.85294  5.46497 -2.22883  -0.0289522 -0.00631659 -0.00536285 -0.00924543  0.00834472  0.00368268  -0.00826316 -3.95728e-05 -0.000853573  -0.0132579  0.00613075 -0.00109672 1 0 0 13387
             37.3004  5.93212  5.51254 -2.22263  -0.0283059 -0.00541913 -0.00377104 0.000643372  0.00950356   0.0107818  -0.00829365 -4.54249e-05 -0.000854928 -0.0133324 0.00611937 -0.0011582 1 0 0 13279
             37.4005  5.92718  5.56542 -2.14854  -0.0283698 -0.00532758 -0.00484141 -0.00451077  0.00663932 -0.00308447  -0.00831724 -4.30385e-05  -0.00085833  -0.0133476  0.00616827 -0.00107638 1 0 0 13359
             37.5004  5.94481  5.57714 -2.13304  -0.0286085 -0.00577716 -0.00554984 -0.00917184  0.00118652 -0.00374959  -0.00834454 -4.57076e-05 -0.000860713 -0.0133811 0.00622267 -0.0010661 1 0 0 13309
             37.6004 5.89687 5.53672  -2.198  -0.0296217 -0.00703038 -0.00517104  -0.0145861 -0.00766066  0.00239333  -0.00837244 -4.47707e-05 -0.000860847  -0.0133877   0.0062936 -0.00110875 1 0 0 13278
             37.7003  5.92922  5.53094 -2.18532  -0.0283815 -0.00704196  -0.0032997   0.00478807 -0.000941992    0.0124744  -0.00840366 -3.66822e-05 -0.000867006  -0.0135089  0.00625059 -0.00118523 1 0 0 13352
             37.8004  5.96561  5.55829 -2.10303  -0.0277709 -0.00662124 -0.00262359 0.000925008  0.00701535  0.00860615  -0.00842909 -3.52097e-05  -0.00086809  -0.0135344  0.00623996 -0.00115808 1 0 0 13285
             37.9004  6.04745  5.51137 -2.04006    -0.028345  -0.00521333 -0.000893939 -0.0119266  0.0138201  0.0182152  -0.00846267 -3.22908e-05 -0.000874161  -0.0135292  0.00621194 -0.00117791 1 0 0 13408
             38.0003  5.98784  5.30072 -2.12323   -0.0284397  -0.00463363 -0.000112068 -0.00911526   0.0110776   0.0123889  -0.00848486 -3.21742e-05  -0.00087667  -0.0136081  0.00624706 -0.00113745 1 0 0 13276
             38.1002   5.9866  5.16943 -2.19744   -0.028051 -0.00376635  0.00107695 -0.00108546   0.0106139   0.0100132  -0.00851356 -3.10135e-05 -0.000880959  -0.0136754  0.00625562 -0.00115304 1 0 0 13353
             38.2003  6.06147   5.1557 -2.15276  -0.0281872 -0.00404267  0.00201897 -0.00575991  0.00246637   0.0109313  -0.00853984 -3.64998e-05 -0.000883601  -0.0136839  0.00632542 -0.00116184 1 0 0 13331
             38.3002  6.07102  5.09496 -2.17084   -0.027903 -0.00326729  0.00185838 -0.00414836  0.00849676 0.000563814   -0.0085637 -3.04754e-05 -0.000889141  -0.0137503  0.00629699 -0.00111212 1 0 0 13392
             38.4002 6.06651 5.17077 -2.2212   -0.0281168  -0.00667237 -0.000795926 -0.00899508  -0.0180836  -0.0107591  -0.00858233 -3.82543e-05 -0.000887613  -0.0137853  0.00649706 -0.00102573 1 0 0 13180
              38.499  6.00125  4.98445 -2.24383  -0.0292855 -0.00615729 -0.00169447   -0.0142778 -0.000235167   -0.0144636  -0.00860846 -3.58006e-05 -0.000891211  -0.0137928  0.00640595 -0.00102161 1 0 0 13341
             38.6003  6.03566  4.97575 -2.26909  -0.0293374 -0.00857136 -0.00452578 -0.00695476  -0.0136033   -0.021128  -0.00863268 -3.25207e-05 -0.000887829   -0.0138703   0.00651306 -0.000990194 1 0 0 13287
             38.7001 6.03017 4.98678 -2.1849   -0.028956 -0.00711482 -0.00522263 -0.00421199   0.0103897  -0.0139782 -0.00865853 -3.8198e-05 -0.00089457   -0.013934  0.00639305 -0.00102567 1 0 0 13299
             38.8001  5.96036  5.02893 -2.29234  -0.0289484 -0.00528207 -0.00749657 -0.00327302   0.0180699  -0.0225515  -0.00867754  -3.5026e-05 -0.000896777   -0.0139769   0.00635663 -0.000998357 1 0 0 13296
             38.9001  6.00668  5.14099 -2.20522  -0.0289828 -0.00642221 -0.00566449  -0.0048866 -0.00310544  0.00909267  -0.00870785 -3.38777e-05  -0.00090289  -0.0139711  0.00650478 -0.00119164 1 0 0 13443
             39.0001  5.96219  5.31493 -2.15146  -0.0286906 -0.00708775 -0.00541255 -0.00561901 -0.00347693  0.00322911  -0.00872911 -3.66304e-05 -0.000902043  -0.0140348  0.00651924 -0.00117291 1 0 0 13277
                39.1   5.9922  5.36693 -2.16966  -0.0293412 -0.00791594 -0.00493237  -0.0111864 -0.00232586    0.007229  -0.00875758 -3.38013e-05 -0.000903505  -0.0140495  0.00655412 -0.00117573 1 0 0 13291
             39.2002 5.99738 5.37243 -2.1384  -0.0296857 -0.00581297 -0.00340962 -0.00874262    0.018339   0.0122844  -0.00878852  -3.6311e-05 -0.000903905  -0.0141021  0.00645163 -0.00119193 1 0 0 13461
             39.3001  5.98457  5.40007 -2.10301  -0.0288923 -0.00621978 -0.00278737 -0.000542292   0.00323936   0.00933641  -0.00881398 -3.43222e-05  -0.00090733   -0.014194  0.00654575 -0.00119163 1 0 0 13367
             39.4001  5.91615   5.4693 -2.18998  -0.0278167 -0.00552996 -0.00272792 0.00298621 0.00668355 0.00146438  -0.00884315  -2.9572e-05 -0.000910047   -0.014273  0.00652766 -0.00115791 1 0 0 13458
             39.4997  5.96553  5.51586 -2.19242  -0.0271522 -0.00650793 -0.00476892  -0.00124437 -0.000846082   -0.0105202   -0.0088682 -3.18573e-05 -0.000918739  -0.014324 0.00660753 -0.0010704 1 0 0 13357
                39.6  5.96843  5.41143 -2.34393  -0.0274558  -0.0059334 -0.00297397 -0.00467825  0.00374441   0.0107936  -0.00890327 -1.72803e-05 -0.000918241  -0.0143129  0.00658701 -0.00118776 1 0 0 13410
             39.6999   5.9135    5.605 -2.31228  -0.0277449 -0.00670298 -0.00345539 -0.00821997 -0.00337478  -0.0013644  -0.00892513 -3.13614e-05 -0.000924759  -0.0143377  0.00664154 -0.00114275 1 0 0 13452
             39.7999  6.12904  5.54377 -2.38485  -0.0295031  -0.0056651 -0.00333217  -0.0216992  0.00881961 -0.00123507  -0.00896227 -2.30422e-05 -0.000928467 -0.0143208 0.00658843 -0.0011501 1 0 0 13671
             39.8997  6.15775  5.59952 -2.51388  -0.0315607 -0.00661426 -0.00534018  -0.0249778 -0.00335379  -0.0112285  -0.00897953 -3.10153e-05 -0.000931609   -0.014351  0.00667502 -0.00107665 1 0 0 13653
             39.9986  6.33897   5.4272 -2.49239  -0.0327226 -0.00755027 -0.00508886 -0.0159854 0.00111487 0.00129196  -0.00901106 -2.39769e-05 -0.000935504  -0.0144102  0.00672804 -0.00114155 1 0 0 13597
             40.0984  6.23954  5.62997 -2.43531  -0.0331934 -0.00949255 -0.00726055 -0.0134202  -0.014521 -0.0160863  -0.00902569 -3.99972e-05 -0.000935009    -0.01448  0.00680731 -0.00106873 1 0 0 13541
             40.1999  6.37744  5.37593 -2.61924  -0.0323461 -0.00809763 -0.00571965 -0.00401551   0.0112897  0.00885245  -0.00906018  -2.2115e-05 -0.000935553  -0.0146036  0.00668039 -0.00117621 1 0 0 13359
             40.2999  6.29277  5.19439 -2.80257  -0.0331815 -0.00903166  -0.0067801  -0.00687326 -0.000726185 -0.000546818  -0.00908083 -3.35468e-05 -0.000938264 -0.0145955 0.00678831 -0.0011056 1 0 0 13514
                40.4  6.39816  4.98435 -2.67254  -0.0315738 -0.00972923 -0.00731742  0.00866595 -0.00364958 -0.00801784  -0.00911274 -2.41997e-05 -0.000949162 -0.0146983 0.00681369 -0.0011058 1 0 0 13347
             40.4998  6.45415  5.18625 -2.69338  -0.0325477 -0.00939365  -0.0061709 -0.0139659 0.00227309 0.00674084  -0.00914206 -4.19876e-05 -0.000945362  -0.0146332  0.00678551 -0.00118379 1 0 0 13426
             40.5995  6.40971   4.9534 -2.87518  -0.0322265 -0.00978734 -0.00373864  -0.00609202 -0.000468665    0.0213222   -0.0091695 -2.12251e-05 -0.000941621  -0.0147301  0.00681301 -0.00126153 1 0 0 13302
             40.6998  6.39961  4.90918 -2.91774  -0.0339723 -0.00892367 -0.00486361 -0.0150546 0.00947621 -0.0041541  -0.00919125 -3.65015e-05 -0.000951969  -0.0147015  0.00678304 -0.00111471 1 0 0 13476
             40.7998  6.45945   4.9436 -2.89665  -0.0335976  -0.0100822 -0.00532307 -0.00505808 -0.00218146 -0.00359279  -0.00922216 -3.06814e-05 -0.000954908  -0.0147999  0.00687947 -0.00114009 1 0 0 13307
             40.8997  6.54996  4.96402 -2.81467  -0.0343196 -0.00988598 -0.00663085  -0.0112658  0.00352917 -0.00745788  -0.00925131  -3.6292e-05 -0.000959551  -0.0148115  0.00686683 -0.00108837 1 0 0 13363
             40.9985 6.52813 4.86076 -2.7979  -0.0330407 -0.00946215 -0.00503835 -0.000108385   0.00580189   0.00530137  -0.00927647 -3.17965e-05 -0.000964208  -0.0149399  0.00685757 -0.00120453 1 0 0 13335
             41.0997  6.53439  4.97526 -2.88703  -0.0329854 -0.00827035 -0.00370525 -0.00121835   0.0117145   0.0101199  -0.00930853 -3.34855e-05 -0.000964625  -0.0149541  0.00682843 -0.00124259 1 0 0 13389
             41.1997  6.55258  5.04213 -2.76759  -0.0314039 -0.00885987 -0.00455617  0.00906302  0.00302312 0.000948252  -0.00933372 -3.80906e-05 -0.000966099  -0.0150431  0.00691035 -0.00116821 1 0 0 13340
             41.2995 6.55421 5.07145 -2.7309  -0.0328853 -0.00679986  -0.0047133  -0.0137808   0.0143925 -0.00356691  -0.00936297 -3.56022e-05 -0.000973306  -0.0149551  0.00683596 -0.00114696 1 0 0 13288
             41.3996     6.51   5.1805 -2.74239  -0.0327015 -0.00866637 -0.00594569  -0.0052993  -0.0052144 -0.00472508  -0.00938182 -3.81223e-05 -0.000972622 -0.0150428 0.00699728 -0.0011424 1 0 0 13389
             41.4996  6.4984  5.2508 -2.6803  -0.0339062 -0.00964663  -0.0090079  -0.0123475 -0.00786452   -0.024689  -0.00940676 -3.84455e-05 -0.000976583  -0.0150292  0.00702765 -0.00103767 1 0 0 13295
             41.5996  6.53657  5.32898 -2.63645  -0.0332111 -0.00844703 -0.00971254 -0.00192008   0.0119505  -0.0120442  -0.00943364 -3.49173e-05  -0.00097818  -0.0151323  0.00693275 -0.00109652 1 0 0 13385
             41.6997  6.48575  5.44674 -2.61612   -0.032486 -0.00925821  -0.0112203 -0.000392468  -0.00139936   -0.0134217  -0.00945419 -4.25849e-05 -0.000978989  -0.0151934  0.00702285 -0.00110279 1 0 0 13217
             41.7997  6.53021  5.43587 -2.60599  -0.0326852 -0.00983403 -0.00965767 -0.00412747 -0.00404037  0.00890927  -0.00948135 -3.10273e-05 -0.000980669  -0.0151768  0.00705101 -0.00123223 1 0 0 13324
             41.8996 6.54587 5.48747 -2.5499  -0.0325327 -0.00962332 -0.00897233 -0.0052628 0.00320351 0.00815122  -0.00950934 -3.69257e-05 -0.000986375  -0.0152256  0.00702834 -0.00122142 1 0 0 13181
             41.9996  6.56165   5.3951 -2.58342   -0.031054  -0.0087465 -0.00610243 0.00662582  0.0103076  0.0217317   -0.0095404 -2.25203e-05 -0.000986912 -0.0153287 0.00699914 -0.0013114 1 0 0 13329
             42.0996   6.6186  5.41237 -2.53742  -0.0290877 -0.00775504 -0.00642101  0.0133704   0.013747 0.00477864  -0.00957398 -2.10005e-05 -0.000991205   -0.015416  0.00699751 -0.00120819 1 0 0 13248
             42.1996  6.57831  5.44772 -2.49633  -0.0310012 -0.00817727 -0.00621045 -0.0183157  0.0016956 0.00778637  -0.00959714 -2.77442e-05 -0.000993854 -0.0152811 0.00711001 -0.0012014 1 0 0 13324
             42.2998  6.56004  5.35184 -2.52268  -0.0313778 -0.00916613 -0.00667865  -0.0103842 -0.00503975 -0.00270979  -0.00962722 -1.87425e-05 -0.000995274  -0.0153691  0.00715968 -0.00117012 1 0 0 13316
             42.3996  6.55281  5.46113 -2.50689  -0.0318919  -0.0107356 -0.00793491  -0.0100464 -0.00840863 -0.00718409  -0.00964622 -2.80773e-05 -0.000997365  -0.0154134  0.00721609 -0.00113671 1 0 0 13238
             42.4995  6.61314  5.31826 -2.46572  -0.0305297 -0.00826139 -0.00535854 0.00415444  0.0175316  0.0118144  -0.00968534 -1.15422e-05  -0.00100583  -0.0155301  0.00704921 -0.00125556 1 0 0 13251
             42.5995 6.56755 5.41035 -2.4742  -0.0313779 -0.00894031 -0.00740068 -0.00994141  0.00266184 -0.00567458  -0.0097017 -2.6209e-05 -0.00100345  -0.0154987  0.00717836 -0.00113061 1 0 0 13306
             42.6996  6.59045  5.19134 -2.50664  -0.0313741 -0.00876181  -0.0061514 -0.00739198  0.00303019  0.00756037  -0.00973653 -1.70761e-05  -0.00100486  -0.015556 0.00718571 -0.0012105 1 0 0 13438
             42.7996  6.61232  5.19312 -2.48766   -0.031755 -0.00914186 -0.00677126  -0.00753925  0.000721134 -0.000558554  -0.00976002 -2.32558e-05  -0.00101047  -0.0155912  0.00721906 -0.00115737 1 0 0 13241
             42.8996  6.66228  4.99478 -2.47081  -0.0311284 -0.00749148 -0.00474061 -0.00117647    0.013228   0.0101572  -0.00979164 -1.56323e-05  -0.00101612  -0.0156643   0.0071482 -0.00124633 1 0 0 13380
             42.9997  6.58851  5.05745 -2.50822  -0.0312017 -0.00830893 -0.00415398  -0.00623625 -0.000759292    0.0104727  -0.00980978 -2.31486e-05  -0.00101381  -0.0156844  0.00725888 -0.00124458 1 0 0 13390
             43.0996    6.668  4.91902 -2.49605  -0.0310298 -0.00715148 -0.00274106 -0.00383762  0.00988919   0.0129126  -0.00984828 -1.07665e-05  -0.00102448  -0.0157368  0.00719593 -0.00125001 1 0 0 13313
             43.1997  6.62139  4.96553 -2.58801  -0.0319934 -0.00751456 -0.00436141  -0.0124036  0.00220815 -0.00718202  -0.00986519 -2.15937e-05  -0.00102053   -0.015738  0.00727341 -0.00114158 1 0 0 13341
             43.2996  6.71925   4.9822 -2.55847   -0.033917 -0.00675997 -0.00206642 -0.0228304 0.00669175  0.0146738 -0.00990686 -2.0317e-05 -0.00102442  -0.0157068   0.0072592 -0.00126197 1 0 0 13323
             43.3993 6.62681 5.00129 -2.5913  -0.0328788 -0.00798744  -0.0052149 -0.00129898 -0.00311319   -0.016962  -0.00992348 -1.79668e-05   -0.0010285  -0.0159041  0.00734115 -0.00108941 1 0 0 13151
             43.4996  6.60967  5.15815 -2.62707  -0.0329043  -0.0088718 -0.00582324  -0.0053294 -0.00397275  -0.0102419  -0.00995444 -2.33428e-05  -0.00102708  -0.0159193  0.00738339 -0.00115435 1 0 0 13391
             43.5996  6.55276  5.27598 -2.59169  -0.0311469  -0.0114189 -0.00780797 0.00897863 -0.0172862 -0.0148093  -0.00997162 -2.07287e-05  -0.00102928  -0.0160449  0.00748024 -0.00114089 1 0 0 13300
             43.6997  6.54084  5.37309 -2.49527  -0.0310188  -0.0109291 -0.00894922 -0.00158678  0.00232492  -0.0120663  -0.00999826 -1.83562e-05  -0.00103335  -0.0160231  0.00739014 -0.00113034 1 0 0 13380
             43.7996  6.47825  5.39416 -2.53845  -0.0295221  -0.0103061 -0.00923212  0.00594757  0.00817371 -0.00643323   -0.0100245 -1.09582e-05  -0.00103517  -0.0161237  0.00736967 -0.00117782 1 0 0 13193
             43.8997  6.50147  5.50528 -2.54831  -0.0299105 -0.00976468  -0.0090473 -0.00210357  0.00725887 0.000408685   -0.0100554 -1.53794e-05  -0.00103598  -0.0160746  0.00740078 -0.00121824 1 0 0 13364
             43.9996  6.54873  5.54201 -2.44741  -0.0297849 -0.00925678 -0.00791616 -0.00394037  0.00724404  0.00751391   -0.0100836 -1.10984e-05  -0.00104357  -0.0160962  0.00742321 -0.00127331 1 0 0 13221
             44.0996  6.48363  5.78373 -2.44309  -0.0308525 -0.00995354 -0.00766845  -0.0159003 -0.00331809   0.0033975   -0.0101132 -1.96211e-05  -0.00104731  -0.0160947  0.00748947 -0.00126163 1 0 0 13417
             44.1996  6.56647  5.67228 -2.51927    -0.02996 -0.00834827 -0.00586526 0.00121231  0.0157591  0.0148221   -0.0101468 -4.81394e-06  -0.00104664 -0.0162257 0.00739974 -0.0013139 1 0 0 13410
             44.2993  6.60118  5.72203 -2.51181  -0.0306087 -0.00873078   -0.006493 -0.00870445  0.00482009  0.00459026   -0.0101759 -1.30375e-05  -0.00104617 -0.0162121 0.00751147 -0.0012316 1 0 0 13392
             44.3991  6.60998  5.70278 -2.49431  -0.0303462 -0.00720555 -0.00647417  -0.00532481    0.0145263 -0.000897571   -0.0102109 -9.07421e-06  -0.00105322   -0.016293  0.00745834 -0.00121065 1 0 0 13339
             44.4995   6.5863  5.70364 -2.56701  -0.0282439 -0.00933136 -0.00829632   0.0109799 -0.00680125 -0.00943673   -0.0102336 -7.97989e-06  -0.00105548   -0.016444  0.00763069 -0.00117461 1 0 0 13330
             44.5996  6.69109  5.67802 -2.54064  -0.0273876 -0.00677078 -0.00733557 0.00601042  0.0187324 0.00114126   -0.0102721 -4.24132e-06  -0.00105874  -0.0164388  0.00747714 -0.00123094 1 0 0 13554
             44.6995 6.62287 5.77514 -2.4916  -0.0284249 -0.00971126  -0.0111682  -0.012128 -0.0145948 -0.0205045   -0.0102816 -1.00655e-05  -0.00106358  -0.0163897  0.00773047 -0.00109401 1 0 0 13373
             44.7993  6.65783  5.57467 -2.52395   -0.029107 -0.00855376 -0.00875914 -0.0142079  0.0060212  0.0082834  -0.0103172 7.35325e-06 -0.00106392  -0.0164216  0.00760685 -0.00126942 1 0 0 13488
             44.8987 6.61503 5.55624 -2.5619  -0.0302289 -0.00796889 -0.00812713 -0.0135877 0.00642039 0.00769684  -0.0103356 -9.1493e-06 -0.00106708  -0.0164498  0.00760615 -0.00126027 1 0 0 13587
             44.9977   6.7862  5.42302 -2.48885   -0.030429 -0.00642325 -0.00522212 -0.00889305   0.0164044   0.0240823  -0.0103738 2.59216e-06 -0.00107169  -0.0165055  0.00756217 -0.00134743 1 0 0 13554
             45.0977  6.67977  5.40119 -2.54369   -0.031974 -0.00855414 -0.00777906  -0.0213358  -0.0112753 -0.00881795   -0.0103895 -8.98315e-06  -0.00106953   -0.016521  0.00775026 -0.00116929 1 0 0 13576
             45.2003  6.71958  5.34554 -2.71269  -0.0321527 -0.00940989 -0.00846987 -0.00975155 -0.00531876 -0.00569331   -0.0104258 -5.32469e-06  -0.00106925  -0.0166332  0.00773644 -0.00118322 1 0 0 13475
             45.2993   6.6588  5.15535 -2.69474  -0.0317142  -0.0105524 -0.00868422 0.000134496 -0.00732534 -0.00355713   -0.0104428 -8.47951e-06  -0.00107502 -0.0167014 0.00777977 -0.0012094 1 0 0 13483
              45.399   6.8013  5.23225 -2.56028  -0.0309982  -0.0094028 -0.00739322 -0.000607138   0.00821524   0.00559234   -0.0104776 -1.08793e-05  -0.00108457  -0.0167455  0.00767926 -0.00127042 1 0 0 13117
             45.4996   6.7163  5.21151 -2.67829  -0.0323145  -0.0106877 -0.00733299  -0.0180104 -0.00498307  0.00723346    -0.010497 -2.04184e-05  -0.00107673  -0.0167157  0.00780009 -0.00126411 1 0 0 13431
             45.5996  6.69502  4.86782 -2.75745  -0.0333217 -0.00992238  -0.0080091  -0.0117727  0.00747921 -0.00416568   -0.0105258 -2.24075e-06  -0.00108114 -0.0167723 0.00775116 -0.0011934 1 0 0 13261
             45.7007  6.70726  5.10073 -2.71537  -0.0348274 -0.00925731 -0.00787844  -0.0178668  0.00628413 -0.00587777   -0.0105584 -1.71254e-05  -0.00108413  -0.0167588  0.00775656 -0.00123692 1 0 0 13564
             45.7996  6.70921  5.17692 -2.69425  -0.0334467 -0.00972699  -0.0082574  0.00159434  0.00549785 0.000873967   -0.0105803 -1.24634e-05  -0.00108978  -0.0169327  0.00780705 -0.00125773 1 0 0 13282
             45.8996  6.67306  5.13725 -2.68964  -0.0327745  -0.0104367 -0.00612931 0.000980493 -0.00596465   0.0132351   -0.0106125 -1.64774e-05  -0.00109092   -0.016962  0.00785893 -0.00135966 1 0 0 13430
             45.9998  6.70979   5.2957 -2.68229  -0.0299946  -0.0105119 -0.00642877  0.0196185 0.00199001 0.00223864  -0.0106394 -1.3472e-05 -0.00109452  -0.0171111  0.00782463 -0.00129845 1 0 0 13241
             46.0996  6.78346  5.17579 -2.56124  -0.0272262 -0.00701397 -0.00434002 0.0207689 0.0297496 0.0132974  -0.0106765 5.25415e-06 -0.00110108  -0.0171622  0.00767294 -0.00134678 1 0 0 13329
             46.1996  6.73259  5.20829 -2.62475  -0.0269848 -0.00739959 -0.00366479 0.00013827  0.0039196  0.0106216  -0.0106941   5.478e-06 -0.00109938  -0.0171041  0.00783695 -0.00134651 1 0 0 13241
             46.3005  6.67779  5.35521 -2.59981  -0.0308709 -0.00750506 -0.00657963 -0.0314564 0.00452287 -0.0138441   -0.0107118 -1.49795e-05  -0.00109905   -0.016948  0.00789108 -0.00115047 1 0 0 13359
             46.4001  6.61201  5.46891 -2.66075 -0.0342919 -0.0117632 -0.0137955 -0.0395082  -0.026083 -0.0513479   -0.0107237 -2.45296e-05   -0.0010936   -0.0169785   0.00812902 -0.000938761 1 0 0 13210
             46.5006  6.52909   5.4818 -2.64218 -0.0361593 -0.0128878 -0.0162714 -0.0262608 -0.0114908 -0.0329482   -0.0107437 -2.14795e-05  -0.00110205  -0.0170792  0.00805739 -0.00104799 1 0 0 13323
             46.6005  6.65319  5.31968 -2.61524 -0.0347224 -0.0101741 -0.0139798  0.0029346  0.0203534 0.00400991   -0.0107866 -1.82841e-05  -0.00110512 -0.0172652  0.0078563 -0.0012759 1 0 0 13359
             46.6996 6.50821 4.96268 -2.5701   -0.032045 -0.00852737    -0.01157 0.0183195 0.0205002 0.0174523   -0.0108068 -1.18759e-05  -0.00111002  -0.0173808  0.00788522 -0.00136727 1 0 0 13239
             46.8005  5.22288   5.4328 -3.19281  -0.0322013 -0.00700421 -0.00910851 -0.00665571 -0.00460864   0.0227558   -0.0108239 -2.35477e-05  -0.00109881  -0.0173079  0.00786408 -0.00139244 1 0 0 13499
             46.9005   4.5115  6.41406 -4.33279  -0.0325536 -0.00772708 -0.00719662   -0.0120836 -0.000135918    0.0233083    -0.010863 -1.49169e-05  -0.00109507  -0.0173688  0.00787003 -0.00139205 1 0 0 13296
             46.9996  4.37259  5.76735 -5.03514  -0.0349322 -0.00940319 -0.00541223  -0.0134914 -0.00397912    0.024232   -0.0108984 -7.40395e-06  -0.00110085 -0.0172966  0.0080112 -0.0013704 1 0 0 13497
             47.1006  4.30268  5.52377 -5.04753  -0.0340496    -0.01073 -0.00380694  0.0144157 -0.0133068 0.00977704   -0.0109266 -9.97722e-06    -0.001123  -0.0173583  0.00806272 -0.00136602 1 0 0 13345
             47.2004  4.61191  6.31342 -4.80049  -0.0293866  -0.0128462 -0.00504083  0.0327916 -0.0146675 -0.0113281   -0.0109584 -2.19548e-05  -0.00112729  -0.0175382  0.00805697 -0.00130497 1 0 0 13407
             47.3003  5.04695   6.5379 -4.69126 -0.0267858 -0.0162129 -0.0075063  0.0135676 -0.0262758 -0.0148601   -0.0109885 -2.25491e-05   -0.0011281  -0.0175672   0.0081743 -0.00125363 1 0 0 13087
             47.4004  5.03996  6.80454 -4.90474 -0.0253258 -0.0204244  -0.010785 0.00249607 -0.0423069 -0.0279965   -0.0110069 -1.97624e-05  -0.00112358 -0.0176223 0.00822336 -0.0011795 1 0 0 13107
             47.5004  5.58864  6.75855 -5.13416 -0.0254154 -0.0228924    -0.0115 -0.016013 -0.017594 -0.018329   -0.0110434 -1.16932e-05  -0.00112784  -0.0176688  0.00814986 -0.00127796 1 0 0 13179
             47.6004  5.70777  6.40049 -5.59087   -0.02746 -0.0225633 -0.0108324 -0.0151811 0.00466421 0.00874382   -0.0110677 -5.03709e-06  -0.00112357  -0.0176305  0.00809772 -0.00134731 1 0 0 13060
             47.7003  5.87959  6.29576 -5.45574 -0.0293123 -0.0212323 -0.0100701 -0.0163927  0.0164286  0.0175069   -0.0110929 -1.04123e-05  -0.00113614  -0.0175988  0.00808052 -0.00130358 1 0 0 13027
             47.8004 6.13798 5.60553 -5.0258  -0.0303745  -0.0207649 -0.00806615 -0.0181007  0.0210215  0.0232016   -0.011123 -1.8847e-06 -0.00114576  -0.0176602  0.00818019 -0.00132152 1 0 0 13122
             47.9003   5.7409  5.22744 -4.87734  -0.0309912    -0.01753 -0.00534081 -0.00186824   0.0272276    0.019525   -0.0111462 -1.42758e-05  -0.00114488  -0.0177039  0.00812795 -0.00134194 1 0 0 13035
             48.0004 5.46847   6.044 -4.7091  -0.0295304  -0.0161236 -0.00742556 0.000799454 -0.00229311  -0.0304366  -0.0111722 -4.1414e-05 -0.00114811  -0.0178078  0.00810408 -0.00122823 1 0 0 13011
             48.1002  6.12882  7.00247 -4.86343  -0.0272598  -0.0192995 -0.00790828  -0.0112736  -0.0153653 -0.00479246   -0.0112197 -3.54805e-05   -0.0011409  -0.0180127  0.00821565 -0.00139842 1 0 0 13040
             48.2002  6.32498  5.84767 -5.05455 -0.0282578 -0.0207303  -0.012698 -0.00513256  0.00463189  -0.0123217   -0.0112319 -1.59377e-05  -0.00114728  -0.0180701  0.00831241 -0.00113004 1 0 0 13024
             48.3003  5.78392  5.92313 -4.88024  -0.0297895  -0.0193461 -0.00893057 -0.0191049 0.00331795  0.0102991   -0.0112502 -1.15466e-05  -0.00115569  -0.0179868  0.00822857 -0.00133971 1 0 0 13127
             48.4002  5.98929  5.83078 -4.98151  -0.0335403  -0.0188796 -0.00934694  -0.0389367   0.0104873 -0.00205705   -0.0112822 -1.86126e-05    -0.001156  -0.0179325   0.0082408 -0.00129993 1 0 0 13059
             48.5002  6.11222  5.57775 -4.97206  -0.0361622  -0.0168987 -0.00713682 -0.0308766  0.0218292  0.0227341   -0.0113137 -1.62373e-05  -0.00115478  -0.0179946   0.0082067 -0.00139081 1 0 0 13277
             48.6002   6.0482  5.32367 -4.78549  -0.0389543  -0.0167022 -0.00854898  -0.0327817  0.00850663 -0.00457779   -0.0113293 -2.19395e-05  -0.00116061  -0.0180424  0.00830749 -0.00123418 1 0 0 13109
             48.7001  6.03503  5.36425 -4.93127  -0.0409876  -0.0169044 -0.00862005   -0.0315182 -0.000790248  -0.00391599   -0.0113613 -2.13139e-05  -0.00115614 -0.0181285 0.00833416 -0.0012868 1 0 0 13318
             48.8003  5.90521  5.29277 -5.27149  -0.0411781  -0.0175192 -0.00948206   -0.0158118    0.0015516 -0.000565943   -0.0113826 -2.14721e-05  -0.00115617  -0.0183117  0.00834669 -0.00125937 1 0 0 13201
             48.9002  5.89929   4.7552 -5.41211 -0.0441153 -0.0180561 -0.0101115  -0.0216745 0.000595281  -0.0027833   -0.0114039 -2.42845e-05  -0.00116189  -0.0182379  0.00842024 -0.00124288 1 0 0 13305
             49.0002  5.85426  4.63331 -5.29513 -0.0447851 -0.0158708 -0.0115478 -0.00797445   0.0112139   -0.020434   -0.0114216 -1.49274e-05  -0.00116742  -0.0182904  0.00828171 -0.00118468 1 0 0 13250
             49.1002  5.91153  5.03572 -5.40239 -0.0484119 -0.0161883 -0.0140985  -0.036592 0.00392576 -0.0197428   -0.0114491 -3.54867e-05   -0.0011654  -0.0181832  0.00837747 -0.00118484 1 0 0 13348
                49.2   5.9097  4.56024 -5.23001 -0.0478703 -0.0163076 -0.0135069 -0.00314232  0.00790909  0.00417927   -0.0114801 -1.98249e-05   -0.0011746  -0.0183865  0.00840924 -0.00128952 1 0 0 13340
             49.3001 5.69978 4.87392  -5.186 -0.0456782 -0.0171031 -0.0108497  0.0132843 -0.0121584 0.00984587  -0.0115034 -3.1423e-05 -0.00117937  -0.0184936  0.00844843 -0.00144672 1 0 0 13308
             49.4002  6.06324  5.07982 -5.22843  -0.0432908  -0.0155922 -0.00968127  0.013593 0.0168082 0.0189682   -0.0115413 -2.39586e-05  -0.00117714  -0.0185828  0.00830875 -0.00143359 1 0 0 13481
             49.5002  5.94231  4.63128 -5.16194   -0.042736  -0.0135958 -0.00632011 0.00432834  0.0201954  0.0345795   -0.0115643 -1.90338e-05  -0.00118717  -0.0185526  0.00832381 -0.00146523 1 0 0 13386
             49.6001  5.85601    4.674 -5.26687  -0.0436697   -0.011664 -0.00613799 -0.0112079  0.0180175 0.00345188   -0.0115975 -2.54292e-05  -0.00118219  -0.0185128  0.00832938 -0.00133322 1 0 0 13436
                49.7  5.94963  4.79356 -5.30917 -0.0466077 -0.0142624 -0.0103253  -0.0307022 -0.00811694  -0.0193297  -0.0116238 -3.8337e-05 -0.00118595  -0.0184725  0.00858142 -0.00116262 1 0 0 13369
                49.8   5.9438  4.57078 -5.26749 -0.0472829 -0.0126596 -0.0101469  -0.0162432   0.0123849 -0.00450485   -0.0116518 -3.07994e-05  -0.00118939  -0.0185947  0.00844675 -0.00122535 1 0 0 13436
             49.8979  5.87486  4.38446 -5.36241 -0.0458312 -0.0152447 -0.0125587 0.00184684 -0.0152711  -0.020146   -0.0116695 -2.74606e-05  -0.00119127  -0.0187861  0.00860933 -0.00119047 1 0 0 13562
             49.9969  5.93234  4.34389 -5.42144  -0.0448746  -0.0154096 -0.00941597  0.00550003 -0.00508906   0.0171122  -0.0117038 -2.5715e-05 -0.00119327  -0.0188101  0.00854526 -0.00142141 1 0 0 13594
             50.0969 5.92135 4.34629 -5.3507  -0.0423933  -0.0161419 -0.00905123   0.0157848 -0.00347996  0.00657483   -0.0117275 -2.94927e-05  -0.00119496  -0.0189288  0.00854659 -0.00136731 1 0 0 13522
             50.1996  5.89139  4.40053 -5.40115  -0.0425482   -0.015566 -0.00970106 -0.00162418  0.00494468 -0.00335811  -0.0117523 -2.7769e-05 -0.00119524   -0.018866  0.00852044 -0.00130835 1 0 0 13502
             50.2988 5.86202 4.44725 -5.4238 -0.0441799 -0.0157782 -0.0117805 -0.0148388 0.00329582 -0.0145216    -0.011777 -2.90875e-05  -0.00120148  -0.0188135  0.00857992 -0.00123323 1 0 0 13444
             50.3982  5.91227  4.60868 -5.29845 -0.0446903 -0.0159163 -0.0126039 -0.00994684  0.00171084 -0.00951116   -0.0118049 -3.22854e-05  -0.00120314 -0.0188663 0.00859721 -0.0012684 1 0 0 13126
             50.4999  5.89848  4.67344 -5.23193 -0.0460809 -0.0157948 -0.0119051 -0.0196933  0.0020492 0.00269508   -0.0118246 -3.66754e-05  -0.00120652  -0.0188662  0.00860668 -0.00134421 1 0 0 13489
                50.6  5.96425  4.74422 -5.27929  -0.044401 -0.0149356 -0.0111145 0.00685177 0.00984388 0.00553292   -0.0118619 -2.98652e-05  -0.00120886  -0.0190641  0.00854433 -0.00137866 1 0 0 13341
             50.6998   5.8974  4.77326 -5.18306 -0.0435253 -0.0155135 -0.0127995  0.00414331   0.0033314 -0.00703791   -0.0118815 -3.31369e-05  -0.00121155  -0.0191037  0.00864081 -0.00127867 1 0 0 13321
             50.7998  5.91984   4.7561 -5.26085 -0.0424812 -0.0163217 -0.0122355  0.00417519  -0.0067263 -0.00101247   -0.0119169 -2.50198e-05  -0.00121166  -0.0191539  0.00868231 -0.00135615 1 0 0 13295
             50.8999  5.98397   4.9405 -5.26706 -0.0439051 -0.0146975 -0.0102755 -0.011896 0.0132884 0.0162334  -0.0119508 -3.4215e-05 -0.00121132  -0.0190536  0.00859373 -0.00142185 1 0 0 13294
             50.9997  5.96302  4.89232 -5.20673 -0.0431891  -0.014694 -0.0096565 -0.00221156  0.00481801  0.00904035   -0.0119721 -2.59325e-05  -0.00121666  -0.0191746  0.00864818 -0.00139524 1 0 0 13295
             51.0999  6.05725  4.98006 -5.16713 -0.0440882 -0.0127874  -0.007841 -0.0109562  0.0175816  0.0159475   -0.0120075 -3.19843e-05  -0.00121942  -0.0191511  0.00858279 -0.00142323 1 0 0 13316
             51.1998   6.0185  5.03175 -5.11765  -0.0423514  -0.0148807 -0.00844556  0.00534458 -0.00833739  0.00279365   -0.0120302 -3.60801e-05   -0.0012269  -0.0193278  0.00875691 -0.00136336 1 0 0 13290
             51.2998  6.01485  4.94124 -5.12098  -0.0430322  -0.0140826 -0.00787715 -0.00751212  0.00485246  0.00699023    -0.012058 -2.71651e-05  -0.00122309  -0.0192795  0.00869019 -0.00135165 1 0 0 13313
             51.3993  5.92124   4.9034 -5.20334 -0.0435576 -0.0169079 -0.0109751 -0.0116949 -0.0163627 -0.0169319   -0.0120761 -2.85992e-05  -0.00122006   -0.019337   0.0088583 -0.00121003 1 0 0 13240
             51.4997  5.85097  4.81561 -5.24366 -0.0454343 -0.0160145  -0.014896  -0.014614 0.00646762 -0.0347278   -0.0120907 -3.25479e-05   -0.0012231  -0.0193106  0.00874989 -0.00108113 1 0 0 13236
             51.5996   5.9854  4.94606 -5.12647 -0.0434927 -0.0147202 -0.0141194 0.00928113  0.0104609  -0.010824  -0.0121235 -3.2374e-05 -0.00123179  -0.0194652  0.00868936 -0.00130352 1 0 0 13405
             51.6998  5.99937  5.23842 -5.09248 -0.0422141 -0.0148516 -0.0167035 0.00431582 0.00547663 -0.0140793   -0.0121418 -4.59277e-05  -0.00122797  -0.0195206  0.00874936 -0.00122613 1 0 0 13285
             51.7997  5.87254   4.8899 -5.25063 -0.0421671 -0.0162287 -0.0147505 -0.00539175  -0.0109686   0.0134019   -0.0121663 -2.53843e-05  -0.00123105  -0.0195173  0.00886062 -0.00139398 1 0 0 13310
             51.8996  5.93737   4.6887 -5.24149 -0.0433551 -0.0163273 -0.0131435  -0.00750314 -0.000660211    0.0135139   -0.0121949 -2.58194e-05  -0.00123403   -0.019478  0.00883161 -0.00140237 1 0 0 13112
             51.9997  5.99349  4.85272 -5.09502 -0.0435489 -0.0156021 -0.0107976 -0.00770304   0.0027922   0.0137648   -0.0122193 -3.37228e-05   -0.0012399  -0.0195028  0.00877414 -0.00145578 1 0 0 13410
             52.0997  6.10373  4.99352 -5.29329  -0.0428771  -0.0147195 -0.00960021 -0.00480458   0.0138874   0.0175098   -0.0122464 -3.18627e-05  -0.00123959  -0.0196226  0.00873191 -0.00143845 1 0 0 13133
             52.1996  5.95379  4.66684 -5.46867  -0.0430394  -0.0154851 -0.00965171 -0.00399853 0.000192668  0.00977707   -0.0122687 -2.80431e-05  -0.00124008  -0.0196646  0.00885433 -0.00134826 1 0 0 13313
             52.2984  6.00526  4.60289 -5.47849  -0.043373 -0.0143466 -0.0119281 -0.00125256  0.00957842  -0.0199105   -0.0122929 -2.46336e-05  -0.00124747   -0.019675  0.00879546 -0.00120742 1 0 0 13116
             52.3996  6.10205  4.90887 -5.42555 -0.0424226 -0.0170865 -0.0121977 -0.000292365   -0.0147457  -0.00487782   -0.0123196 -3.02451e-05  -0.00125073  -0.0197394  0.00898974 -0.00134076 1 0 0 13347
             52.4996  6.19217  4.72384 -5.42863 -0.0425356 -0.0171822 -0.0106848 -0.00958144 -0.00233623   0.0131405  -0.0123515 -1.8248e-05 -0.00125069  -0.0197634  0.00893236 -0.00140647 1 0 0 13324
             52.5996  6.04656  4.66651 -5.54814 -0.0443313 -0.0175902 -0.0114824  -0.0199008 -0.00341774 -0.00356242   -0.0123637 -3.15428e-05  -0.00125455  -0.0197544  0.00893857 -0.00130407 1 0 0 13311
             52.6996  6.16362  4.62664 -5.61094 -0.0445977 -0.0170397  -0.010456 -0.0075933 0.00575777 0.00229216   -0.0123987 -2.66698e-05   -0.0012527  -0.0198418  0.00889081 -0.00138573 1 0 0 13306
             52.7995  6.19881   4.8246 -5.52166 -0.0456349 -0.0165056 -0.0101557 -0.0130306 0.00815472 0.00445088  -0.0124164 -3.6937e-05 -0.00126347  -0.0198368  0.00889862 -0.00138563 1 0 0 13288
             52.8996 6.17659 4.74337 -5.5849 -0.0454905 -0.0152941 -0.0102897 -0.00570054   0.0139159  0.00090546  -0.0124447 -2.5856e-05 -0.00126521   -0.019935  0.00887523 -0.00135007 1 0 0 13301
             52.9997  6.18581   4.8577 -5.60965  -0.0449213  -0.0143351 -0.00918566 0.000161749   0.0120851  0.00731737   -0.0124729 -3.59874e-05  -0.00126553  -0.0200044  0.00888261 -0.00140563 1 0 0 13265
             53.0995 6.26967 4.74567 -5.5695  -0.0433118  -0.0139384 -0.00746643  0.0121125 0.00700587  0.0154494   -0.0125032 -1.92996e-05  -0.00127499  -0.0200852  0.00892344 -0.00146789 1 0 0 13261
             53.1994  6.30848   4.9682 -5.48213  -0.0434769  -0.0146229 -0.00917002 -0.00322769  -0.0020581  -0.0058907   -0.0125213 -2.68758e-05  -0.00127073  -0.0200451  0.00900973 -0.00132396 1 0 0 13251
             53.2997  6.38734  4.97886 -5.43876  -0.0424802  -0.0148183 -0.00765206 -0.00148318 0.000841134  0.00993537   -0.0125594 -1.56313e-05  -0.00127831  -0.0201401   0.0090036 -0.00142327 1 0 0 13334
             53.3997  6.31359  4.97833 -5.54648  -0.042632 -0.0163566 -0.0101575  -0.0047316 -0.00991918  -0.0148163   -0.0125752 -2.02173e-05  -0.00127519  -0.0201799  0.00908541 -0.00126842 1 0 0 13301
             53.4997 6.49712 5.11146 -5.5246  -0.0450217    -0.01564 -0.00879498 -0.0209932 0.00217558 0.00378995   -0.0126123 -2.36477e-05  -0.00128084 -0.0200654  0.0090114 -0.0013928 1 0 0 13305
             53.5997  6.48045  5.12711 -5.45519 -0.0436412 -0.0170659 -0.0123125  0.00180256 -0.00321127  -0.0189651   -0.0126239 -2.15255e-05  -0.00128516  -0.0202831  0.00908669 -0.00122034 1 0 0 13126
             53.6996  6.47218  5.12038 -5.46762 -0.0430914 -0.0185917 -0.0124342 -0.00269008  -0.0117108 -0.00664669   -0.0126484 -2.80315e-05  -0.00128255  -0.0203246  0.00914677 -0.00131924 1 0 0 13249
             53.7995   6.4757  5.14409 -5.53545  -0.041825 -0.0191733 -0.0130403  0.00577099 -0.00265175 -0.00551238   -0.0126679 -2.63905e-05  -0.00128134  -0.0204202   0.0091017 -0.00132314 1 0 0 13119
             53.8997  6.43014  5.11201 -5.47118 -0.0427169 -0.0195992 -0.0149113  -0.00905611 -0.000886807   -0.0114166   -0.0126814 -3.05998e-05  -0.00128661  -0.0203646  0.00913093 -0.00124442 1 0 0 13346
             53.9997  6.46354  4.94675 -5.50945 -0.0432393 -0.0187481 -0.0122047 -0.0117717 0.00343803  0.0119722   -0.0127213 -1.58543e-05  -0.00128681  -0.0203871  0.00908424 -0.00143956 1 0 0 13188
             54.0994  6.38024  5.10077 -5.57255 -0.0458611 -0.0176742 -0.0123291 -0.0238928 0.00835235 0.00337898   -0.0127363 -2.98975e-05  -0.00129107  -0.0203252  0.00906197 -0.00136433 1 0 0 13224
             54.1992  6.54353  5.01288 -5.47297  -0.0453337  -0.0154074 -0.00998145 -0.00309881   0.0248604   0.0166169   -0.0127776 -2.27078e-05  -0.00129849  -0.0204756  0.00898428 -0.00145235 1 0 0 13221
             54.2996 6.49306 5.27589 -5.3463 -0.0446293 -0.0154833 -0.0108182 -0.00111496  0.00741784  0.00286675    -0.012793 -3.94913e-05  -0.00129936  -0.0205619  0.00909785 -0.00135392 1 0 0 13280
             54.3997 6.57705 4.98881 -5.4294  -0.0431089   -0.015001 -0.00927951 0.00581661  0.0117137  0.0132917   -0.0128261 -2.21643e-05   -0.0012974  -0.0206681  0.00911747 -0.00142035 1 0 0 13407
             54.4996  6.53294  4.75625 -5.56375 -0.0428122 -0.0166408 -0.0084318  0.00169693 -0.00866458    0.010763   -0.0128548 -2.11629e-05  -0.00130604  -0.0206697  0.00927918 -0.00143393 1 0 0 13213
             54.5996  6.45541  4.69453 -5.48397  -0.0432944  -0.0156421 -0.00847738 -0.00335374  0.00926495  0.00200696   -0.0128823 -1.89874e-05  -0.00130831  -0.0206375  0.00920157 -0.00134996 1 0 0 13276
             54.6991  6.35799  4.85465 -5.37836 -0.0433044 -0.0159381 -0.0110868   -0.0064615 -1.43785e-05   -0.0169801   -0.0128961 -2.73866e-05  -0.00131038 -0.0206887 0.00925283 -0.0012279 1 0 0 13194
             54.7996  6.40448  4.80184 -5.34116  -0.042585 -0.0129801 -0.0103345   -0.0017101    0.0231556 -0.000397235   -0.0129284 -1.67786e-05  -0.00131161  -0.0207727  0.00908648 -0.00132375 1 0 0 13337
             54.8974   6.2978  4.83535 -5.42413 -0.0414006 -0.0151073 -0.0122248  0.00406533 -0.00992811  -0.0119051   -0.0129411 -2.03132e-05  -0.00131307  -0.0208774  0.00931059 -0.00128634 1 0 0 13412
             54.9963  6.38217  4.83929 -5.39543 -0.0426024 -0.0137239  -0.011071 -0.0118443 0.00955102 0.00354755   -0.0129731 -3.08768e-05  -0.00131198  -0.0207929  0.00920496 -0.00137279 1 0 0 13471
             55.0962  6.35732  4.84345 -5.34875 -0.0421217 -0.0137457 -0.0103577 -0.00484904  0.00296798  0.00535328  -0.0129922 -2.4523e-05 -0.00131913  -0.0209001   0.0092357 -0.00140553 1 0 0 13453
             55.1989  6.40162  4.91465 -5.34191  -0.0417846  -0.0138094 -0.00936619 -0.00319026  0.00172313   0.0101212  -0.0130218  -3.057e-05 -0.00131947  -0.0209603  0.00924674 -0.00143743 1 0 0 13375
             55.2996  6.35555   4.9789 -5.38734 -0.0438156 -0.0145367   -0.01006  -0.0202022 -0.00481639 -0.00290243  -0.0130426 -2.7951e-05 -0.00132351  -0.0209001  0.00930575 -0.00136884 1 0 0 13376
             55.3995  6.33042  4.99107 -5.43381  -0.0434824  -0.0149017 -0.00932603 -0.00545059 0.000937563  0.00616217   -0.0130707 -2.27316e-05   -0.0013251  -0.0210342  0.00929567 -0.00141903 1 0 0 13096
             55.4996  6.34343  4.98373 -5.34512  -0.0428954   -0.013242 -0.00990025  0.00151462   0.0146391 -0.00459987   -0.0130984 -2.31967e-05  -0.00133072  -0.0211082  0.00920828 -0.00134699 1 0 0 13392
             55.5996  6.3354 5.19925 -5.3119 -0.0427796 -0.0134122 -0.0112818 -0.00669318  0.00518245 -0.00881028   -0.0131253 -2.81001e-05  -0.00133142  -0.0211388  0.00929318 -0.00132384 1 0 0 13116
             55.6997  6.24939  5.16854 -5.42063 -0.0445149  -0.013942 -0.0115689  -0.0205636 -0.00501284 -0.00283296   -0.0131489 -3.07379e-05  -0.00133082   -0.021109  0.00935792 -0.00135577 1 0 0 13283
             55.7995  6.41591  4.99904 -5.40681 -0.0446124  -0.015144 -0.0107315 -0.00490115 -0.00635016  0.00519895   -0.0131816 -2.64193e-05   -0.0013373  -0.0212145  0.00938611 -0.00142227 1 0 0 13065
             55.8997  6.31829  5.24487 -5.24993 -0.0424934 -0.0148622 -0.0120763  0.0136305 0.00115226 -0.0116094   -0.0131981 -3.73119e-05   -0.0013377  -0.0213555  0.00931606 -0.00132725 1 0 0 13321
             56.0001  6.52234  5.32842 -5.22218 -0.0401077 -0.0151862 -0.0125242    0.009185  0.00389318 -0.00231188   -0.0132348 -3.49328e-05  -0.00134318  -0.0214589  0.00933677 -0.00137877 1 0 0 13276
             56.0999  6.44287  5.12072 -5.47103  -0.042019 -0.0141421 -0.0111194 -0.0108094 0.00607617  0.0135281   -0.0132578 -3.66248e-05  -0.00132948  -0.0213069  0.00933109 -0.00143183 1 0 0 13197
                56.2  6.48475  5.19303 -5.28958 -0.0416993 -0.0152676 -0.0115737 -0.00126923 -0.00374458 -0.00402925   -0.0132764 -3.56973e-05  -0.00134825  -0.0213847  0.00941081 -0.00138248 1 0 0 13172
             56.2999  6.55664   5.1079 -5.21089 -0.0425673 -0.0137202 -0.0104234 -0.0133336  0.0139702 0.00891207   -0.0132998 -2.63525e-05   -0.0013511  -0.0213617  0.00932938 -0.00142946 1 0 0 13148
             56.3999 6.49499  5.1168 -5.3158  -0.0447635  -0.0145294 -0.00995511  -0.0261918 -0.00414448  0.00828995   -0.0133178 -3.49712e-05  -0.00134628  -0.0213482  0.00943601 -0.00142642 1 0 0 13232
             56.4997  6.50608  5.09206 -5.39183 -0.0454597 -0.0128722 -0.0110274 -0.00900039   0.0162965 -0.00631904   -0.0133399 -3.85819e-05  -0.00134858  -0.0214577  0.00931945 -0.00131792 1 0 0 13181
                56.6  6.49913  5.04598 -5.20553 -0.0453073  -0.014827 -0.0126945 -0.00339804  -0.0108084  -0.0132505  -0.0133618 -3.7693e-05 -0.00135824 -0.0215245 0.00951337 -0.0013112 1 0 0 13338
             56.6999  6.54392  5.29172 -5.23843  -0.043752 -0.0164429 -0.0140473 0.00139286 -0.0114922 -0.0132378  -0.0133849 -4.4751e-05 -0.00134929  -0.0216615  0.00951604 -0.00132252 1 0 0 13075
                56.8  6.47898  5.04947 -5.44813 -0.0428788 -0.0150824 -0.0161133 0.00692355   0.011681 -0.0160395   -0.0134052 -3.38038e-05  -0.00134668   -0.021721  0.00939655 -0.00124656 1 0 0 13294
             56.8999  6.50124  5.12106 -5.37553 -0.0412521 -0.0141574 -0.0152665  0.0128886 0.00840623 -0.0012707   -0.0134309 -3.90596e-05  -0.00135708 -0.0217534 0.00939562 -0.0013853 1 0 0 13001
             56.9998  6.53387  5.04071 -5.25146 -0.0417335 -0.0153036 -0.0131757 -0.00735249 -0.00449921   0.0190197   -0.0134566 -2.78059e-05   -0.0013619  -0.0216709  0.00952853 -0.00150268 1 0 0 13178
              57.099  6.56519  4.92116 -5.31135 -0.0427169 -0.0158236 -0.0111749  -0.0171696 -0.00502985    0.019604    -0.013486 -3.08957e-05  -0.00136063  -0.0216918  0.00953011 -0.00150876 1 0 0 12891
             57.1995  6.55504  4.75532 -5.43759 -0.0451634 -0.0153694 -0.0103294 -0.0240084 0.00573834  0.0123761   -0.0135104 -3.38444e-05  -0.00136014   -0.021672  0.00949954 -0.00144045 1 0 0 13158
             57.2999  6.64356  4.60919 -5.41889  -0.0452182  -0.0143715 -0.00939342 -0.00732612   0.0111619  0.00918505   -0.0135395 -2.91546e-05  -0.00136777   -0.021804  0.00945712 -0.00143095 1 0 0 13198
             57.3998  6.61154  4.60115 -5.37029  -0.0451994  -0.0140394 -0.00842431 -0.00616765  0.00676016  0.00936563   -0.0135608 -3.70145e-05  -0.00137301  -0.0218608  0.00949888 -0.00144985 1 0 0 13189
             57.4998    6.708  4.50428 -5.43673   -0.046398  -0.0138023 -0.00806058 -0.0148533 0.00449052 0.00529565   -0.0135929 -3.22952e-05  -0.00137411   -0.021854  0.00952836 -0.00142498 1 0 0 13155
             57.5997  6.68057  4.42474 -5.48277  -0.0437131  -0.0147426 -0.00813674    0.0134169 -0.000997625   0.00193976  -0.0136124 -3.4227e-05 -0.00137613  -0.0220964  0.00957297 -0.00140799 1 0 0 13194
             57.6998  6.75464  4.47658 -5.49333   -0.042521  -0.0145505 -0.00798829  0.00843691  0.00127257 0.000693301   -0.0136468 -3.48901e-05  -0.00137486   -0.022102  0.00955659 -0.00141497 1 0 0 13214
             57.7997  6.69279  4.54666 -5.46645  -0.0434327  -0.0146386 -0.00981949 -0.00914166  0.00135429   -0.012178   -0.0136614 -3.95706e-05   -0.0013775  -0.0220386  0.00959415 -0.00131932 1 0 0 13171
             57.8997  6.69741  4.58804 -5.48315  -0.0445448  -0.0131431 -0.00856035 -0.015404 0.0111962 0.0042829   -0.0136883 -3.12495e-05  -0.00138614   -0.022035  0.00951978 -0.00143489 1 0 0 13167
             57.9991  6.61381  4.66137 -5.52871  -0.0450894   -0.013387 -0.00802559 -0.0113699 0.00359309 0.00679713   -0.0137058 -3.49673e-05  -0.00138572  -0.0221055  0.00958917 -0.00145107 1 0 0 13090
             58.1008   6.6889  4.71051 -5.49547  -0.0443082  -0.0140873 -0.00596826  0.00131959 -0.00482333   0.0142834   -0.0137403 -3.26019e-05  -0.00138926  -0.0222097  0.00962917 -0.00154787 1 0 0 13291
             58.2007  6.62334  4.90987 -5.45201  -0.0436102  -0.0146691 -0.00563588 -0.000189359  -0.00217788    0.0109708   -0.0137578 -4.18604e-05  -0.00138532  -0.0222693  0.00963726 -0.00148457 1 0 0 13145
             58.2997  6.57469  4.75495 -5.47565  -0.0430524   -0.013771 -0.00703551 0.000105882  0.00816622 -0.00838803   -0.0137821 -2.83045e-05  -0.00139434   -0.022335  0.00958294 -0.00135537 1 0 0 13185
             58.3997   6.5766  4.84827 -5.58555  -0.043432 -0.0138139 -0.0110256 -0.00336046  0.00465719  -0.0291543   -0.0138002 -3.69169e-05  -0.00138632  -0.0223392  0.00963974 -0.00121317 1 0 0 13099
             58.4997  6.58544  4.96186 -5.43516 -0.0453931 -0.0125723 -0.0117273 -0.0197447  0.0108963 -0.0130848   -0.0138264 -4.02174e-05  -0.00139644  -0.0222481  0.00962283 -0.00131148 1 0 0 13244
             58.6007  6.58835  4.98132 -5.47208 -0.0458055 -0.0142172 -0.0128154  -0.0145304 -0.00859299  -0.0105952  -0.0138522 -3.8232e-05 -0.00139462  -0.0223634  0.00975228 -0.00136272 1 0 0 13107
             58.7007  6.70411   4.9506 -5.51635 -0.0444181 -0.0171797 -0.0109661 0.00211928 -0.0243868 0.00782363   -0.0138811 -4.19675e-05  -0.00139891  -0.0225208  0.00983238 -0.00153613 1 0 0 13197
             58.7997  6.69909   4.9782 -5.50907  -0.0451166  -0.0170725 -0.00927749 -0.00540835 -0.00375174   0.0153184   -0.0138933 -4.13417e-05  -0.00140244  -0.0224684  0.00971535 -0.00154737 1 0 0 13105
             58.8997 6.67853  5.0178 -5.4644 -0.0437934 -0.0163301 -0.0106517  0.00464873   0.0113772 -0.00458521   -0.0139122 -4.19521e-05  -0.00140525  -0.0225996  0.00965657 -0.00139319 1 0 0 13060
             59.0005   6.7204  5.02373 -5.52772 -0.0443808 -0.0157838 -0.0103906 -0.00632493  0.00717105 0.000140272   -0.0139445 -3.82916e-05  -0.00140567  -0.0225569  0.00969775 -0.00144726 1 0 0 13139
             59.0996 6.82661 5.00755 -5.3883 -0.0447483 -0.0127325 -0.0112596 -0.00443706   0.0283015 -0.00453391   -0.0139659 -4.38406e-05  -0.00141145  -0.0225737  0.00958376 -0.00136644 1 0 0 13126
             59.2006  6.72211  5.14569 -5.49165 -0.0444239 -0.0116182 -0.0111162  -0.0110662   0.0133866 -0.00500039   -0.0139921 -4.87177e-05  -0.00140889   -0.022661  0.00965543 -0.00142885 1 0 0 13275
             59.3006  6.96396  5.07722 -5.74672 -0.0453169 -0.0153094 -0.0133908 -0.0138161 -0.0257013 -0.0115631   -0.0140246 -5.20167e-05  -0.00140572  -0.0227138  0.00990398 -0.00138109 1 0 0 13232
             59.3996  6.99301  4.96244 -5.84966  -0.045148 -0.0156143 -0.0124986 -0.00104824 -0.00678078  0.00453759   -0.0140506 -4.75667e-05  -0.00141229  -0.0227829  0.00979538 -0.00145754 1 0 0 13279
             59.4998  6.95082  5.14953 -5.77466 -0.0454003 -0.0184386 -0.0142486 -0.00518464  -0.0219408  -0.0119669   -0.0140687 -5.70454e-05  -0.00141669  -0.0227925  0.00991247 -0.00137863 1 0 0 13239
             59.6005  7.25784  4.98732 -5.80767 -0.0463156 -0.0188952 -0.0138385   -0.0134624  -0.00480127 -0.000845523   -0.0141043 -4.68732e-05  -0.00140993  -0.0227861  0.00983008 -0.00143746 1 0 0 13351
             59.7006  7.17362  4.81947 -5.95287 -0.0457089 -0.0197678 -0.0128675 -0.000932633   -0.0100559   0.00855034    -0.014116 -4.33786e-05  -0.00141564  -0.0228987  0.00983041 -0.00148216 1 0 0 13310
             59.8005  7.50395  4.67062 -5.93458 -0.0461941 -0.0215065 -0.0137584  -0.0124546 -0.00606061 -0.00318197   -0.0141378 -4.64166e-05   -0.0014192  -0.0229263  0.00987028 -0.00140109 1 0 0 13366
             59.8968  7.42101  4.39221 -6.11305 -0.0488555 -0.0209666 -0.0126772   -0.021342 -0.00166354  0.00700115   -0.0141642 -4.60229e-05  -0.00141805  -0.0228391  0.00984194 -0.00146094 1 0 0 13201
             59.9963   7.4787  4.49412 -6.06883 -0.0498181 -0.0223661 -0.0127237  -0.0153831 -0.00720045   0.0011905   -0.0141873 -5.48961e-05  -0.00141808  -0.0229115  0.00989982 -0.00144023 1 0 0 13452
             60.1005  7.48896  4.41655 -6.08421 -0.0501761 -0.0207063 -0.0119004 -0.0101889  0.0147792 0.00606464   -0.0142108 -5.33529e-05  -0.00142721  -0.0229931  0.00976699 -0.00145315 1 0 0 13451
             60.2004  7.50325  4.24746 -6.09405 -0.0514273 -0.0196902 -0.0116611 -0.0150222  0.0140508 0.00511644   -0.0142313 -5.46213e-05  -0.00142931  -0.0229947  0.00980447 -0.00143398 1 0 0 13484
             60.3004  7.53285  4.18896 -6.14548 -0.0511924 -0.0185994 -0.0114931 -0.00443411   0.0126163 0.000319827   -0.0142575 -5.33933e-05  -0.00142649  -0.0231034  0.00980516 -0.00143628 1 0 0 13367
             60.4004  7.56587  4.13362 -6.03322 -0.0492304 -0.0180184 -0.0101664 0.0112672 0.0107797 0.0104133   -0.0142835 -4.89428e-05  -0.00144208   -0.023236  0.00982794 -0.00150522 1 0 0 13123
             60.5005 7.54916 4.24002 -6.0814  -0.0499021   -0.018115 -0.00947622 -0.00668992 0.000317289  0.00682415   -0.0143123 -5.09929e-05  -0.00143409  -0.0231575  0.00990042 -0.00150997 1 0 0 13256
             60.6003  7.53551  4.45348 -6.05945 -0.0481153 -0.0213863 -0.0114442  0.00820448  -0.0207108 -0.00913746   -0.0143354 -6.21597e-05  -0.00142922  -0.0233197   0.0100584 -0.00141903 1 0 0 13073
             60.7004  7.57793  4.53429 -6.00803  -0.046801 -0.0206065 -0.0125186   0.0109121 0.000561402  -0.0115159    -0.014361 -5.55125e-05  -0.00143725  -0.0233509  0.00990399 -0.00137795 1 0 0 13222
             60.8003  7.59294      4.7 -5.95726 -0.0448526 -0.0200243 -0.0134011   0.0155454  0.00794181 -0.00916761   -0.0143772 -6.00627e-05  -0.00144009  -0.0234034  0.00987631 -0.00138163 1 0 0 13097
             60.9003 7.58665  4.8233 -5.8895 -0.0452365 -0.0187554 -0.0142622 -0.00508385   0.0121877 -0.00959883   -0.0144001 -6.10807e-05  -0.00144045  -0.0233219  0.00987083 -0.00138053 1 0 0 13215
             60.9994  7.55257  4.82927 -5.86985 -0.0466257 -0.0193665 -0.0161696  -0.0164339 0.000837237  -0.0117045   -0.0144172 -6.05295e-05  -0.00144465 -0.0233052  0.0099815 -0.0013417 1 0 0 13127
             61.0996  7.54563  4.85315 -5.92231 -0.0487455 -0.0195174 -0.0151798  -0.0231901 -0.00218117  0.00336449   -0.0144517 -5.75395e-05  -0.00144311  -0.0232801  0.00999497 -0.00145708 1 0 0 13087
             61.2004  7.59316  4.82555 -5.90354 -0.0482845 -0.0214733 -0.0143536 -0.00447066  -0.0121971  0.00725115   -0.0144842 -5.63146e-05  -0.00144675  -0.0234425   0.0100714 -0.00150994 1 0 0 13191
             61.3003  7.59264  4.86271 -5.83675 -0.0470831 -0.0203068  -0.014872  0.00678226  0.00860332 -0.00455423   -0.0144954 -6.01183e-05  -0.00145458  -0.0235431  0.00993779 -0.00143055 1 0 0 13094
             61.4003  7.59527   4.9683 -5.79986 -0.0456813 -0.0199111 -0.0152492  0.00795163  0.00775061 0.000285313   -0.0145208 -6.77778e-05  -0.00145109  -0.0235994  0.00995888 -0.00143189 1 0 0 13113
             61.5003  7.56775  4.88153 -5.83198 -0.0466896 -0.0191526 -0.0163827 -0.00882127   0.0076891  -0.0086255   -0.0145474 -5.85478e-05  -0.00145034  -0.0235271  0.00998058 -0.00137763 1 0 0 13129
             61.6003 7.56682 4.90998 -5.8258 -0.0489687 -0.0214123 -0.0172517  -0.0227324  -0.0144535 -0.00560359   -0.0145725 -6.04001e-05  -0.00145325  -0.0234707   0.0101594 -0.00141152 1 0 0 13166
             61.7002  7.56826  4.93967 -5.80765 -0.0469917 -0.0217521 -0.0177472  0.00773892 -0.00261963 -0.00860345  -0.0145945 -6.6641e-05 -0.00144966  -0.0237038   0.0100683 -0.00141178 1 0 0 13116
             61.8002  7.60034  4.92745 -5.75501 -0.0472864 -0.0204319 -0.0168925 -0.00367932   0.0109233  0.00432086   -0.0146122 -6.28416e-05  -0.00146264  -0.0236485   0.0099929 -0.00147379 1 0 0 13185
             61.9003  7.55017   4.8872 -5.81085 -0.0476625 -0.0206372 -0.0178372 -0.00524394   0.0029353 -0.00433889    -0.014631 -6.60651e-05  -0.00145939  -0.0236664   0.0100721 -0.00142098 1 0 0 13164
             61.9998  7.62921  5.04942 -5.75072 -0.0479579 -0.0222185 -0.0195749 -0.00516013  -0.0089288  -0.0119879   -0.0146568 -7.15011e-05  -0.00145838 -0.0236909  0.0101719 -0.0013885 1 0 0 13014
             62.1002 7.62656 4.99894 -5.6657 -0.0474912 -0.0213095  -0.018899 -0.00367614  0.00594633  0.00200314    -0.014679 -6.86546e-05  -0.00146535  -0.0237553    0.010083 -0.00145646 1 0 0 13010
             62.2002  7.61833  4.87655 -5.79048 -0.0472935  -0.021515  -0.017123  -0.00443403 -0.000837422    0.0152501   -0.0147022 -6.62072e-05  -0.00146534  -0.0238051   0.0101141 -0.00154024 1 0 0 13106
             62.3002  7.67535  4.75625 -5.86676 -0.0482912 -0.0201504 -0.0146387 -0.00936828   0.0120184   0.0214903   -0.0147344 -6.45818e-05  -0.00146679   -0.023772   0.0100523 -0.00157017 1 0 0 13159
             62.4002  7.60447  4.74791 -5.89509  -0.046729 -0.0183986 -0.0141728 0.00635587  0.0183379 0.00748129   -0.0147434 -6.62845e-05  -0.00147572  -0.0239286  0.00999589 -0.00149168 1 0 0 13215
             62.5001 7.64902 4.62779 -6.0242 -0.0470036 -0.0171673 -0.0116579 -0.00510423   0.0165718    0.023204   -0.0147756 -5.07107e-05   -0.0014832  -0.0238944   0.0100375 -0.00157582 1 0 0 13104
             62.6001  7.54911  4.50839 -6.15443 -0.0468613 -0.0202142 -0.0143417 -0.000635852   -0.0182397   -0.0121578   -0.0147962 -5.75091e-05  -0.00147122  -0.023966  0.0103035 -0.0013904 1 0 0 13271
             62.7001 7.69204 4.63765  -6.106 -0.0484255 -0.0211768 -0.0155419  -0.0171762 -0.00802997  -0.0129151   -0.0148302 -6.48096e-05  -0.00147457  -0.0238964   0.0102786 -0.00138386 1 0 0 13139
             62.8002  7.67058  4.61094 -6.17286 -0.0482302 -0.0241195 -0.0173714 -0.00660584  -0.0221813  -0.0138107   -0.0148396 -7.10192e-05  -0.00147536  -0.0240306   0.0103811 -0.00138514 1 0 0 13304
             62.8997  7.75345  4.64138 -6.15402 -0.0475529 -0.0240881 -0.0153855  0.00223544 -0.00364702  0.00589298     -0.01487 -7.16404e-05  -0.00147988  -0.0240875   0.0102453 -0.00153275 1 0 0 13178
             62.9986  7.73825    4.637 -6.14646  -0.047441 -0.0201425 -0.0135467 -0.000452557    0.0326235    0.0126675   -0.0148879 -6.12466e-05  -0.00148769  -0.0240792   0.0100264 -0.00155066 1 0 0 13096
             63.1002  7.84451  4.81382 -6.10793 -0.0474973 -0.0183026 -0.0113613 -0.00245238   0.0222257   0.0190732   -0.0149263 -6.36076e-05  -0.00148718   -0.024079   0.0101082 -0.00162549 1 0 0 13294
             63.2001  7.86043  4.88242 -5.94944 -0.0482292 -0.0166341 -0.0087681 -0.0122516  0.0185182  0.0278925   -0.0149482 -6.98901e-05  -0.00149302  -0.0240737   0.0101518 -0.00165782 1 0 0 13133
                63.3  7.80191  4.80227 -6.00749  -0.0480589  -0.0201254 -0.00947111 -0.00746373  -0.0196973  0.00463612   -0.0149794 -5.71031e-05  -0.00149342  -0.0242052    0.010421 -0.00154787 1 0 0 13171
                63.4  7.76533  4.97175 -6.06702 -0.0459501 -0.0207071 -0.0132108   0.0157752 -0.00155107  -0.0248066   -0.0149938 -6.92824e-05  -0.00148962  -0.0243839   0.0103314 -0.00132715 1 0 0 13226
             63.5001 7.77712 4.99435 -5.9541 -0.0459983  -0.021813  -0.015323 -0.00106502  -0.0088973  -0.0208828    -0.015022 -6.29105e-05  -0.00149058  -0.0243069   0.0104054 -0.00134813 1 0 0 13263
             63.6001  7.79147   5.1083 -5.98314 -0.0482557 -0.0216992 -0.0147757   -0.0245731  -0.00291145 -0.000631274   -0.0150453 -7.20337e-05  -0.00149292  -0.0242057   0.0103583 -0.00146646 1 0 0 13094
             63.7001  7.71197  5.08624 -6.09766 -0.0483685  -0.021948 -0.0152503 -0.00673405 0.000489713 -0.00371116   -0.0150626 -7.60176e-05  -0.00148855  -0.0243403    0.010346 -0.00145049 1 0 0 13189
             63.7998  7.74426  5.07289 -6.03223 -0.0482373 -0.0216744 -0.0120817  -0.0018444 0.000325176   0.0187481   -0.0150879 -7.20355e-05   -0.0014948  -0.0243616   0.0103283 -0.00163976 1 0 0 13075
             63.8999 7.71814 5.17359 -5.9276 -0.0488974 -0.0227991 -0.0151451 -0.00976175 -0.00194589  -0.0105686    -0.015102 -7.85014e-05  -0.00150244  -0.0243848   0.0104127 -0.00139704 1 0 0 13161
             63.9999  7.69902  5.08823 -5.96364 -0.0481326 -0.0198453 -0.0155197 0.000787478   0.0234858 -0.00894894   -0.0151256 -6.87006e-05  -0.00149922  -0.0244878    0.010229 -0.00140322 1 0 0 13092
             64.0999  7.65705   5.1079 -5.99173 -0.0493172 -0.0208111 -0.0174603  -0.0108737 -0.00046781  -0.0135209   -0.0151438 -7.79349e-05  -0.00149988  -0.0244404   0.0104286 -0.00138585 1 0 0 13168
                64.2  7.73142  4.99364 -5.96815 -0.0475113  -0.018611 -0.0145289 0.00864002  0.0164366   0.013251   -0.0151773 -6.35934e-05  -0.00150478  -0.0245767   0.0102824 -0.00158673 1 0 0 13243
                64.3   7.7034  5.15312 -5.99135 -0.0463545  -0.021204 -0.0166399  0.00540607  -0.0126853 -0.00696213   -0.0151932 -7.76113e-05  -0.00150119   -0.024638   0.0105174 -0.00146489 1 0 0 13214
             64.3996  7.73506  5.06756 -5.99812 -0.0480889 -0.0214218 -0.0141607  -0.0142341 -0.00515976   0.0160103   -0.0152249 -6.39765e-05   -0.0015082 -0.0245081   0.010486 -0.0016108 1 0 0 13208
             64.4998  7.73618  5.12474 -5.87361 -0.0472721 -0.0217464 -0.0145805  0.000952555 -0.000142702   0.00250166   -0.0152462 -7.29837e-05  -0.00151523 -0.0246508  0.0104628 -0.0015104 1 0 0 13150
             64.5998  7.79833  5.04003 -5.91168 -0.0474567 -0.0197233 -0.0130437 -0.00571001   0.0153121   0.0113794   -0.0152748 -6.58503e-05  -0.00150762  -0.0246463    0.010353 -0.00155158 1 0 0 13272
             64.6998  7.82907  4.86708 -5.94965 -0.0475132 -0.0185954 -0.0144517 -0.00502784   0.0151479 -0.00335439   -0.0152991 -6.36409e-05  -0.00151064   -0.024711   0.0103807 -0.00141763 1 0 0 13220
             64.7999 7.66125 4.88209 -6.0972  -0.047365 -0.0199192 -0.0157413  -0.0074504 -0.00864903  -0.0107875  -0.0153136 -6.6763e-05 -0.00151213  -0.0247801   0.0105183 -0.00141499 1 0 0 13425
             64.8962  7.66685  4.82625 -6.32498 -0.0493965 -0.0217137 -0.0172451 -0.0210441 -0.0126976  -0.010876   -0.0153449 -6.61767e-05  -0.00151526  -0.0247305   0.0105924 -0.00140397 1 0 0 13236
             64.9957  7.69675  4.59157 -6.25427 -0.0503408 -0.0214859 -0.0164808  -0.0082862  0.00148976 0.000983092 -0.0153713 -6.853e-05 -0.0015213  -0.0247655   0.0105255 -0.00148505 1 0 0 13551
             65.0999  7.81971  4.85699 -6.08087 -0.0517222 -0.0204523 -0.0120175 -0.0214245 0.00647424  0.0272853    -0.015397 -8.47807e-05  -0.00153017  -0.0247289   0.0104493 -0.00172148 1 0 0 13499
             65.1998  7.79274  4.62134 -6.30878 -0.0517549  -0.020442 -0.0124783 -0.0116768 0.00955347  0.0129713   -0.0154111 -8.55764e-05  -0.00151812  -0.0249162   0.0104917 -0.00153818 1 0 0 13651
             65.2998  7.74439  4.18597 -6.43378 -0.0515719 -0.0188438 -0.0100466 0.00170164  0.0110013  0.0141015   -0.0154417 -6.56368e-05  -0.00152921  -0.0249782   0.0104411 -0.00160323 1 0 0 13378
             65.3998  7.88747   4.4252 -6.44136  -0.0497397  -0.0191597 -0.00951412  0.0131663 0.00430654 0.00788148  -0.0154728 -6.3858e-05 -0.00152852  -0.0250717   0.0104956 -0.00158961 1 0 0 13256
             65.4996  7.89132  4.17266 -6.30765  -0.0479079  -0.0179128 -0.00687753  0.014823 0.0133445 0.0220483   -0.0154919 -5.57255e-05  -0.00153754   -0.025104   0.0104773 -0.00166858 1 0 0 13290
             65.5997   7.7978  4.37694 -6.20556 -0.0471184 -0.0180876 -0.0103805 0.00315423 0.00501782 -0.0209351   -0.0155052 -6.82836e-05  -0.00154401  -0.0251192   0.0105711 -0.00140481 1 0 0 13137
             65.6998   7.8765   4.4932 -6.22749 -0.0499644 -0.0188443 -0.0142603   -0.025719 0.000323567  -0.0263962   -0.0155337 -7.27181e-05  -0.00153575  -0.0249818    0.010678 -0.00131461 1 0 0 13292
             65.7998  7.60897  4.52424 -6.17468 -0.0500884 -0.0193509 -0.0168428 -0.00604133 -0.00505405  -0.0272517   -0.0155419 -7.91782e-05  -0.00154162  -0.0251191   0.0106856 -0.00132763 1 0 0 13155
             65.8998   7.6776   4.6999 -6.13832 -0.0483258  -0.018115  -0.016028  0.00832716  0.00568875 -0.00826792  -0.0155719 -8.0327e-05 -0.00154115 -0.0252377  0.0105503 -0.0015065 1 0 0 13278
             65.9994  7.69484  4.82957 -6.11115 -0.0471883  -0.019733 -0.0163317  0.00586908 -0.00786105 0.000873832  -0.0155904 -8.7285e-05 -0.00153904  -0.0252759   0.0106768 -0.00154854 1 0 0 13165
             66.0998  7.65949  4.89905 -6.12701 -0.0477419 -0.0199669 -0.0161067 -0.00648362 -0.00503833 0.000903587   -0.0156129 -8.32166e-05  -0.00153752  -0.0252242   0.0106528 -0.00155201 1 0 0 13274
             66.1996  7.66563  4.99903 -6.18217 -0.0477667 -0.0210193 -0.0179758 -0.00421703 -0.00409028  -0.0119456   -0.0156331 -8.63815e-05  -0.00154316  -0.0252894   0.0106875 -0.00145966 1 0 0 13046
             66.2996  7.68612  5.01231 -6.03122 -0.0472819 -0.0186038 -0.0174109  0.00317942    0.018515 0.000913244    -0.015659 -7.90106e-05  -0.00155657   -0.025322   0.0105305 -0.00150739 1 0 0 13181
             66.3996  7.65065   5.0537 -5.98386 -0.0466281 -0.0175423 -0.0178342 -0.000595547    0.0120578  -0.00473735   -0.0156774 -7.98328e-05  -0.00155204  -0.0253675   0.0105678 -0.00149745 1 0 0 13179
             66.4997   7.7043  5.13588 -6.07273  -0.046688 -0.0185046 -0.0185447  -0.00586866 -0.000269595 -0.000169167   -0.0157019 -8.21929e-05  -0.00154958  -0.0254034   0.0106918 -0.00150826 1 0 0 13293
             66.5997  7.64686  5.03682 -6.01735  -0.048368 -0.0201061 -0.0179852 -0.0154888 -0.0131647 0.00287196  -0.0157218 -7.7214e-05 -0.00155895  -0.0253439   0.0107934 -0.00154961 1 0 0 13212
             66.6996  7.72275  5.14637 -5.99221 -0.0465844 -0.0205355 -0.0184307  0.00711487 -0.00366869  -0.0049461   -0.0157419 -8.80913e-05  -0.00155537 -0.0255444   0.010714 -0.0015219 1 0 0 13208
             66.7996  7.68407  5.05025 -5.98975 -0.0465845 -0.0205302 -0.0162845 -0.0033979 0.00173369  0.0173541     -0.01576 -7.45881e-05  -0.00155996  -0.0255114   0.0107097 -0.00163641 1 0 0 13214
             66.8997    7.696  5.02097 -5.98139 -0.0467909 -0.0196265 -0.0145429 -0.00385347  0.00677399   0.0160682  -0.0157855 -7.9106e-05 -0.00156021  -0.0255253   0.0106618 -0.00163415 1 0 0 13261
             66.9986 7.69807 5.04354  -5.956 -0.0475526 -0.0205194 -0.0163261  -0.00960582 -0.000624675  -0.00648017   -0.0158037 -8.69689e-05  -0.00156194  -0.0255412   0.0107708 -0.00148234 1 0 0 13086
             67.0995  7.68554   5.0414 -5.96059 -0.0484569 -0.0208112 -0.0181039   -0.0120439 -0.000792249   -0.0140437  -0.0158218 -9.2697e-05 -0.00155865  -0.0255692   0.0107891 -0.00142471 1 0 0 13015
             67.1996  7.72929  5.06592 -5.93632 -0.0492488 -0.0208858 -0.0186867  -0.0102081  0.00157359 -0.00830728   -0.0158444 -9.28035e-05  -0.00156717  -0.0255946   0.0107862 -0.00147162 1 0 0 13273
             67.2997  7.78417  4.99849 -5.88544 -0.0476871 -0.0194254 -0.0173108 0.00736103  0.0127054 0.00813748   -0.0158691 -8.38592e-05  -0.00157097  -0.0257315   0.0106886 -0.00156903 1 0 0 13177
             67.3997  7.75871  4.99648 -5.89754 -0.0457949 -0.0193193 -0.0185209   0.0127734  0.00676435 -0.00625874   -0.0158865 -9.56677e-05  -0.00156613  -0.0258269    0.010752 -0.00148486 1 0 0 13200
             67.4995  7.89233  4.90345 -5.91373 -0.0444594 -0.0168015 -0.0139586 0.0104316 0.0179747 0.0299065   -0.0159259 -8.50113e-05  -0.00157409  -0.0258079   0.0106418 -0.00173326 1 0 0 13079
             67.5996  7.78024  4.71786 -5.94816 -0.0455569 -0.0184514 -0.0159914  -0.0111401 -0.00286277 -0.00200683   -0.0159409 -8.28882e-05  -0.00157325 -0.0257462  0.0108773 -0.0014986 1 0 0 13233
             67.6996 7.88829 4.73445 -6.0072 -0.0476948 -0.0194369 -0.0151025  -0.0217755 -0.00969284  0.00380675  -0.0159768 -8.0817e-05  -0.0015726   -0.025694   0.0109113 -0.00157732 1 0 0 13132
             67.7997  7.85189  4.77338 -6.00214  -0.049891 -0.0188721 -0.0170589  -0.0235074  0.00726177 -0.00947002   -0.0159828 -9.10094e-05  -0.00157402  -0.0257149   0.0108416 -0.00142074 1 0 0 13200
             67.8997  7.84428  4.62708 -6.07087 -0.0511398 -0.0184229 -0.0145643 -0.0210328 0.00308788  0.0126906  -0.0160128 -8.9053e-05 -0.00157399  -0.0257823   0.0108381 -0.00161177 1 0 0 13024
             67.9996  7.83278  4.62507 -6.17948 -0.0520999 -0.0193129 -0.0163742  -0.0120812 -0.00231775 -0.00875077   -0.0160237 -9.49903e-05  -0.00158064  -0.0258729   0.0109019 -0.00147533 1 0 0 13105
             68.0996  7.89245  4.64287 -6.13992 -0.0513194 -0.0191733 -0.0176583 0.00289649 0.00299493 -0.0116652  -0.0160522 -9.5743e-05 -0.00158689  -0.0259816   0.0108781 -0.00145535 1 0 0 13012
             68.1997  7.89314  4.76284 -6.01318   -0.04995 -0.0175746 -0.0168897 0.00533779  0.0163721 0.00200244   -0.0160642 -0.000102807  -0.00159006  -0.0260492    0.010799 -0.00154246 1 0 0 13154
             68.2996  7.89441   4.6469 -6.07112 -0.0489151 -0.0174162 -0.0135846 0.00260104 0.00295003  0.0218742   -0.0160994 -8.10214e-05  -0.00159851  -0.0260943   0.0108644 -0.00173561 1 0 0 13043
             68.3997  7.97801  4.63174 -6.10116  -0.0454595  -0.0166255 -0.00840411  0.0262001 0.00859989  0.0450658   -0.0161329 -7.54953e-05  -0.00159478  -0.0262558    0.010807 -0.00188176 1 0 0 13163
             68.4996  7.94467  4.68465 -6.02967  -0.0439989  -0.0172198 -0.00845419   0.0117727 0.000162668   0.0127514   -0.0161498 -6.97824e-05  -0.00159722  -0.0262409   0.0109093 -0.00166508 1 0 0 13146
             68.5998  7.96992  4.84955 -6.04335  -0.0468357  -0.0190158 -0.00888567 -0.0233408  -0.012432 0.00412183   -0.0161755 -8.24313e-05  -0.00159899  -0.0260573   0.0110459 -0.00159608 1 0 0 13197
             68.6997  7.83863  4.91054 -6.01827 -0.0500142 -0.0203196 -0.0135853 -0.0300393  -0.008765 -0.0307284  -0.0161775 -9.9057e-05 -0.00160049   -0.026049   0.0110794 -0.00131989 1 0 0 13216
             68.7992   7.8902  5.01093 -5.99133 -0.0507684 -0.0196602 -0.0184469 -0.0143841 0.00549661 -0.0456422   -0.0161987 -9.70395e-05  -0.00159762 -0.0261878  0.0109722 -0.0012194 1 0 0 12998
             68.8996  7.81818  5.06329 -5.89472  -0.050038 -0.0201218 -0.0237263 -0.000832973   0.00212479    -0.049147   -0.0162073 -0.000109169  -0.00160537  -0.0263317   0.0110244 -0.00119764 1 0 0 13269
             69.0003  7.89224  5.09072 -5.91047 -0.0478325 -0.0174315 -0.0217731    0.0114941    0.0186462 -0.000640351   -0.0162451 -0.000101425  -0.00160054  -0.0264368   0.0108471 -0.00153945 1 0 0 13206
             69.0996  7.82967  5.06898 -5.92048 -0.0471898  -0.017849 -0.0184866 0.00412966 0.00100489  0.0239388   -0.0162629 -0.000104625  -0.00160478 -0.0264026  0.0109833 -0.0017472 1 0 0 13092
             69.1997  7.90296  4.98739 -5.92273  -0.047272 -0.0166499 -0.0143437 -0.00177656   0.0090405    0.033881   -0.0163018 -9.13601e-05  -0.00160574  -0.0263699   0.0109266 -0.00183283 1 0 0 13235
             69.2996  7.89556  5.06027 -5.86564 -0.0482567 -0.0165477 -0.0131542 -0.0113365 0.00734008  0.0213852    -0.016317 -0.000102474  -0.00161087 -0.0263543  0.0109946 -0.0017149 1 0 0 13206
             69.3997  7.84712  4.95133 -5.89276 -0.0485878 -0.0171079 -0.0129319  -0.00937352 -6.17038e-05   0.00826515  -0.0163443 -8.0568e-05 -0.00161123  -0.0264351   0.0110613 -0.00163164 1 0 0 13216
             69.5003  7.82724  5.02916 -5.87566 -0.0476028 -0.0188667 -0.0158931  0.00370657 -0.00762715  -0.0157326   -0.0163624 -9.30002e-05  -0.00161156  -0.0265912   0.0111561 -0.00144913 1 0 0 13308
             69.6003  7.83937  5.06337 -5.80254 -0.0473261 -0.0192829 -0.0169307  0.00111085 -0.00447676  -0.0146726   -0.0163888 -9.41074e-05  -0.00160823  -0.0265827   0.0111454 -0.00148332 1 0 0 13311
             69.6997  7.88089  5.14694 -5.76081 -0.0464379 -0.0190346  -0.019705 0.00132186 0.00502083 -0.0210676   -0.0164107 -9.60804e-05  -0.00161464  -0.0266675   0.0110974 -0.00139302 1 0 0 13219
             69.7992  7.84951  5.03718 -5.89055 -0.0479751 -0.0188455 -0.0198159  -0.0145448   0.0020632 -0.00703652  -0.0164391 -8.9383e-05 -0.00160814  -0.0265692   0.0111333 -0.00150416 1 0 0 13221
             69.8997  7.87185  5.10149 -5.86559 -0.0494689 -0.0188041 -0.0189896  -0.0154337 6.25278e-05  0.00296271   -0.0164619 -9.51705e-05   -0.0016189  -0.0265581   0.0111406 -0.00160344 1 0 0 13207
             69.9996 7.90804 5.08092 -5.8407 -0.0482512 -0.0202828 -0.0178147 0.000998702 -0.00864131  0.00957582   -0.0164886 -8.93568e-05  -0.00161512  -0.0267347   0.0112123 -0.00167488 1 0 0 13523
             70.0995 7.95593 5.04919 -5.8179 -0.0486829  -0.019176  -0.015783 -0.00645148   0.0084231   0.0180452    -0.016514 -9.17899e-05  -0.00162594  -0.0267162   0.0110975 -0.00169619 1 0 0 13477
             70.1993  7.94837  4.94858 -5.85286 -0.0467908 -0.0191425 -0.0177277   0.0111469  0.00788943 -0.00676275   -0.0165331 -9.50659e-05  -0.00162012  -0.0269002   0.0111385 -0.00150224 1 0 0 13512
             70.2994 7.97906 4.89103  -5.839 -0.0459321 -0.0185541 -0.0163189 0.00498762 0.00465091 0.00543433   -0.0165629 -8.93775e-05  -0.00162862  -0.0268873   0.0111455 -0.00163694 1 0 0 13397
             70.3998  8.01652  4.81394 -5.86773 -0.0441228 -0.0186056 -0.0146676  0.0121733 0.00389904  0.0174785   -0.0165881 -9.60228e-05  -0.00162889  -0.0269763    0.011172 -0.00168911 1 0 0 13256
             70.4997  8.04246  4.68066 -5.86898 -0.0456459 -0.0189396 -0.0147783  -0.0122688 -0.00141976  0.00215469   -0.0166168 -9.37539e-05  -0.00163041  -0.0268354    0.011241 -0.00159224 1 0 0 13252
             70.6002  8.07584  4.66394 -5.93932   -0.04788 -0.0186414 -0.0157003   -0.023721  0.00456448 -0.00268413   -0.0166423 -9.45798e-05  -0.00163194  -0.0268014   0.0112274 -0.00152107 1 0 0 13291
             70.7001  8.06279   4.4494 -5.97753 -0.0511451 -0.0177405 -0.0139236 -0.0324008 0.00626474 0.00993751   -0.0166714 -8.66906e-05   -0.0016365  -0.0267435   0.0112176 -0.00162976 1 0 0 13225
             70.7994  8.05528  4.56139 -5.99079 -0.0508551 -0.0183801 -0.0154553  -0.00653207 -0.000523352  -0.00953952   -0.0166824 -9.86954e-05  -0.00164098  -0.0269852   0.0112582 -0.00152489 1 0 0 13099
             70.8993  8.14292  4.53363 -5.97903 -0.0486008 -0.0193597 -0.0145953 0.00967534 -0.0020786 0.00614845   -0.0167192 -9.10532e-05  -0.00163762  -0.0271739   0.0112984 -0.00162834 1 0 0 13172
             70.9997  8.01388  4.63933 -6.06553 -0.0473536 -0.0192166  -0.017462   0.00833721 -0.000158517   -0.0236869   -0.0167237 -0.000106748  -0.00163841 -0.0272293  0.0112703 -0.0014577 1 0 0 13222
             71.1001  8.08047  4.66763 -6.12612 -0.0466787 -0.0199556 -0.0180223  0.00799914    -0.00263 -0.00479817   -0.0167508 -9.86631e-05   -0.0016358  -0.02721 0.0113321 -0.001552 1 0 0 13214
             71.1996  8.05454  4.73107 -5.97199 -0.0481127 -0.0193263 -0.0175671  -0.0145891  0.00263674 -0.00212914   -0.0167728 -0.000103049  -0.00164826  -0.0270806   0.0113034 -0.00159769 1 0 0 13143
             71.2995   8.1033  4.89932 -6.08539 -0.0494191 -0.0197504 -0.0162269  -0.0164885 -0.00193585  0.00914258   -0.0167939 -0.000110569  -0.00163968  -0.0271029   0.0113318 -0.00170272 1 0 0 13115
             71.3997  8.05649  4.93283 -6.01698 -0.0496227 -0.0198846 -0.0189752 -0.00569237  0.00404404  -0.0148355   -0.0168069 -0.000114096  -0.00164481  -0.0272198   0.0113357 -0.00147744 1 0 0 13160
             71.4996  8.08642  4.97578 -5.92662 -0.0480936 -0.0205299 -0.0201124  0.00939027 -0.00262377  -0.0123238   -0.0168275 -0.000111622  -0.00164989  -0.0273504   0.0113837 -0.00152996 1 0 0 13101
                71.6  8.06611  5.05061 -5.93082 -0.0481677 -0.0208665 -0.0196793 -0.00431483 -0.00388641 0.000111748   -0.0168527 -0.000105788  -0.00164407  -0.0272988   0.0113983 -0.00162186 1 0 0 13242
             71.7001  8.02017  5.08119 -6.01776 -0.0478047 -0.0210076 -0.0220848 -0.00122599  0.00171266   -0.016698   -0.0168674 -0.000105059   -0.0016444  -0.0273881   0.0113836 -0.00148594 1 0 0 13138
             71.7994   8.1352   4.9655 -5.96857 -0.0475918 -0.0220149 -0.0213238  0.00112749 -0.00484528  0.00297774   -0.0168889 -9.59908e-05   -0.0016515  -0.0273949    0.011459 -0.00163581 1 0 0 13123
             71.8997  8.19847  5.01397 -5.86694 -0.0469194 -0.0202137 -0.0169711 0.000124165  0.00988721   0.0283943   -0.0169252 -9.41654e-05  -0.00165992  -0.0274111    0.011301 -0.00183769 1 0 0 13071
             71.9997  8.16785  5.06483 -6.00286 -0.0466444 -0.0217937 -0.0189989 -0.00171293 -0.00439298 -0.00058623   -0.0169354 -0.000101724  -0.00165039   -0.027493   0.0114649 -0.00159611 1 0 0 13175
                72.1  8.18931  4.93055 -6.03414 -0.0469093 -0.0195485 -0.0161957 -0.00213182   0.0151571   0.0155028   -0.0169655 -9.44377e-05  -0.00165713  -0.0274645   0.0113063 -0.00172546 1 0 0 13162
             72.1996  8.17758  5.07569 -5.91005 -0.0489817 -0.0192985 -0.0168443  -0.0169754  0.00724085 -0.00082481    -0.016979 -0.000109835  -0.00166902  -0.0273642   0.0114133 -0.00162229 1 0 0 13142
             72.3001  8.24941  5.06311 -5.86025 -0.0480713 -0.0175393 -0.0166132 -0.00198956   0.0181966  0.00233669   -0.0170071 -9.18125e-05  -0.00167343  -0.0275427   0.0113274 -0.00162087 1 0 0 13147
                72.4  8.23235  5.07997 -5.96436 -0.0475738 -0.0185588 -0.0181719 -0.00294672 1.92323e-05 -0.00531157   -0.0170268 -8.84303e-05  -0.00166888  -0.0276397   0.0114932 -0.00155813 1 0 0 13063
             72.4996  8.26646  4.83505 -5.99752 -0.0470863 -0.0190153 -0.0152005  0.00365793 -0.00524646   0.0164419   -0.0170598 -8.21606e-05  -0.00167102  -0.0276703   0.0115131 -0.00176615 1 0 0 12999
             72.5997   8.2417  4.99222 -5.89991 -0.0462071 -0.0207127 -0.0183825  0.00483907 -0.00892585  -0.0177532  -0.0170652 -9.0801e-05 -0.00166903  -0.0277417   0.0115914 -0.00151675 1 0 0 13176
             72.6992   8.2945  4.99406 -5.86501 -0.0483956 -0.0190001 -0.0157445 -0.0212088 0.00944134  0.0150753   -0.0170979 -9.28025e-05    -0.001677  -0.0275733   0.0114525 -0.00171199 1 0 0 13004
             72.7997  8.14927  4.87623 -5.94266 -0.0484469 -0.0204174 -0.0196946 -0.00534811  -0.0044636  -0.0232209  -0.0170935  -9.784e-05 -0.00167478  -0.0277476     0.01159 -0.00144875 1 0 0 13145
                72.9  8.30888   4.9103 -5.87616 -0.0487373 -0.0214607 -0.0191384 -0.00421177  -0.0088627 -0.00207818   -0.0171344 -9.66456e-05  -0.00167663  -0.0277392   0.0116205 -0.00162048 1 0 0 13188
                  73  8.25107  4.77189 -5.82569 -0.0470722 -0.0209179 -0.0195139  0.00577718   0.0050775 -0.00330756   -0.0171421 -9.04604e-05   -0.0016802  -0.0278938   0.0115187 -0.00158713 1 0 0 13110
             73.1001 8.26642 4.70566 -5.9395 -0.0490629 -0.0203572  -0.017626 -0.0192554 0.00412354  0.0125683   -0.0171734 -9.56659e-05  -0.00167804  -0.0277514   0.0115287 -0.00171247 1 0 0 13177
                73.2  8.23996  4.58015 -5.98844 -0.0505586 -0.0189886 -0.0161882 -0.0153732  0.0131082  0.0146364   -0.0171931 -9.69472e-05  -0.00168499   -0.027776   0.0114755 -0.00170367 1 0 0 13079
             73.3008  8.31367  4.52699 -5.97713 -0.0516689 -0.0185916 -0.0145389 -0.0144594 0.00650868  0.0157518   -0.0172258 -9.75268e-05  -0.00168879  -0.0278101   0.0115318 -0.00174292 1 0 0 13206
                73.4   8.3727  4.36546 -5.98423 -0.0498564 -0.0182499 -0.0122097 0.00616301 0.00833631  0.0214797   -0.0172534 -8.23104e-05  -0.00168895 -0.0280293  0.0115279 -0.0017932 1 0 0 13104
                73.5  8.35814  4.29677 -6.05245 -0.0482764   -0.01862 -0.0111157    0.0106009 -0.000813842    0.0116673   -0.0172767 -9.03149e-05  -0.00169106 -0.0281168  0.0115874 -0.0017603 1 0 0 13152
             73.5996  8.41997  4.35165 -5.98956  -0.0484389  -0.0164221 -0.00913747 -0.000135965    0.0182035    0.0195877   -0.0173106 -8.64698e-05   -0.0017065   -0.028035   0.0114615 -0.00176703 1 0 0 12970
             73.6999  8.30079   4.2729 -6.01025  -0.049088 -0.0190223 -0.0127185 -0.0103479 -0.0108232 -0.0189666   -0.0173182 -8.16906e-05  -0.00169961  -0.0280681   0.0117727 -0.00151907 1 0 0 13172
             73.7998  8.38752  4.35879 -6.01687 -0.0497606 -0.0182021 -0.0131119 -0.00752918  0.00239702 -0.00901954   -0.0173547 -8.71437e-05  -0.00169978  -0.0280813   0.0116406 -0.00157477 1 0 0 12969
             73.8999  8.29159  4.49571 -5.88996 -0.0494551 -0.0193055 -0.0175358 -0.00251503 -0.00378012  -0.0316974   -0.0173548 -9.83359e-05  -0.00170899  -0.0281837   0.0117342 -0.00139126 1 0 0 13165
             73.9998  8.32606  4.45712 -5.94906 -0.0486652 -0.0190445 -0.0173523 0.00129502 0.00102338  -0.008579   -0.0173863 -8.01196e-05  -0.00170265  -0.0282516   0.0116717 -0.00158135 1 0 0 12991
             74.0998  8.20474  4.51978 -5.94636 -0.0489217 -0.0198132 -0.0182685 -0.00284948  -0.0045238 -0.00917124   -0.0173889 -8.92362e-05  -0.00170581  -0.0282368   0.0117354 -0.00159058 1 0 0 13154
             74.1998  8.34071  4.59967 -5.91295 -0.0472852 -0.0200814 -0.0140686   0.0075336 -0.00451846   0.0244569  -0.0174344 -7.2896e-05 -0.00171131  -0.0283404   0.0116846 -0.00189963 1 0 0 13063
             74.2997  8.24452  4.61051 -5.95896 -0.0460536  -0.020333  -0.016267  0.00864019  0.00297884 -0.00502118   -0.0174421 -7.93994e-05   -0.0017004  -0.0284205   0.0116928 -0.00160861 1 0 0 13113
             74.3997  8.28815  4.63539 -5.91999 -0.0462433 -0.0193585 -0.0169887 -0.00346838  0.00846363 -0.00674936   -0.017469 -7.3544e-05 -0.00170962   -0.028374   0.0116563 -0.00158636 1 0 0 13127
             74.4998  8.24507  4.71779 -5.89317 -0.0476631 -0.0193357 -0.0181694   -0.014083  0.00499084 -0.00859242   -0.0174877 -8.78691e-05  -0.00171308  -0.0283257   0.0117272 -0.00156489 1 0 0 13216
             74.5998   8.1997  4.68447 -5.91931 -0.0499068 -0.0202453 -0.0210636  -0.0224419 -0.00475899  -0.0227919   -0.0175056 -8.40001e-05  -0.00170998     -0.0283   0.0118297 -0.00146957 1 0 0 13207
             74.6992  8.23169  4.77791 -5.88043 -0.0502133 -0.0205225 -0.0197496 -0.0118558 -0.0018067 0.00208039   -0.0175327 -8.28382e-05  -0.00171698  -0.0284128   0.0117946 -0.00168336 1 0 0 13151
             74.7998  8.22884  4.70779 -5.89857 -0.0508718 -0.0201878 -0.0169953 -0.0106024 0.00209698  0.0201501  -0.0175626   -7.78e-05 -0.00171552  -0.0284459   0.0117585 -0.00181998 1 0 0 13223
             74.8998  8.25038   4.8025 -5.90271 -0.0499862  -0.019362 -0.0169748  0.0036714  0.0107733 0.00496461   -0.0175807 -8.80832e-05   -0.0017124  -0.0285867   0.0117039 -0.00170579 1 0 0 13193
             74.9996  8.20837  4.85984 -5.83971 -0.0497378 -0.0188497 -0.0181138 -0.000194553   0.00846641  -0.00554363   -0.0175959 -8.78079e-05  -0.00172196   -0.028604   0.0117495 -0.00162019 1 0 0 13438
              75.099  8.28209  4.66174 -5.82052 -0.0470612 -0.0197507 -0.0164783   0.0166354 -0.00329101   0.0129835   -0.0176321 -7.24348e-05  -0.00172505   -0.028788   0.0118365 -0.00176767 1 0 0 13396
             75.1989 8.23055 4.78913 -5.8309 -0.0478116 -0.0188408 -0.0175603 -0.00425421  0.00621903 -0.00661389  -0.0176431 -8.7447e-05 -0.00172102  -0.0286615   0.0117888 -0.00162204 1 0 0 13444
             75.2989  8.30129  4.73939 -5.84493 -0.0476244 -0.0179664 -0.0175113 -0.00196979   0.0115382  0.00135268  -0.0176683 -7.3783e-05 -0.00172664 -0.0287054  0.0117764 -0.0016613 1 0 0 13318
             75.3998  8.25188  4.69316 -5.82625 -0.0473894 -0.0176819 -0.0178537  -0.0010578  0.00461139 -0.00257856   -0.0176861 -8.12018e-05  -0.00173165  -0.0287481   0.0118221 -0.00164216 1 0 0 13247
             75.4996  8.3382 4.73832 -5.7862 -0.0478279 -0.0166302 -0.0171473 -0.00604879   0.0099614  0.00627341   -0.0177158 -7.83642e-05   -0.0017347  -0.0287299   0.0117842 -0.00168621 1 0 0 13232
             75.5998  8.28678  4.50192 -5.77698 -0.0476991 -0.0173236 -0.0156528 -0.00516908 -0.00344584   0.0120214   -0.0177303 -7.35446e-05  -0.00174025  -0.0287962   0.0118908 -0.00175773 1 0 0 13111
             75.6996  8.35517   4.5272 -5.81621 -0.0479598 -0.0181095 -0.0136982 -0.00617218 -0.00661933   0.0193584    -0.017759 -8.27229e-05  -0.00173997  -0.0288251    0.011908 -0.00181532 1 0 0 13198
             75.7989 8.26785 4.42117 -5.8432 -0.0490083 -0.0193754 -0.0163349  -0.0116985 -0.00678772  -0.0120398   -0.0177635 -7.82949e-05  -0.00174144    -0.02884   0.0119743 -0.00155007 1 0 0 13046
             75.9006  8.37455   4.3265 -5.93284 -0.0504421   -0.01906 -0.0141794   -0.0176139 -0.000696372   0.00983899   -0.0178011 -6.61464e-05  -0.00173855  -0.0288207   0.0119018 -0.00173243 1 0 0 13261
             75.9997  8.29301  4.22748 -5.97322 -0.0498601 -0.0198262 -0.0168669  -0.00139975 -0.000202832   -0.0147168   -0.0178106 -7.67187e-05  -0.00174026  -0.0290005   0.0119436 -0.00152688 1 0 0 13055
             76.0996   8.3526  4.22536 -5.99425 -0.0493069 -0.0200561 -0.0170774  0.00263985  -0.0028204 -0.00779399   -0.0178427 -8.18019e-05   -0.0017429  -0.0290381   0.0119453 -0.00161795 1 0 0 13077
             76.1997  8.39894  4.21284 -5.97434 -0.0475129 -0.0198371 -0.0177433   0.0105748  0.00520052 -0.00545779   -0.0178556 -8.01945e-05  -0.00173881  -0.0291489   0.0119097 -0.00161786 1 0 0 13114
             76.2996  8.35825  4.20518 -5.97614 -0.0488162 -0.0189463  -0.016378 -0.0124274 0.00636211 0.00607729   -0.0178759 -8.03366e-05  -0.00174225  -0.0290178   0.0119056 -0.00172589 1 0 0 13062
             76.3996  8.33396  4.24928 -5.98718  -0.050272  -0.018131 -0.0145886 -0.0151004 0.00716773  0.0137841   -0.0179019 -8.23667e-05  -0.00174768 -0.0290079  0.0118891 -0.0017917 1 0 0 13118
             76.5006  8.28572  4.33238 -5.92135 -0.0505449 -0.0178046 -0.0141854 -0.00865659  0.00578514    0.007617   -0.0179265 -7.94312e-05  -0.00175356  -0.0291004    0.011909 -0.00174182 1 0 0 13160
             76.5996 8.24646 4.42241 -5.9848 -0.0519464 -0.0191836 -0.0170298  -0.0160027 -0.00456882  -0.0148386   -0.0179437 -8.90221e-05  -0.00174651  -0.0291118   0.0120532 -0.00155866 1 0 0 13043
             76.6996  8.20337  4.47571 -6.03099 -0.0492717 -0.0200181 -0.0193195   0.0157501 -0.00402262  -0.0227708  -0.0179641 -7.8886e-05 -0.00174564  -0.0293901   0.0120317 -0.00152788 1 0 0 13115
             76.7989  8.18233  4.55428 -5.97979 -0.0488809 -0.0195458  -0.019544  0.00437923  0.00363769 -0.00716047   -0.0179832 -8.42763e-05  -0.00174566  -0.0293142   0.0119994 -0.00162436 1 0 0 13107
             76.9004  8.21662  4.55104 -5.93164 -0.0462583 -0.0183734 -0.0158533  0.0160636 0.00778467  0.0202957  -0.0180167 -7.0194e-05  -0.0017566   -0.029443   0.0119041 -0.00187545 1 0 0 13153
             76.9995  8.15244  4.68678 -6.01657 -0.0480583 -0.0179403 -0.0183846  -0.0108748  0.00731524 -0.00693023   -0.0180269 -8.54239e-05   -0.0017542  -0.0292702   0.0119781 -0.00159921 1 0 0 13109
             77.1004   8.2143  4.65851 -6.04316 -0.0487584 -0.0172133 -0.0156607 -0.0108821 0.00654837  0.0148499   -0.0180615 -6.84504e-05  -0.00176484  -0.0292849   0.0119726 -0.00180646 1 0 0 13161
             77.1996  8.18531  4.74253 -6.01114 -0.0503972 -0.0173039 -0.0165875   -0.013481  0.00320479 -0.00191308   -0.0180738 -8.68038e-05  -0.00176663  -0.0292638   0.0120424 -0.00167094 1 0 0 13086
             77.2996    8.224  4.94138 -5.95972  -0.047959 -0.0166825  -0.017219   0.0102082   0.0088121 -0.00904557   -0.0181012 -7.64881e-05  -0.00177106  -0.0295241   0.0119715 -0.00165859 1 0 0 13017
             77.3997  8.35553  4.94761 -6.01715 -0.0477555 -0.0191142     -0.019 -0.00305752  -0.0142147 -0.00727807   -0.0181266 -7.19217e-05  -0.00176471  -0.0295247   0.0121845 -0.00163828 1 0 0 13113
             77.4995  8.29108  4.66752 -6.14001 -0.0487894 -0.0194032 -0.0169289 -0.00883006 -0.00755157   0.0126189    -0.018154 -5.85169e-05  -0.00176622  -0.0294663   0.0121309 -0.00176827 1 0 0 12967
             77.5994 8.30891   4.748  -6.127 -0.0475338 -0.0203537 -0.0164123   0.0064284 -0.00612684  0.00655604  -0.0181702 -6.9653e-05 -0.00176766  -0.0296107   0.0121174 -0.00174415 1 0 0 13086
             77.7003  8.33861  4.53426 -6.03059 -0.0477032 -0.0196997 -0.0155524 -0.00321889  0.00598922  0.00908487  -0.0181963 -5.5976e-05   -0.001778  -0.0295694   0.0120627 -0.00171812 1 0 0 12992
             77.8005  8.32756  4.51679 -6.16009 -0.0483915 -0.0192159 -0.0178963 -0.0110076  0.0068495 -0.0157888   -0.0182032 -6.77797e-05  -0.00177477 -0.0295956   0.012057 -0.0015365 1 0 0 13268
             77.9004  8.30231  4.41504 -6.32743 -0.0508557 -0.0190437 -0.0180611  -0.0204569  0.00338202 -0.00383224   -0.0182284 -6.44364e-05  -0.00177122 -0.0295044  0.0121181 -0.0016238 1 0 0 13039
             77.9996  8.32525  4.44698 -6.17172 -0.0505102 -0.0195353 -0.0188051  -0.0036287 -0.00142865 -0.00670675   -0.0182395 -6.81521e-05  -0.00177851  -0.0296577   0.0121437 -0.00161834 1 0 0 13004
             78.1003  8.38695  4.42987 -6.18427  -0.050836 -0.0205727 -0.0165804  -0.0114298 -0.00672319   0.0138457   -0.0182752 -7.06046e-05  -0.00178091  -0.0296822   0.0121968 -0.00180087 1 0 0 13142
             78.2004  8.34794  4.40505 -6.30152 -0.0499664  -0.020185 -0.0152646 0.00139406 0.00247357  0.0134049    -0.018292 -6.57113e-05  -0.00178432  -0.0298262   0.0121003 -0.00178572 1 0 0 13107
             78.3003  8.41112  4.21892 -6.30028 -0.0486288 -0.0189136 -0.0126575 0.0103527 0.0133759 0.0224799   -0.0183263 -5.19243e-05  -0.00178667  -0.0298983   0.0120397 -0.00184223 1 0 0 13109
             78.4003  8.40637  4.31194 -6.25131 -0.0483089 -0.0187019 -0.0102647 0.000830889  0.00207716   0.0190301   -0.0183475 -6.06621e-05  -0.00178648  -0.0298653   0.0121081 -0.00188405 1 0 0 13039
             78.4996  8.39666  4.56644 -6.26271 -0.0487104 -0.0200283 -0.0127644 -0.00742673 -0.00336624   -0.005998   -0.0183607 -7.18821e-05  -0.00178169  -0.0298921   0.0122261 -0.00164907 1 0 0 13122
             78.5993 8.32283  4.4877 -6.2328 -0.0509692 -0.0192614 -0.0147175 -0.0194388  0.0038719 -0.0158185   -0.0183854 -6.89006e-05  -0.00179438  -0.0298077   0.0121867 -0.00154198 1 0 0 12978
             78.7002  8.26066  4.65546 -6.22327 -0.0515173 -0.0207656 -0.0184922 -0.00999384 -0.00666855  -0.0311536   -0.0183895 -7.74594e-05  -0.00179237  -0.0299201   0.0122995 -0.00145814 1 0 0 13205
             78.8003  8.31325  4.71595 -6.14936 -0.0491777 -0.0198213 -0.0193851  0.0129205 0.00749973 -0.0154313   -0.0184214 -6.01256e-05  -0.00179431  -0.0301247    0.012164 -0.00157139 1 0 0 13077
             78.9002   8.2686  4.79802 -6.09091 -0.0485021 -0.0200393 -0.0193265   0.00331173 -0.000993747  -0.00314065    -0.018435 -7.62788e-05   -0.0017984  -0.0301017    0.012227 -0.00167434 1 0 0 13113
             78.9996  8.28886  4.75877 -6.14991 -0.0488504 -0.0193205 -0.0184838 -0.00437394   0.0061369   0.0059196   -0.0184644 -5.59218e-05  -0.00179618  -0.0300617   0.0121836 -0.00173055 1 0 0 13024
             79.1002 8.24571 4.79471 -6.1353 -0.0487135 -0.0193715 -0.0176656 -0.000938432   0.00165745   0.00686326   -0.0184752 -6.33071e-05  -0.00180008  -0.0301021   0.0122256 -0.00175985 1 0 0 13163
             79.2002 8.32181 4.84319 -6.0823 -0.0477248 -0.0198289 -0.0137496   0.0023264 -0.00246994    0.028764   -0.0185101 -5.68582e-05  -0.00180709  -0.0301736   0.0122436 -0.00196729 1 0 0 12965
             79.3003  8.23706  4.85789 -6.08426 -0.0462679 -0.0204648 -0.0155356     0.010409 -0.000975334  -0.00175956   -0.0185168 -5.86401e-05  -0.00180309  -0.030294  0.0122759 -0.0016894 1 0 0 13200
             79.4003  8.29223  4.81935 -6.06488 -0.0464291 -0.0202609 -0.0179636 -0.0015294 0.00484671 -0.0167244   -0.0185462 -5.29049e-05  -0.00180222  -0.0302478   0.0122834 -0.00155311 1 0 0 13124
             79.4996  8.27385  4.84803 -6.00978 -0.0475467  -0.021222 -0.0196789  -0.0120579 -0.00478136  -0.0165774   -0.0185614 -6.08775e-05  -0.00180494  -0.0302046   0.0123855 -0.00157209 1 0 0 13148
             79.5993 8.28976 4.86178 -5.9939 -0.0497807 -0.0213196 -0.0231619 -0.0225904 0.00111924 -0.0274069   -0.0185839 -6.76205e-05  -0.00180136  -0.0301659   0.0123818 -0.00144619 1 0 0 13152
             79.6987  8.25776  4.76562 -6.01898 -0.0506835 -0.0207502 -0.0209481 -0.0152661 0.00131914 0.00430522   -0.0186045 -5.64553e-05  -0.00180422    -0.03023   0.0123241 -0.00174733 1 0 0 13096
             79.8001  8.23901  4.86683 -6.03471  -0.051395 -0.0212949 -0.0215246    -0.010014 -0.000746942  -0.00181841   -0.0186242 -6.27402e-05  -0.00180508  -0.0302974   0.0123684 -0.00170521 1 0 0 13172
             79.9003     8.3 4.86583 -5.9659 -0.0511404 -0.0199863 -0.0206056 -0.00134486   0.0113624  0.00760316    -0.018654 -7.14046e-05  -0.00180967 -0.0303748  0.0122734 -0.0017437 1 0 0 13256
             79.9992  8.33346   4.7843 -5.92088 -0.0504945 -0.0204614 -0.0203247 -0.00019573  0.00128224  0.00551036   -0.0186744 -7.00199e-05   -0.0018143  -0.0304525   0.0123666 -0.00173608 1 0 0 13318
             80.0988  8.36504  4.58236 -5.98771 -0.0494551 -0.0198684 -0.0178229 0.00449392 0.00412744   0.018285   -0.0187034 -5.29309e-05  -0.00182018  -0.0305286   0.0123197 -0.00184907 1 0 0 13384
             80.1984   8.3443  4.51078 -6.02519 -0.0492597 -0.0179149 -0.0167433 0.00164985  0.0174326  0.0138066   -0.0187146 -6.20403e-05  -0.00181994  -0.0305251   0.0122348 -0.00177603 1 0 0 13391
             80.2985    8.401  4.38238 -6.04196 -0.0475178 -0.0182709 -0.0163326  0.0108048 0.00257023 0.00794534  -0.0187464 -5.2526e-05 -0.00182263  -0.0306426   0.0123541 -0.00175864 1 0 0 13365
             80.4001  8.41215  4.33844 -6.10392 -0.0472039 -0.0209044 -0.0166143 0.000160031  -0.0188586  0.00272446   -0.0187671 -5.59398e-05    -0.001823  -0.0306291   0.0125334 -0.00173634 1 0 0 13252
             80.5002  8.42528  4.16088 -6.14492 -0.0487129 -0.0206146  -0.014982  -0.0130814 -0.00246154   0.0105365   -0.0187885 -4.26305e-05  -0.00183231   -0.030535   0.0124261 -0.00178516 1 0 0 13294
             80.5994  8.43967  4.24495 -6.14871 -0.0491316 -0.0203426 -0.0150646 -0.00707526  0.00188752  0.00130358  -0.0188061 -5.5662e-05  -0.0018285  -0.0305985   0.0123836 -0.00171888 1 0 0 13017
             80.6992  8.47105  4.23327 -6.03225 -0.0488086 -0.0192832 -0.0158427 -0.00421582   0.0144523 -0.00429565   -0.0188282 -5.54095e-05  -0.00184051  -0.0306913   0.0123358 -0.00164708 1 0 0 13130
             80.8001 8.30909  4.3482 -6.1647 -0.0504543 -0.0196005 -0.0195022  -0.0166735 0.000346095   -0.027536   -0.0188213 -6.84122e-05  -0.00183182  -0.0306607   0.0124556 -0.00149507 1 0 0 13059
             80.9001   8.3527  4.32224 -6.16612 -0.0512503 -0.0195744 -0.0174333  -0.0102677 -0.00047393  0.00739825   -0.0188556 -5.37153e-05  -0.00183376  -0.0306877   0.0124508 -0.00177486 1 0 0 13200
                  81  8.28988  4.41583 -6.04195 -0.0501429 -0.0213101 -0.0195302 0.00200485  -0.010176 -0.0142361   -0.0188597 -6.38461e-05  -0.00184206  -0.0308657   0.0125459 -0.00163678 1 0 0 13041
                81.1  8.29901  4.52839 -6.11972 -0.0497089 -0.0222253 -0.0195889 0.000840054 -0.00767705  -0.0019557   -0.0188911 -5.86121e-05  -0.00183592  -0.0308892   0.0125372 -0.00171629 1 0 0 13246
                81.2  8.28339  4.55507 -6.09478 -0.0481708 -0.0220334 -0.0207875   0.0112193  0.00285806 -0.00960991   -0.0189111 -6.36853e-05  -0.00184013  -0.0309965   0.0124688 -0.00164238 1 0 0 12999
             81.3001  8.36082  4.69086 -6.05591 -0.0480916 -0.0197481 -0.0178189 0.00140002  0.0165715  0.0157467   -0.0189413 -6.57394e-05  -0.00183673  -0.0309063   0.0123396 -0.00184798 1 0 0 13101
             81.4001 8.30946 4.64902 -5.9649  -0.048741 -0.0198208 -0.0171668 -0.00902588  0.00482658    0.011438  -0.0189542 -6.1412e-05 -0.00184893  -0.0308861   0.0124711 -0.00181142 1 0 0 13062
             81.5001  8.33957  4.68216 -5.98157 -0.0511626 -0.0192712  -0.016599 -0.0233309 0.00487057 0.00796746   -0.0189767 -5.99962e-05  -0.00184805  -0.0308089   0.0124803 -0.00177742 1 0 0 13069
                81.6  8.33582  4.73249 -5.98977 -0.0511493 -0.0201516 -0.0183444   -0.0071646 -0.000553024  -0.00706477      -0.019 -6.1237e-05 -0.00184437  -0.0309873   0.0125545 -0.00164465 1 0 0 13129
             81.7001  8.29561  4.74347 -6.00631 -0.0492524 -0.0210993  -0.019834   0.0108396 -0.00593458  -0.0146388   -0.0190098 -5.64235e-05    -0.001843 -0.0311719  0.0125842 -0.0016274 1 0 0 13034
             81.7999   8.3122  4.83797 -5.95058 -0.0484932 -0.0221614 -0.0201792  0.00560283 -0.00772852 -0.00542517   -0.0190338 -6.91883e-05  -0.00184896  -0.0311597   0.0126261 -0.00169505 1 0 0 13144
                81.9  8.28679  4.80769 -5.97569 -0.0454387 -0.0214272 -0.0203245   0.0228788  0.00553194 -0.00470332  -0.0190542 -6.1319e-05 -0.00184992  -0.0313297   0.0125031 -0.00169826 1 0 0 13009
             81.9999  8.25945   4.8975 -5.98363 -0.0463671  -0.022003 -0.0222288  -0.00440162 -0.000777935   -0.0101599   -0.0190698 -6.63614e-05  -0.00184579  -0.0311471   0.0126222 -0.00161838 1 0 0 13079
                82.1  8.32697  4.77796 -5.97328  -0.047019 -0.0209981 -0.0189223 -0.00874067  0.00383806   0.0183207   -0.0191064 -5.61457e-05  -0.00185458  -0.0311167   0.0125461 -0.00186618 1 0 0 13137
             82.1999  8.34092  4.76277 -5.90985 -0.0480997 -0.0213565  -0.018897 -0.0120997 0.00114028  0.0096952   -0.0191185 -6.54407e-05  -0.00186317  -0.0311268   0.0126111 -0.00175792 1 0 0 13069
             82.2999  8.33137  4.56893 -5.93055 -0.0481951 -0.0195875 -0.0196872 -0.00667332    0.015231 -0.00500975   -0.0191425 -5.54426e-05   -0.0018641  -0.0312257   0.0124998 -0.00162925 1 0 0 13037
             82.3999  8.35738  4.55479 -6.05792 -0.0484447 -0.0199267 -0.0200981 -0.00606694  0.00255387 -0.00239692   -0.0191571 -6.53338e-05  -0.00186232  -0.0312733   0.0126128 -0.00167301 1 0 0 13105
             82.4999  8.36215  4.40966 -6.06208 -0.0485068 -0.0189626 -0.0161887 -0.00344874  0.00728309   0.0257573   -0.0191882 -5.06304e-05  -0.00186723   -0.031282   0.0125633 -0.00191466 1 0 0 13035
             82.5989  8.37276  4.36084 -6.07661 -0.0498224 -0.0191123 -0.0154818  -0.0137304 0.000817941    0.011859   -0.0192105 -5.43728e-05  -0.00186937  -0.0312485   0.0126324 -0.00182259 1 0 0 12995
                82.7  8.43725  4.34964 -6.13262 -0.0516188 -0.0196638 -0.0158275  -0.0209034 0.000936998  0.00492364   -0.0192371 -5.32247e-05  -0.00186541  -0.0312526   0.0126937 -0.00172901 1 0 0 12996
             82.7998  8.36967  4.22464 -6.15667 -0.0493699 -0.0201399 -0.0178326    0.0104605 -0.000104814   -0.0150129   -0.0192507 -4.97479e-05  -0.00187168  -0.0315673   0.0126876 -0.00160233 1 0 0 13171
             82.8998  8.44286   4.2602 -6.15017  -0.048077 -0.0212027 -0.0168574   0.0104708 -0.00763134  0.00126989   -0.0192771 -5.16838e-05  -0.00187104  -0.0315762   0.0127524 -0.00177497 1 0 0 13019
             82.9999  8.35503  4.35423 -6.06135 -0.0473204 -0.0201338 -0.0183338 0.00540795 0.00937899 -0.0101804   -0.0192841 -5.80977e-05  -0.00187202  -0.0315785   0.0126513 -0.00164856 1 0 0 13166
             83.0999  8.37876  4.40071 -6.09501 -0.0490024  -0.021123 -0.0169175   -0.016949 -0.00630819  0.00788989   -0.0193115 -5.32036e-05  -0.00187484  -0.0314492   0.0127833 -0.00181902 1 0 0 13034
             83.1998  8.30519  4.42984 -6.16758 -0.0502651 -0.0192887  -0.016268 -0.0119523  0.0127301 0.00364079   -0.0193266 -5.60914e-05  -0.00187751  -0.0314729   0.0126264 -0.00177988 1 0 0 13043
             83.2999  8.35195  4.70643 -6.09956 -0.0510131 -0.0189967 -0.0173513 -0.00982209  0.00918891 -0.00422224   -0.0193459 -6.06697e-05  -0.00187311  -0.0315145   0.0126891 -0.00171291 1 0 0 13106
             83.3998  8.34805  4.68386 -5.97727 -0.0503973  -0.018059 -0.0162805 -0.00338974  0.00981581  0.00727753   -0.0193655 -5.54754e-05  -0.00188284  -0.0316368   0.0126785 -0.00179027 1 0 0 13020
             83.4996  8.31244  4.78145 -6.08709 -0.0483642  -0.019297  -0.016881    0.011191 -0.00473857 -0.00196737   -0.0193811 -6.30854e-05  -0.00187369  -0.0318312    0.012786 -0.00175901 1 0 0 13115
             83.5998  8.32534  4.71095 -6.01458 -0.0473832 -0.0195295 -0.0155901   0.0100878 -0.00127493   0.0103503   -0.0194071 -4.24035e-05  -0.00188819  -0.0318085   0.0127755 -0.00182417 1 0 0 13079
             83.6998  8.22678  4.90801 -6.04444 -0.0472553 -0.0197167 -0.0171075 -0.00159499 -0.00289768 -0.00886216   -0.0194144 -6.41081e-05  -0.00187968  -0.0317886   0.0127877 -0.00168328 1 0 0 13073
             83.7999  8.28971  4.81846 -6.17174 -0.0466671 -0.0205823 -0.0171273 -0.000220891  -0.00140783    0.0018166   -0.0194519 -4.72854e-05  -0.00187587  -0.0318685   0.0128347 -0.00173704 1 0 0 13131
             83.8998  8.16842  4.71793 -6.11758 -0.0482514  -0.022234 -0.0178885   -0.009356  -0.0157753 -0.00594038   -0.0194573 -6.07547e-05  -0.00188761  -0.0317605   0.0129481 -0.00169628 1 0 0 13161
             83.9998  8.34518  4.85958 -5.92743 -0.0471453 -0.0191489 -0.0172126  0.00310623   0.0241567 0.000889041   -0.0194908 -5.07169e-05  -0.00189736 -0.0318796  0.0126255 -0.0017222 1 0 0 13046
             84.0997  8.21745  4.82584 -5.97508 -0.0484741 -0.0186353 -0.0200715 -0.0148161  0.0105956 -0.0166851   -0.0195016 -6.16162e-05  -0.00188945 -0.0318324  0.0127805 -0.0015599 1 0 0 13015
             84.1997  8.31188  4.64849 -6.08165 -0.0499096 -0.0185409 -0.0187356   -0.01467 0.00189363 0.00518648    -0.019531 -3.78978e-05  -0.00189408   -0.031824   0.0128258 -0.00175811 1 0 0 12971
             84.2997   8.2622  4.66299 -6.02073  -0.050264 -0.0196936 -0.0188298 -0.00814876 -0.00612046  0.00193111   -0.0195385 -5.76246e-05  -0.00189397 -0.0319034  0.0129189 -0.0017371 1 0 0 13080
             84.3999  8.40324  4.55199 -6.03037  -0.049314 -0.0220437 -0.0173503 -0.00134889  -0.0172583   0.0112733   -0.0195731 -5.12831e-05  -0.00189332  -0.0320474   0.0130067 -0.00185188 1 0 0 13203
             84.4997  8.33427  4.43086 -6.13107 -0.0473032 -0.0219744 -0.0179232    0.0148188 -0.000996276  -0.00168605   -0.0195772 -4.99322e-05  -0.00189323  -0.0322032    0.012873 -0.00172415 1 0 0 13170
             84.5988  8.36568  4.41832 -6.09968 -0.0462667 -0.0211566 -0.0196371  0.0114335 0.00728474 -0.0119655   -0.0195983 -5.00962e-05  -0.00189631  -0.0321854   0.0128291 -0.00161877 1 0 0 13107
             84.6998  8.38158  4.35503 -6.04964 -0.0475064 -0.0201812 -0.0195107  -0.0125971  0.00901833 -0.00401817   -0.0196136 -4.95473e-05   -0.0019004  -0.0320412   0.0128433 -0.00169081 1 0 0 13048
             84.7997    8.395  4.40629 -6.18771 -0.0497448 -0.0196134 -0.0166722 -0.0270223 0.00666399  0.0210754   -0.0196409 -5.27182e-05  -0.00189342  -0.0319942   0.0128602 -0.00189592 1 0 0 13171
             84.8998  8.40145  4.26955 -6.20791 -0.0503753  -0.019451 -0.0149504 -0.0106108 0.00459139  0.0187662   -0.0196652 -5.30714e-05  -0.00190524  -0.0321349    0.012882 -0.00187872 1 0 0 13238
             84.9988  8.36332  4.39213 -6.20087 -0.0494685 -0.0192582  -0.015335 0.00245369 0.00354978 -0.0027418   -0.0196829 -5.39956e-05  -0.00190688  -0.0322833    0.012883 -0.00177478 1 0 0 13334
             85.0983  8.38936  4.61757 -6.19792 -0.0474238 -0.0194079 -0.0154905   0.0132383  0.00169467 0.000915241     -0.01971 -4.87945e-05  -0.00190496  -0.0324187   0.0129026 -0.00178547 1 0 0 13360
             85.1979  8.42331  4.67466 -6.12606  -0.047719 -0.0198453 -0.0170563 -0.00475802  0.00048789 -0.00799611   -0.0197174 -6.32714e-05  -0.00190659  -0.0323542   0.0129722 -0.00167696 1 0 0 13429
             85.2981  8.38338  4.55753 -6.12067 -0.0477976 -0.0209043 -0.0169926  -0.00253781  -0.00984529 -0.000249424   -0.0197454 -5.50493e-05  -0.00190744  -0.0323837   0.0130415 -0.00174294 1 0 0 13355
             85.3996  8.41056  4.74238 -6.09085 -0.0483168 -0.0204393 -0.0178807 -0.00866295  0.00136622 -0.00810313   -0.0197576 -6.14671e-05  -0.00190918  -0.0323846   0.0129513 -0.00168942 1 0 0 13327
             85.4996  8.50282  4.62032 -6.07731 -0.0485815 -0.0207821  -0.019029  -0.00631503 -0.000668446  -0.00696844   -0.0197781 -5.33105e-05  -0.00191477  -0.0324463   0.0129819 -0.00166362 1 0 0 13252
             85.5994  8.42867  4.63337 -6.06999  -0.048858 -0.0206221 -0.0181298 -0.00624497 0.000608249   0.0024545   -0.0197907 -5.43437e-05  -0.00192226  -0.0324691   0.0129575 -0.00175471 1 0 0 13211
             85.6988  8.54209  4.64512 -6.09494 -0.0500964 -0.0210693 -0.0180131  -0.0135237 -0.00300969 0.000815897   -0.0198137 -6.32396e-05  -0.00191798  -0.0324465   0.0129966 -0.00176155 1 0 0 13143
             85.7996  8.54629  4.61949 -6.11767 -0.0508718 -0.0233985 -0.0198939  -0.0104467  -0.0150639 -0.00926671    -0.019822 -6.04759e-05  -0.00192151   -0.032516   0.0131327 -0.00166882 1 0 0 13135
             85.8997 8.60021 4.67306 -6.1263 -0.0502749 -0.0239275 -0.0179755   0.0010899 -0.00590003  0.00952441   -0.0198552 -6.29813e-05  -0.00191522  -0.0326044   0.0130578 -0.00182783 1 0 0 13187
             85.9997  8.55447  4.60006 -6.06876 -0.0481633 -0.0237888 -0.0197082  0.0145826 0.00235952 -0.0123179   -0.0198635 -5.74042e-05  -0.00191992  -0.0327678   0.0130028 -0.00166626 1 0 0 13106
             86.0997   8.6047  4.62511 -6.09803 -0.0493805 -0.0224789 -0.0194606 -0.00852028   0.0094549 0.000315494   -0.0198915 -5.46517e-05  -0.00191974  -0.0325944   0.0129607 -0.00172683 1 0 0 13270
             86.1997  8.59495  4.56563 -6.05528 -0.0494287 -0.0233033 -0.0213199 -0.00601708 0.000648626 -0.00956211   -0.0198982 -5.22978e-05  -0.00192189 -0.0326819  0.0130874 -0.0016333 1 0 0 13068
             86.2996  8.58956  4.52646 -6.03665   -0.05051 -0.0218572 -0.0207442  -0.0113979  0.00942137 -0.00313046   -0.0199256 -5.90859e-05  -0.00192087  -0.0326485   0.0129957 -0.00171215 1 0 0 13097
             86.3997  8.59244  4.53365 -6.06156 -0.0507846 -0.0227869 -0.0211953 -0.00737057 -0.00169683  -0.0034301   -0.0199403 -5.80756e-05  -0.00192214  -0.0327264   0.0131104 -0.00173887 1 0 0 13137
             86.4997  8.60276  4.56013 -5.98875 -0.0514495 -0.0218661 -0.0196903 -0.00652956  0.00326508   0.0125607   -0.0199601 -6.18407e-05  -0.00192996  -0.0327133   0.0130205 -0.00181805 1 0 0 13107
             86.5997  8.56672   4.4004 -5.99834 -0.0520466 -0.0221254 -0.0179647 -0.0103463  0.0028264  0.0184679   -0.0199813 -5.53674e-05    -0.001927  -0.0327378   0.0130808 -0.00185326 1 0 0 13104
             86.6997  8.45462   4.3667 -6.04271 -0.0518778 -0.0222606 -0.0186623 -0.00503449 -0.00116769 -0.00238202   -0.0199988 -6.15156e-05  -0.00192173  -0.0328513   0.0130873 -0.00171535 1 0 0 13100
             86.7996 8.50837 4.37307 -6.1867 -0.0524207  -0.024328 -0.0213956 -0.00841577  -0.0114842  -0.0170304   -0.0200226 -6.15951e-05  -0.00191988  -0.0328883   0.0132164 -0.00159533 1 0 0 13141
             86.8996  8.46575  4.21725 -6.24066 -0.0507798 -0.0228039 -0.0212603   0.0107033   0.0104648 -0.00476173   -0.0200484 -5.79917e-05  -0.00192903  -0.0330423   0.0130254 -0.00166054 1 0 0 13046
             86.9997   8.5469  4.26119 -6.27713 -0.0499976 -0.0225579 -0.0208015   0.00549513   0.00392166 -9.93396e-06   -0.0200798 -6.29244e-05  -0.00193141 -0.0330272  0.0130731 -0.0017462 1 0 0 13210
             87.0996  8.56957  4.24456 -6.33041 -0.0504504 -0.0218037 -0.0185675 -0.00355964  0.00495945   0.0167333   -0.0201037 -6.09003e-05  -0.00193457 -0.0329548  0.0130689 -0.0018836 1 0 0 13044
             87.1997  8.57017  4.19193 -6.26758 -0.0507284 -0.0226632 -0.0186285 -0.00457467 -0.00107406  0.00544875   -0.0201127 -5.98732e-05  -0.00194037  -0.0329802   0.0131721 -0.00179385 1 0 0 13224
             87.2996 8.57058  4.3183 -6.2729 -0.0512687  -0.021986  -0.018599 -0.00960353   0.0055793 -0.00154397   -0.0201402 -6.16284e-05  -0.00194377  -0.0329931    0.013121 -0.00176441 1 0 0 12929
             87.3997  8.55518  4.40961 -6.27266  -0.051039 -0.0225758  -0.019979  -0.00354259 -0.000146716  -0.00510822   -0.0201519 -6.32021e-05  -0.00194179  -0.0330987   0.0131955 -0.00170661 1 0 0 13180
             87.4995  8.57065   4.3752 -6.37418 -0.0509694 -0.0213369   -0.01749 -0.00157744  0.00767929   0.0141753   -0.0201829 -5.78041e-05  -0.00193538  -0.0331158   0.0131055 -0.00187924 1 0 0 12944
             87.5985  8.52776  4.42133 -6.26576 -0.0497152 -0.0219087 -0.0177428    0.0091167 -0.000208421   0.00330164   -0.0201834 -5.16246e-05  -0.00194774  -0.0332174   0.0131844 -0.00180083 1 0 0 13031
             87.6997  8.60122  4.49319 -6.18004 -0.0502888 -0.0203558 -0.0161637 -0.0062595  0.0125566  0.0110768   -0.0202154 -4.84556e-05  -0.00195497 -0.0331266   0.013103 -0.0018534 1 0 0 13085
             87.7997  8.56022  4.52161 -6.14212 -0.0496582 -0.0197582 -0.0179178  0.00185847   0.0114963 -0.00665498  -0.0202261 -5.7745e-05 -0.00195403   -0.033245   0.0131422 -0.00167967 1 0 0 13172
             87.8997  8.56538  4.61313 -6.12518 -0.0500256 -0.0200533 -0.0184994  -0.00585689 -0.000208144   -0.0053918   -0.0202463 -5.31216e-05  -0.00195299  -0.0332222   0.0132292 -0.00171183 1 0 0 13068
             87.9996  8.50305  4.64059 -6.09391 -0.0494739 -0.0211881 -0.0208844 0.000931142 -0.00597942  -0.0160135   -0.0202574 -5.84674e-05  -0.00195683  -0.033327  0.0133048 -0.0016151 1 0 0 13115
             88.0997  8.55472  4.70274 -6.09973  -0.050768 -0.0225003  -0.019329 -0.0131378  -0.013059 0.00512289   -0.0202894 -5.51487e-05  -0.00195909  -0.0332307   0.0133556 -0.00182413 1 0 0 13172
             88.1996  8.57509  4.68684 -6.08487 -0.0499353 -0.0221637 -0.0182891 0.00264774 0.00159277 0.00927056   -0.0203067 -5.15879e-05  -0.00196057    -0.03337   0.0132365 -0.00182788 1 0 0 13074
             88.2997  8.58884  4.75383 -6.04021 -0.0497428 -0.0215431 -0.0185648 -0.000390468   0.00716097  0.000938043   -0.0203218 -6.14506e-05  -0.00195997 -0.0333878  0.0132133 -0.0017556 1 0 0 13201
             88.3996  8.64228    4.765 -5.99294 -0.0484624 -0.0191282 -0.0170501 0.0075396 0.0208711 0.0106783    -0.020347 -5.52228e-05  -0.00196651  -0.0334756   0.0130824 -0.00180807 1 0 0 13022
             88.4991  8.58085  4.73223 -6.00836  -0.047689 -0.0206973 -0.0174221  0.00332312 -0.00413447  0.00248154   -0.0203629 -5.45785e-05  -0.00196114  -0.0335158   0.0133238 -0.00178191 1 0 0 13045
             88.6004 8.63219 4.64035  -5.983 -0.0479968 -0.0218391 -0.0184899 -0.00326785  -0.0095545 -0.00435333  -0.0203919 -4.9847e-05 -0.00197074  -0.0334959   0.0133865 -0.00170494 1 0 0 13206
             88.6996  8.56517  4.70957 -6.00174 -0.0501658 -0.0225303 -0.0231169   -0.019263 -0.00344965  -0.0337492  -0.0203891 -6.1308e-05 -0.00196084   -0.033412   0.0134131 -0.00145119 1 0 0 13107
             88.7998  8.65421  4.60992 -5.97841 -0.0504461 -0.0207051 -0.0223251 -0.00768662   0.0119556 -0.00641476   -0.0204272 -5.14964e-05  -0.00196991  -0.0335005   0.0132429 -0.00167231 1 0 0 13115
             88.8996  8.63471  4.63636 -5.96122 -0.0497141 -0.0213975 -0.0213829 0.00101859 -0.0011479 0.00552049    -0.020437 -6.22443e-05  -0.00197172  -0.0336012   0.0133364 -0.00179651 1 0 0 13162
             89.0002 8.71166 4.53055 -5.9323 -0.0494531  -0.020325 -0.0195633 -0.000342634   0.00818352    0.0159256   -0.0204646 -5.25843e-05  -0.00197508  -0.0336117   0.0132559 -0.00184751 1 0 0 13001
             89.0996  8.58792  4.37385 -5.98476 -0.0501152 -0.0209461 -0.0208297  -0.00851465 -0.000818932  -0.00415757    -0.020469 -5.82297e-05  -0.00197208  -0.0336122   0.0133762 -0.00170503 1 0 0 13064
             89.2003  8.71532   4.2835 -6.06915 -0.0518336 -0.0214609 -0.0168171  -0.0179142 -0.00636315   0.0268779   -0.0205155 -4.35756e-05  -0.00197228  -0.0335432   0.0133939 -0.00197938 1 0 0 13119
             89.2997  8.64167  4.23734 -6.06249 -0.0530002 -0.0214026 -0.0174256 -0.0136981 0.00424136 0.00444927   -0.0205128 -5.16766e-05   -0.0019785 -0.0336084  0.0133619 -0.0017607 1 0 0 13149
             89.3996   8.7212  4.16928 -6.03584 -0.0523223 -0.0205125 -0.0171184 -0.00127368  0.00884561  0.00100168   -0.0205481 -4.44062e-05  -0.00198485  -0.0337572   0.0133085 -0.00175596 1 0 0 13091
             89.4991  8.68765  4.21221 -6.10432 -0.0512983  -0.019256 -0.0196768 0.00536907  0.0153584  -0.017268   -0.0205564 -5.32695e-05  -0.00197824  -0.0338667   0.0132819 -0.00158825 1 0 0 13088
             89.6002  8.59256  4.30982 -6.20535   -0.05089 -0.0206608 -0.0205562 -6.23236e-05  -0.00766182  -0.00922631   -0.0205721 -5.26685e-05  -0.00197743  -0.0338764   0.0134791 -0.00169402 1 0 0 13126
             89.7003  8.52739  4.32151 -6.21694 -0.0505808 -0.0195786 -0.0174196 0.000231771  0.00656211   0.0164519   -0.0205948 -5.04434e-05  -0.00198335  -0.0338813   0.0133589 -0.00192112 1 0 0 13280
             89.8002  8.54192  4.43029 -6.23783 -0.0493108 -0.0196753 -0.0161859  0.00991831 9.92118e-06   0.0124504   -0.0206191 -4.36785e-05  -0.00198454  -0.0339669   0.0133882 -0.00192113 1 0 0 13195
             89.8997  8.79214  4.63462 -6.08217 -0.0485444 -0.0212589 -0.0152736  0.00287957 -0.00993342   0.0112863   -0.0206568 -5.03475e-05  -0.00199009  -0.0339738   0.0134955 -0.00192818 1 0 0 13107
             90.0002   8.7206  4.62148 -6.16112 -0.0491444 -0.0237233 -0.0189679 -0.00651537  -0.0164982  -0.0174169    -0.020658 -5.10929e-05  -0.00197985  -0.0339797    0.013621 -0.00163467 1 0 0 13173
             90.0979  8.71052  4.63629 -6.13571 -0.0488105 -0.0231272 -0.0177143  0.000754297 -0.000151445  0.000536784   -0.0206925 -4.67307e-05  -0.00198333  -0.0340247   0.0134602 -0.00177515 1 0 0 13341
             90.1974  8.73003  4.76319 -6.09736 -0.0493174 -0.0229323  -0.020597 -0.00464344  0.00375207  -0.0221283   -0.0206974 -5.81871e-05  -0.00198647 -0.0340085   0.013461 -0.0016069 1 0 0 13381
             90.2977   8.8684  4.79912 -6.00392 -0.0494792 -0.0230157 -0.0199553 -0.00530613  0.00146608  0.00320734   -0.0207375 -4.72055e-05  -0.00199191  -0.0340213   0.0134905 -0.00177429 1 0 0 13283
             90.3995  8.79996  4.75087 -5.99434 -0.0482983 -0.0217305 -0.0204671  0.00111399   0.0128174 -0.00349443    -0.020749 -3.96426e-05  -0.00199683  -0.0341728   0.0134039 -0.00171324 1 0 0 13358
             90.4992  8.81492  4.61375 -6.09163 -0.0483689 -0.0221153 -0.0200847 -0.000477543  -0.00261189   0.00373482   -0.0207781 -4.03914e-05   -0.0019913  -0.0341672   0.0135161 -0.00178384 1 0 0 13146
             90.5992  8.79121  4.65181 -5.97267 -0.0480734 -0.0227948   -0.02061 -0.000547868  -0.00193974  -0.00141361   -0.0207853 -5.16968e-05  -0.00199575  -0.0342068   0.0135499 -0.00173144 1 0 0 13005
             90.7002   8.7921  4.51446 -5.97103 -0.0488964 -0.0233383 -0.0216384 -0.00948695 -0.00467132 -0.00576333    -0.020801 -4.76498e-05   -0.0019924  -0.0341766   0.0135768 -0.00167277 1 0 0 13210
             90.8001  8.76202  4.35902 -6.02223 -0.0496479 -0.0238517 -0.0223224  -0.0127558 -0.00292364 -0.00497909   -0.0208087 -4.84894e-05  -0.00199891  -0.0342212   0.0135784 -0.00166717 1 0 0 13041
             90.8996  8.77018  4.14693 -6.08433 -0.0530628 -0.0226943 -0.0197328 -0.0291794 0.00627725  0.0152067   -0.0208327 -4.49713e-05  -0.00199807  -0.0340616   0.0135034 -0.00183149 1 0 0 13131
             90.9997  8.66116  4.03692 -6.03703 -0.0539711  -0.022012 -0.0200193  -0.0110025  0.00885579 -0.00111703   -0.0208381 -5.38409e-05  -0.00200314  -0.0341936   0.0134941 -0.00172638 1 0 0 13065
             91.0992  8.74913  4.11267 -5.99481  -0.050725 -0.0243128 -0.0181567  0.0142578 -0.0131585  0.0137504   -0.0208701 -4.19151e-05  -0.00199845  -0.0345048   0.0136379 -0.00190194 1 0 0 13071
             91.2001  8.68954  4.03077 -6.15274 -0.0511464 -0.0245517 -0.0182327 -0.00269041 -0.00522988  0.00374441   -0.0208809 -4.97136e-05  -0.00199349   -0.034415    0.013594 -0.00179012 1 0 0 13045
             91.2997   8.7853  4.06116 -6.24273 -0.0512527  -0.024623  -0.017487 -0.000438201   0.00206729   0.00491994   -0.0209058 -4.95478e-05  -0.00199871 -0.0344255   0.013565 -0.0018145 1 0 0 13115
                91.4  8.75555  4.12677 -6.09592 -0.0493945  -0.022283  -0.018714  0.0149261  0.0220997 -0.0092362   -0.0209198 -6.19416e-05  -0.00200384  -0.0345462   0.0134353 -0.00167097 1 0 0 13064
             91.4995  8.77016  4.20848 -6.03651 -0.0489041 -0.0211698 -0.0176274 0.000306093   0.0109602  0.00463521   -0.0209397 -5.04224e-05  -0.00200686  -0.0345023   0.0134985 -0.00182529 1 0 0 13100
             91.5997  8.75895  4.19417 -6.04418 -0.0508475 -0.0232649 -0.0177738 -0.0173453 -0.0101216 0.00664911    -0.020962 -4.95762e-05  -0.00201026  -0.0343999   0.0137521 -0.00182516 1 0 0 12998
                91.7  8.70811   4.3314 -6.00244 -0.0505022 -0.0239697 -0.0184142 -0.00163315 -0.00822958  -0.0072936   -0.0209739 -5.47452e-05  -0.00201102  -0.0345459   0.0137005 -0.00175897 1 0 0 13132
                91.8  8.76457  4.54509 -5.91526 -0.0502567  -0.023266 -0.0208769 -0.000324351   0.00833553   -0.0175839   -0.0209896 -5.93198e-05  -0.00201272  -0.0345917   0.0136025 -0.00161505 1 0 0 13122
                91.9  8.72398  4.46659 -5.94144 -0.0474241 -0.0214469 -0.0203934   0.0181508   0.0159788 -0.00259053   -0.0210037 -5.77858e-05  -0.00200971  -0.0347899   0.0135063 -0.00173241 1 0 0 13093
             91.9996  8.67247  4.58021 -5.99465 -0.0471871 -0.0227369 -0.0222628  0.00416197 -0.00535636  -0.0131546   -0.0210182 -6.04134e-05  -0.00200739  -0.0347078   0.0137144 -0.00168239 1 0 0 13124
             92.1001  8.75969  4.59637 -5.93668 -0.0471786 -0.0222616 -0.0218605  0.000450418    0.0033521 -0.000309784    -0.021045 -5.18901e-05  -0.00201904  -0.0346736   0.0136581 -0.00177125 1 0 0 13074
                92.2  8.80157   4.7349 -5.87986 -0.0494389 -0.0224148 -0.0203649 -0.0218513 -2.597e-06  0.0122253   -0.0210617 -6.15603e-05  -0.00201734  -0.0345317   0.0137043 -0.00185878 1 0 0 13058
             92.2999  8.72097  4.62355 -5.90827 -0.0502852  -0.022198 -0.0208351   -0.0141763   0.00310037 -0.000323521   -0.0210768 -5.01631e-05  -0.00201465  -0.0346475   0.0136853 -0.00175219 1 0 0 12967
             92.3998  8.75572  4.63604 -5.88686 -0.0501039 -0.0216401  -0.020778 -0.00339168  0.00692147  0.00214866   -0.0210993 -5.93572e-05  -0.00202184  -0.0347683   0.0136546 -0.00175518 1 0 0 13098
             92.5001  8.75271  4.56156 -5.90109 -0.0502413 -0.0213336  -0.018592 -0.00478374  0.00360624   0.0148992   -0.0211221 -4.91367e-05  -0.00201852  -0.0347772   0.0136793 -0.00188588 1 0 0 12906
                92.6  8.75735  4.57804 -5.85639 -0.0482975 -0.0224033 -0.0199245   0.0117451 -0.00244577 -0.00396272  -0.0211249 -5.7795e-05 -0.00202543  -0.0349714   0.0137517 -0.00173931 1 0 0 13106
             92.6999 8.77561 4.44803 -5.9026 -0.0479075 -0.0227238 -0.0175351  0.00322029 -0.00494115   0.0155811    -0.021153 -4.56373e-05  -0.00202346  -0.0349145   0.0137581 -0.00190114 1 0 0 12997
             92.7999  8.80873  4.45642 -5.86064 -0.0471003  -0.023675  -0.019986  0.00524922 -0.00509374  -0.0103417   -0.0211613 -5.10443e-05  -0.00202614  -0.0349806   0.0137873 -0.00165475 1 0 0 13131
             92.9001 8.84473 4.31922 -5.9106 -0.0495533 -0.0244484 -0.0193446  -0.0216218 -0.00839091   0.0017437   -0.0211899 -4.69443e-05  -0.00202343  -0.0347908    0.013845 -0.00176061 1 0 0 13139
             93.0001   8.8863  4.32891 -5.97895 -0.0504263 -0.0229548 -0.0198336  -0.0119183   0.0104689 -0.00489982   -0.0211991 -5.17995e-05  -0.00202468   -0.034887   0.0136718 -0.00169318 1 0 0 13105
             93.0999  8.86852  4.31334 -5.94135 -0.0527266 -0.0222457 -0.0190164 -0.0240898 0.00993709 0.00703567    -0.021212 -5.34133e-05  -0.00202935  -0.0348199   0.0137184 -0.00176418 1 0 0 12977
             93.1999  8.89089  4.14828 -5.98552 -0.0503319 -0.0210741 -0.0172447 0.00901854  0.0132999    0.01226  -0.0212349 -4.3148e-05 -0.00203112  -0.0351558   0.0136431 -0.00183177 1 0 0 13061
             93.2999  8.90914  4.04165 -6.04553 -0.0487561 -0.0215945 -0.0150342   0.0117507 0.000849568   0.0195748   -0.0212568 -4.12222e-05   -0.0020368  -0.0352126   0.0137575 -0.00192931 1 0 0 13086
             93.3993  8.94384  4.15374 -5.93577 -0.0476343 -0.0205352 -0.0134801  0.0113404 0.00773672  0.0146663   -0.0212786 -4.89372e-05  -0.00204477  -0.0352056   0.0136964 -0.00190258 1 0 0 12927
             93.4999  8.90742  4.26304 -5.91244 -0.0479073 -0.0207926 -0.0152145 -0.00570077   0.0029393 -0.00714773   -0.0212975 -5.09328e-05   -0.0020395  -0.0351639   0.0137997 -0.00172587 1 0 0 13117
                93.6  8.87129  4.34951 -5.98906 -0.0497072 -0.0197055 -0.0167067 -0.0162215 0.00973461 -0.0098415   -0.0213191 -5.52478e-05  -0.00203823  -0.0351038   0.0137588 -0.00165099 1 0 0 12975
             93.6998  8.82027  4.41023 -5.94568 -0.0505935 -0.0207348 -0.0201734 -0.00977425 -0.00274328  -0.0269321   -0.0213279 -5.26984e-05  -0.00203737  -0.0351614   0.0138977 -0.00153273 1 0 0 13137
                93.8  8.88699  4.60279 -5.83773 -0.0519526 -0.0213034 -0.0214698  -0.0170422 -0.00560926  -0.0168846   -0.0213482 -6.65351e-05  -0.00204362  -0.0351461   0.0139136 -0.00163336 1 0 0 13059
             93.8999  8.81651  4.60875 -5.90105 -0.0507126 -0.0222938  -0.023717  0.00168554 -0.00640132  -0.0191319   -0.0213594 -6.36426e-05  -0.00203314  -0.0353695   0.0139216 -0.00160236 1 0 0 13074
             93.9999  8.81726  4.59237 -5.92525 -0.0505055 -0.0210384 -0.0212866 0.00275512 0.00444171 0.00862951   -0.0213841 -6.09902e-05  -0.00204383  -0.0353418   0.0137828 -0.00184865 1 0 0 12935
             94.0999  8.87417  4.75956 -5.85462 -0.0489488 -0.0229934 -0.0194686  0.0107085 -0.0107614  0.0183474    -0.021399 -7.00637e-05  -0.00204088  -0.0354244    0.013929 -0.00194902 1 0 0 13035
             94.1999  8.87555  4.70764 -5.82559 -0.0475707 -0.0228501  -0.017903  0.00758192 -0.00138942   0.0146808   -0.0214183 -4.75932e-05  -0.00204206  -0.0354703   0.0138457 -0.00191537 1 0 0 13024
             94.2998  8.79032  4.74841 -5.85726 -0.0483006 -0.0232675 -0.0208214  -0.0051326 0.000836254  -0.0122359   -0.0214188 -6.64765e-05  -0.00204423  -0.0354209   0.0138994 -0.00163198 1 0 0 13092
             94.3993  8.78123  4.55035 -5.88694 -0.0482162 -0.0228123 -0.0200848 -0.00151196  0.00338047 -0.00028426   -0.0214542 -4.29763e-05  -0.00204883  -0.0354505   0.0138776 -0.00175303 1 0 0 13040
             94.5008  8.85368  4.69399 -5.76743 -0.0489899 -0.0220963 -0.0190534 -0.00831324  0.00763784  0.00775856   -0.0214747 -5.98915e-05  -0.00205269  -0.0354025   0.0138552 -0.00181618 1 0 0 13128
             94.5998  8.82537  4.59028 -5.82539 -0.0499573 -0.0229677 -0.0187167 -0.0141273 -0.0039548  0.0058561  -0.0214959 -4.6903e-05 -0.00204714 -0.0354249  0.0139677 -0.0018159 1 0 0 13038
             94.6997  8.84933  4.63527 -5.82767  -0.049758 -0.0224671 -0.0173682  -0.002645 0.00378889  0.0101625   -0.0215194 -4.65944e-05  -0.00204932  -0.0355324   0.0138836 -0.00185285 1 0 0 13117
             94.7999  8.84026  4.59081 -5.83359 -0.0495169 -0.0230562 -0.0183247 -0.000768097 -0.000570169  -0.00223774   -0.0215324 -4.78232e-05  -0.00204565  -0.0355914   0.0139611 -0.00174342 1 0 0 13249
             94.8998  8.88995  4.54258 -5.78057 -0.0496272 -0.0215898 -0.0173279 -0.00433626   0.0102152  0.00766999   -0.0215531 -4.27155e-05    -0.002053   -0.035595   0.0138513 -0.00178898 1 0 0 13076
             94.9979  8.83914  4.43172 -5.82481 -0.0489163 -0.0212387 -0.0187796  0.00252249  0.00921676 -0.00686583    -0.021568 -4.84985e-05  -0.00204963  -0.0357037   0.0138968 -0.00165953 1 0 0 13178
             95.0978  8.95761  4.34407 -5.83531 -0.0481875 -0.0205837 -0.0166994 0.00319183 0.00521634   0.010402   -0.0216022 -4.34293e-05  -0.00205738   -0.035729   0.0138924 -0.00184574 1 0 0 13276
              95.197  8.92461  4.28116 -5.83284 -0.0495296 -0.0200558 -0.0172879  -0.012303 0.00696596 0.00175744   -0.0216141 -4.84805e-05  -0.00205989  -0.0356442   0.0139321 -0.00173176 1 0 0 13339
             95.2973  8.94642   4.1478 -5.89236 -0.0504198 -0.0209156 -0.0196387   -0.011641 -0.00484432  -0.0160179    -0.021633 -4.91836e-05  -0.00205949  -0.0356995   0.0140372 -0.00160614 1 0 0 13282
             95.3992  8.94169  4.15188 -5.90498 -0.0493902 -0.0218431 -0.0199781  0.00324312 -0.00463983 -0.00592759  -0.0216426 -5.7161e-05 -0.00205901  -0.0358471   0.0140459 -0.00169523 1 0 0 13328
             95.4988  8.96111  4.09763 -5.89098 -0.0497753 -0.0232885 -0.0208638 -0.00630794  -0.0127077 -0.00971018   -0.0216613 -4.40135e-05  -0.00206465  -0.0358186   0.0141123 -0.00170633 1 0 0 13111
             95.5997 8.96185 4.14329 -5.9432 -0.0496804 -0.0224935 -0.0209046 -0.00158395  0.00454677 -0.00203892   -0.0216695 -5.92894e-05   -0.0020573  -0.0358721   0.0139673 -0.00172316 1 0 0 13031
             95.6998  8.94189   4.0301 -5.94351 -0.0516134 -0.0218823 -0.0189635 -0.0185091 0.00413703 0.00977173   -0.0216899 -5.07712e-05  -0.00206281  -0.0357525   0.0139777 -0.00186231 1 0 0 13157
             95.7998  8.95304  4.25178 -5.93618 -0.0500317 -0.0216781 -0.0196282  0.00780023  0.00603892 -0.00186835  -0.0216992 -6.5447e-05 -0.00206668  -0.0359978   0.0139544 -0.00178109 1 0 0 13021
             95.8998  8.95263  4.25654 -5.93703  -0.049939 -0.0218996  -0.018119 -0.000861203   0.00025611    0.0127731    -0.021727 -5.70409e-05  -0.00206112  -0.0359579   0.0140251 -0.00188731 1 0 0 13253
             95.9996  8.87348  4.38531 -5.92443 -0.0511567 -0.0230733 -0.0212369  -0.0110974 -0.00613885  -0.0192032    -0.021731 -6.57433e-05  -0.00206463  -0.0359259   0.0141254 -0.00163633 1 0 0 12984
             96.0998  8.93841  4.35088 -5.90926 -0.0484306 -0.0238876 -0.0187555   0.0153333 -0.00734781   0.0119954   -0.0217656 -4.77726e-05  -0.00206748  -0.0361649   0.0140937 -0.00191127 1 0 0 13101
             96.1998  8.87844  4.43453 -5.87618 -0.0491206 -0.0237081  -0.019797  -0.0037691 0.000367171 -0.00145729   -0.0217682 -5.98693e-05  -0.00206691  -0.0360441   0.0140697 -0.00174856 1 0 0 13003
             96.2996  8.91561  4.38918 -5.87682 -0.0487079 -0.0221889 -0.0178222 -0.000447366    0.0109127    0.0104806   -0.0217986 -4.41775e-05   -0.0020692  -0.0360924   0.0139573 -0.00186426 1 0 0 13079
             96.3997  8.88749  4.47712 -5.90174 -0.0498907 -0.0207646 -0.0186707  -0.0107303   0.0162176 -0.00177163    -0.021806 -5.84601e-05   -0.0020693  -0.0360396   0.0139597 -0.00173453 1 0 0 13005
             96.4996 8.88578 4.50322 -5.8774 -0.0505901 -0.0207245 -0.0187816 -0.00987943  0.00497285 -0.00211149   -0.0218191 -5.88964e-05  -0.00207508  -0.0360756   0.0140599 -0.00176585 1 0 0 13053
             96.5996  8.94221  4.63835 -5.82746 -0.0502524 -0.0225143 -0.0180721 -0.00188975  -0.0123098  0.00773755   -0.0218368 -6.49351e-05  -0.00207677 -0.0361666  0.0141899  -0.001866 1 0 0 13040
             96.6996  8.83364  4.60139 -5.84365 -0.0494019 -0.0235795 -0.0211646  0.00350673 -0.00579796  -0.0179885   -0.0218385 -6.46013e-05  -0.00206924  -0.0362844   0.0141981 -0.00161494 1 0 0 13003
             96.7997  8.89595  4.67572 -5.84974 -0.0499269 -0.0230197 -0.0220746 -0.00480333  0.00268894  -0.0137825  -0.0218637 -7.2861e-05 -0.00207028  -0.0362303   0.0141226 -0.00165747 1 0 0 13090
             96.8997  8.87502   4.6154 -5.83939 -0.0491704 -0.0219955 -0.0212246 0.00400495 0.00925149 0.00259111   -0.0218776 -6.00076e-05  -0.00207364  -0.0363001    0.014056 -0.00177132 1 0 0 13110
             96.9997  8.88993  4.60988 -5.79501 -0.0496089 -0.0223703 -0.0208292 -0.00624736 -0.00142548  0.00291998   -0.021893 -6.4853e-05 -0.00207996  -0.0362615   0.0141488 -0.00180668 1 0 0 13071
             97.0997  8.90884  4.64972 -5.85309 -0.0485813 -0.0228951 -0.0204012  0.00211214 -0.00254084  0.00669157   -0.0219102 -5.47024e-05  -0.00207787  -0.0363935   0.0141575 -0.00182495 1 0 0 13056
             97.1997  8.82692  4.54266 -5.93055 -0.0487799 -0.0224347 -0.0205543 -0.000903609   0.00459931  0.000463375   -0.0219263 -6.27877e-05  -0.00207886  -0.0363831   0.0141319 -0.00175784 1 0 0 13078
             97.2996  8.90428  4.60502 -5.86193 -0.0481887 -0.0221965 -0.0208924  0.00417322  0.00389953 -0.00271685   -0.0219476 -6.20724e-05  -0.00208506 -0.0364252  0.0141381 -0.0017463 1 0 0 12941
             97.3995   8.8361   4.6043 -5.82007 -0.0488185 -0.0214341 -0.0210936 -0.00810886   0.0060402 -0.00067264   -0.0219563 -6.18549e-05  -0.00208612   -0.036373   0.0141299 -0.00174356 1 0 0 13069
             97.4987  8.88328  4.41258 -5.85586 -0.0506899 -0.0200221 -0.0194545 -0.0193382  0.0125799  0.0147481    -0.021977 -5.44748e-05  -0.00208863  -0.0363112   0.0140835 -0.00182076 1 0 0 12834
             97.5997  8.80175  4.24336 -5.85398 -0.0507819 -0.0203027 -0.0196329 -0.00564149  0.00325792  0.00018631   -0.0219847 -6.09663e-05  -0.00209227  -0.0364544   0.0141787 -0.00174585 1 0 0 13188
             97.6996  8.97611  4.24731 -5.83724 -0.0514666 -0.0207724 -0.0181857 -0.00847019  -0.0032467   0.0104019   -0.0220157 -5.40419e-05   -0.0020927 -0.0364398  0.0142124 -0.0018584 1 0 0 12979
             97.7995  8.90515  4.15011 -5.80497 -0.0488706 -0.0227862 -0.0183636  0.0125521  -0.012709 0.00401593   -0.0220227 -5.64827e-05  -0.00209284   -0.036712   0.0143028 -0.00179712 1 0 0 13105
             97.8995   8.9402   4.0956 -5.87757 -0.0506168 -0.0230425 -0.0171559  -0.0131891 -0.00786056  0.00886826   -0.0220455 -5.85709e-05  -0.00209232  -0.0365191   0.0142594 -0.00183367 1 0 0 13007
             97.9997  8.93914  3.96697 -5.92974 -0.0494028 -0.0223948 -0.0182964   0.0066827  0.00883377 -0.00579163    -0.022056 -5.40026e-05  -0.00209305  -0.0367063    0.014162 -0.00168701 1 0 0 13215
             98.0997   8.9279  4.01997 -5.90363 -0.0499204 -0.0232912  -0.019632 -0.00502623  -0.0027058  -0.0104068   -0.0220687 -6.20053e-05  -0.00209231  -0.036648  0.0142983 -0.0016742 1 0 0 12943
             98.1996  8.92308  3.92523 -5.84173 -0.0499275 -0.0213179 -0.0170186 -0.00553711   0.0137796   0.0132245   -0.0220861 -5.37762e-05  -0.00209983  -0.0366764   0.0141288 -0.00185117 1 0 0 13008
             98.2995  8.80994  3.96762 -5.96193 -0.0501687 -0.0222891  -0.018417 -0.00650962 -0.00480398 -0.00691545   -0.0220983 -5.81268e-05   -0.0020946  -0.0367427   0.0142881 -0.00173855 1 0 0 13127
             98.3989  8.86741  4.06321 -5.98529 -0.0495947 -0.0219747 -0.0176397 0.00268313 0.00345614 0.00474421   -0.0221206 -6.30992e-05  -0.00209524  -0.0368207   0.0142288 -0.00181625 1 0 0 12938
             98.4996 8.80717  4.0822 -5.9033 -0.0492289 -0.0193642 -0.0148646 0.00259147  0.0171148  0.0163874   -0.0221344 -5.28284e-05  -0.00211217   -0.036811   0.0140743 -0.00193208 1 0 0 13144
             98.5997 8.90293 4.29655 -5.8593 -0.0495178 -0.0189411 -0.0157684 -0.00575115   0.0123409  0.00185523  -0.0221584 -6.5302e-05 -0.00210767  -0.0368122   0.0141812 -0.00179313 1 0 0 12991
             98.6996  8.80423  4.35265 -5.87392 -0.0494544 -0.0210732 -0.0175222 -0.00635722  -0.0125868 -0.00748319   -0.0221739 -7.00632e-05  -0.00210507   -0.036904   0.0144074 -0.00171522 1 0 0 13175
             98.7997  8.86229  4.35707 -5.92967 -0.0501879 -0.0204646 -0.0168636 -0.00608952  0.00144502  0.00140523   -0.0221966 -6.95335e-05  -0.00210195  -0.0368869   0.0142802 -0.00178164 1 0 0 13052
             98.8996   8.7716  4.41431 -5.86753 -0.0502054 -0.0209063 -0.0193499 -0.00333468 0.000629095  -0.0176053   -0.0222024 -7.32019e-05  -0.00210533  -0.0369509   0.0143341 -0.00162798 1 0 0 13136
             98.9997  8.81433  4.43056 -5.83718 -0.0513431 -0.0202569 -0.0209598 -0.0114017 0.00544321 -0.0165435   -0.0222281 -6.98404e-05  -0.00210913  -0.0369078   0.0143028 -0.00162665 1 0 0 12970
             99.0997  8.78697  4.55688 -5.86032 -0.0492842 -0.0225699 -0.0222996   0.010516 -0.0140389 -0.0129552   -0.0222338 -8.47619e-05  -0.00210775  -0.0371408   0.0144464 -0.00169677 1 0 0 13098
             99.1996 8.77604 4.59556 -5.8233 -0.0493955 -0.0208207 -0.0212708 0.00186648 0.00848221 0.00272883  -0.0222495 -6.6275e-05 -0.00211381  -0.0370364   0.0142444 -0.00179163 1 0 0 12975
             99.2995 8.74047 4.60909 -5.8084  -0.050305 -0.0208376 -0.0203723 -0.0107404 0.00121288 0.00610663   -0.0222572 -6.66737e-05   -0.0021137  -0.0369808   0.0143169 -0.00184639 1 0 0 13169
             99.3993  8.81997  4.57279 -5.84527 -0.0485632  -0.022407 -0.0184553  0.0067037 -0.0104208  0.0172192   -0.0222899 -5.79161e-05  -0.00210694  -0.0371846   0.0144003 -0.00195369 1 0 0 12982
             99.5005   8.7875  4.70341 -5.81201 -0.0485469 -0.0242064 -0.0203028 0.000463748  -0.0123432 -0.00592198   -0.0222904 -7.80692e-05  -0.00211241 -0.0371715  0.0144741 -0.0017448 1 0 0 13160
             99.5997  8.87664  4.64056 -5.83708 -0.0493534 -0.0244488 -0.0213797 -0.00745342 -0.00359255 -0.00999646   -0.0223174 -6.37297e-05  -0.00211323 -0.0371225  0.0144221 -0.0016984 1 0 0 13136
             99.6997  8.93209  4.59651 -5.78189 -0.0500593 -0.0227433 -0.0209175 -0.00868822   0.0141299 -0.00197311   -0.0223284 -5.42339e-05  -0.00212204   -0.037121   0.0142867 -0.00176023 1 0 0 13107
             99.7996  8.90297   4.6517 -5.82983 -0.0517472 -0.0221413 -0.0218731  -0.0182239   0.0100111 -0.00464235   -0.0223383 -6.15786e-05  -0.00211463  -0.0370889   0.0143573 -0.00171348 1 0 0 13197
             99.8993  8.96935  4.51765 -5.82045 -0.0520306 -0.0205025 -0.0191236 -0.00900366   0.0150372   0.0202778   -0.0223656 -6.04002e-05  -0.00211962   -0.037183   0.0142858 -0.00189577 1 0 0 13076
             99.9976  8.95076  4.38341 -5.84143 -0.0487254 -0.0200747 -0.0185752  0.0211958 0.00975104 0.00899077  -0.0223821 -5.7221e-05 -0.00211579  -0.0374927   0.0143193 -0.00183902 1 0 0 13162
             100.097  9.07689  4.25917 -5.75698 -0.0475437 -0.0196287 -0.0154212 0.0109231 0.0040766 0.0259521  -0.0224123 -5.8591e-05 -0.00213044   -0.037429   0.0143583 -0.00198662 1 0 0 13266
             100.197  9.02279  4.20873 -5.84997 -0.0492725 -0.0194048 -0.0161549 -0.0131572  0.0032055 0.00241582   -0.0224238 -6.67109e-05  -0.00211875  -0.0372703   0.0144178 -0.00177814 1 0 0 13360
             100.297   9.1435  4.11881 -5.80602 -0.0514641 -0.0195402 -0.0166102    -0.021928   0.00194358 -3.59592e-05   -0.0224513 -6.00375e-05   -0.0021297  -0.0372254    0.014463 -0.00173602 1 0 0 13288
             100.399  9.07493  4.02491 -5.84152 -0.0516147  -0.019436 -0.0167123 -0.00834084   0.0010575 -0.00289921   -0.0224526 -6.43112e-05  -0.00212685  -0.0373788   0.0144435 -0.00174481 1 0 0 13341
             100.501  9.17042   4.0662 -5.83249 -0.0502338 -0.0197684 -0.0176415   0.0063836  0.00061956 -0.00644231   -0.0224782 -6.12408e-05  -0.00212617   -0.037546   0.0144435 -0.00171297 1 0 0 13202
               100.6  9.01108  4.13235 -5.78541 -0.0504231 -0.0216846 -0.0192664 -0.00354023  -0.0131548  -0.0149365   -0.0224752 -8.43739e-05  -0.00212633  -0.0375211   0.0146042 -0.00169239 1 0 0 13086
               100.7  9.08663  4.07885 -5.76062 -0.0508693 -0.0224942 -0.0201522 -0.00667572  -0.0103589 -0.00826662   -0.0225049 -5.82811e-05  -0.00213079  -0.0375239   0.0145693 -0.00171496 1 0 0 13209
               100.8  9.01144  4.18723 -5.76219 -0.0490627 -0.0232063 -0.0214246   0.0101753 -0.00545943  -0.0123537    -0.022507 -7.79902e-05  -0.00212847  -0.0377071   0.0145282 -0.00168898 1 0 0 13039
               100.9  9.00965  4.28703 -5.80464 -0.0500357  -0.023588  -0.023858 -0.00495197 -0.00323367  -0.0211951   -0.0225197 -7.78611e-05  -0.00212282  -0.0375811   0.0145427 -0.00161365 1 0 0 13147
                 101  8.92859  4.41193 -5.73762 -0.0507851 -0.0236194 -0.0257824 -0.00832838  0.00105937   -0.019739   -0.0225208 -8.56619e-05  -0.00212539  -0.0375701   0.0145331 -0.00161787 1 0 0 12987
               101.1 8.99296 4.45039 -5.7137 -0.0499683 -0.0235165 -0.0233614  0.00103068 -0.00105926    0.010579   -0.0225513 -7.35945e-05  -0.00212751  -0.0376663   0.0144936 -0.00189371 1 0 0 13065
               101.2  8.92601  4.42901 -5.71312 -0.0496483  -0.023273  -0.021421 0.000367708  0.00283559   0.0185753  -0.0225612 -7.9149e-05 -0.00213175 -0.0376917  0.0144766 -0.0019352 1 0 0 13077
               101.3  8.94241  4.46147 -5.75316 -0.0500021 -0.0224364 -0.0191053 -0.0044419 0.00659798  0.0202491   -0.0225791 -7.15709e-05  -0.00213117  -0.0376702    0.014435 -0.00196426 1 0 0 13057
               101.4  8.98129  4.52281 -5.73208 -0.0511873 -0.0211833 -0.0182553 -0.00995974   0.0125878   0.0130848   -0.0225946 -8.21349e-05  -0.00213465  -0.0376285   0.0144149 -0.00187359 1 0 0 13026
             101.499  8.97556  4.42938 -5.73688  -0.050588 -0.0216495 -0.0184677 0.000358777  0.00298238  0.00347945  -0.0226038 -7.1924e-05 -0.00214028  -0.0377633    0.014517 -0.00180927 1 0 0 12955
               101.6  8.95261  4.55765 -5.66701 -0.0505503 -0.0215372 -0.0197997 -0.000280063  0.000398236  -0.00884266   -0.0226154 -7.61214e-05  -0.00214351  -0.0377648   0.0145288 -0.00170881 1 0 0 13096
               101.7  9.02361  4.66613 -5.71345 -0.0487262  -0.021891 -0.0229872 0.00860723  0.0034172 -0.0234412   -0.0226261 -7.59848e-05  -0.00213987  -0.0379414   0.0145578 -0.00159091 1 0 0 13052
               101.8  8.95207  4.63898 -5.74777  -0.048762 -0.0217972 -0.0200475  -0.00168116 -0.000333213    0.0159539   -0.0226487 -7.69204e-05  -0.00214267  -0.0378675   0.0145678 -0.00189623 1 0 0 13053
               101.9  8.86814  4.61638 -5.77608 -0.0489817 -0.0217632 -0.0218599 -0.00236407  0.00211364  -0.0110256   -0.0226581 -7.74882e-05  -0.00214275 -0.0378914  0.0145674 -0.0016915 1 0 0 13077
                 102  8.95012  4.57161 -5.76654 -0.0491601  -0.022238 -0.0238039 -0.000884077 -0.000381274   -0.0106466   -0.0226772 -8.03927e-05  -0.00213627  -0.0379005   0.0146288 -0.00163273 1 0 0 13054
               102.1 8.92494 4.49382 -5.6086 -0.0497924 -0.0208849 -0.0219777 -0.00941093  0.00610112  0.00521178   -0.0226923 -7.74533e-05  -0.00215676  -0.0378514   0.0145259 -0.00179565 1 0 0 13037
               102.2  8.94748  4.45127 -5.82971 -0.0491167 -0.0211518 -0.0219215 -0.00216629  0.00443148  0.00447972   -0.0227108 -7.52654e-05  -0.00213999  -0.0380028   0.0145655 -0.00178792 1 0 0 13061
               102.3 8.29068 3.87921 -5.9173 -0.0498773 -0.0187828  -0.018733 -0.0080986  0.0256102  0.0257536   -0.0227043 -5.98058e-05   -0.0021536 -0.0379485  0.0144552 -0.0019093 1 0 0 12934
             102.399  2.51825  3.60195 -9.03288 -0.0506434 -0.0147862   -0.01824 -0.00595388   0.0323563  -0.0292293   -0.0226034 -5.90135e-05  -0.00208419  -0.0379514   0.0144036 -0.00190746 1 0 0 13152
               102.5 -2.81388  2.64246 -14.9588  -0.0527392 -0.00763143  -0.0275246 -0.0189442  0.0474676  -0.133278  -0.0226052 -3.1018e-05 -0.00199992  -0.0378424   0.0140787 -0.00172691 1 0 0 13072
               102.6 -3.52709  1.49885 -19.7869  -0.0543086 8.09509e-05  -0.0395856 -0.0223566  0.0769497  -0.106777   -0.0227302 -2.14726e-05  -0.00202728   -0.037821   0.0138625 -0.00186468 1 0 0 13183
               102.7 -4.15015  2.44147 -20.6148 -0.0575511 0.00339747 -0.0436438 -0.0448211  0.0595069  0.0399237  -0.0227631 -4.5856e-05 -0.00211928  -0.0379012    0.014304 -0.00180386 1 0 0 13038
               102.8 -3.33202  1.69054 -20.3728 -0.0592715 0.00178173 -0.0396698  -0.034815 0.00985948  0.0349089   -0.0228115 -3.00358e-05   -0.0021409  -0.0382889   0.0146979 -0.00173906 1 0 0 12998
               102.9 -2.53024 0.866147 -20.2862   -0.062545 -0.00229985  -0.0409366 -0.0387152 -0.0356283  -0.013819   -0.0228331 -3.80636e-05  -0.00214486  -0.0384362   0.0149354 -0.00154074 1 0 0 13141
                 103  -2.0367   1.4426 -20.5406  -0.0655591 -0.00727139  -0.0443756 -0.0298694 -0.0502873 -0.0250839   -0.0228363 -6.94087e-05  -0.00214283    -0.03849   0.0149337 -0.00142757 1 0 0 13013
               103.1 -1.66685  1.74524  -20.269 -0.0622221 -0.0102199 -0.0472947  0.0204937 -0.0212021 -0.0243945   -0.0228344 -6.29347e-05  -0.00213962  -0.0388336   0.0146576 -0.00136695 1 0 0 13097
               103.2 -1.41996  1.85138 -19.8623 -0.0603909 -0.0105952 -0.0424389  0.0102913 -0.0161081  0.0239969   -0.0228583 -5.87315e-05  -0.00215413  -0.0388048   0.0145822 -0.00183463 1 0 0 12990
               103.3 -1.15306  2.11941 -19.8388  -0.0599098 -0.00846526  -0.0398425 -0.000395945     0.011042    0.0214822  -0.0228655 -5.8637e-05 -0.00214106  -0.0387419   0.0143167 -0.00183625 1 0 0 13043
               103.4 -1.04353  2.09445 -19.7527  -0.0590477 -0.00802232  -0.0381016 0.00643193 0.00882313  0.0232914    -0.022887 -6.22438e-05  -0.00215398  -0.0388172   0.0143516 -0.00178649 1 0 0 12908
               103.5 -0.855324   2.09881  -19.6213  -0.0594239 -0.00786425  -0.0409218 -0.00805491  0.00361555   -0.015825   -0.0228879 -5.87961e-05  -0.00214906  -0.0387967   0.0143573 -0.00146986 1 0 0 12997
               103.6 -0.775551   2.22113  -19.6644  -0.0601618 -0.00690531  -0.0415226  -0.0100021  0.00795226 -0.00733249   -0.0229102 -6.85054e-05  -0.00214688  -0.0388088   0.0143161 -0.00152152 1 0 0 12910
               103.7 -0.681927   2.33947  -19.4931 -0.0606135 -0.0084162 -0.0429357 -0.00831311  -0.0104475  -0.0124872   -0.0229166 -6.48829e-05  -0.00215418 -0.038892 0.0144299 -0.001485 1 0 0 13020
               103.8 -0.579201   2.49612  -19.4377  -0.0590076 -0.00807199  -0.0438213   0.00515851 -0.000221573    -0.010959    -0.022932 -6.98413e-05   -0.0021523  -0.0390337   0.0142618 -0.00151968 1 0 0 12918
               103.9 -0.525338   2.54306  -19.4647 -0.0591944 -0.0100862 -0.0453757 -0.00543437  -0.0162474  -0.0108131   -0.0229317 -7.53068e-05  -0.00214394  -0.0390556   0.0143897 -0.00148901 1 0 0 12946
                 104 -0.431726   2.49795  -19.3757  -0.060199 -0.0102054 -0.0453072   -0.011287 -0.00527449 -0.00509875   -0.0229448 -7.57752e-05  -0.00215539  -0.0390134   0.0143044 -0.00155274 1 0 0 12915
               104.1 -0.270714    2.5596  -19.2551 -0.0593153  -0.010834 -0.0435057 0.000155465 -0.00773382   0.0111332   -0.0229655 -7.14313e-05  -0.00216777   -0.039141   0.0142502 -0.00170505 1 0 0 13014
               104.2 -0.105646   2.61372  -19.2712 -0.0595387 -0.0115492 -0.0445751 -0.00552905 -0.00563334 -0.00263201   -0.0229722 -7.17597e-05  -0.00215751 -0.0391535  0.0142314 -0.0015604 1 0 0 12958
               104.3 -0.0244676    2.59699   -19.2183 -0.0605489 -0.0118737 -0.0423528  -0.0142545 -0.00572566   0.0148717     -0.02299 -6.58048e-05   -0.0021632  -0.0391409    0.014226 -0.00170904 1 0 0 12951
             104.399 0.0695046   2.54723  -19.2311 -0.0607653  -0.011528 -0.0415731 -0.00978737  0.00350879   0.0126772   -0.0229989 -7.47024e-05  -0.00215202  -0.0392208   0.0141205 -0.00165569 1 0 0 13015
               104.5 -0.0563998    1.24607   -19.0137  -0.0640878 -0.00886907  -0.0398675 -0.0423911  0.0369679  0.0317582  -0.0230154 -6.5917e-05 -0.00216834  -0.0391219   0.0140563 -0.00157887 1 0 0 13042
               104.6 -3.87319 -2.74633  -20.541   -0.0665755 -0.000471313   -0.0407847 -0.0112438  0.0916421 -0.0104687   -0.0229573 -1.30594e-05  -0.00213195  -0.0391646   0.0138149 -0.00134073 1 0 0 13092
               104.7 -6.90556  -2.5045  -18.946 -0.0605939 0.00998258 -0.0382292  0.116257 0.0761448 0.0288087   -0.0229821 -3.27353e-05  -0.00220095  -0.0392924   0.0135884 -0.00151727 1 0 0 13331
               104.8 -6.20511  2.97185 -12.9631  -0.032122  0.0127181 -0.0377671   0.326992  0.0732784 -0.0026389   -0.0230523 -0.000132321  -0.00227656 -0.0399578  0.0136744 -0.0013371 1 0 0 13328
               104.9 -7.52982  10.5572 -6.09294  0.0154234  0.0178617 -0.0312388  0.457179 0.0814065 0.0408013   -0.0230044 -0.000215705   -0.0023047 -0.0407292  0.0138403 -0.0018333 1 0 0 12798
                 105   -6.17823    13.8777 -0.0432007  0.0642224  0.0265266 -0.0248428  0.439897  0.118568 0.0516808   -0.0230564 -0.000142392  -0.00224758  -0.0410363   0.0139413 -0.00208225 1 0 0 12257
             105.098 -4.90858  10.9135  3.98534  0.0922851  0.0388364 -0.0268003    0.267945    0.149709 -0.00364018   -0.0230764 -1.22021e-05  -0.00217783  -0.0405013   0.0140648 -0.00159887 1 0 0 12070
             105.197 -5.49612  5.84431  4.28482 0.0929991 0.0593232 -0.031201 0.00495778   0.199604 -0.0343542   -0.023073 6.68449e-05 -0.00210197  -0.0393583   0.0137665 -0.00110387 1 0 0 12209
             105.297 -8.02274 0.687108  2.11355  0.0693758  0.0836709 -0.0391017  -0.247391   0.190795 -0.0839288  -0.0230407 8.35888e-05  -0.0020584   -0.0383293    0.0132481 -0.000711554 1 0 0 12234
             105.399  -6.71885 -0.668036  0.082201  0.0412899  0.0945534 -0.0514572 -0.307102 0.0774098 -0.131251   -0.0231303 -1.90504e-05  -0.00207289   -0.0384064    0.0134651 -0.000546792 1 0 0 12303
               105.5  -4.33115   1.66351 -0.347268 0.0234909 0.0996202 -0.066299 -0.191359 0.0939205 -0.156249   -0.0231567 -9.39203e-05  -0.00213052  -0.0392323   0.0136716 -0.00049569 1 0 0 12073
               105.6 -1.66552  3.12455   2.7383  0.0216969   0.109022 -0.0792243 -0.0569927   0.102941  -0.146436   -0.0231765 -9.55917e-05   -0.0021949   -0.0402634    0.0137269 -0.000657037 1 0 0 11790
               105.7  1.9269 4.97179 5.25574   0.024117   0.121665 -0.0899633 0.00710636   0.106044   -0.14703   -0.0232034 -0.000102201  -0.00219572  -0.0408311   0.0135755 -0.00103452 1 0 0 11618
               105.8 5.19803 8.75031 6.98047 0.0289396  0.124343 -0.102296 0.0517203  0.011969 -0.126232  -0.0232276 -0.00016844  -0.0021599  -0.0409275   0.0139285 -0.00125877 1 0 0 11242
               105.9 6.06158  12.529 6.82094 0.0322081  0.120405 -0.114373  0.0490304 -0.0571619 -0.0559164   -0.0231888 -0.000139694  -0.00210908  -0.0407303   0.0140469 -0.00100917 1 0 0 10595
                 106 4.27815  15.119 2.41928 0.0306417  0.115854  -0.11546 0.00787386 -0.0848609  0.0209866   -0.0231802 -0.000105942  -0.00202885  -0.0403862   0.0138031 -0.00093954 1 0 0 10486
               106.1 0.112623  17.9464 -4.24471 0.0215564  0.114515 -0.108981 -0.0687542 -0.0655197  0.0520558   -0.0231616 -0.000102312  -0.00198654   -0.0399414    0.0132621 -0.000951385 1 0 0 10533
               106.2 -1.05326  19.8658 -10.3135 0.0129212  0.109372 -0.106849 -0.0849008 -0.0624518  0.0354549   -0.0232154 -0.000111681  -0.00200835   -0.0399663    0.0130729 -0.000689292 1 0 0 10676
               106.3 -1.92862  20.2118 -12.7277 0.00379785  0.0972878  -0.103738 -0.101135 -0.102994 0.0431418   -0.0232332 -7.84635e-05  -0.00205705   -0.0399974    0.0134746 -0.000698728 1 0 0 10914
               106.4 -1.55624   18.614  -13.001 -0.00725398   0.0827081   -0.101032 -0.113427 -0.128889 0.0304744   -0.0232548 -4.64573e-05  -0.00208903   -0.0400641    0.0137758 -0.000588327 1 0 0 10983
             106.499 0.623296  16.5466 -12.9617 -0.0165817  0.0724838 -0.0920332 -0.092161 -0.101538 0.0700291  -0.0233311 -3.3776e-05 -0.00210204    -0.039976     0.013698 -0.000959552 1 0 0 11099
               106.6  1.27929  14.8319 -13.8118 -0.0212912  0.0627689 -0.0816871 -0.0464729 -0.0838028    0.10218   -0.0233428 -3.62648e-05   -0.0020896    -0.04012   0.0136863 -0.00119315 1 0 0 11446
               106.7  1.63934  12.7709 -14.4235 -0.0254491  0.0557662 -0.0726442  -0.036141 -0.0685689    0.09863    -0.023348 -3.82103e-05  -0.00209856  -0.0401472   0.0136209 -0.00106727 1 0 0 11439
               106.8 2.31511 11.0172 -14.939 -0.0297304   0.049981 -0.0684149 -0.0349818 -0.0632439  0.0712314   -0.0233631 -3.97568e-05  -0.00210793   -0.0401639    0.0134988 -0.000669311 1 0 0 11929
               106.9 3.70665 7.89808 -13.531 -0.0308304  0.0421596 -0.0575096 -0.0254374 -0.0616774   0.109509   -0.0233903 -2.22168e-05  -0.00214736    -0.040301    0.0135669 -0.000826471 1 0 0 12029
                 107  3.83805  5.33428 -12.6375 -0.0324398  0.0357293 -0.0505241  -0.020283 -0.0324949  0.0629139   -0.0233744 -5.02704e-05  -0.00214877   -0.0404082     0.013727 -0.000715196 1 0 0 12406
               107.1  4.51837  2.79528 -10.8865 -0.0328248   0.032273 -0.0503988 -0.0191052 -0.0147237 -0.0103358   -0.0233882 -7.13481e-05  -0.00215729  -0.0405875   0.0137872 -0.00050803 1 0 0 12481
               107.2  4.62981  2.32523 -10.1062 -0.0323432  0.0324436 -0.0494385  -0.0209308 -0.00353474  -0.0220426   -0.0233953 -0.000104805  -0.00215443  -0.0408049   0.0136379 -0.00076979 1 0 0 12538
               107.3  4.36305  2.51309 -10.1151  -0.031602  0.0340095 -0.0509061 -0.00879396  0.00706627  -0.0211958    -0.023394 -0.000121434   -0.0021315   -0.0410379    0.0134082 -0.000814635 1 0 0 12315
               107.4  4.26324  2.89817 -10.0942 -0.0294665  0.0362085 -0.0475854  0.014878 0.0172133 0.0247443   -0.0234196 -0.000133736  -0.00213737   -0.041206   0.0132535 -0.00107492 1 0 0 12482
               107.5  4.52442    1.905 -10.2838 -0.0267653  0.0375565 -0.0484029   0.0173152   0.0160123 0.000599562   -0.0234341 -9.82029e-05   -0.0021306   -0.0413169    0.0132591 -0.000869837 1 0 0 12269
               107.6  4.49882   1.8467 -10.4305 -0.0291621  0.0366251 -0.0483688  -0.0102434 -0.00355945  0.00292875   -0.0234456 -0.000126495  -0.00213138   -0.0410687    0.0134994 -0.000901428 1 0 0 12479
               107.7  4.74076  1.50989 -10.2505 -0.0311908  0.0359014 -0.0460652 -0.0157766 -0.0105934  0.0162419   -0.0234717 -0.000118103  -0.00213443  -0.0409713    0.013555 -0.00102514 1 0 0 12375
               107.8  4.73056  1.66415 -10.1668 -0.0324023  0.0358117 -0.0447203  -0.0203777 -0.00214442   0.0115716   -0.0234767 -0.000117901   -0.0021419  -0.0410269    0.013463 -0.00100044 1 0 0 12585
               107.9   4.8403  1.43775 -10.2813 -0.0322754  0.0360091 -0.0433807  -0.004961 0.00247565  0.0109214   -0.0235007 -0.000118956  -0.00213458  -0.0411774   0.0133996 -0.00101213 1 0 0 12398
                 108  4.80552  1.55346 -10.3106 -0.0308597  0.0375092 -0.0441368   0.0111069   0.0118123 0.000492936   -0.0235084 -0.000118887  -0.00213625    -0.041284    0.0132634 -0.000877207 1 0 0 12469
               108.1  4.75647  1.79293 -10.0919 -0.0307268  0.0379653 -0.0453402 0.000732672  0.00804898 -0.00814542   -0.0235266 -0.000121569  -0.00214331   -0.0412365    0.0133356 -0.000792784 1 0 0 12417
               108.2  4.70773  1.97057 -10.0762  -0.030622  0.0373798 -0.0477028  0.00124131 -0.00359884  -0.0185797    -0.023534 -0.000117746  -0.00213935   -0.0412464    0.0134127 -0.000719087 1 0 0 12408
               108.3  4.91813  2.06725 -10.0167 -0.0287588  0.0381732 -0.0489514 0.00920816  0.0035777   -0.01716   -0.0235541 -0.000115731  -0.00214217   -0.0413706    0.0133104 -0.000760028 1 0 0 12384
               108.4  4.73341   2.4597 -10.1011 -0.0293945  0.0371506 -0.0519902 -0.00344511  -0.0052667  -0.0158425   -0.0235492 -0.000127771  -0.00214182   -0.0412916    0.0134216 -0.000670967 1 0 0 12317
               108.5  4.81826  2.19585 -9.88395  -0.029896  0.0400814 -0.0512232 -0.00549973   0.0219333 -0.00373112   -0.0235736 -0.000119358  -0.00214565    -0.041268    0.0132257 -0.000775866 1 0 0 12372
               108.6  4.70789  2.40095 -9.89147 -0.0277496  0.0386835 -0.0490647   0.0114825 -0.00808643   0.0111242   -0.0235869 -0.000122029  -0.00213493 -0.0414547   0.013386 -0.0009895 1 0 0 12456
               108.7  4.68436  2.44679 -9.77999 -0.0254325  0.0406079 -0.0478394 0.0179453 0.0169873 0.0175454   -0.0236093 -0.000120419  -0.00214845   -0.0415277    0.0131982 -0.000940146 1 0 0 12560
               108.8   4.6367  2.19616 -9.72116 -0.0271415  0.0407696 -0.0473647  -0.00953531 -0.000499079   0.00692084   -0.0236141 -0.000120793  -0.00214475   -0.0413212    0.0133471 -0.000887061 1 0 0 12262
               108.9  4.55943  2.38019 -9.67651 -0.0277696  0.0389231 -0.0480708 -0.00937535  -0.0115371  0.00238371   -0.0236305 -0.000122494  -0.00215046  -0.0413585   0.0134539 -0.00080629 1 0 0 12468
                 109  4.46601  2.21089 -9.60603 -0.0269047  0.0369034 -0.0486258 0.000963678  -0.0178648  -0.0067912   -0.0236362 -0.000113501  -0.00214306   -0.0414918    0.0134826 -0.000769733 1 0 0 12268
               109.1  4.52263  2.32071 -9.55188 -0.0260477  0.0383288 -0.0492121  0.00535432  0.00694146 -0.00291415   -0.0236472 -0.000120683  -0.00214721   -0.0415281    0.0132526 -0.000742656 1 0 0 12558
               109.2 5.20248 1.43293 -8.6876 -0.027566 0.0388475 -0.049882 -0.00764329   0.0139867  0.00887462   -0.0236648 -9.60851e-05   -0.0021739   -0.0414184    0.0133275 -0.000672883 1 0 0 12302
               109.3  4.80858  2.97265 -7.53176 -0.0258084  0.0398528 -0.0480202  0.0252562 0.00906551   0.016474  -0.0236697 -0.00013675 -0.00216808   -0.0415119    0.0133355 -0.000704383 1 0 0 12464
               109.4  2.52105  5.96311 -5.90834 -0.0147138  0.0397446 -0.0413654    0.085005 -0.00670473   0.0412678   -0.0236448 -0.000170279  -0.00216838  -0.0420369   0.0132343 -0.00103408 1 0 0 12453
               109.5  2.25799  6.15461 -3.55424 -0.00394688   0.0417254  -0.0366476 0.0915453 0.0173115 0.0411038   -0.0236851 -0.000118713  -0.00218789  -0.0422382   0.0130009 -0.00109917 1 0 0 12509
               109.6  1.48747  4.52079 -1.70665 0.000860249   0.0423067  -0.0352231 0.0490017 0.0100361 0.0379281    -0.023686 -8.53612e-05   -0.0021853   -0.0420389    0.0131666 -0.000865014 1 0 0 12421
               109.7  2.22716  3.37868 -0.86644 -0.00180309   0.0383308  -0.0324654 -0.0120288 -0.0368616  0.0285772   -0.0237333 -8.51177e-05  -0.00216231  -0.0415446   0.0135225 -0.00078616 1 0 0 12500
               109.8   2.25147   2.64612 -0.980172 -0.00512875   0.0354806  -0.0346885 -0.0313431 -0.0354299 -0.0265422   -0.0237201 -8.48365e-05  -0.00214354    -0.041452    0.0134574 -0.000562924 1 0 0 12432
               109.9  1.80211  3.78395 -2.29333 -0.00666476   0.0333829  -0.0356188 -0.0206625 -0.0214981 -0.0143629   -0.0237239 -0.000127688  -0.00212065   -0.0415577    0.0133411 -0.000688962 1 0 0 12378
                 110  1.53091  4.10322 -2.69158 -0.00572707    0.033536  -0.0373864 -0.00309922   0.0107527  -0.0145894   -0.0237261 -0.000117892  -0.00213137   -0.0417987    0.0132178 -0.000638078 1 0 0 12411
             110.098  1.35732  4.06154 -2.94759 -0.00702346   0.0361824   -0.038382 -0.0167382  0.0217534 -0.0152141    -0.023738 -0.000116677  -0.00214675     -0.04176    0.0131465 -0.000662995 1 0 0 12471
             110.197  2.37164  3.23945 -4.45492 -0.00723399   0.0359916  -0.0381593  -0.0246796   0.0173465 -0.00713494   -0.0237783 -0.000100578  -0.00211941    -0.041911    0.0132895 -0.000802811 1 0 0 12515
             110.298   1.75035 0.0616593  -8.65793 -0.0181351  0.0389932 -0.0358732    -0.1018  0.0151365 0.00959154   -0.0237697 -3.77749e-05  -0.00204926  -0.0414023    0.013373 -0.00101488 1 0 0 12551
             110.399  2.19123 -1.82212 -11.3308 -0.0323818  0.0425537  -0.033062   -0.14434 0.00580777  0.0219562   -0.0238324 -7.87294e-05  -0.00209284  -0.0412335   0.0130911 -0.00108338 1 0 0 12643
             110.498  2.10613 -1.38755 -11.8634 -0.0415913  0.0420691 -0.0389463 -0.0855942  0.0252526 -0.0267557   -0.0238229 -0.000120865  -0.00214589   -0.0415111    0.0131496 -0.000589877 1 0 0 12492
               110.6  1.98099 -1.35531 -11.4856 -0.0382226   0.042686 -0.0422238  0.0190514  0.0213353 -0.0282345   -0.0238366 -0.000113303  -0.00216411   -0.0421853    0.0131407 -0.000457445 1 0 0 12322
               110.7   2.05167 -0.575644  -11.2832 -0.0360094  0.0422332 -0.0482596  0.00864736 0.000192371  -0.0496949   -0.0238506 -0.000141124    -0.002156   -0.0422595    0.0132675 -0.000290692 1 0 0 12565
               110.8  2.56616   -0.794 -11.2463 -0.033179 0.0418824 -0.047572   0.0140198 -0.00329278 -0.00620471    -0.023872 -0.000114006   -0.0021558   -0.0424524    0.0132753 -0.000618017 1 0 0 12408
               110.9  3.06168 -1.12772 -11.2665 -0.0350261  0.0408743 -0.0466878 -0.0113327 -0.0180853 0.00322583   -0.0238842 -0.000123463  -0.00215314   -0.0422559    0.0133717 -0.000737725 1 0 0 12507
                 111   2.90029 -0.549112  -11.6194 -0.0372628  0.0415263 -0.0473809   -0.0225374  -0.00121326 -0.000159455   -0.0238711 -0.000150585  -0.00214641   -0.0421757     0.013192 -0.000640642 1 0 0 12236
               111.1    2.8221 -0.639261  -11.5113  -0.038725  0.0428555 -0.0475013 -0.00845014   0.0142221  0.00177551   -0.0238921 -0.000122162   -0.0021622   -0.0422058    0.0130895 -0.000600635 1 0 0 12471
               111.2    3.2136 -0.534186  -10.9192 -0.0407101  0.0428146 -0.0481941  -0.0167254 -0.00221823  -0.0106961   -0.0239129 -0.000137164  -0.00216629   -0.0421058    0.0132043 -0.000579282 1 0 0 12377
               111.3   3.53639 -0.237755  -11.1561 -0.0388989  0.0425494  -0.045336 -0.00510882 -0.00840461   0.0187773   -0.0239331 -0.000137852  -0.00215551   -0.0423939    0.0131062 -0.000830617 1 0 0 12496
               111.4   3.61116 -0.439006  -11.4352 -0.0363152  0.0413713 -0.0445503   0.0175141 -0.00389573   0.0176231  -0.0239335 -0.00013213 -0.00215466   -0.0426154    0.0130756 -0.000706429 1 0 0 12395
               111.5   3.68448 -0.555063  -11.4442 -0.0376952  0.0401652 -0.0458803 -0.000257686   -0.0153601   -0.0101117    -0.023951 -0.000139445  -0.00216305   -0.0423866    0.0131791 -0.000548216 1 0 0 12475
             111.599   3.73843 0.0496404  -11.4384  -0.037265  0.0407276 -0.0456425 0.000197304  0.00181204 0.000593044   -0.0239599 -0.000146169  -0.00216716   -0.0424042    0.0130297 -0.000605693 1 0 0 12328
               111.7   3.77663 0.0737688   -11.421 -0.0384241  0.0409245 -0.0485404 -0.0136179 0.00272875 -0.0174777   -0.0239642 -0.000146454  -0.00216503   -0.0423602    0.0130304 -0.000405114 1 0 0 12329
               111.8   3.66011 0.0533101  -11.5021 -0.0373492  0.0408775 -0.0472397  0.00749231 0.000128142  0.00355897   -0.0239807 -0.000139755   -0.0021648   -0.0425149    0.0130184 -0.000598623 1 0 0 12438
               111.9   3.8956 0.285204 -11.2126 -0.0360939    0.04129 -0.0479769   0.0141483  0.00218258 -0.00663821   -0.0239975 -0.000144188  -0.00217328   -0.0425084    0.0129904 -0.000540492 1 0 0 12352
                 112  4.03614 0.666496 -11.3668 -0.0362302  0.0410247 -0.0458709  -0.0116004 -0.00815745   0.0121676   -0.0240199 -0.000169741  -0.00216344   -0.0424761    0.0130068 -0.000720562 1 0 0 12380
               112.1  3.96905 0.689753 -11.6845 -0.0355227  0.0394754 -0.0472411  0.00229672 -0.00878817  0.00118405  -0.0240315 -0.00014153 -0.00216822   -0.0426177    0.0130217 -0.000555762 1 0 0 12318
               112.2  4.13113 0.677569 -11.7137 -0.0352162  0.0382358 -0.0471318 0.00670037 -0.0116956 0.00186278   -0.0240405 -0.000154906  -0.00217287   -0.0425986    0.0130636 -0.000556468 1 0 0 12370
               112.3  4.29701 0.639942 -11.5022 -0.0371847  0.0378776 -0.0506454  -0.0193249 -0.00149728  -0.0215685   -0.0240374 -0.000159489  -0.00217187   -0.0424552    0.0130582 -0.000318424 1 0 0 12215
               112.4  4.11719 0.481076 -11.6452 -0.0397724  0.0374191 -0.0508201   -0.028416  -0.0107134 -0.00965049   -0.0240384 -0.000158058  -0.00215989    -0.042443    0.0130707 -0.000444924 1 0 0 12478
             112.499  4.09365 0.580484 -11.9587 -0.0402127  0.0372819 -0.0505642  -0.0117596 -0.00540023 -0.00354748   -0.0240475 -0.000158306  -0.00216607   -0.0425946    0.0129454 -0.000520867 1 0 0 12158
               112.6  4.10531 0.694708 -12.1138 -0.0393715  0.0367933 -0.0525786  0.00610042 0.000162439 -0.00850457   -0.024058 -0.00015389 -0.00216861  -0.0427096   0.0129129 -0.00039509 1 0 0 12498
               112.7  4.26221  0.61187 -12.0154 -0.0399559   0.038076 -0.0519618 -0.00484251  0.00699534 -0.00751461   -0.0240793 -0.000158329  -0.00217829   -0.0426305    0.0128608 -0.000499789 1 0 0 12278
               112.8  4.39462 0.741197 -12.0368 -0.0397721  0.0351492 -0.0535097 -0.00313359  -0.0213159 -0.00999443   -0.0240902 -0.000159582  -0.00217618   -0.0427132     0.013069 -0.000496167 1 0 0 12508
               112.9  4.47565 0.768029 -12.0309 -0.0393516  0.0361707 -0.0507371 0.000653052  0.00300604    0.020089   -0.0241096 -0.000158744  -0.00217728   -0.0427437    0.0128627 -0.000668604 1 0 0 12368
                 113  4.45528 0.766352 -12.0969 -0.0386274  0.0380772 -0.0501146 0.00512708  0.0156348 0.00576239   -0.0241171 -0.000158985  -0.00217596    -0.042782    0.0127291 -0.000577012 1 0 0 12421
               113.1  4.48187  1.04725 -12.0275 -0.0395376  0.0402756 -0.0457794 -0.00717548   0.0184502   0.0332135   -0.0241385 -0.000175828  -0.00218143   -0.0426875    0.0127164 -0.000809251 1 0 0 12259
               113.2  4.53181 0.824855 -11.9927 -0.0398322  0.0402715 -0.0458001 -0.0071416 0.00586385  0.0123084   -0.0241473 -0.000151166  -0.00218018   -0.0427468    0.0128145 -0.000603778 1 0 0 12364
               113.3  4.56681 0.843544 -11.9266 -0.0380258  0.0400365 -0.0455759 0.00935123  0.0009769 0.00693944   -0.0241648 -0.000162882  -0.00218201   -0.0429175    0.0128108 -0.000536817 1 0 0 12438
               113.4  4.54305 0.810626 -11.9867 -0.0386602  0.0401327 -0.0480557 -0.00352874  0.00159713  -0.0156107   -0.0241707 -0.000157775  -0.00217719   -0.0428325    0.0128251 -0.000348558 1 0 0 12301
               113.5  4.49564 0.994176 -11.8574 -0.0397876  0.0401845 -0.0495441  -0.00987255 -0.000387183   -0.0120391   -0.0241793 -0.000173085  -0.00219064   -0.0427831    0.0128423 -0.000350661 1 0 0 12330
               113.6  4.48181 0.813288 -11.8591 -0.0392066  0.0380139 -0.0527445 -0.00344751  -0.0140075  -0.0251991   -0.0241836 -0.000155502  -0.00217981   -0.0429221     0.012945 -0.000236939 1 0 0 12331
               113.7   4.5238 0.723558 -11.8459 -0.0370733  0.0371559 -0.0525375    0.013838  -0.0118423 -0.00694205   -0.0242061 -0.000153695  -0.00218923   -0.0430818    0.0128626 -0.000404396 1 0 0 12570
               113.8  4.44012 0.757225 -11.7927   -0.03806  0.0363452 -0.0544845 -0.00630652 -0.00907268  -0.0133294   -0.0242017 -0.000158738  -0.00218353   -0.0429361     0.012878 -0.000309725 1 0 0 12393
               113.9  4.50635 0.716877 -11.7826 -0.0395862   0.037751 -0.0527918 -0.0125001 0.00539389 0.00324157   -0.0242195 -0.000163363  -0.00218679   -0.0428608    0.0127391 -0.000487253 1 0 0 12362
                 114  4.39364 0.781502 -11.8063 -0.0415595  0.0365086 -0.0546968 -0.0183541 -0.0070902 -0.0115488     -0.02422 -0.000165618  -0.00218995  -0.0428372   0.0128654 -0.00037404 1 0 0 12376
               114.1   4.4617 0.801994 -11.8014 -0.0414233  0.0373173   -0.05472  -0.0028446   0.0040991 -0.00247742   -0.0242441 -0.000162552  -0.00218655   -0.0429459    0.0127387 -0.000423311 1 0 0 12550
               114.2  4.62507 0.791332 -11.5738 -0.0418122  0.0396993 -0.0486267 -0.00408494   0.0131693   0.0365186   -0.0242718 -0.000165539  -0.00219694   -0.0429137    0.0126273 -0.000793105 1 0 0 12347
             114.299  4.57434 0.896335 -11.6285 -0.0386948  0.0380855 -0.0494888   0.0140319 -0.00325146   0.0101602  -0.0242762 -0.00016405 -0.00218848    -0.043205     0.012734 -0.000540025 1 0 0 12386
             114.398  4.63152 0.682711 -11.6094 -0.0379443  0.0389447 -0.0461462 0.00870128 0.00333454  0.0269793   -0.0243019 -0.000162813  -0.00219867   -0.0431625     0.012662 -0.000644756 1 0 0 12348
               114.5  4.50124  0.77819 -11.8189 -0.0381923  0.0361862 -0.0529024 0.00182366 -0.0149168 -0.0353792   -0.0242892 -0.000169601  -0.00218737   -0.0431112    0.0128671 -0.000102652 1 0 0 12470
               114.6  4.60719 0.752386 -11.7907 -0.0383447  0.0379418 -0.0507789 -0.00548836  0.00715488  0.00391713   -0.0243198 -0.000161408  -0.00219359   -0.0430797    0.0126645 -0.000404208 1 0 0 12500
               114.7  4.51885 0.633463 -11.9057 -0.0379681  0.0380812 -0.0512586  -0.00132775 -0.000443687  -0.00466217    -0.024329 -0.000160487  -0.00218827    -0.043164    0.0126618 -0.000362623 1 0 0 12588
             114.799 4.18754 0.94509 -11.934 -0.0381024  0.0377761 -0.0503513 0.00408265 0.00262643 0.00948401   -0.0243447 -0.000166307  -0.00219487   -0.0431462    0.0127014 -0.000436839 1 0 0 12481
               114.9  4.42632  0.95005 -11.5018 -0.0355741  0.0377272 -0.0495305   0.0148403 -0.00185089  -0.0030578  -0.0243619 -0.00016311 -0.00220191   -0.0432825    0.0126759 -0.000450118 1 0 0 12432
                 115  4.54826  1.11209 -12.0793 -0.0355715  0.0363576 -0.0497145 -0.00897188  -0.0171738  0.00209311   -0.0243754 -0.000166923  -0.00219001   -0.0432692    0.0127098 -0.000480541 1 0 0 12531
             115.099  4.48197 0.790697 -12.2893 -0.0371151  0.0367337 -0.0486849 -0.00752047  0.00700241    0.014499   -0.0243821 -0.000145158  -0.00219911   -0.0432065    0.0126358 -0.000460358 1 0 0 12565
             115.196  4.51533 0.842595  -12.008 -0.0356115  0.0372179  -0.051445  0.0138621 0.00746705 -0.0208923   -0.0243926 -0.000151458  -0.00221018   -0.0433052     0.012601 -0.000221103 1 0 0 12732
             115.297  4.49716  1.25512 -12.0642 -0.0377374  0.0368408 -0.0533365  -0.0223466 -0.00500008  -0.0180266   -0.0243959 -0.000169856  -0.00220456   -0.0431302    0.0127149 -0.000281973 1 0 0 12599
             115.398    4.504 0.890395 -12.0507 -0.0379308  0.0361753 -0.0539429  -0.0113422 -0.00330321 -0.00436003   -0.0244001 -0.000147276  -0.00220886   -0.0432983    0.0127029 -0.000304345 1 0 0 12735
             115.498  4.47949  1.15458 -12.1727 -0.0396829  0.0369725 -0.0533415  -0.0129957  0.00188194 -0.00367162   -0.0244104 -0.000178256  -0.00219827   -0.0432357    0.0126111 -0.000403552 1 0 0 12468
               115.6  4.56945  1.21744 -11.9909 -0.0375788   0.036458 -0.0535314  0.00824288 4.78389e-05 0.000965483   -0.0244286 -0.000165235   -0.0022089   -0.043472   0.0125975 -0.00038895 1 0 0 12449
               115.7   4.5407   1.1606 -11.9645 -0.0384644  0.0365008 -0.0535463 -0.00847865 -0.00303996 0.000205417    -0.024432 -0.000178883  -0.00220832   -0.0433913    0.0126125 -0.000381956 1 0 0 12486
               115.8  4.58123  1.11271 -12.0593 -0.0370337  0.0353202 -0.0522458   0.0066588 -0.00735915   0.0128524   -0.0244576 -0.000164071   -0.0021976   -0.0435474    0.0126322 -0.000461012 1 0 0 12439
               115.9  4.57671   1.1601 -11.9852 -0.0382494  0.0351167 -0.0520062 -0.00797232  -0.0044726  0.00421982    -0.024472 -0.000170658  -0.00220994   -0.0434271    0.0126248 -0.000409699 1 0 0 12445
                 116  4.38865  1.30054 -11.9099 -0.0390543  0.0352994 -0.0523455 -0.00557173  0.00325944 0.000499606   -0.0244768 -0.000176358  -0.00220319   -0.0434261    0.0125833 -0.000337677 1 0 0 12311
               116.1 4.40137 1.41254 -11.614 -0.0386286  0.0357437 -0.0494801 -0.000403923  0.000295677    0.0127202      -0.0245 -0.000176922  -0.00221048   -0.0434746    0.0125556 -0.000523609 1 0 0 12432
               116.2  4.36258  1.64043 -11.7684 -0.0387455  0.0362998 -0.0513934 -0.00623258  0.00625003 -0.00575739   -0.0245065 -0.000184572  -0.00219894   -0.0434956     0.012492 -0.000314323 1 0 0 12400
               116.3  4.40233  1.31024 -11.8163 -0.0379827  0.0371566 -0.0492621 0.00327213 0.00694647  0.0176768   -0.0245287 -0.000155473  -0.00220595   -0.0435912    0.0124571 -0.000457407 1 0 0 12409
               116.4  4.34501  1.35621 -11.6052 -0.0363464   0.038119 -0.0525856  0.0156772  0.0120159 -0.0209419   -0.0245212 -0.000185709  -0.00220826   -0.0436619    0.0124034 -0.000126653 1 0 0 12263
             116.499 4.29394 1.39823 -11.595 -0.0369714  0.0379213 -0.0531034  -0.0043675 -0.00135326  -0.0131761  -0.0245404  -0.0001769 -0.00220937  -0.0435525    0.012543 -0.00027088 1 0 0 12434
             116.599  4.34104  1.41127 -11.5369 -0.0380144  0.0384963 -0.0514329 -0.0110595 0.00462933  0.0127851   -0.0245614 -0.000178298  -0.00220962   -0.0435135    0.0125156 -0.000413937 1 0 0 12194
               116.7 4.34414 1.28005 -11.507 -0.0377196  0.0400747 -0.0513331 -0.00104239    0.012695   0.0022779   -0.0245717 -0.000176104  -0.00221281    -0.043604    0.0123931 -0.000334974 1 0 0 12481
               116.8  4.41615  1.22564 -11.4388  -0.039192  0.0401617 -0.0487813   -0.0128968 -0.000568341    0.0178176   -0.024602 -0.00017671 -0.00221138    -0.043528    0.0125043 -0.000503661 1 0 0 12233
               116.9  4.35823  1.22505 -11.4714 -0.0379638  0.0384827 -0.0504373  0.00242156 -0.00774819 -0.00262812   -0.0246157 -0.000167292  -0.00220713   -0.0437258    0.0125533 -0.000292238 1 0 0 12397
                 117  4.39105  1.21439 -11.5281 -0.0370767  0.0392908 -0.0474829   0.00627373 -0.000362633    0.0156278   -0.0246324 -0.000178418    -0.002207   -0.043753   0.0124229 -0.00048605 1 0 0 12457
               117.1 4.19132 1.30204 -11.514 -0.0362258  0.0376135 -0.0521925  0.00698781 -0.00595332  -0.0248072   -0.0246284 -0.000166399  -0.00220726   -0.0437876    0.0125179 -9.68096e-05 1 0 0 12222
               117.2  3.98066  1.70126 -11.3602  -0.036986  0.0397217 -0.0514761 -0.000367812   0.00886369  -0.00205922   -0.0246512 -0.000180598  -0.00222359    -0.043653    0.0123667 -0.000267322 1 0 0 12471
               117.3  4.02696  1.66935 -11.2934 -0.0368431    0.03818 -0.0520969 -0.00739743 -0.00956012 -0.00767681  -0.0246614  -0.0001797 -0.00220623   -0.0437169    0.0125287 -0.000276373 1 0 0 12241
               117.4  4.60821  1.34211 -11.4762 -0.0388287  0.0377766 -0.0505921 -0.0247467 -0.0119462 0.00578119   -0.0246901 -0.000168229  -0.00221436   -0.0436648    0.0124643 -0.000410978 1 0 0 12330
               117.5  4.74639  1.06016 -12.0342 -0.0418352  0.0359495 -0.0525915  -0.0269036  -0.0149511 -0.00789572   -0.0246881 -0.000164413  -0.00219534  -0.0436547   0.0125031 -0.00024518 1 0 0 12159
               117.6  4.78523  1.06728 -11.9886 -0.0422873  0.0344117 -0.0518282 -0.00100799  -0.0117335  0.00461614   -0.0247038 -0.000170935  -0.00221031   -0.0437371    0.0125111 -0.000323155 1 0 0 12497
               117.7  4.97157  1.22773 -11.8987 -0.0410299  0.0336516 -0.0500799 0.000996756  -0.0110001  0.00829433    -0.024726 -0.000181165  -0.00220978   -0.0438388    0.0124465 -0.000422511 1 0 0 12167
               117.8  4.87535  1.18986 -12.1208  -0.038513  0.0342965 -0.0511194   0.0170122   0.0052487 -0.00196393   -0.0247224 -0.000176871  -0.00221286   -0.0440093    0.0122711 -0.000271775 1 0 0 12490
               117.9  4.92018  1.09147 -12.0645 -0.0395061  0.0351936 -0.0488899 0.00169303 0.00602863  0.0145752   -0.0247473 -0.000177405  -0.00221702   -0.0438056    0.0123181 -0.000400735 1 0 0 12222
                 118  4.91944  1.32252 -12.0477 -0.0403922  0.0356952  -0.050554 -0.00841257  0.00455539  -0.0101978   -0.0247466 -0.000183791  -0.00221479   -0.0437411    0.0123295 -0.000240551 1 0 0 12392
               118.1  4.87878  1.35161 -12.0123 -0.0402462  0.0346092 -0.0490968 -0.00841336  -0.0067273   0.0140767  -0.0247698  -0.0001796 -0.00222314    -0.043855    0.0124115 -0.000380102 1 0 0 12217
               118.2   4.8235 0.979134 -12.1118 -0.0376835  0.0342449 -0.0493162   0.0177846 -0.00409424 -0.00259226  -0.0247826 -0.00014928 -0.00221357   -0.0440773    0.0123162 -0.000279014 1 0 0 12360
             118.299   4.8363  1.39505 -12.0459 -0.0362632  0.0347212 -0.0481558  0.0155383 0.00205545 0.00736476   -0.0247987 -0.000194383  -0.00221794   -0.0440358    0.0122641 -0.000364734 1 0 0 12173
               118.4  4.80098  1.29971 -12.0495 -0.0356937     0.0355 -0.0489587  0.00435145  0.00315874 -0.00168692   -0.0248084 -0.000170601  -0.00220956   -0.0439895    0.0122288 -0.000257019 1 0 0 12302
               118.5  4.74447  1.41466 -11.9534 -0.0382542  0.0359768 -0.0506256 -0.0186728 0.00497355 -0.0107498   -0.0248173 -0.000182873  -0.00222982   -0.0438092    0.0122717 -0.000152698 1 0 0 12285
               118.6   4.7103  1.30372 -12.0031 -0.0383597  0.0353199 -0.0523339 -0.00636742 -0.00389661  -0.0171993   -0.0248243 -0.000152848  -0.00221714   -0.0439304    0.0123137 -0.000141878 1 0 0 12266
               118.7  4.77646  1.38912 -11.9475 -0.0385146   0.036035 -0.0533014 -0.00593386  0.00327978 -0.00787075   -0.0248404 -0.000178023  -0.00222048   -0.0439665    0.0122305 -0.000155025 1 0 0 12518
               118.8  4.66549  1.32117 -11.9802 -0.0381013  0.0334998 -0.0568231 -0.00231526  -0.0153818  -0.0261881  -0.0248343  -0.0001713 -0.00221244   -0.0440779    0.0123981 -1.92474e-05 1 0 0 12257
               118.9  4.69637  1.33883 -11.9292 -0.0374808   0.034516 -0.0566234  0.00671697  0.00312735 -0.00964847   -0.0248529 -0.000168871  -0.00222708   -0.0440962    0.0122132 -0.000172322 1 0 0 12498
                 119  4.70283  1.41481 -11.8532 -0.0386404  0.0348252 -0.0562368  -0.0108524  0.00163913 -0.00130704   -0.0248594 -0.000169625  -0.00223104   -0.0439917    0.0122487 -0.000263092 1 0 0 12267
               119.1  4.72389  1.42424 -11.8932 -0.0396103  0.0362739 -0.0536942 -0.0104551 0.00872396  0.0196916   -0.0248817 -0.000170282  -0.00222142   -0.0439936    0.0121578 -0.000407614 1 0 0 12509
               119.2  4.76685  1.26964 -11.8608 -0.0399625  0.0360982 -0.0520267 -0.00768088  0.00104529   0.0146448   -0.0248966 -0.000168889   -0.0022229    -0.044058    0.0122218 -0.000413911 1 0 0 12146
             119.299   4.7983   1.4091 -11.9009 -0.0394907  0.0372363 -0.0503244 -0.000427991    0.0096357    0.0171093   -0.024914 -0.00017051 -0.00222306   -0.0441373    0.0121211 -0.000414972 1 0 0 12376
               119.4  4.86387  1.40728 -11.8285 -0.0408067  0.0373463 -0.0471395   -0.0110163 -0.000585445    0.0287536   -0.0249359 -0.000180252  -0.00223269   -0.0440619       0.0122 -0.000502777 1 0 0 12309
               119.5  4.78926  1.42193 -11.9102 -0.0408199  0.0366538 -0.0505898  -0.00493315 -0.000661844   -0.0147014   -0.0249379 -0.000180409  -0.00222339   -0.0441576    0.0122066 -0.000114674 1 0 0 12450
               119.6  4.88809  1.43884 -11.8488 -0.0406442  0.0365383 -0.0484804 -0.000945837  -0.00355853    0.0119361   -0.0249627 -0.000184369  -0.00222994   -0.0441968    0.0122054 -0.000331866 1 0 0 12379
             119.699  4.82628  1.42842 -11.8831 -0.0399569  0.0366521 -0.0524933 0.00383869 0.00311836 -0.0257971   -0.0249603 -0.000183178  -0.00222776    -0.044263    0.0121432 -7.38964e-06 1 0 0 12456
               119.8  4.85773  1.46876 -11.7811 -0.0399165   0.036692 -0.0534561  0.000421104 -0.000118115    -0.013347   -0.0249806 -0.000175266  -0.00223997   -0.0442398    0.0121726 -0.000103253 1 0 0 12393
               119.9  4.85467  1.40048 -11.8144 -0.0385375  0.0373814 -0.0538502 0.00714539  0.0038599 -0.0088106   -0.0249924 -0.000175827  -0.00222891    -0.044334    0.0120928 -0.000153489 1 0 0 12367
                 120  4.81918  1.42702 -11.7833 -0.0384801  0.0367098 -0.0543383  0.00157266 -0.00446438 -0.00228305   -0.0250043 -0.000190094  -0.00223348  -0.0443097   0.0121807 -0.00018905 1 0 0 12533
             120.097  4.85742  1.30369 -11.7841 -0.0375123  0.0352199 -0.0531523 0.00512922 -0.0139069 0.00341306    -0.025015 -0.000165789   -0.0022281  -0.0443722   0.0122263 -0.00029484 1 0 0 12375
             120.196  4.88805  1.39065 -11.7895  -0.037493  0.0356994 -0.0531434   0.00178862 -2.52391e-05  0.000992946   -0.0250265 -0.000175761  -0.00223929   -0.0443278    0.0120994 -0.000248091 1 0 0 12683
             120.297  4.87871  1.33457 -11.7594 -0.0383255   0.037146 -0.0527471 -0.00837668  0.00922013  0.00435908   -0.0250346 -0.000171948   -0.0022473   -0.0442619    0.0120097 -0.000238024 1 0 0 12576
             120.399  4.90956  1.19982 -11.8615 -0.0375559  0.0378633 -0.0533552 0.00287931 0.00928534 -0.0013382   -0.0250497 -0.000156606  -0.00223765   -0.0443783     0.011981 -0.000164302 1 0 0 12711
               120.5  4.89071   1.4459 -11.8103  -0.037945  0.0358706 -0.0507442 -0.00662873  -0.0162218   0.0194761   -0.0250575 -0.000193418  -0.00223955   -0.0443624    0.0121904 -0.000386027 1 0 0 12480
               120.6  4.80346   1.2089 -11.8972 -0.0387517  0.0335713 -0.0530205  -0.0132314  -0.0187597 -0.00772786   -0.0250661 -0.000168136  -0.00223741   -0.0443932    0.0122285 -0.000117552 1 0 0 12483
               120.7  4.64776  1.33799 -12.1511 -0.0403897  0.0339542 -0.0531885 -0.0143022 -0.0213791  0.0154355   -0.0250766 -0.000175086   -0.0022383   -0.0443588    0.0120306 -5.78638e-05 1 0 0 12457
               120.8  3.07568  4.65691 -15.3342 -0.0376515  0.0250834 -0.0425851 0.0322979 -0.191752  0.214203  -0.0250483 -0.00024161  -0.0021603   -0.0445543    0.0118807 -0.000120754 1 0 0 12444
               120.9  1.11898  6.43239 -21.1577 -0.0312026 -0.0108422 -0.0103147 0.0524239 -0.487784  0.332943   -0.0250655 -0.000193921  -0.00211754   -0.0446975    0.0120344 -0.000387052 1 0 0 12858
                 121 2.58742 6.93931 -20.294 -0.0371045 -0.0601925   0.024794 -0.140164 -0.493202  0.254395   -0.0251452 -0.000146447  -0.00225328   -0.0444025    0.0119619 -0.000638646 1 0 0 13073
               121.1  5.3571  3.7875 -24.048 -0.0696101  -0.101258  0.0333676    -0.365989    -0.286192 -0.000107386   -0.025205 -6.4227e-05 -0.00218574   -0.0438323    0.0122835 -0.000178678 1 0 0 13804
               121.2  9.40767 -1.91484 -29.3869  -0.11307  -0.11492 0.0174338  -0.382331 -0.0259474  -0.179718   -0.0252307 -2.37054e-05  -0.00217876  -0.0434231   0.0123865 0.000470161 1 0 0 13818
             121.299  8.81308 -1.25124 -33.7874  -0.135546  -0.107655 0.00417635 -0.165549 0.0805855 -0.112963   -0.0251566 -0.000119251  -0.00218981  -0.0437431   0.0116785 0.000387505 1 0 0 13822
               121.4  7.41862  1.16529 -34.7937   -0.135639   -0.103726 0.000413157   0.0265013   0.0348715 -0.00804056   -0.0251518 -0.000164726  -0.00222595  -0.0445443   0.0113918 0.000176496 1 0 0 13492
               121.5  7.36466  1.32124 -34.0423  -0.124676  -0.103756 0.00445454  0.112075 0.0093089 0.0458483   -0.0251737 -0.000142634  -0.00226692  -0.0450217   0.0112823 2.17692e-05 1 0 0 13577
               121.6  6.20725  2.09774 -34.2387 -0.112069 -0.104483 0.0134373   0.112194 -0.0021021  0.0813911   -0.0251711 -0.000144446    -0.002248   -0.0452086    0.0112871 -0.000298793 1 0 0 13257
               121.7  5.01168  2.75761 -34.3903 -0.103915 -0.103423 0.0150241 0.0777692 0.0123938 0.0189861   -0.0251749 -0.000137371  -0.00224834  -0.0450602   0.0113378 0.000117809 1 0 0 13233
               121.8 4.49352 2.86508 -34.559 -0.0998197 -0.0999803  0.0145295   0.0379605   0.0209546 -0.00937875   -0.0251956 -0.000132643  -0.00224552  -0.0447747   0.0113024 0.000253305 1 0 0 13225
               121.9 4.27382 3.35254 -34.306 -0.0986409 -0.0985108   0.011316 0.00501889  0.0106656 -0.0337322   -0.0252068 -0.000137808  -0.00225193  -0.0446651   0.0113684 0.000370621 1 0 0 13166
                 122  4.71101  3.13945 -34.1324 -0.0964262  -0.098563 0.00984883  0.00384447 -0.00207921   -0.020833   -0.0252354 -0.000130031  -0.00226099    -0.04488   0.0112831 0.000203558 1 0 0 12964
               122.1  5.05412   3.0788 -34.1099  -0.096546  -0.101487 0.00899747 -0.0106131 -0.0232488 0.00261746   -0.0252473 -0.000127813  -0.00225186  -0.0450235   0.0114295 0.000141031 1 0 0 13066
             122.199  5.03745  3.06826 -34.1635 -0.0965345  -0.103494  0.0129766 -0.00938376  -0.0146389   0.0338231  -0.0252508 -0.00013667 -0.00225256  -0.0451165   0.0113652 -9.3062e-05 1 0 0 13023
               122.3  5.08539  2.78343 -34.2585 -0.0980623  -0.102368  0.0119471  -0.0193929 0.000955045 0.000637403   -0.0252524 -0.000128522  -0.00225179  -0.0450052   0.0112309 0.000238795 1 0 0 12878
               122.4  5.16678  2.45486 -34.3194  -0.100464 -0.0991854  0.0139464 -0.0283914  0.0238072  0.0118776  -0.0252636 -0.00012902 -0.00225771  -0.0448648   0.0110297 0.000147871 1 0 0 13109
               122.5   5.1568  2.31851 -34.4952 -0.102955 -0.097852 0.0130039  -0.0272082   0.0103432 -0.00723108   -0.0252672 -0.000132137  -0.00225715  -0.0449335   0.0110282 0.000278735 1 0 0 13032
               122.6  5.41286  2.23402 -34.4912 -0.102986  -0.09711  0.012314 -0.00448667  0.00980065  -0.0104076   -0.0252858 -0.000136128  -0.00226146  -0.0451132   0.0109171 0.000271641 1 0 0 13119
               122.7  5.54734  2.21422 -34.4949  -0.102481 -0.0963831  0.0128001 0.00236326 0.00191415 0.00101211   -0.0252907 -0.000143615  -0.00226388  -0.0451721   0.0108634 0.000167452 1 0 0 12956
               122.8  5.72112  2.11148 -34.4741  -0.101653 -0.0976305  0.0156713 0.00239381 -0.0114797  0.0229436   -0.0253051 -0.000138175  -0.00225974   -0.0452734    0.0108917 -3.01422e-05 1 0 0 13049
               122.9  5.64698  2.14469 -34.4785  -0.102375 -0.0986333  0.0163114 -0.0140778 -0.0109435  0.0123263   -0.0253038 -0.000141169  -0.00226516  -0.0452433   0.0108917 9.41837e-05 1 0 0 13054
                 123  5.77422  1.89721 -34.5242  -0.103254 -0.0982846  0.0181883 -0.0132135 0.00387261  0.0172101   -0.0253233 -0.000138894  -0.00226155 -0.0452519  0.0107621 5.8809e-05 1 0 0 13002
             123.099  4.96738 0.965403 -34.3568  -0.103329 -0.0965522  0.0168981 0.0232837  0.033233 -0.002184    -0.025305 -0.000126602  -0.00226649  -0.0452559   0.0107213 0.000327424 1 0 0 12970
               123.2  1.73348 -2.55548  -30.764 -0.0904093 -0.0884621  0.0168082  0.214331 0.0988103 0.0218185   -0.0252514 -7.07723e-05  -0.00236642  -0.0453683   0.0103779 0.000509325 1 0 0 12953
               123.3  -3.7993 -1.82815 -19.0835 -0.0578735 -0.0798595  0.0218828  0.380152 0.0722843 0.0298203  -0.0252116 -0.00016951  -0.0025307   -0.045491   0.0102658 0.000280539 1 0 0 12990
               123.4 -7.57051   2.2825 -9.09263  -0.007961 -0.0772053  0.0274919    0.422753   0.0387198 0.000362827   -0.0252342 -0.000238421  -0.00250549   -0.0465643    0.0101722 -0.000144598 1 0 0 12496
               123.5 -8.04129   3.3746 -4.58299  0.0280952 -0.0730455  0.0303518  0.268667 0.0463391 0.0216951   -0.0253269 -0.000190144  -0.00237893   -0.0467906    0.0102413 -0.000380515 1 0 0 12542
               123.6 -5.79507  2.12062 -2.97704 0.0374431 -0.072213 0.0262822  0.0953268  0.0333517 -0.0349124 -0.0254128  -0.000125  -0.002319  -0.0459281    0.010592 6.40548e-05 1 0 0 12135
               123.7 -1.03231  4.28414 -7.08418  0.0344878 -0.0717836  0.0155182 -0.016819 0.0379231 -0.107135   -0.0254909 -0.000166923  -0.00221077  -0.0450344   0.0108232 0.000474699 1 0 0 12200
               123.8  2.40964   3.9911 -8.55127    0.0294448   -0.0617287 -0.000979232 -0.0525556    0.12391  -0.168647  -0.0254767 -0.00014061 -0.00223868  -0.0448886   0.0106684 0.000773713 1 0 0 11874
               123.9  4.66997  9.16976 -14.0138  0.0235308  -0.047953 -0.0222806 -0.0978295   0.133039  -0.190486  -0.0254619 -0.00023218 -0.00216797 -0.0451337  0.0105371 0.00109733 1 0 0 11882
                 124  2.02783  17.0532 -23.8374  0.0189829 -0.0339231 -0.0412809 -0.105911  0.100984 -0.125554  -0.0253909 -0.00027575  -0.0020802 -0.0457894  0.0100912 0.00137539 1 0 0 11738
               124.1 -0.816721    18.404  -32.8453   0.011023 -0.0228779  -0.033986 -0.102329 0.0400744 0.0865232  -0.0254148 -0.00012588   -0.002097  -0.0458055  0.00960948 0.000583347 1 0 0 11261
               124.2 -1.52425  15.9744 -34.8937 -0.0107116 -0.0131042 -0.0125181 -0.147483 0.0877406   0.21645   -0.0254358 -1.80944e-05  -0.00226493  -0.0447997  0.00980159 0.000362764 1 0 0 11810
               124.3 -3.44139  10.8657 -32.6722  -0.0254572 -0.00148411   0.0118178 -0.0985593   0.143768   0.252412  -0.0254279  5.5771e-05 -0.00234802  -0.0445778  0.00998431 0.000376771 1 0 0 12371
               124.4 -4.17255  5.17693  -26.062 -0.0329415  0.0164638  0.0326732 -0.0644152   0.185083   0.181894  -0.0254397 0.000104548 -0.00244324  -0.0445444  0.00979682 0.000580399 1 0 0 13054
               124.5 -6.56081   3.8597 -23.7367 -0.029439 0.0299723 0.0441887 0.00315735   0.144448  0.0966638  -0.0254267 9.64307e-06  -0.0023725   -0.045313  0.00965207 0.000621137 1 0 0 13406
               124.6 -6.50409  3.56165 -21.7389 -0.025555 0.0356097 0.0447544  0.0131275  0.0812001 0.00779533   -0.0254733 -3.18513e-05  -0.00237095  -0.0458709  0.00994622 0.000985044 1 0 0 13691
               124.7 -5.10711  2.48238 -20.1256 -0.0247502  0.0401061  0.0472824 -0.0145581  0.0822541  0.0172261   -0.0255188 -4.99841e-05  -0.00235461  -0.0460827   0.0103019 0.000837708 1 0 0 13826
               124.8  -4.21872 -0.750787  -18.6903 -0.0305253   0.054131  0.0504491 -0.0556192   0.181933  0.0616769   -0.0255191 -4.90183e-06  -0.00238552  -0.0458656    0.010274 0.000882766 1 0 0 14311
               124.9   -2.912 -4.78414 -11.9297 -0.0346958  0.0766864  0.0610249 -0.00480309    0.240479    0.120525  -0.0255443 7.08734e-06   -0.002501 -0.0457318  0.0102545 0.00078122 1 0 0 14242
                 125 -6.41121 -4.61591 -4.30603 -0.0272223   0.105187  0.0717802 0.0946664  0.312889 0.0966101   -0.0254485 -0.000117428  -0.00253715 -0.0460066 0.00999114 0.00079004 1 0 0 14537
               125.1 -9.77857 -5.73326  3.53369 -0.0080947   0.137012  0.0806087   0.15963  0.279174 0.0601022   -0.0254265 -9.58131e-05  -0.00253076  -0.0466555  0.00971375 0.000838882 1 0 0 14328
             125.196 -7.45495 -7.40328  9.10463 0.0103228  0.153638 0.0797551   0.154891   0.149009 -0.0255232   -0.0255348 -9.10827e-05  -0.00250585 -0.0469043  0.0100632 0.00108671 1 0 0 14343
               125.3 -5.48931 -9.52879   15.189 0.0210844  0.159237 0.0807155   0.0884734   0.0416776 -0.00995923   -0.0255829 -9.45304e-05  -0.00253127  -0.0465773    0.010644 0.000740991 1 0 0 14343
               125.4 -3.91792 -11.4539  22.6022 0.0266943  0.158691 0.0765914  0.0680036 -0.0240089 -0.0674593   -0.0255902 -0.000108444  -0.00253393  -0.0462686   0.0108122 0.000774104 1 0 0 14140
               125.5 -1.89397 -11.1317  27.4664 0.0358617  0.157095 0.0590967 0.0971587 -0.035059 -0.201013  -0.0255761 -0.00015548 -0.00249914 -0.0464143  0.0105652 0.00131323 1 0 0 13895
               125.6 0.383947 -10.8036  27.2115 0.0518461  0.158232 0.0359227   0.166741 0.00480676  -0.277132  -0.0255654 -0.00016454 -0.00241478 -0.0469088  0.0103788 0.00139029 1 0 0 13502
             125.699  4.22478 -7.16259  27.4084  0.0698194   0.158802 0.00389272   0.186515 0.00812699  -0.342415   -0.0256208 -0.000277002   -0.0024155 -0.0469165  0.0103421 0.00152168 1 0 0 12907
               125.8  9.15615 -4.12397  29.8197  0.0890329    0.16287 -0.0305282  0.166618 0.0395519 -0.339382   -0.0256598 -0.000272087  -0.00245983 -0.0471479  0.0102627 0.00151692 1 0 0 12448
               125.9  12.9239 -2.22172  30.9849  0.0980263    0.16286 -0.0589175  0.0762369 0.00695648  -0.258902   -0.0256301 -0.000234555   -0.0024396  -0.046616   0.010306 0.00119703 1 0 0 11832
                 126   15.5149 -0.254059   30.2326  0.0962056   0.160864 -0.0850381  -0.0478277 -0.00984038   -0.221197   -0.0256108 -0.000226323  -0.00237827 -0.0461127  0.0102888 0.00132379 1 0 0 11068
               126.1  16.9222 -0.15502  26.9873 0.0842363  0.165027 -0.103448 -0.126086 0.0170072 -0.172541   -0.025602 -0.00018122 -0.00235844 -0.0460969 0.00978606 0.00141929 1 0 0 10403
               126.2 16.5121 1.69525  22.661 0.0674246  0.166469 -0.121051   -0.15668 0.00740615  -0.161234   -0.0255745 -0.000184947  -0.00233683 -0.0459009 0.00966668 0.00150402 1 0 0 10304
             126.299 16.3636 3.33487  18.318 0.0506829  0.164595 -0.136906   -0.166796 -0.00733453   -0.143158   -0.0255892 -0.000193101  -0.00232999  -0.045721 0.00978007 0.00151643 1 0 0 10050
               126.4 13.3956 6.72915 11.9063 0.0370567  0.165755 -0.140993    -0.142577 -0.000502315   -0.0392176   -0.0255632 -0.000167419   -0.0022847 -0.0459628 0.00961386 0.00106203 1 0 0 10244
               126.5 10.8824 11.0269 4.92243 0.0287088  0.165401 -0.135435  -0.101596 -0.0209475  0.0416353   -0.0256067 -0.000200602  -0.00227169  -0.0462717  0.00950588 0.000555057 1 0 0 10469
               126.6  7.65716  14.3696 -2.82971 0.0178092  0.164814 -0.131238   -0.11201 -0.0157635  0.0613862   -0.0256336 -0.000150859   -0.0022539  -0.0463448  0.00936435 0.000670816 1 0 0 10478
               126.7  7.14885   13.111 -10.3756 0.00259714   0.159892  -0.131106  -0.140373 -0.0332161  0.0463341   -0.0257174 -4.19075e-05   -0.0022971 -0.0461941 0.00965984 0.00115321 1 0 0 10978
               126.8  7.19454  13.1794 -16.7851 -0.0180815   0.151672  -0.127775  -0.167125 -0.0695912  0.0270635   -0.0257384 -6.16317e-05  -0.00232968 -0.0457516  0.0101176 0.00119455 1 0 0 10915
               126.9  5.02798  16.2334 -22.1806 -0.0316026   0.143371  -0.130003 -0.0992086 -0.0601351 -0.0080132  -0.0257003 -0.00010095 -0.00235865 -0.0458246  0.0102793 0.00139571 1 0 0 11097
                 127  2.51568  19.8514 -24.8408 -0.0318972   0.142066  -0.126602 0.000622173  0.00123338   0.0217946   -0.0256961 -0.000137207  -0.00238839 -0.0461084 0.00991064 0.00110397 1 0 0 10728
               127.1 -1.15344  23.3348   -26.62 -0.0220501   0.145704  -0.123898 0.0764832 0.0399796 0.0346337  -0.0256615 -0.00015636 -0.00239965  -0.0465209  0.00946226 0.000997496 1 0 0 11147
               127.2 -3.72507  24.7043 -27.4106 -0.0135979   0.152405  -0.117217 0.0726009 0.0674786 0.0680376   -0.0256788 -0.000128392  -0.00241134  -0.0464645  0.00927067 0.000860626 1 0 0 11185
               127.3 -0.682977   20.0738    -23.31 -0.0092087   0.152235   -0.11059 0.0481045  0.018882 0.0865619   -0.0257664 -2.64783e-05  -0.00249901  -0.0465325  0.00978183 0.000901651 1 0 0 11701
               127.4   3.2508   10.112 -16.1737 -0.00696181    0.147969   -0.100452  0.0687694 -0.0245606   0.123996  -0.0258261 9.47259e-05 -0.00259895   -0.046443   0.0104424 0.000958009 1 0 0 11420
               127.5  4.34629  3.77911 -10.6619 -0.00186953    0.145306  -0.0902268   0.101795 -0.0335791   0.121449  -0.0258089  1.7939e-05 -0.00257982 -0.0461828  0.0105565 0.00125729 1 0 0 12119
               127.6  3.06734  2.49853 -5.82849  0.0137662   0.144049 -0.0793741    0.14357 -0.0210717   0.130514   -0.0257547 -0.000119901  -0.00258034 -0.0464564  0.0102791  0.0014263 1 0 0 12327
               127.7 4.59175 4.06884 -1.4994  0.0372689   0.146476 -0.0587649  0.163709 0.0139218  0.218131   -0.0258115 -0.000191559  -0.00257448 -0.0471702 0.00973516 0.00107146 1 0 0 12209
               127.8  3.03982  5.38988 0.705367   0.061091   0.144358 -0.0387623    0.173178 -0.00839361    0.215831   -0.0257483 -0.000213977  -0.00252601 -0.0479775 0.00986779 0.00126696 1 0 0 12068
               127.9 -0.334521   5.46444   1.39524   0.076631   0.143094 -0.0198932   0.145364 -0.0254725   0.151566   -0.0257149 -0.000184533  -0.00250539 -0.0480089 0.00984884 0.00127526 1 0 0 12146
                 128 -1.96873  4.59367  1.16425   0.0836877    0.141838 -0.00876733  0.0762849 -0.0265961  0.0707797   -0.0257475 -0.000148272  -0.00248646 -0.0475818 0.00971384 0.00130533 1 0 0 12513
               128.1 -2.69339  3.87409  1.58053    0.087193    0.135915 -0.00391874  0.0344522 -0.0322546    0.01923   -0.0257742 -0.000148994  -0.00248935 -0.0472808  0.0101001 0.00125129 1 0 0 12536
               128.2 -2.67307  3.11695  2.41408   0.0889503     0.13316 -0.00586465  0.0165915 -0.0152335 -0.0461672   -0.0258011 -0.000146551  -0.00250206 -0.0471576  0.0101707 0.00129352 1 0 0 12565
               128.3 -3.00349  4.45068  2.23199  0.0922978    0.12855 -0.0126158  0.0228438 -0.0843617  -0.059263   -0.0258052 -0.000211155  -0.00247876 -0.0473188  0.0102076 0.00136695 1 0 0 12282
               128.4 -3.88282   5.8815 0.315447   0.0991885    0.116979 -0.00997164  0.048043 -0.172041 0.0514388   -0.0258066 -0.000205077   -0.0024407  -0.0476621   0.0100798 0.000963649 1 0 0 12312
               128.5 -3.76846  7.24716 -1.51783     0.106181    0.0980749 -0.000381253 0.0284793 -0.198474  0.102663   -0.0258399 -0.000206199  -0.00243684 -0.0479842  0.0100406 0.00080254 1 0 0 12403
               128.6 -3.67242  7.28475 -5.72031   0.101009  0.0789622 0.00905876 -0.0980749  -0.166113  0.0857318   -0.0258712 -0.000173211  -0.00239827   -0.047795   0.0101488 0.000858499 1 0 0 12791
               128.7 -0.0148149    4.06477    -9.9928 0.0790169 0.0619975 0.0120804 -0.232711 -0.131692   0.01164   -0.0259666 -9.94264e-05  -0.00240027 -0.0472848  0.0104454 0.00115462 1 0 0 12923
               128.8  2.54175  1.00778 -14.5268 0.0432388 0.0482384 0.0025995  -0.331456 -0.0844279 -0.0751138  -0.0259512 -9.1247e-05 -0.00239853 -0.0466016  0.0109128 0.00180798 1 0 0 13018
               128.9  2.32813 -1.56633 -18.7068   0.0127637   0.0463597 -0.00403539  -0.268253 -0.0266724  -0.051276  -0.0259012 -0.00011034 -0.00241911 -0.0465849  0.0105864 0.00189917 1 0 0 13014
                 129 0.665361 0.990331 -20.2817  0.00224108   0.0489076 -0.00195798 -0.0937656  0.0104498 0.00510648   -0.0258688 -0.000234862  -0.00247532 -0.0472548  0.0098897 0.00161729 1 0 0 13034
               129.1 -0.420666   3.01362  -20.1822  0.00880736   0.0529669 -0.00412592  0.0389877  0.0589231 -0.0256835    -0.025868 -0.000239584  -0.00251324 -0.0481368 0.00926646 0.00180613 1 0 0 12989
               129.2 -1.90559  4.88862 -20.8211   0.0200084   0.0571014 -0.00567458   0.103792   0.049509 -0.0417532   -0.0258693 -0.000233393   -0.0025023  -0.048558 0.00924667 0.00162458 1 0 0 12964
               129.3 -2.44576  4.00615 -21.6151    0.022938   0.0574827 -0.00361416   0.0496015  -0.0180967 0.000672455   -0.025913 -0.00015761 -0.00249676 -0.0481347 0.00978747  0.0011878 1 0 0 12763
               129.4 -2.25222  4.88022 -22.2913   0.0236399   0.0530602 -0.00458542   0.0220179  -0.0485983 -0.00756903   -0.0259428 -0.000165447  -0.00250191 -0.0478686  0.0100245 0.00125026 1 0 0 12667
               129.5 -1.56847  6.06735 -21.9298     0.02387   0.0490623 -0.00457459 1.71209e-05  -0.0279406  0.00309506  -0.0259729 -0.00018049 -0.00252366 -0.0477595  0.0100883 0.00122915 1 0 0 12626
               129.6 -1.64073  6.04449 -21.8772   0.0269682   0.0468648 -0.00752472  0.0146272 -0.0101364 -0.0100427   -0.0259643 -0.000165545  -0.00251198 -0.0480165 0.00995614 0.00144497 1 0 0 12493
             129.699 -1.62445  5.88257 -21.7145  0.0283125   0.046973 -0.0109677    0.010976 -0.00333298  -0.0262689   -0.0259654 -0.000158996  -0.00251456 -0.0480228  0.0098295 0.00162397 1 0 0 12475
             129.799 -1.44567  6.35974 -21.7306 0.0303629 0.0457513 -0.016707  0.00959913 -0.00811387  -0.0473297   -0.0259751 -0.000175751  -0.00250145 -0.0481457 0.00979971 0.00181486 1 0 0 12329
               129.9 -1.11434  6.02679 -21.8233  0.0290451  0.0456907 -0.0182894  -0.0190391 -0.00402817  -0.0280535   -0.0259851 -0.000159168  -0.00251496 -0.0480295 0.00983251 0.00160289 1 0 0 12419
                 130 -0.0302451    4.52235   -22.0475  0.0267631  0.0442292 -0.0206173 -0.0468298 -0.0294559 -0.0296983   -0.0260093 -0.000133641  -0.00250172 -0.0480976  0.0098352 0.00152719 1 0 0 12335
               130.1 -1.19743  4.32313 -24.7257  0.0161554  0.0386832 -0.0200045 -0.154837 -0.134085 0.0175099  -0.0259852 -0.00015454 -0.00245959 -0.0479119  0.0097937 0.00135889 1 0 0 12519
             130.197 -4.45537  7.22747 -29.5146 -0.00169259   0.0209309  -0.0184838 -0.250197 -0.237162 0.0317745   -0.0259322 -0.000227662  -0.00242196 -0.0480992 0.00943585 0.00148224 1 0 0 12502
             130.296 -3.99507  5.49762 -35.3001    -0.024901 -0.000663388   -0.0114174 -0.253155 -0.218636 0.0446627   -0.0260462 -0.000138633  -0.00234693 -0.0482691 0.00912273 0.00124274 1 0 0 12968
               130.4 -1.91237  2.85781 -40.2818  -0.0584572  -0.0207633 -0.00509999 -0.301663 -0.210323  0.033198   -0.0261046 -0.000104011  -0.00238183 -0.0477621 0.00951406 0.00108416 1 0 0 13483
               130.5  1.58538  4.14714 -42.2457 -0.0925493 -0.0471768 -0.0056965  -0.318186  -0.243979 0.00772372   -0.0261223 -0.000187188  -0.00245728  -0.047823 0.00996555 0.00143203 1 0 0 13977
               130.6 3.06979 3.31115 -45.597   -0.118602  -0.0731093 -0.00872111  -0.268294  -0.222596 -0.0233444   -0.0260996 -0.000175539  -0.00245511  -0.048331 0.00990909 0.00165304 1 0 0 13967
               130.7  4.07577  2.71455 -49.2439  -0.139165 -0.0886385 -0.0155489  -0.207126  -0.150507 -0.0725168   -0.0260745 -0.000180777   -0.0024513 -0.0483413 0.00926768 0.00202028 1 0 0 13930
               130.8  5.4888 2.19369 -51.709  -0.156921  -0.100679 -0.0192332  -0.171281  -0.120918 -0.0519716   -0.0261059 -0.000181974  -0.00246692 -0.0482975 0.00902062 0.00177003 1 0 0 14028
               130.9  5.12716  3.07871 -53.2072 -0.169436 -0.114287 -0.022225  -0.127043  -0.139241 -0.0455893   -0.0260533 -0.000219728    -0.002483 -0.0485657 0.00884676 0.00155216 1 0 0 13831
                 131  5.65714  3.05749 -54.2198  -0.178983  -0.128068 -0.0260712 -0.107635 -0.155801 -0.059079   -0.0260844 -0.000211326   -0.0025031 -0.0486031 0.00855156 0.00144614 1 0 0 14232
               131.1  7.03361  4.08139 -54.0616  -0.191341  -0.145847 -0.0333155  -0.134499  -0.169498 -0.0766899   -0.0261063 -0.000232335  -0.00252438 -0.0486936 0.00867457 0.00145571 1 0 0 14123
               131.2  7.99171  4.79312 -55.1566  -0.206822  -0.165044 -0.0427973  -0.177123  -0.173584 -0.0894203   -0.0261225 -0.000229635  -0.00250069 -0.0489028 0.00883411 0.00152707 1 0 0 14090
               131.3  9.81156   5.3933 -55.4569  -0.222627  -0.181853 -0.0552509 -0.168058 -0.140527 -0.110997  -0.0261398 -0.00023394 -0.00251122  -0.049116 0.00873936 0.00181279 1 0 0 14079
               131.4  11.8664  4.31037 -56.1927  -0.238119  -0.186632 -0.0660463  -0.142357 -0.0425826  -0.105716   -0.0261526 -0.000188063  -0.00252365 -0.0486525 0.00840574 0.00196982 1 0 0 14133
               131.5  12.6253  3.01584 -57.5704  -0.252118  -0.182871 -0.0718399  -0.122238  0.0310846 -0.0718767   -0.0261537 -0.000178185  -0.00251891 -0.0480805 0.00817702 0.00171027 1 0 0 14044
               131.6 14.7215 3.51839 -57.337  -0.255181  -0.179811 -0.0774159 8.53517e-05      0.0418  -0.0368145    -0.026202 -0.000237965  -0.00253361  -0.048381 0.00780806 0.00170256 1 0 0 14036
               131.7  13.2324  3.89384 -57.6749 -0.254863 -0.181539 -0.078523  0.0152194 -0.0127788  0.0221559   -0.0261131 -0.000231025  -0.00252489 -0.0487046 0.00814622 0.00170567 1 0 0 14005
               131.8  11.5868  5.26975 -57.4557  -0.247608  -0.183558 -0.0727171   0.045768 -0.0265843  0.0303273   -0.0261344 -0.000268126  -0.00252993 -0.0489248 0.00761121 0.00146634 1 0 0 13947
               131.9  11.6757  5.64417 -56.9738  -0.242111  -0.186115 -0.0721847  0.0292141 -0.0163251 0.00382136   -0.0261671 -0.000248008  -0.00253885 -0.0490546 0.00737486 0.00166353 1 0 0 13849
                 132  12.2349  4.35885 -57.6349  -0.245564  -0.184791 -0.0744778 -0.0404474  0.0123966 -0.0150779   -0.0261829 -0.000211954  -0.00251972 -0.0487454 0.00767387 0.00183706 1 0 0 13878
               132.1  12.9469  3.35117 -58.3931  -0.252052  -0.181019 -0.0784095 -0.0593255  0.0317277 -0.0352568   -0.0261926 -0.000212583  -0.00252365 -0.0484756 0.00771421 0.00206431 1 0 0 14015
             132.199  13.1447  3.25303 -58.8341  -0.254729   -0.17826 -0.0790649  -0.0256356   0.0313831 -0.00598005   -0.0262065 -0.000220312   -0.0025227 -0.0485919 0.00750616 0.00188434 1 0 0 13855
               132.3  13.0948  3.85192 -59.2526   -0.25718  -0.174182 -0.0784542 -0.0233862  0.0400957 0.00441302   -0.0262007 -0.000247471  -0.00251361 -0.0485394 0.00745826  0.0018495 1 0 0 14033
               132.4   13.026  4.71979 -58.3059  -0.252212  -0.171287 -0.0800064  0.0343597   0.036402 -0.0171424   -0.0262012 -0.000260312  -0.00254469 -0.0489164 0.00699322 0.00211966 1 0 0 13828
               132.5  13.4142  5.57764 -57.1155   -0.24708  -0.170115 -0.0773328 0.0338338  0.017928 0.0220083   -0.0262173 -0.000273869  -0.00254187 -0.0491707 0.00684259 0.00177928 1 0 0 13881
               132.6  14.2978  8.20468 -55.6909   -0.24483  -0.167942 -0.0767763   0.010751  0.0369999 0.00448945   -0.0262358 -0.000318064  -0.00254285 -0.0492396  0.0068635 0.00186071 1 0 0 13803
               132.7  14.3428  9.29684 -54.6126 -0.246152  -0.16272 -0.078799  -0.0122452   0.0504949 -0.00589013   -0.0262208 -0.000277191  -0.00253697 -0.0491184 0.00699413 0.00207323 1 0 0 13847
               132.8  14.2822  7.59303 -54.5561 -0.248267 -0.154817 -0.080825 -0.0207946  0.0515661 -0.0203578   -0.0262241 -0.000214186    -0.002532 -0.0488202 0.00690677   0.002298 1 0 0 13638
               132.9   13.989  6.44926 -55.1158   -0.25121  -0.147267 -0.0811715 -0.0352397  0.0322674 -0.0155853   -0.0262245 -0.000222707  -0.00252855 -0.0483919 0.00667537 0.00227606 1 0 0 13653
                 133  14.4735  7.19336 -54.7855  -0.254167   -0.14563 -0.0806564  -0.0327259   0.0155263 -0.00186511   -0.0262434 -0.000245267  -0.00253374 -0.0484493 0.00661169 0.00205389 1 0 0 13873
               133.1  14.6445  7.17058 -54.4533  -0.254332  -0.147903 -0.0810021 -0.0143802 -0.0137951 0.00404435   -0.0262409 -0.000250349  -0.00253442  -0.048876 0.00649145 0.00210083 1 0 0 13639
               133.2  14.5974  7.32755 -54.2754  -0.256038  -0.151322 -0.0818315  -0.0432862  -0.0463551 -0.00664155   -0.0262304 -0.000254446  -0.00252879 -0.0490221  0.0064342 0.00218307 1 0 0 13815
               133.3  16.1017  6.23801 -53.0903  -0.262416  -0.155926 -0.0810683 -0.0951096 -0.0711729  0.0137567   -0.0262811 -0.000237637  -0.00255965 -0.0489557 0.00628227 0.00220678 1 0 0 13861
               133.4  17.9645   4.8205 -53.7129  -0.271482  -0.161011 -0.0776973   -0.10581 -0.0813277  0.0346336   -0.0263184 -0.000218529  -0.00252905 -0.0487555 0.00597915 0.00221898 1 0 0 14148
               133.5  17.0328  4.05267 -55.8805  -0.288138  -0.167423 -0.0728647   -0.16782 -0.0608099  0.0539496  -0.0262843 -0.00020569 -0.00249897 -0.0484171 0.00621385 0.00219235 1 0 0 14623
               133.6  14.8905  1.69949 -59.1931   -0.30033  -0.167587 -0.0692704    -0.123749  0.000356279 -0.000995492   -0.0262514 -0.000167439  -0.00248265 -0.0483034 0.00575181 0.00236971 1 0 0 14738
               133.7  14.8167  1.41565 -61.3789 -0.309579  -0.16804 -0.073292 -0.0853309 -0.0169248 -0.0754432    -0.026285 -0.000181726  -0.00250241 -0.0483726 0.00551985 0.00244042 1 0 0 14686
               133.8  16.9816  2.91194 -60.1273  -0.313901  -0.174417 -0.0845038 -0.0209318 -0.0442481  -0.108821   -0.0263518 -0.000244929  -0.00255063 -0.0488077 0.00555063 0.00259832 1 0 0 14735
               133.9  16.5136  4.43696 -59.5195  -0.314615  -0.185407 -0.0935217 0.00178077 -0.0918961 -0.0709189   -0.0263091 -0.000276927  -0.00252466 -0.0493712 0.00581658 0.00243354 1 0 0 14834
                 134  15.4091  4.03308 -58.6399  -0.309785  -0.193734 -0.0973617   0.038217 -0.0723875 -0.0369372  -0.0263055 -0.00024632  -0.0025313 -0.0494825  0.0054058 0.00239375 1 0 0 14751
               134.1  14.5861  3.16266 -57.4812  -0.306704  -0.196793 -0.0992648  0.0144976 -0.0356729 -0.0130401   -0.0263046 -0.000226005  -0.00255562 -0.0492247 0.00521699 0.00237828 1 0 0 14437
               134.2  15.2267  3.00538 -56.8636 -0.305934 -0.195838 -0.101413 -0.00172975  0.00454125   -0.021573   -0.0263464 -0.000232568  -0.00254109 -0.0489323 0.00500006  0.0025696 1 0 0 14391
               134.3  14.6978  3.00883 -56.4416 -0.308938 -0.196253 -0.107122 -0.0338673 -0.0118153 -0.0485715   -0.0263224 -0.000227025  -0.00253505 -0.0488946 0.00520954 0.00280867 1 0 0 14259
               134.4  15.1636  3.47695 -55.5255 -0.309647 -0.198559 -0.110108 -0.0111665 -0.0317033 -0.0379923  -0.0263681 -0.00023445 -0.00254182 -0.0490101 0.00497712 0.00270204 1 0 0 14403
               134.5  15.7371  4.16658 -54.6216 -0.311819 -0.203449 -0.111926  -0.0273682  -0.0386852 -0.00771955   -0.0263727 -0.000263093  -0.00253157 -0.0491498 0.00508769 0.00254105 1 0 0 14294
               134.6  16.3816  3.76038 -54.7651 -0.312285 -0.204979 -0.111573  -0.016212 -0.0133303 0.00530623   -0.0263999 -0.000231626  -0.00252405 -0.0491503 0.00483223 0.00254954 1 0 0 14352
             134.701  16.6792   3.1828 -54.9464 -0.316305 -0.204807 -0.116473 -0.0389299 -0.0018308  -0.038039   -0.0263823 -0.000225708  -0.00251993 -0.0489813 0.00495706 0.00298077 1 0 0 14577
               134.8  16.8254  3.02219 -55.0359 -0.318916 -0.201879 -0.117635 -0.0264174  0.0182726 -0.0154532   -0.0263908 -0.000235398   -0.0025258 -0.0487706 0.00468435 0.00288273 1 0 0 14339
               134.9  16.4228   3.2379 -54.8827 -0.316646 -0.201704 -0.118974   0.0101626 -0.00319684  -0.0112687   -0.0263749 -0.000249017  -0.00252449 -0.0490517  0.0043593 0.00297663 1 0 0 14590
                 135  16.3317  3.54231 -54.5815 -0.314065 -0.203695 -0.118253  0.0145781 -0.0164337 0.00320903   -0.0263874 -0.000254352  -0.00253261  -0.049237 0.00422888 0.00283834 1 0 0 14451
               135.1  16.6456  3.45529 -54.6444 -0.315363 -0.203994 -0.116111  -0.0161884 -0.00995304   0.0167507   -0.0264216 -0.000256828   -0.0025205 -0.0490516 0.00426419 0.00266302 1 0 0 14524
             135.198  16.7385  3.41285 -54.5956 -0.316778 -0.204634  -0.11695  -0.0149663 -0.00933924 -0.00177913   -0.0264183 -0.000248006  -0.00253046 -0.0490295 0.00426958 0.00287911 1 0 0 14505
               135.3  16.3781  3.67653 -54.7116 -0.317573 -0.205537  -0.11748  -0.0169056  -0.0157858 -0.00607993   -0.0264157 -0.000260985   -0.0025136 -0.0490411 0.00415142 0.00296941 1 0 0 14674
               135.4  16.1575  4.07314 -54.9267 -0.318307 -0.208931 -0.118341 -0.0242229 -0.0454375 -0.0138314   -0.0264221 -0.000254154   -0.0025161 -0.0491394 0.00395301 0.00299733 1 0 0 14658
               135.5  15.9171  4.63115 -54.6567 -0.319934 -0.214166 -0.120317 -0.0181868 -0.0588076 -0.0146873   -0.0264254 -0.000257901  -0.00252109  -0.049185 0.00391211 0.00307145 1 0 0 14807
               135.6  16.4355  4.41034 -54.3293 -0.322068 -0.218884 -0.119394  -0.0187274  -0.0373188 -0.00127152   -0.0264378 -0.000247322  -0.00253202 -0.0491247  0.0038203  0.0029247 1 0 0 14688
             135.699  16.3485  5.43578 -53.8096 -0.321004 -0.220821 -0.121141  0.0123909 -0.0185428 -0.0210416   -0.0264318 -0.000276938  -0.00252534 -0.0491675   0.003649 0.00309328 1 0 0 14553
             135.801  16.3193  8.95004 -53.2675 -0.316455 -0.225566 -0.125509  0.0500548 -0.0665857  -0.045918   -0.0264287 -0.000368875  -0.00250319 -0.0493444 0.00355941 0.00318681 1 0 0 14421
               135.9  17.1492  11.9868 -50.4336 -0.309037 -0.236248 -0.130367  0.0709428 -0.0965303 -0.0368916   -0.0264469 -0.000368024  -0.00253869 -0.0496775 0.00351159 0.00321007 1 0 0 14175
                 136 16.3537 10.9214  -49.38 -0.302949 -0.244257 -0.128849  0.0358162 -0.0453807  0.0234108   -0.0264175 -0.000269307  -0.00253303 -0.0497479 0.00344541 0.00292491 1 0 0 14348
               136.1  16.3413  9.16575 -50.9344 -0.305337 -0.238409 -0.125633 -0.0281769  0.0363407  0.0144789   -0.0264567 -0.000227362  -0.00249345 -0.0489212 0.00322014 0.00306702 1 0 0 14217
               136.2  17.5347  7.94242 -50.3554 -0.313734  -0.23194 -0.128977 -0.0684077  0.0539651 -0.0348247    -0.026482 -0.000238261  -0.00251832 -0.0484722 0.00352687  0.0033855 1 0 0 14243
               136.3  18.4327  8.02276 -50.2521 -0.316664 -0.229039 -0.133188 -0.0434509  0.0255359 -0.0289235   -0.0264899 -0.000264677  -0.00252099 -0.0487863 0.00333839 0.00348588 1 0 0 14372
             136.401   18.927   7.2321 -50.3637 -0.316792 -0.228605 -0.135407 -0.00899591  0.00667899 -0.00978904   -0.0264915 -0.000250426  -0.00251745 -0.0491198 0.00313912 0.00353581 1 0 0 14408
             136.501  18.2507  7.30717 -50.7113 -0.313282 -0.229253  -0.13477    0.029187 -0.00750952  0.00494648  -0.0264698 -0.00026498 -0.00251118 -0.0493943 0.00285764 0.00351467 1 0 0 14401
               136.6  17.8979  7.57526 -50.6218 -0.311854 -0.230396 -0.133839   0.0149698  -0.0141116 -0.00128233   -0.0264721 -0.000281423  -0.00251711 -0.0493162 0.00295264 0.00339578 1 0 0 14295
               136.7  18.1611  7.73862 -50.4658 -0.308734 -0.228932 -0.130054 0.0145204 0.0091895 0.0276277   -0.0265115 -0.000284592  -0.00251754 -0.0492135 0.00254392 0.00318939 1 0 0 14346
             136.801  18.3473  7.27988 -50.7338 -0.310799 -0.230025 -0.129231  -0.0208418 -0.00881096    0.015773   -0.0265056 -0.000271786  -0.00251162 -0.0492386 0.00285612 0.00323114 1 0 0 14316
               136.9 18.3638 6.81879  -51.01 -0.310982 -0.227649 -0.128958 -0.00143597   0.0152874  0.00688942   -0.0265158 -0.000260138  -0.00251704 -0.0491041 0.00260302 0.00352389 1 0 0 14308
                 137  17.9457  6.95161 -51.1003 -0.309408 -0.228417 -0.128037  0.00983988 -0.00717537 0.000188269   -0.0264989 -0.000278786   -0.0025178 -0.0492965 0.00255136 0.00345656 1 0 0 14422
             137.101  18.2391  7.34424 -50.8629 -0.308501 -0.229406 -0.128268 -0.00657991 -0.00645489 -0.00717784   -0.0265409 -0.000280129  -0.00251822 -0.0493569 0.00247154 0.00345797 1 0 0 14310
               137.2  18.2163  7.20597 -51.0805 -0.310202 -0.228436 -0.130023 -0.0197407 0.00806441 -0.0150978     -0.02652 -0.000279658  -0.00251141 -0.0492733 0.00244327 0.00357996 1 0 0 14325
               137.3  18.3993   7.1952 -51.1679  -0.30978 -0.226035 -0.130158  0.00169235   0.0114331 -0.00336845   -0.0265572 -0.000278703   -0.0025192 -0.0492149 0.00216463 0.00358959 1 0 0 14328
             137.401  18.0866  7.67925 -51.0008 -0.309834 -0.227467 -0.130591 -0.00458189  -0.0128487 -0.00202845   -0.0265381 -0.000293088  -0.00251189 -0.0493514 0.00227563 0.00355223 1 0 0 14395
             137.501  18.0496  7.84758 -50.8597 -0.306525 -0.226594 -0.129389  0.0182557 0.00673483 0.00680261   -0.0265668 -0.000287951  -0.00252801 -0.0494111 0.00184126 0.00360659 1 0 0 14332
             137.601  18.0165  7.70117 -50.9946 -0.307619 -0.227601 -0.128032 -0.0108521 -0.0106599  0.0137385     -0.02656 -0.000272534  -0.00251364 -0.0493885 0.00207058 0.00344851 1 0 0 14248
             137.701  17.9963  7.85386 -50.9063 -0.306437 -0.228207 -0.128066  0.0047316 -0.0102329 0.00226138   -0.0265828 -0.000281521  -0.00252437 -0.0494765 0.00188774 0.00362627 1 0 0 14265
               137.8  17.8828  8.08502 -50.8743 -0.307435  -0.22961 -0.130428 -0.0144372 -0.0153637 -0.0142832   -0.0265797 -0.000280891  -0.00251558 -0.0494705 0.00203151 0.00381944 1 0 0 14103
             137.901   17.674  7.70205 -51.0653  -0.30645 -0.228423 -0.130292  0.00520916  0.00633444 -0.00574388     -0.02659 -0.000266742  -0.00251982 -0.0493959 0.00173097 0.00384588 1 0 0 14380
             138.001  17.5007  8.01324 -50.9666 -0.306678 -0.227518 -0.127341 -0.00661321  0.00533869   0.0259563   -0.0266009 -0.000275997  -0.00252294 -0.0493121 0.00160106  0.0036036 1 0 0 14249
             138.101  17.4845   7.5677 -51.1223 -0.306402 -0.227201 -0.126213 0.00204243 0.00304359  0.0146957   -0.0266109 -0.000269869  -0.00252643 -0.0493945 0.00157295 0.00374121 1 0 0 14273
             138.201  17.0438  7.86896 -51.2357 -0.305723 -0.226336 -0.125529 0.000142393  0.00628076 -0.00402817   -0.0266239 -0.000284843  -0.00251657 -0.0493724 0.00151104 0.00378041 1 0 0 14257
               138.3  17.0543  8.28511 -51.0929 -0.305438 -0.227503 -0.126031  -0.0180584 -0.00957627  -0.0168203   -0.0266377 -0.000289396  -0.00252268 -0.0495715 0.00143931 0.00366904 1 0 0 14215
               138.4  17.7815  8.18621 -51.0094 -0.306286  -0.22688 -0.128946 -0.0176594 0.00727404  -0.018195   -0.0266638 -0.000279644  -0.00252194 -0.0496017 0.00124236 0.00388507 1 0 0 14133
             138.499  17.7025  7.89997 -51.4552  -0.31019 -0.226216   -0.1324 -0.0256353 5.1996e-05 -0.0189097  -0.0266387 -0.00027258  -0.0025134 -0.0495005 0.00145528 0.00405602 1 0 0 14348
               138.6  17.4545  8.14465 -51.3537 -0.308841 -0.227585 -0.131487   0.0106757  -0.0219979 -0.00443158   -0.0266506 -0.000278989  -0.00252618 -0.0496285 0.00120322  0.0038604 1 0 0 14223
               138.7  17.3781  8.81965 -50.9664 -0.308174  -0.22872 -0.131946 -0.00688841 -0.00761542 -0.00489304   -0.0266408 -0.000301865  -0.00251936 -0.0495946 0.00111118 0.00388927 1 0 0 14351
               138.8  17.5394  8.43971 -51.1554 -0.308117 -0.226358 -0.129802 -0.00517406   0.0200592   0.0169924   -0.0266637 -0.000276936  -0.00252047  -0.0494602 0.000844443   0.0038111 1 0 0 14267
             138.901  17.5511  8.40675 -51.2441 -0.309291  -0.22644 -0.130252   -0.0118598  -0.00468865 -0.000549482   -0.0266589 -0.000281043  -0.00251604  -0.0495466 0.000988988  0.00390485 1 0 0 14244
                 139  17.6599  8.55297 -51.0349 -0.308718 -0.227566  -0.13024 -0.00335527 -0.00981621  0.00452531  -0.0266803 -0.00027774 -0.00252661  -0.0496731 0.000868252  0.00393744 1 0 0 14187
               139.1   17.399   8.4778 -51.1722 -0.308487 -0.227214  -0.12918  -0.00258263 -0.000725571   0.00670861   -0.0266729 -0.000285888  -0.00251834  -0.0496224 0.000733914   0.0039551 1 0 0 14206
             139.201    17.48  8.56362 -51.0301 -0.306788 -0.227461  -0.13031  0.00902432 -0.00270245 -0.00874822    -0.026689 -0.000280218  -0.00252316  -0.0497433 0.000591846   0.0041199 1 0 0 14313
             139.301  17.4836  8.52188 -51.1404 -0.305487 -0.227448 -0.130867  0.00612583 -0.00131361  -0.0108735   -0.0266955 -0.000278856  -0.00251849  -0.0497646 0.000523128  0.00410554 1 0 0 14156
             139.401  17.5784  8.44767 -51.0973 -0.307137  -0.22709 -0.132031  -0.0177923 0.000940587  -0.0102826   -0.0266972 -0.000269139  -0.00252596  -0.0496363 0.000609455    0.004103 1 0 0 14415
             139.501  17.6442  8.43355 -51.1777 -0.309167 -0.227568 -0.132261  -0.0225201 -0.00729731 -0.00462291   -0.0267159 -0.000273848  -0.00252062  -0.0496486 0.000621137  0.00403227 1 0 0 14191
               139.6  17.7652  8.46425 -51.1375  -0.30838 -0.227877 -0.131003 -0.00307688 -0.00577376  0.00885959   -0.0267334 -0.000273854  -0.00252177  -0.0497457 0.000307937  0.00398068 1 0 0 14312
             139.701  17.7421  8.57284 -51.1745 -0.307524 -0.227138 -0.130597 0.00192827 0.00359476 0.00486241   -0.0267387 -0.000285097   -0.0025205    -0.04974 0.000154306  0.00409007 1 0 0 14328
               139.8  17.849  8.5795 -51.175 -0.307356 -0.226918 -0.131324 -0.00187488 0.000317946 -0.00672778  -0.0267528 -0.00028037 -0.00251967  -0.049761 0.00014801 0.00419089 1 0 0 14332
               139.9  17.7672  8.71219 -51.1551 -0.308429 -0.226699 -0.130642  -0.0139752 0.000420172  0.00666331   -0.0267608 -0.000287568  -0.00251716  -0.0497011 0.000148794  0.00408972 1 0 0 14311
                 140  17.6757  8.64529 -51.1777 -0.308024 -0.226839 -0.132837 -0.00389254 -0.00250335  -0.0174255   -0.0267598 -0.000283741  -0.00252383  -0.0498372 5.15338e-05  0.00434087 1 0 0 14405
             140.099  17.7251  8.56567 -51.2226 -0.307489 -0.226909 -0.132859   -0.001917   -0.002541 -0.00518628   -0.0267712 -0.000278404  -0.00252236   -0.0498605 -9.26068e-05   0.00422231 1 0 0 14263
             140.201   17.768  8.50754 -51.2902  -0.30772 -0.226294 -0.132069 -0.0061979  0.0002118 0.00562692   -0.0267815 -0.000289183  -0.00252028   -0.0497863 -0.000187258   0.00417356 1 0 0 14408
             140.301  17.6781  8.58005 -51.2277  -0.30789 -0.226464 -0.131946 -0.00603527 -0.00186268  0.00252468  -0.0267856 -0.00028901 -0.00252332    -0.049826 -0.000221602   0.00422162 1 0 0 14456
               140.4  17.6504     8.51 -51.2706 -0.308485  -0.22729 -0.131973  -0.0105367 -0.00665799  0.00545252   -0.0267967 -0.000291887   -0.0025159  -0.0499013 -0.00022641  0.00426711 1 0 0 14528
               140.5  17.2741  8.56377 -51.2962 -0.307739 -0.226661 -0.129816 0.000486552  0.00172191    0.007674   -0.0267967 -0.000284834   -0.0025212   -0.0498612 -0.000444402   0.00412934 1 0 0 14537
               140.6  17.5187   8.7605 -51.1675 -0.307523  -0.22617 -0.131949 -0.00833623  0.00207505  -0.0207025   -0.0268053 -0.000291291  -0.00251977   -0.0498953 -0.000495398   0.00433791 1 0 0 14380
               140.7  17.7886  8.62809 -51.1268 -0.306763 -0.225132 -0.131729 0.00124149  0.0107426 0.00765786   -0.0268203 -0.000274321  -0.00252063  -0.0499361 -0.00072268  0.00430312 1 0 0 14304
             140.799  17.2839  8.55363 -51.3324 -0.307941 -0.223584 -0.130819 -0.00625723  0.00792635   0.0111772   -0.0268111 -0.000280947  -0.00251601   -0.0498089 -0.000635667   0.00431451 1 0 0 14253
             140.901  17.1614  8.88167 -50.9745 -0.306868 -0.225007 -0.130593   0.0118261 -0.00932515  0.00872408   -0.0268193 -0.000285323  -0.00252589   -0.0500054 -0.000626606   0.00436614 1 0 0 14211
             141.001  16.5463  9.35717 -50.5378 -0.303803   -0.2243 -0.129226 0.0347306 0.0127873 0.0228365   -0.0268078 -0.000308044  -0.00252181   -0.0500134 -0.000766542   0.00445708 1 0 0 14244
             141.101  15.7892  9.79786 -49.8646 -0.295864 -0.221151 -0.122205 0.0672917 0.0345308 0.0663913   -0.0268388 -0.000295262  -0.00252975 -0.0501003 -0.0012306 0.00420766 1 0 0 14102
               141.2  14.8415  8.87758 -49.4003 -0.288162 -0.219118 -0.114372 0.0827164  0.033019   0.10772   -0.0268311 -0.000262603  -0.00253312   -0.050305 -0.00114714  0.00424745 1 0 0 14138
               141.3  12.9195  8.21867 -49.3497  -0.280416  -0.210826 -0.0989434 0.087039 0.082678 0.180312   -0.0268316 -0.000272688  -0.00252866  -0.0499251 -0.00129355  0.00418637 1 0 0 13946
             141.401  9.68116  7.70892 -49.4305  -0.269447  -0.200719 -0.0759659 0.143798 0.128808 0.247229   -0.0268014 -0.000268223  -0.00251398  -0.0499023 -0.00125588   0.0040491 1 0 0 14006
             141.501  6.5408   6.983 -48.897  -0.248977  -0.178993 -0.0535149 0.243424 0.262191 0.214669   -0.0268204 -0.000297737  -0.00252984  -0.0497016 -0.00154567  0.00426226 1 0 0 14203
             141.601  5.24842  6.20298 -44.3676  -0.214975  -0.147562 -0.0391318  0.373617  0.423437 0.0736501   -0.0268434 -0.000267291  -0.00261313  -0.0501889 -0.00178363  0.00439291 1 0 0 14421
             141.701  2.97549  3.17484 -38.8094   -0.17701 -0.0987919 -0.0481116  0.35109 0.549415  -0.1538   -0.0268339 -0.000237443  -0.00264221  -0.0503207 -0.00169393   0.0048856 1 0 0 14541
             141.801  3.75224  5.03444 -32.6892  -0.149026 -0.0456179 -0.0664352  0.212299  0.531423 -0.210645  -0.0269177 -0.00034775 -0.00265269  -0.0504185 -0.00147679  0.00466908 1 0 0 14207
             141.901   6.6173  5.94348 -25.7174    -0.13427 -0.00710323  -0.0816436 0.0958086  0.337222  -0.14887  -0.0269551 -0.00035592 -0.00266976   -0.0508103 -0.000734537   0.00414066 1 0 0 13914
                 142  7.43135  9.48814 -19.4258  -0.128727  0.0147646 -0.0935537  0.0248479   0.142897 -0.0913829   -0.0269054 -0.000429852   -0.0026341   -0.0509935 -0.000520599   0.00405682 1 0 0 13424
             142.101  8.16881  11.4354 -13.6934 -0.119456 0.0198992 -0.108267  0.0516217 -0.0345761 -0.0720589   -0.0268974 -0.000405584  -0.00261062   -0.0516629 -0.000828418   0.00470164 1 0 0 13355
               142.2   10.125  13.7516 -6.68095 -0.113358 0.0219125 -0.108931  0.0124637 -0.0263411 -0.0186372   -0.0269122 -0.000391049  -0.00264135 -0.0518107 -0.0016447 0.00457171 1 0 0 13192
             142.301  9.99079  13.0595 -6.19538 -0.122692 0.0229758 -0.109359   -0.136845  -0.0284125 -0.00761631   -0.0269134 -0.000290488  -0.00254408  -0.0514201 -0.00196899  0.00466602 1 0 0 13672
               142.4  11.4757  8.53406 -7.76113 -0.152842 0.0204022 -0.108891  -0.272747 -0.0614555 -0.0032636   -0.0269802 -0.000214725  -0.00251906   -0.050246 -0.00200199  0.00469646 1 0 0 13793
             142.501   11.538  1.21303 -9.00538 -0.191572  0.011039 -0.108933 -0.285255 -0.145131  0.011923   -0.0269615 -0.000191043  -0.00254353  -0.0491901 -0.00169796    0.004993 1 0 0 14130
               142.6  11.6908  4.06678 -13.0982    -0.21634 -0.00376678   -0.110152  -0.285079   -0.14654 0.00688647    -0.026942 -0.000345373  -0.00245541   -0.049315 -0.00173775  0.00512916 1 0 0 14239
               142.7  11.8532 0.737415 -18.4114  -0.244075 -0.0198539  -0.115715  -0.326255  -0.209343 -0.0865485    -0.026974 -0.000276378  -0.00244836  -0.0498945 -0.00193383  0.00551638 1 0 0 14581
             142.801  12.0696  6.96056 -21.8278  -0.266292 -0.0416428  -0.117023  -0.254066  -0.225768 -0.0126103   -0.0269875 -0.000434497   -0.0024541  -0.0505413 -0.00228346  0.00520404 1 0 0 14575
             142.901   12.181  7.81332 -22.8031  -0.283414 -0.0659599  -0.112079 -0.192455 -0.231357 0.0603739   -0.0269845 -0.000376753  -0.00250897  -0.0513361 -0.00251228  0.00498814 1 0 0 14963
             142.999  10.0077  8.95249 -29.3429  -0.300147 -0.0911662  -0.102628 -0.144819 -0.300849 0.0540228   -0.0270169 -0.000336624  -0.00243254  -0.0511318 -0.00244397   0.0044673 1 0 0 15078
               143.1 -2.83871  10.4805 -43.0285  -0.320281   -0.11404 -0.0875101  -0.23308 -0.335549  0.185071   -0.0268649 -0.000292849  -0.00232332  -0.0504216 -0.00329217  0.00434723 1 0 0 15253
             143.201 -4.35145  7.99553 -52.6928  -0.347798  -0.143033 -0.0639652 -0.326822 -0.357316  0.236241   -0.0271441 -0.000240001  -0.00246933  -0.0499548 -0.00401188  0.00457454 1 0 0 16020
             143.301 -7.32714  5.77791 -60.0905  -0.389121  -0.186923 -0.0531193 -0.409855  -0.47578  0.114897   -0.0271539 -0.000235133   -0.0025027  -0.0501621 -0.00358665  0.00509121 1 0 0 16248
             143.401 -7.12083  10.5992 -69.1113  -0.435323  -0.246052 -0.0485566 -0.492508 -0.524135 0.0527767   -0.0271932 -0.000348841  -0.00252186  -0.0512357 -0.00282182  0.00526245 1 0 0 16687
             143.501 -2.97777  11.8223 -78.4791  -0.487564  -0.300537 -0.0461005 -0.570199 -0.445356 0.0829181   -0.0273264 -0.000314878  -0.00249467  -0.0521512 -0.00274661  0.00574062 1 0 0 16118
             143.599  11.0372  12.5478 -88.3015  -0.558841  -0.336864 -0.0439267  -0.688928  -0.325014 -0.0135278   -0.0275009 -0.000264694  -0.00246205  -0.0518589 -0.00172455   0.0062366 1 0 0 16184
               143.7  10.2253  15.6729 -100.827 -0.616432 -0.354615 -0.045278  -0.464606  -0.189464 -0.0438404   -0.0273117 -0.000244109  -0.00240831  -0.0505857 -0.00176853  0.00626043 1 0 0 16646
             143.801  13.7574  19.5884 -106.772  -0.637228   -0.36867 -0.0512891   -0.12242  -0.132852 -0.0126538  -0.0272824 -0.00023546 -0.00252658     -0.0499 -0.00300173  0.00712593 1 0 0 16819
             143.901 23.1786 20.0844 -103.82  -0.621484  -0.384288 -0.0428647  0.292864 -0.148469  0.128867   -0.0273742 -0.000262251  -0.00267358  -0.0495693 -0.00414919  0.00716759 1 0 0 16567
                 144  25.3367   17.179 -96.6468  -0.577344   -0.40853 -0.0219642  0.557454 -0.218055  0.270041   -0.0272331 -0.000245061  -0.00279142  -0.0503446 -0.00461761  0.00688453 1 0 0 16416
             144.099  25.7421  13.7952 -85.1535 -0.519779 -0.438229 0.0146237  0.602724 -0.223017    0.4205   -0.0271563 -0.000321184  -0.00287118  -0.0514183 -0.00510467  0.00603796 1 0 0 16114
               144.2  24.3429  7.10739 -73.9135 -0.455256 -0.461462 0.0642574  0.617346 -0.177829  0.459481   -0.0271201 -0.000290489  -0.00291428  -0.0518753 -0.00573061  0.00561755 1 0 0 16366
               144.3  21.0593 0.935543 -65.6189 -0.397836 -0.468875  0.104308   0.535847 -0.0672388   0.370992   -0.0270912 -0.000275187  -0.00283821  -0.0511462 -0.00557257  0.00600356 1 0 0 16320
               144.4  19.1272 -4.49331 -59.7343 -0.342442 -0.467365  0.139295     0.48284 -0.00380263    0.346762   -0.0271517 -0.000269628  -0.00278251  -0.0505636 -0.00646547  0.00660102 1 0 0 16241
               144.5  13.3548 -8.58966 -58.0986 -0.297838 -0.463174  0.174322  0.365405 0.0605277  0.376044   -0.0270825 -0.000269954  -0.00269779  -0.0502782 -0.00690861  0.00689527 1 0 0 16625
               144.6    8.535 -12.6503 -58.5563 -0.267312 -0.452077  0.215273 0.245699 0.116767 0.392172    -0.027075 -0.000256066  -0.00264838  -0.0501353 -0.00718833  0.00665059 1 0 0 16938
               144.7   6.1316 -13.7472 -58.6608 -0.249344 -0.440951  0.254954 0.133019 0.101858  0.41225  -0.0271167 -0.00028096 -0.00265039  -0.0501757 -0.00704156  0.00656642 1 0 0 17475
               144.8  4.36762 -12.3944  -61.246 -0.242385 -0.437005  0.295308 0.0432025 0.0335627  0.415037   -0.0271425 -0.000323702  -0.00260431  -0.0503312 -0.00666433  0.00669975 1 0 0 17464
               144.9  2.28703 -10.5727 -62.4258 -0.237572 -0.438788  0.335464 0.0316674 0.0023275  0.421212  -0.0271353 -0.00033695 -0.00263316  -0.0507878 -0.00661172  0.00707322 1 0 0 17744
                 145 0.0585157   -11.007  -63.6318 -0.231172 -0.431675  0.375506 0.0396209 0.0996921  0.397157   -0.0271628 -0.000279608  -0.00263157  -0.0506431 -0.00721606  0.00725173 1 0 0 17512
               145.1 0.272389 -13.6425 -65.3956 -0.229026 -0.413948  0.413392 0.0204064  0.185132  0.341159   -0.0272237 -0.000236706  -0.00262938  -0.0501124 -0.00737004  0.00708866 1 0 0 17632
             145.199 0.271657  -14.235 -65.1959 -0.231248 -0.399398  0.442239 -0.0248557   0.128612   0.253801  -0.0272395 -0.00027013 -0.00266022  -0.0502313 -0.00689498  0.00715862 1 0 0 17666
               145.3 0.484651 -15.4745  -65.278 -0.235178 -0.388555   0.46007 -0.044038  0.118522   0.11085   -0.0272537 -0.000258746  -0.00265658 -0.0504434 -0.0067564 0.00736693 1 0 0 17703
               145.4  1.00762 -17.4062 -64.6224 -0.237301 -0.379146  0.460159 -0.0115655  0.0594772  -0.105708   -0.0272728 -0.000248842  -0.00267339 -0.0505552  -0.006902 0.00747057 1 0 0 17726
               145.5 -0.907668  -15.3382  -61.9349 -0.236746 -0.379284  0.438716 -0.0278535 -0.0210665  -0.314799  -0.0272494 -0.00030801 -0.00270145  -0.0508038 -0.00703175  0.00750629 1 0 0 17813
               145.6 -5.50254 -12.7763 -62.2152 -0.238617 -0.382911    0.4036  -0.122124 -0.0383105  -0.397455   -0.0272058 -0.000305998  -0.00265491  -0.0511934 -0.00783004   0.0074752 1 0 0 17741
               145.7 -5.87676 -13.7374 -66.4521 -0.258577 -0.377873    0.3621 -0.290079 0.0549715 -0.451978   -0.0272917 -0.000254102  -0.00256745  -0.0506221 -0.00820684  0.00717207 1 0 0 17696
               145.8 -1.97892 -14.0171 -72.7531  -0.30078 -0.368489  0.314044 -0.515463 0.0835841 -0.503154   -0.0274011 -0.000257563  -0.00252999   -0.050135 -0.00809886  0.00718477 1 0 0 17422
               145.9  1.63773  -11.459 -83.5634 -0.364971 -0.360974  0.257315 -0.689493 0.0805527 -0.598394   -0.0273916 -0.000296366  -0.00243067  -0.0499298 -0.00761788  0.00736941 1 0 0 17566
                 146  4.25986 -8.00393 -96.7617  -0.43325 -0.352115  0.195224 -0.679164  0.101234 -0.646746   -0.0273871 -0.000300925  -0.00235837  -0.0500061 -0.00776683   0.0073056 1 0 0 17104
               146.1  3.97998 -5.98126 -111.508 -0.483871 -0.342543  0.133079 -0.465277  0.122809 -0.598285   -0.0273442 -0.000251327  -0.00234395  -0.0499502 -0.00907484   0.0073002 1 0 0 17001
             146.201  6.43896 -3.42646 -121.315 -0.511857 -0.325302  0.077359 -0.236377  0.165832 -0.558072   -0.0274325 -0.000291231  -0.00242413 -0.0491024  -0.010004 0.00721251 1 0 0 16757
               146.3   6.35283 -0.917062  -129.939 -0.531402 -0.312878 0.0194986 -0.150499  0.102201 -0.559603    -0.027419 -0.000271659  -0.00245637 -0.0491666 -0.0100395 0.00748254 1 0 0 16626
               146.4  3.14732  1.83902 -135.808  -0.546445  -0.310311 -0.0281716  -0.131296 0.00600582  -0.416432   -0.0274058 -0.000262916  -0.00249583 -0.0497808 -0.0102493 0.00718636 1 0 0 16098
               146.5   1.3148  3.98367 -141.014  -0.559256  -0.317733 -0.0599853  -0.126512 -0.0845798  -0.250162   -0.0274449 -0.000240603  -0.00251227 -0.0502734 -0.0108184  0.0069818 1 0 0 16050
               146.6 0.10138 4.49594 -144.27  -0.569233  -0.329661 -0.0795097 -0.0993136  -0.124447  -0.128051   -0.0274851 -0.000195374  -0.00255399 -0.0502687  -0.011004   0.007065 1 0 0 15733
             146.701 0.117914  1.47455 -147.627  -0.576179  -0.333892 -0.0830591 -0.0898193 -0.0967077  0.0301558   -0.0275248 -0.000105656  -0.00255504 -0.0493584 -0.0104833 0.00706487 1 0 0 15699
               146.8 -0.390249  0.371631  -145.567  -0.587019  -0.349503 -0.0902748  -0.123091   -0.22612 -0.0174777   -0.0275113 -0.000168238  -0.00267186 -0.0490219 -0.0101201 0.00799561 1 0 0 15564
               146.9  -3.87082 -0.171187  -142.425  -0.599588  -0.372197 -0.0794904 -0.0830077  -0.193047   0.152869   -0.0274453 -0.000122462  -0.00271077  -0.049512 -0.0101875 0.00763102 1 0 0 15586
                 147 -6.37399 -2.28462 -138.481  -0.594866  -0.394058 -0.0579231 0.0724348 -0.168835  0.227686   -0.0275036 -0.000138435  -0.00271598 -0.0491811 -0.0109699 0.00735261 1 0 0 15600
               147.1 -5.13506 -4.27554 -135.216  -0.584068  -0.402124 -0.0372311   0.113239 -0.0551615   0.133761   -0.0275467 -0.000146901  -0.00271788 -0.0488229 -0.0107095 0.00724932 1 0 0 15896
               147.2 -4.38656 -4.51971 -132.233  -0.572421  -0.400435 -0.0303603 0.0918198 0.0348667 0.0293152   -0.0275596 -0.000199433  -0.00271476 -0.0483954 -0.0104424 0.00739474 1 0 0 16086
               147.3 -2.48532 -3.83876 -130.227  -0.569208  -0.398851 -0.0348825 0.00427041  0.0240668  -0.052309  -0.0275888 -0.00021465 -0.00270373 -0.0488267 -0.0104761 0.00782178 1 0 0 15965
             147.399 -2.09093 -2.86704  -130.01  -0.572884   -0.39869 -0.0381269  -0.0595262 -0.00156956  -0.0511362   -0.0275452 -0.000233035  -0.00266414 -0.0491656 -0.0105028 0.00756447 1 0 0 15865
               147.5 -1.89417 -1.45043 -130.015  -0.575795  -0.403852 -0.0421211 -0.0486762 -0.0391002 -0.0306025   -0.0275497 -0.000229991  -0.00265471 -0.0491836  -0.011163 0.00744282 1 0 0 15837
               147.6 0.00829531  -0.555948    -130.22   -0.57464  -0.406393 -0.0440828 -0.00945933  -0.0269572  -0.0157127   -0.0275632 -0.000217479  -0.00264825  -0.048573 -0.0115602  0.0074025 1 0 0 15972
               147.7   0.732022 -0.0758589    -130.03 -0.572108 -0.406697 -0.045904   0.0195253 -0.00775314   -0.017338   -0.0275481 -0.000204969  -0.00265607 -0.0480872 -0.0116325 0.00746517 1 0 0 15613
               147.8 -0.730272 -0.297228  -129.449 -0.565749 -0.405766 -0.045917   0.0433447  0.00864524 -0.00799154   -0.0275133 -0.000200316  -0.00266257 -0.0475913  -0.011858 0.00732912 1 0 0 15902
               147.9  -1.89326 -0.391515  -128.928  -0.557869  -0.407996 -0.0500133  0.0504355  -0.011611 -0.0323802   -0.0275405 -0.000191243  -0.00266699 -0.0474073 -0.0124548 0.00761127 1 0 0 15821
                 148  -1.75602 -0.167552  -129.017 -0.553868 -0.410863 -0.046295  0.0204283 -0.0239008  0.0266101    -0.027547 -0.000210319  -0.00265243 -0.0475505 -0.0126808 0.00705098 1 0 0 15678
               148.1  -1.67518 -0.110076  -129.002  -0.553186  -0.412466 -0.0487433 0.00580063 -0.0121407 -0.0193803   -0.0275743 -0.000198823  -0.00265914 -0.0475047 -0.0126272 0.00746838 1 0 0 15677
               148.2 -2.01757 0.288046  -128.61  -0.552147    -0.4117 -0.0489476 0.00673521 0.00644996 -0.0181176   -0.0275558 -0.000217534  -0.00265955 -0.0473508 -0.0125286 0.00723117 1 0 0 15705
             148.299 -2.53786 0.542192 -128.213  -0.550306   -0.40987 -0.0528142 0.00404645  0.0230609  -0.031684   -0.0275716 -0.000211011  -0.00266414 -0.0471424 -0.0126305 0.00741087 1 0 0 15564
               148.4 -2.68385 0.943146 -128.003  -0.546932  -0.410166 -0.0550177 0.00140844 0.00887728 0.00226347   -0.0275768 -0.000210589  -0.00265548 -0.0469888 -0.0131712 0.00744773 1 0 0 15677
               148.5 -1.11969  1.21655 -127.869  -0.545181  -0.404303 -0.0514857 0.0179903 0.0770133 0.0647956   -0.0276264 -0.000212047  -0.00265565 -0.0465767 -0.0131451 0.00743925 1 0 0 15683
               148.6  1.92211 0.320859  -126.99  -0.544725  -0.390455 -0.0426258 0.0199442  0.156106  0.106823  -0.0276526 -0.00018322 -0.00266624 -0.0465174 -0.0127342 0.00749683 1 0 0 15749
               148.7  1.12033 -1.56546 -126.704  -0.532348  -0.370002 -0.0296889 0.191539 0.250099 0.140804  -0.0275925 -0.00015739  -0.0026749 -0.0460951 -0.0129849 0.00744751 1 0 0 15902
               148.8 0.143056 -4.52462 -121.921  -0.495561  -0.339601 -0.0111245 0.443492  0.37632  0.19579  -0.0276142 -0.00015519 -0.00275756 -0.0454946 -0.0136288 0.00714439 1 0 0 15916
               148.9 0.459807 -7.22349 -112.958  -0.450144  -0.300329 0.00839376 0.450188 0.425619 0.187057   -0.0276417 -0.000180449  -0.00279212 -0.0458128 -0.0137717 0.00710867 1 0 0 16193
                 149 -0.40956 -9.88866 -105.984 -0.412322 -0.261028  0.024162 0.338489 0.388966  0.08739   -0.0276125 -0.000198995  -0.00273923 -0.0465136 -0.0135676 0.00704043 1 0 0 16205
               149.1 -1.20455 -11.3348 -104.078  -0.37691  -0.22247 0.0228789   0.309869   0.357861 -0.0396126   -0.0276098 -0.000264943  -0.00264853 -0.0460029 -0.0139429 0.00736591 1 0 0 15994
               149.2  5.29784 -7.75444 -99.3936  -0.356582  -0.199518 0.00873369  0.191302  0.197476 -0.134288   -0.0277506 -0.000353467  -0.00269828 -0.0467483 -0.0135911 0.00819746 1 0 0 15660
               149.3  5.57794 -6.37522 -93.1021   -0.343524   -0.188866 -0.00616052  0.133399 0.0604662 -0.163069   -0.0276281 -0.000335402  -0.00271355 -0.0473349  -0.013188 0.00821182 1 0 0 15597
               149.4  2.45002 -5.90409 -87.0807  -0.316006  -0.190213 -0.0204139   0.220382 -0.0586586  -0.125868  -0.0275328 -0.00029642 -0.00270559 -0.0473004 -0.0147474 0.00837277 1 0 0 15014
               149.5  1.66421 -7.37787 -86.1283  -0.290412  -0.197725 -0.0213875   0.134124  -0.122804 0.00659828   -0.0275661 -0.000268426  -0.00261501 -0.0468768 -0.0158852 0.00777029 1 0 0 15066
               149.6  3.20036 -6.18968 -83.4151   -0.27629  -0.197884 -0.0190155   0.162154 0.00127298 -0.0210617    -0.027633 -0.000298565  -0.00263428 -0.0460128 -0.0158839 0.00741165 1 0 0 14873
               149.7  6.60787 -5.26451 -87.5595  -0.269036  -0.192707 -0.0141894 0.0488597 0.0662744  0.120439   -0.0276553 -0.000304086  -0.00254104 -0.0454552 -0.0154885 0.00738609 1 0 0 14919
               149.8  5.39268 -14.9765  -87.256  -0.258557  -0.175409 0.00490778 0.106833 0.178523 0.247633   -0.0276251 -0.000122612  -0.00263039 -0.0447616 -0.0158041 0.00751852 1 0 0 14862
               149.9   2.3549 -8.87751 -91.4374 -0.243776 -0.160169 0.0256866 0.137912 0.122041 0.165931    -0.027558 -0.000464898  -0.00251598 -0.0446675 -0.0162378 0.00763598 1 0 0 15014
                 150   1.89165 -0.455061  -92.1298 -0.228793 -0.169961 0.0328957   0.119346 -0.0485507  0.0164211   -0.0275842 -0.000547736  -0.00257701  -0.046601 -0.0165035 0.00824622 1 0 0 15362
               150.1   3.5368  2.46116 -93.5128  -0.22366 -0.183105  0.028836 -0.0380619  -0.140127  -0.122084   -0.0276805 -0.000430883  -0.00256747 -0.0472843 -0.0167322 0.00810317 1 0 0 15133
               150.2  4.36681  9.92373 -93.6504 -0.236365 -0.194005 0.0173628 -0.160167  -0.11466  -0.13262    -0.027657 -0.000535857  -0.00256488 -0.0470118 -0.0163459 0.00775691 1 0 0 15479
               150.3  6.94354  13.5123 -94.0942  -0.257315  -0.197046 0.00239509  -0.181823 -0.0631294  -0.170002   -0.0277098 -0.000479689  -0.00256095 -0.0462082 -0.0157936 0.00795784 1 0 0 15589
               150.4  5.73497  19.2789 -94.5557  -0.267278  -0.198749 -0.0228021 -0.0601594 -0.0407897  -0.268368   -0.027643 -0.00052345 -0.00254754 -0.0455291 -0.0160569 0.00868825 1 0 0 15935
               150.5  10.1671  21.0524 -90.7813  -0.264088  -0.200919 -0.0516192  0.0151121 0.00609509  -0.287317   -0.0277255 -0.000486751  -0.00262463 -0.0453516 -0.0167859   0.008913 1 0 0 15663
               150.6  13.0466  18.2666 -91.2364  -0.267972  -0.200343 -0.0738996  -0.0877443 -0.00056872   -0.137237   -0.0277151 -0.000398707  -0.00258739 -0.0454678 -0.0166404 0.00887045 1 0 0 15407
             150.699  11.5702  17.6226 -93.8226  -0.280257  -0.193238 -0.0818677   -0.13285  0.0241691 -0.0778724   -0.0276333 -0.000432106  -0.00253435 -0.0446098 -0.0165063 0.00911244 1 0 0 15409
               150.8  11.2636  19.4445 -94.4708  -0.283398  -0.194074 -0.0894508  -0.0289391 -0.00726586   -0.104222   -0.0276324 -0.000503906  -0.00256181 -0.0445653 -0.0172648 0.00885232 1 0 0 15163
               150.9  11.4457  23.9003 -93.6192  -0.281351  -0.201106 -0.0992703  0.0401255 -0.0167543 -0.0533275    -0.027623 -0.000544317  -0.00257729 -0.0453828 -0.0176241 0.00876318 1 0 0 14993
             150.999  11.3963  22.9823 -93.0869  -0.27581 -0.202102 -0.102731  0.0432471  -0.014192 -0.0357998   -0.0276511 -0.000475278  -0.00258676 -0.0453697 -0.0178028 0.00875361 1 0 0 15069
               151.1  10.0378  25.7547 -92.5366 -0.271235 -0.203376 -0.104447  0.0284126 -0.0198328 -0.0130407   -0.0276126 -0.000549819  -0.00256717  -0.045185 -0.0179406 0.00865187 1 0 0 15037
               151.2 10.3843 25.0844 -92.331 -0.267646 -0.203282 -0.105066   0.0169036 -0.00310036   0.0123013   -0.0276668 -0.000465969  -0.00257561 -0.0450227 -0.0181356 0.00889527 1 0 0 14877
             151.299    10.36  24.3751 -92.6998 -0.265483 -0.198937 -0.103827 0.0163057 0.0320748 0.0161096   -0.0276655 -0.000461817  -0.00256581 -0.0446257 -0.0181297 0.00914955 1 0 0 14866
               151.4  10.8666  23.0922 -92.9063 -0.267242 -0.190787 -0.101354 -0.0252399  0.0735073  0.0127779   -0.0276838 -0.000446612  -0.00258256 -0.0442204 -0.0178515 0.00917744 1 0 0 14992
               151.5  11.4876  22.2244 -93.1977 -0.271812 -0.182042 -0.103824 -0.0549629  0.0870208 -0.0194161   -0.0276943 -0.000451929  -0.00257692 -0.0442599 -0.0177012 0.00945203 1 0 0 14964
               151.6 11.4203  21.917 -94.045 -0.274166 -0.177572 -0.106024 -0.0300879  0.0385964  -0.026319   -0.0276894 -0.000463067  -0.00255808 -0.0444875 -0.0181104 0.00943919 1 0 0 14892
               151.7 11.0096 22.6718 -94.134 -0.270722  -0.17752 -0.106699   0.0197737 -0.00461598  -0.0171047   -0.0276944 -0.000492912  -0.00257313 -0.0445107 -0.0187585 0.00930894 1 0 0 15038
               151.8  10.3176  23.6243 -94.2941 -0.270189 -0.183917 -0.106166 -0.00236388  -0.0531601   0.0105942   -0.0276745 -0.000481044  -0.00256906 -0.0449559 -0.0188408 0.00889573 1 0 0 15029
             151.899  10.0318  23.4546 -94.4923 -0.267502 -0.184134  -0.10483   0.0105854 -0.00846318  0.00920736   -0.0277034 -0.000475614  -0.00257027 -0.0444935 -0.0190883 0.00918143 1 0 0 14733
             151.999  10.0536  23.3135 -94.6137 -0.268154 -0.184757 -0.104581   -0.0109924  -0.00829978 -0.000202553    -0.027713 -0.000462926  -0.00257335 -0.0444926  -0.018991 0.00918723 1 0 0 14963
               152.1  10.2936  23.4128 -94.5206 -0.269009 -0.181844 -0.106897 -0.0136648  0.0215935 -0.0218139   -0.0277222 -0.000468605  -0.00257962 -0.0442313 -0.0189759 0.00950026 1 0 0 14862
               152.2  10.4134  23.4911 -94.5342  -0.27091 -0.180027 -0.107853 -0.0256653  0.0159824 -0.0102477   -0.0277245 -0.000469771   -0.0025719  -0.044207 -0.0189951 0.00939991 1 0 0 14907
               152.3  10.3913  23.5069 -94.4923 -0.271891 -0.179978 -0.107886  -0.0193841  0.00162586 -0.00226326   -0.0277311 -0.000471689  -0.00256862 -0.0442592  -0.019221  0.0093245 1 0 0 14721
               152.4  10.1727  23.4865 -94.5588  -0.27149 -0.181369 -0.107534   -0.0100329   -0.0107209 -0.000780573   -0.0277311 -0.000465698  -0.00257499  -0.044316 -0.0195313 0.00929459 1 0 0 14941
               152.5  10.4243  23.5224 -94.6266 -0.270876 -0.181074 -0.106684  -0.00467089 -0.000322364   0.00388592   -0.0277575 -0.000468142  -0.00256986 -0.0441096 -0.0197429 0.00931499 1 0 0 14759
               152.6  10.4983  23.5482 -94.6538 -0.270765 -0.180567 -0.105628 -0.00539911  0.00290646   0.0128643   -0.0277611 -0.000466846  -0.00257486 -0.0440188 -0.0198359 0.00933431 1 0 0 14883
               152.7  10.2671  23.3708 -94.8465 -0.270089 -0.179733 -0.106822 -0.00436706  0.00853297 -0.00843204   -0.0277661 -0.000463195  -0.00256636 -0.0440195 -0.0199606 0.00959756 1 0 0 14839
               152.8  10.5082  23.0683 -94.8292 -0.271111   -0.1778 -0.106465  -0.0183364   0.0181288 -0.00148099   -0.0277857 -0.000469236  -0.00257424 -0.0438911 -0.0199682 0.00953262 1 0 0 14841
               152.9  10.6361  22.7665 -95.0089 -0.271923 -0.176807 -0.105835 -0.0152611 0.00950466 0.00407048   -0.0277867 -0.000461394  -0.00256615 -0.0438956 -0.0201401 0.00949012 1 0 0 14860
                 153  10.5143  22.8449 -95.1024 -0.271595 -0.177051 -0.105619 -0.00673263 -0.00270673  0.00106254   -0.0277939 -0.000469832  -0.00256848 -0.0439137 -0.0203967 0.00951325 1 0 0 14859
               153.1   10.503   22.609 -95.0766 -0.272407 -0.177965 -0.106734  -0.0116907  -0.0108229 -0.00108792   -0.0277871 -0.000450416  -0.00256482  -0.044002 -0.0203885 0.00963756 1 0 0 14932
               153.2  10.1211  22.2816 -95.1956 -0.270337 -0.175331 -0.105604  0.0131006  0.0197316 0.00424435   -0.0277967 -0.000461991  -0.00256505 -0.0435908 -0.0206358 0.00979446 1 0 0 14787
               153.3  9.64475  22.1727 -95.2161 -0.267417 -0.176987 -0.105356 0.00977139 -0.0117858 -0.0105289   -0.0277925 -0.000451488   -0.0025689 -0.0438115 -0.0209379 0.00965728 1 0 0 14999
               153.4  10.0467  22.4772 -95.1527 -0.267046  -0.17648 -0.104117 -0.0112908 0.00331513 0.00588823  -0.0278304  -0.0004712 -0.00256546 -0.0435821 -0.0210078 0.00952147 1 0 0 14773
               153.5  10.5863  22.2653 -95.2467 -0.269553 -0.176829 -0.105369  -0.0225564 -0.00307261  0.00102914   -0.0278385 -0.000454089  -0.00256695 -0.0437375 -0.0209172 0.00965999 1 0 0 15018
               153.6  10.2957  22.0592 -95.4928 -0.269872 -0.173751 -0.103251 -0.0110367  0.0188426  0.0116369   -0.0278509 -0.000458833  -0.00256473  -0.043301 -0.0210602 0.00969382 1 0 0 14715
             153.699  10.1608  22.2441 -95.3779 -0.270536 -0.174774 -0.104878  -0.0162835 -0.00613205  -0.0154093   -0.0278387 -0.000458975  -0.00257027   -0.04356 -0.0211852 0.00982342 1 0 0 14923
               153.8  10.3208  22.4524 -95.3782 -0.269817 -0.176245 -0.105113 -0.00750205 -0.00892562 -0.00466507   -0.0278582 -0.000459991  -0.00256155 -0.0435518 -0.0215039 0.00975611 1 0 0 14865
               153.9  10.4485  22.2977 -95.4257 -0.271556 -0.177406 -0.103853 -0.0237106 -0.0151367  0.0074066   -0.0278549 -0.000456995  -0.00256792   -0.04353 -0.0214937 0.00959567 1 0 0 15020
                 154 10.4007 22.5477 -95.496 -0.272452 -0.178632 -0.103316 -0.0191181 -0.0130618 0.00444812   -0.0278559 -0.000463529  -0.00255974   -0.04345 -0.0216628 0.00966231 1 0 0 14820
               154.1   10.571  22.4414 -95.5553   -0.2727 -0.176731 -0.104654  -0.0127747   0.0141817 -0.00755046   -0.0278654 -0.000461404  -0.00256966 -0.0431985 -0.0217938  0.0100174 1 0 0 14918
               154.2  10.5206   22.259 -95.6606 -0.272375 -0.176213 -0.104553 -0.00246599  0.00252475 -0.00411992   -0.0278693 -0.000457822  -0.00256231 -0.0431906 -0.0219681 0.00995065 1 0 0 15053
               154.3  10.1317  22.5546 -95.6508 -0.270211 -0.175101 -0.105813 0.00559622   0.010465 -0.0124483   -0.0278717 -0.000469042   -0.0025627 -0.0430589 -0.0222283  0.0101228 1 0 0 14877
               154.4  10.3361  22.2496 -95.6831 -0.270079 -0.174884 -0.104023 -0.00282506  0.00486883   0.0135142   -0.0278876 -0.000461108  -0.00256266 -0.0430678 -0.0222936 0.00987193 1 0 0 14914
               154.5  10.0822  22.1171 -95.7826 -0.268971 -0.176868 -0.103031 0.00292605 -0.0199503 0.00279116   -0.0278842 -0.000457637  -0.00255991 -0.0432077 -0.0224986 0.00983644 1 0 0 14985
               154.6  9.70856  22.6854 -95.7829 -0.266977 -0.177474 -0.103529 0.00213041 -0.0055586 -0.0170875   -0.0278927 -0.000474504  -0.00256138 -0.0430142 -0.0227344 0.00994576 1 0 0 14919
               154.7  9.93349  23.2739 -95.8607  -0.26869 -0.177118 -0.105992 -0.0301777 0.00559026 -0.0144037   -0.0279056 -0.000476727  -0.00255811 -0.0429873 -0.0227153  0.0100337 1 0 0 14907
               154.8  10.5179  22.5267 -95.9943 -0.273336 -0.176716 -0.106779  -0.0341814 -0.00279166 0.000181649   -0.0279184 -0.000446673  -0.00256135 -0.0430426 -0.0225215  0.0100443 1 0 0 15015
               154.9  9.50374  22.7892 -96.1463 -0.273706 -0.176278 -0.107102  -0.0156294 -0.00331001  -0.0134691   -0.0278817 -0.000462711  -0.00255394 -0.0428436 -0.0227574   0.010161 1 0 0 14935
                 155  9.66709  23.3654 -95.8808 -0.270665 -0.178216 -0.108051  0.00881726  -0.0100057 -0.00598752   -0.0279204 -0.000475368  -0.00255753 -0.0428557 -0.0233209  0.0101961 1 0 0 15027
               155.1  9.56831  22.5773 -96.1049 -0.269259 -0.177817 -0.106357  0.00447741 0.000559818  0.00995961   -0.0279326 -0.000438052  -0.00256335 -0.0427017 -0.0233877  0.0100837 1 0 0 14955
               155.2  9.75965  22.8473 -96.0878  -0.26838 -0.176508 -0.106723 -0.000432927   0.00625962  -0.00835308    -0.027953 -0.000464306  -0.00255795 -0.0425417 -0.0234663  0.0102284 1 0 0 14978
               155.3  9.74382   22.961 -96.0543 -0.269866 -0.177422 -0.107865  -0.0167916 -0.00282294 -0.00417471   -0.0279429 -0.000455289  -0.00255827 -0.0427373 -0.0233951  0.0101948 1 0 0 15016
               155.4  9.45347  22.7927 -96.1974 -0.271035 -0.175315 -0.105933 -0.0223866  0.0133528  0.0119796   -0.0279476 -0.000466118  -0.00255599 -0.0424243 -0.0234816  0.0101431 1 0 0 15039
               155.5   9.4816  22.7519 -96.1897 -0.270689 -0.176355 -0.104157 -0.00333026 -0.00587606   0.0157258   -0.0279642 -0.000456304  -0.00256557 -0.0425337  -0.023803  0.0100641 1 0 0 15170
               155.6  9.10021   22.782 -96.2315  -0.27004 -0.175773 -0.103569 -0.00706382  0.00303499  0.00627084    -0.027959 -0.000469026  -0.00256108 -0.0424178 -0.0239245    0.01024 1 0 0 15095
             155.699 9.11512 22.6253 -96.276 -0.268677 -0.176896 -0.102479  0.00120172 -0.00746749   0.0048216   -0.0279766 -0.000459087  -0.00256405 -0.0424724 -0.0241985  0.0101909 1 0 0 15107
               155.8  9.09747  22.6876 -96.3619 -0.269419 -0.178865 -0.104379 -0.0149743 -0.0178188 -0.0153698   -0.0279774 -0.000461814  -0.00255176 -0.0426226 -0.0242112  0.0103187 1 0 0 15051
               155.9  9.23303  22.6631 -96.3871 -0.268849 -0.178644 -0.105269 -0.00169334 -0.00325102 -0.00943066   -0.0279958 -0.000462485  -0.00255583 -0.0423841 -0.0243828  0.0104129 1 0 0 14913
             155.999  8.91078  22.7148 -96.4663 -0.269961 -0.178248 -0.105845 -0.0177237 0.00043226 -0.0107376   -0.0279819 -0.000458054  -0.00254639 -0.0422968 -0.0243309  0.0103897 1 0 0 14945
               156.1  8.91966  22.8383 -96.4212 -0.268988 -0.175652 -0.104812 -0.00225187   0.0226022  0.00507092  -0.0279988 -0.00046185 -0.00255254 -0.0419675 -0.0245885  0.0104047 1 0 0 14920
               156.2  8.88359  22.7631 -96.5053 -0.268254 -0.175694 -0.103913 -0.00143471  0.00252847  0.00731738   -0.0280023 -0.000463002  -0.00255414 -0.0421048 -0.0247901  0.0103197 1 0 0 15059
               156.3  8.89357  22.8506 -96.4969 -0.267489  -0.17627 -0.103935  -0.00117015  -0.00626649 -0.000252192   -0.0280197 -0.000468346  -0.00255188 -0.0421358 -0.0249276  0.0103813 1 0 0 14929
               156.4  8.83678  22.9058 -96.5146 -0.267471   -0.1753 -0.103362 -0.0088003  0.0065645 0.00301046   -0.0280172 -0.000470218   -0.0025549 -0.0419653 -0.0249658  0.0104064 1 0 0 15059
               156.5  8.97405  22.8823 -96.5531 -0.267313 -0.174707 -0.103538 -0.00778754  0.00615819 -0.00224424   -0.0280331 -0.000466003  -0.00255423 -0.0419424 -0.0251206  0.0104897 1 0 0 14931
               156.6  8.89353   22.776 -96.6425 -0.267382 -0.175458 -0.104936 -0.00757473 -0.00623089 -0.00988425   -0.0280295 -0.000460675  -0.00255827 -0.0420626 -0.0252402  0.0105758 1 0 0 14908
               156.7  8.50071  22.7465 -96.8968 -0.266245  -0.17501 -0.103973 0.00485744 0.00580153  0.0189205   -0.0280439 -0.000464614  -0.00255566 -0.0418829 -0.0254318  0.0105493 1 0 0 14810
               156.8 7.04497 21.3904 -97.703 -0.265394 -0.173692 -0.098869 0.00466793  0.0134693  0.0508596    -0.028014 -0.000421271  -0.00254509 -0.0418108 -0.0255015  0.0104082 1 0 0 15048
               156.9  5.68298  22.8192 -97.9812 -0.260308  -0.17319  -0.09136  0.0612832 -0.0143704  0.0992424   -0.0280072 -0.000500831  -0.00254423 -0.0416153 -0.0258168  0.0103633 1 0 0 14657
                 157  2.66462  23.6799 -98.2414 -0.252047 -0.178112  -0.07604  0.0779312 -0.0553421   0.192048   -0.0279954 -0.000467416  -0.00254766 -0.0417524 -0.0260524   0.010221 1 0 0 14818
               157.1  4.23575  21.0046 -96.7168  -0.244635  -0.183844 -0.0579024    0.07631 -0.0466782   0.180234   -0.0280564 -0.000395724   -0.0025794 -0.041816 -0.026068 0.0104662 1 0 0 14863
               157.2  3.33956  18.1374 -95.9157 -0.237379 -0.183525 -0.044341   0.0444467 0.000567617    0.099345   -0.0280273 -0.000422474  -0.00256261 -0.0414643 -0.0260979  0.0107232 1 0 0 14990
               157.3 2.32706 17.0029 -94.563  -0.233844  -0.181218 -0.0335213 0.00476831  0.0402487  0.0914381   -0.0280261 -0.000415164   -0.0025793  -0.041299 -0.0262665  0.0106046 1 0 0 14998
               157.4    1.019  15.9164 -94.0567   -0.23577  -0.176186 -0.0225206 -0.0412107  0.0455793  0.0755153   -0.0280273 -0.000435189  -0.00255695 -0.0411916  -0.026252  0.0103071 1 0 0 14911
               157.5  1.45082  17.2391 -93.0047  -0.239186   -0.17496 -0.0193658 -0.0367122  0.0144669  0.0145347   -0.0280831 -0.000484766  -0.00256931 -0.0414171 -0.0264207   0.010353 1 0 0 15223
               157.6  2.44294  17.3102 -92.0264 -0.242456 -0.179255 -0.021336  -0.033963 -0.0351657 0.00775095   -0.0281051 -0.000453103  -0.00256484 -0.0419867 -0.0265145  0.0105049 1 0 0 15235
               157.7  2.66256   17.547 -91.1097  -0.245856  -0.182928 -0.0212934 -0.0357228 -0.0349351  0.0104815   -0.0280851 -0.000455692  -0.00256779 -0.0420151 -0.0265618  0.0106283 1 0 0 15343
               157.8  2.57986  17.3991 -90.4412  -0.247497  -0.182298 -0.0183253 -0.00943006 -0.00358056   0.0171565    -0.028078 -0.000463606  -0.00255684 -0.0416044 -0.0266183  0.0105922 1 0 0 15260
               157.9  2.47416  17.1751 -89.5061  -0.241698  -0.181621 -0.0146015 0.0461957 0.0108885 0.0182944   -0.0280972 -0.000449628  -0.00256108 -0.0414083 -0.0271701   0.010479 1 0 0 15319
                 158  1.76914   17.249 -89.4406   -0.23811   -0.17962 -0.0142152   0.0082669  0.00510211 -0.00805598   -0.0280884 -0.000461417  -0.00254656 -0.0412706 -0.0272521  0.0105285 1 0 0 15068
               158.1  1.95112  18.0784 -89.5617  -0.239634  -0.181624 -0.0150491 -0.0257929 -0.0218272  -0.016353   -0.0281147 -0.000464904  -0.00254771 -0.0413828 -0.0272361  0.0104223 1 0 0 15296
               158.2   2.0275  18.7061 -90.1068  -0.243481  -0.184826 -0.0165359  -0.0268858  -0.0233431 -0.00173795   -0.0281158 -0.000463591  -0.00252966 -0.0415376  -0.027109  0.0103988 1 0 0 15118
               158.3  2.03393  18.0904 -90.3092  -0.240008  -0.184018 -0.0146319   0.0250865 0.000977474   0.0156463   -0.0281385 -0.000429708  -0.00254313  -0.041199 -0.0276036  0.0104071 1 0 0 15270
               158.4   1.4809  18.3314 -90.5428  -0.239304  -0.183426 -0.0148559  0.00583533  0.00361491 -0.00278016  -0.0281166 -0.00044791 -0.00253396 -0.0411759 -0.0274753  0.0105608 1 0 0 15148
               158.5  1.44282  17.9869 -90.5948  -0.234606  -0.184028 -0.0160865   0.0306922 -0.00518612  -0.0147768   -0.0281445 -0.000430347  -0.00254056 -0.0412082  -0.027915  0.0106435 1 0 0 15210
             158.599  1.23923  18.2253 -90.7008  -0.233559  -0.183543 -0.0155184  0.00620768  0.00269692 -0.00945552   -0.0281373 -0.000453519  -0.00254083 -0.0410911 -0.0277719  0.0104315 1 0 0 14864
             158.699 1.18806 18.5312  -90.73  -0.232469  -0.184797 -0.0158691 -0.000703551   -0.0131486  -0.00156978   -0.0281508 -0.000449661  -0.00254507 -0.0411619  -0.027895   0.010331 1 0 0 15142
               158.8 0.890763  18.5774 -90.7656   -0.23301  -0.184188 -0.0136409 -0.0152167 0.00487027  0.0250137   -0.0281503 -0.000454955  -0.00253717 -0.0409787 -0.0279243  0.0102754 1 0 0 15021
               158.9 0.770677  18.1813 -90.7871  -0.233888  -0.184882 -0.0150226  -0.0163845 -0.00120392 -0.00512691  -0.0281489 -0.00043644 -0.00254214 -0.0411668 -0.0280774  0.0105634 1 0 0 15097
                 159 0.885722  18.1459 -90.8039  -0.233083   -0.18179 -0.0146753 -0.00382716    0.023207 -0.00876903     -0.02817 -0.000459707  -0.00254537 -0.0408128 -0.0283389  0.0105625 1 0 0 15061
               159.1 0.909451  18.1355 -90.7797  -0.233701  -0.181774 -0.0163235 -0.0108125 0.00630155 -0.0118715   -0.0281569 -0.000448628   -0.0025433 -0.0410231 -0.0283945  0.0105474 1 0 0 15050
               159.2  0.61021  16.8932 -90.5597  -0.233572  -0.182096 -0.0144739 -0.00997581 -0.00220054   0.0127303   -0.0281723 -0.000419365  -0.00255386 -0.0410359 -0.0285576  0.0102895 1 0 0 15129
               159.3 0.402101  17.2469 -90.7616   -0.23415  -0.182965 -0.0131728 -0.00934085 -0.00865256   0.0118522   -0.0281776 -0.000444783  -0.00254407 -0.0410282 -0.0286661  0.0102588 1 0 0 14990
               159.4 -0.0596776    16.7962   -90.7795  -0.232527  -0.181053 -0.0117115 0.00420766  0.0156491 0.00994628  -0.0281923 -0.00043353 -0.00254809 -0.0407794  -0.028917   0.010329 1 0 0 15101
             159.499 0.0733406   16.7643  -90.8542  -0.231707  -0.179859 -0.0131568 0.00351645  0.0131027 -0.0164711   -0.0281976 -0.000440081    -0.002551 -0.0408355 -0.0290059  0.0104862 1 0 0 14990
               159.6 0.149301  16.9928   -90.88  -0.233178  -0.179315 -0.0129744   -0.018057  0.00216081 -0.00388226   -0.0282124 -0.000451351  -0.00255247 -0.0408476  -0.028885  0.0103025 1 0 0 15210
               159.7 0.0701093    17.083  -90.9079  -0.232194   -0.18114 -0.0137123 -0.00160275  -0.0129736 -0.00306286   -0.0282163 -0.000447815  -0.00254196 -0.0409935  -0.029192  0.0102957 1 0 0 15076
               159.8 0.0263779    17.126  -91.0032  -0.232264   -0.18106 -0.0138334 -0.00767063 -0.00481371 -0.00374475   -0.0282252 -0.000450771  -0.00254532  -0.040853 -0.0292578  0.0103407 1 0 0 15105
               159.9 0.00748138    17.2815   -91.0212  -0.232903  -0.182186 -0.0145452   -0.012063 -0.00970787 -0.00762572  -0.0282292  -0.0004498 -0.00254475 -0.0409005 -0.0293217  0.0103297 1 0 0 14936
                 160 -0.105525   17.4034  -91.0271  -0.232897  -0.180295 -0.0135707 -0.0115259  0.0153711 0.00532457   -0.0282334 -0.000455773  -0.00254631 -0.0405979 -0.0294811  0.0102897 1 0 0 15123
               160.1 0.0576079   17.0146  -90.9499  -0.234537  -0.180003 -0.0131661 -0.0247768  0.0049912  0.0056449   -0.0282318 -0.000439125  -0.00254558 -0.0407145 -0.0295129  0.0102644 1 0 0 14991
               160.2 0.119422  16.5241 -90.9124   -0.23395  -0.179399 -0.0121411 -0.00685505  0.00614039   0.0139274  -0.0282494 -0.00044799 -0.00254231 -0.0406575 -0.0298609  0.0102834 1 0 0 15138
               160.3 -0.102876   15.8101  -91.0283   -0.235009   -0.178591 -0.00897224 -0.0153607 0.00566821  0.0253211   -0.0282393 -0.000433944  -0.00253885 -0.0405834 -0.0298641    0.01017 1 0 0 15022
               160.4 -0.00601849     15.5036    -91.0626   -0.233777   -0.177808 -0.00792075  0.00552347   0.0149267 -0.00569632   -0.0282591 -0.000436846  -0.00254374 -0.0405816  -0.030156  0.0101804 1 0 0 15273
               160.5 0.240756   15.677   -91.01   -0.233553   -0.175439 -0.00828367  -0.00481412    0.0149007 -0.000699543   -0.0282662 -0.000449823  -0.00254682 -0.0404517 -0.0301561  0.0101933 1 0 0 15390
               160.6 0.143221  15.8588 -91.0704   -0.232512   -0.175274 -0.00987414  0.00353646  0.00847157 -0.00713788   -0.0282687 -0.000450287  -0.00254672  -0.040584 -0.0303654  0.0103401 1 0 0 15264
             160.699 0.0988975    15.293  -91.1912  -0.232271  -0.174202 -0.0101095  -0.0018074   0.0108596 -0.00578086    -0.028279 -0.000426072  -0.00255243 -0.0405802 -0.0303776     0.0103 1 0 0 15265
               160.8 -0.0471018    14.9351   -91.0855   -0.230908   -0.173038 -0.00886624 0.00237008 0.00603113 0.00224912   -0.0282732 -0.000432497  -0.00254716 -0.0404775 -0.0305492  0.0101509 1 0 0 15229
               160.9 -0.187696    15.082  -91.0561   -0.230421     -0.1728 -0.00902241 -0.00884817  0.00633317 -0.00437515   -0.0282781 -0.000447792  -0.00255155 -0.0405025 -0.0306634  0.0101305 1 0 0 15148
                 161 0.134935  14.9662  -91.182 -0.232076 -0.174746 -0.011578 -0.0292721 -0.0160282 -0.0161827   -0.0282777 -0.000435057  -0.00254454 -0.0407571 -0.0307409  0.0102224 1 0 0 15112
               161.1 0.592643  14.9509 -91.3665  -0.234349  -0.173658 -0.0117424  -0.0243281   0.0040584 -0.00272027    -0.028292 -0.000440831  -0.00254013  -0.040473 -0.0308057  0.0102347 1 0 0 15195
               161.2 0.303849  14.6327 -91.6182   -0.234783   -0.170447 -0.00873312 -0.00480405    0.024879    0.018716    -0.028286 -0.000442092  -0.00253764 -0.0401574 -0.0309283  0.0100587 1 0 0 15154
               161.3 0.109701  14.6873 -91.6861    -0.23319   -0.168743 -0.00639656 0.00732242  0.0135477  0.0154313   -0.0283065 -0.000451387  -0.00254544  -0.040125 -0.0311584 0.00998848 1 0 0 15152
               161.4 -0.23851  15.0597 -91.6763   -0.231989   -0.170286 -0.00544438 -0.00176316  -0.0116435  0.00883038   -0.0283021 -0.000455846   -0.0025428 -0.0403513 -0.0312991 0.00992577 1 0 0 15167
               161.5 -0.0414401    15.2106   -91.6212   -0.230128    -0.17132 -0.00453052  0.00407866 -0.00679465  0.00946837   -0.0283277 -0.000445325  -0.00255538 -0.0403199 -0.0315845 0.00995015 1 0 0 15087
             161.599 0.0265501   15.0572  -91.8022   -0.230064   -0.172132 -0.00307228 -0.00389307 -0.00922777   0.0130686   -0.0283264 -0.000445236  -0.00254526 -0.0403249 -0.0316039 0.00991847 1 0 0 15099
               161.7 0.0764892   15.0451  -91.7902  -0.229157   -0.17252 -0.0054728  0.00420407 -0.00697387  -0.0184013   -0.0283336 -0.000438171  -0.00254806 -0.0402826 -0.0317566  0.0102299 1 0 0 15161
               161.8 -0.130906   15.0689   -91.821   -0.228761   -0.172367 -0.00581272 -0.00189728 0.000660588 -0.00776938   -0.0283306 -0.000444105  -0.00254499 -0.0401899 -0.0317787  0.0101305 1 0 0 15281
               161.9 -0.31381  14.9281 -91.8269   -0.228026     -0.1709 -0.00497955 -0.00431814   0.0124138  0.00116342    -0.028343 -0.000435815  -0.00255066 -0.0400107 -0.0319311  0.0100333 1 0 0 14923
                 162 -0.313245   14.5479  -91.9215   -0.229472   -0.169596 -0.00508705   -0.022418   0.0132451 -0.00315922   -0.0283406 -0.000432205  -0.00254845 -0.0400217 -0.0319099   0.010028 1 0 0 15064
               162.1 -0.222006   14.6597  -91.9561   -0.230337   -0.170245 -0.00572546  -0.0154873 -0.00427032 -0.00623421   -0.0283531 -0.000434756  -0.00255175 -0.0401456 -0.0321136  0.0100074 1 0 0 14934
               162.2 -0.325952   14.6539  -91.9551   -0.229797   -0.170988 -0.00636169 -0.00212691 -0.00271138 -0.00435863     -0.02835 -0.000435132  -0.00254716 -0.0401561 -0.0323473  0.0100229 1 0 0 15212
               162.3 -0.394597   14.5116  -91.8853   -0.229429    -0.16961 -0.00590964 0.00165585  0.0226996 -0.0017944   -0.0283559 -0.000428944  -0.00255185 -0.0400718 -0.0323983 0.00995201 1 0 0 15044
             162.399 -0.961248   14.2691  -92.1938   -0.225671   -0.166861 -0.00399794 0.0209559 0.0217547 0.0108377    -0.028354 -0.000434241  -0.00253633  -0.039945 -0.0327703 0.00979036 1 0 0 15056
               162.5 -0.809171   14.2461  -92.2199   -0.226797   -0.166003 -0.00561196  -0.0186572 -0.00559672 -0.00947803   -0.0283782 -0.000430235  -0.00254227 -0.0399821 -0.0326232  0.0100029 1 0 0 15137
               162.6 -0.718492   14.5459  -91.9989   -0.227652   -0.163875 -0.00556816   -0.0102952    0.0202737 -0.000217098   -0.0283844 -0.000441203  -0.00255531 -0.0397175 -0.0326987   0.010021 1 0 0 15139
               162.7 -0.827423   14.1863  -91.9818   -0.228173   -0.162286 -0.00517451 -0.0108861  0.0155602 0.00220369    -0.028379 -0.000433018  -0.00255011 -0.0397583 -0.0327789 0.00997768 1 0 0 15058
               162.8 -0.91585  14.1433 -91.9338   -0.226917    -0.16178 -0.00492204 -0.00221341  0.00401265 -0.00663646   -0.0283885 -0.000435799    -0.002553 -0.0397729 -0.0330746  0.0099232 1 0 0 15177
               162.9 -0.996011   14.3475  -92.0173   -0.227845   -0.163025 -0.00619268   -0.018205 -0.00948204  -0.0152775   -0.0283833 -0.000438148  -0.00255224 -0.0399103 -0.0331099 0.00989739 1 0 0 15153
                 163 -0.862742   14.4123  -92.1252   -0.226543   -0.164832 -0.00423637 0.00274822 -0.0171319  0.0140329   -0.0283978 -0.000438778  -0.00255074  -0.039892 -0.0334366 0.00961069 1 0 0 15032
               163.1 -1.04168  14.4311 -92.1759   -0.225284   -0.164903 -0.00407542  0.00723243 -0.00571933  0.00455915   -0.0284003 -0.000442949  -0.00254904 -0.0397287 -0.0335492 0.00978103 1 0 0 15242
               163.2  -1.1868  14.3819 -92.2149   -0.224221   -0.164065 -0.00177834 0.00351369 0.00617955  0.0168126   -0.0284064 -0.000438301  -0.00254517  -0.039572 -0.0335995 0.00968017 1 0 0 14950
             163.299 -1.24745  14.3767 -92.2248   -0.222953   -0.163209 -0.00154751 0.00339974 0.00812974 0.00122777   -0.0284219 -0.000438524  -0.00255059 -0.0395374 -0.0337594 0.00979098 1 0 0 15082
               163.4 -1.14751  14.3462 -92.2526   -0.224374   -0.164634 -0.00354945 -0.0183361 -0.0113595 -0.0143552   -0.0284248 -0.000441607  -0.00254724 -0.0397641 -0.0336989 0.00989178 1 0 0 15065
               163.5 -1.21343  14.3766 -92.3155   -0.226254   -0.165916 -0.00666721 -0.0236685  -0.011886 -0.0245206   -0.0284202 -0.000441675  -0.00254129 -0.0397926 -0.0337576  0.0100289 1 0 0 15201
               163.6 -1.27056  14.2237 -92.3343   -0.228056   -0.164814 -0.00581924   -0.024012  0.00390385 -0.00163846   -0.0284166 -0.000437703  -0.00254231 -0.0395293 -0.0338022 0.00983014 1 0 0 15035
               163.7 -1.20679  14.2443 -92.3335  -0.225688  -0.163585 -0.0055135   0.0101162   0.0111757 -0.00246924   -0.0284374 -0.000438708  -0.00254467 -0.0393596 -0.0342822 0.00982307 1 0 0 15057
               163.8 -1.34702  14.2244 -92.3952  -0.225255  -0.163257 -0.0040232 -0.00416406  0.00379868   0.0108641   -0.0284273 -0.000437722   -0.0025466    -0.0394 -0.0342932 0.00965828 1 0 0 14936
               163.9 -1.25858  14.0444 -92.4561   -0.22307  -0.163216 -0.0025221  0.0117973 0.00046332 0.00942432  -0.0284422  -0.0004341 -0.00254543 -0.0393829 -0.0345783 0.00960438 1 0 0 15197
                 164 -1.21552  14.2113 -92.4141   -0.224427   -0.165124 -0.00284053    -0.016777   -0.0179139 -0.000261712   -0.0284469 -0.000440189  -0.00255264 -0.0395593 -0.0344229 0.00963488 1 0 0 15090
               164.1 -1.14052  14.1456  -92.457   -0.224894   -0.164754 -0.00398816  -0.0135667  0.00350772 -0.00691189   -0.0284505 -0.000444554  -0.00254389 -0.0393895 -0.0345836 0.00980212 1 0 0 15137
               164.2 -1.10917  13.8366 -92.5486  -0.226781  -0.163319 -0.0058085 -0.0238472   0.012134  -0.018152   -0.0284426 -0.000431469  -0.00254815 -0.0393053 -0.0345998 0.00992663 1 0 0 15010
               164.3 -1.06149  13.8893 -92.6283   -0.225459   -0.161909 -0.00355527  0.0011671  0.0107164 0.00891881  -0.0284519 -0.00044735 -0.00254617 -0.0391465 -0.0349515  0.0095915 1 0 0 15161
               164.4 -1.11543   13.818 -92.5958  -0.224554  -0.160898 -0.0022637 -0.00128359  0.00912359  0.00904094   -0.0284564 -0.000438678  -0.00255002 -0.0391199 -0.0350677 0.00954448 1 0 0 15152
               164.5 -1.06852  13.7295 -92.6239  -0.224138  -0.160539 0.00104959 -0.0045846 0.00285508  0.0248851   -0.0284636 -0.000452012  -0.00254834  -0.039126 -0.0351498 0.00933003 1 0 0 15100
               164.6 -1.14715  13.7468 -92.6334    -0.226071    -0.161987 -0.000437831  -0.0233218  -0.0109649 -0.00609004   -0.0284664 -0.000440791  -0.00255045 -0.0393292 -0.0351074 0.00959137 1 0 0 15282
               164.7 -1.10957  13.7817  -92.675  -0.226148  -0.163686 -0.0011957      -0.011  -0.0160906 -0.00619882   -0.0284801 -0.000449501  -0.00254334 -0.0393464 -0.0353683 0.00958989 1 0 0 15055
               164.8  -1.1612  13.6842 -92.6539   -0.225803   -0.163414 -0.00442095 -0.00363794  0.00114642  -0.0292089   -0.0284773 -0.000439473  -0.00254758 -0.0391863 -0.0355483 0.00984922 1 0 0 15259
               164.9 -1.24147  13.7201 -92.6662   -0.226249   -0.162268 -0.00516207 -0.0114489 0.00706387 -0.0153408   -0.0284729 -0.000447075  -0.00254358 -0.0390421 -0.0355744 0.00969727 1 0 0 15086
                 165 -1.26262  13.6064 -92.6271  -0.224887  -0.160652 -0.0036323 0.00246668  0.0128707 0.00547398   -0.0284876 -0.000440109  -0.00255014 -0.0388797 -0.0358172 0.00947783 1 0 0 15342
             165.099 -1.32129  13.7182  -92.613    -0.224045    -0.161263 -0.000380985 -0.000218599  -0.00437752    0.0278422   -0.0284851 -0.000460415  -0.00255236  -0.038985 -0.0359288 0.00921483 1 0 0 14929
               165.2 -1.48571  13.5493 -92.6666     -0.22432    -0.162026 -0.000808877  -0.00831991  -0.00727519 -2.92055e-05   -0.0284737 -0.000441806  -0.00254467 -0.0390494 -0.0359765 0.00944213 1 0 0 15351
               165.3 -1.34979  13.7178 -92.5968   -0.223456   -0.161115 4.24275e-05 -0.000491016   0.00606817   0.00415787   -0.0284977 -0.000462667  -0.00255477 -0.0388529 -0.0361655 0.00941872 1 0 0 15028
               165.4   -1.496   13.511 -92.6482    -0.22313   -0.161443 -0.00180412   -0.0031169 -0.000202234   -0.0136395   -0.0284797 -0.000437414  -0.00254927 -0.0389567 -0.0362841 0.00958566 1 0 0 15345
               165.5 -1.35124  13.3826 -92.6766   -0.224313   -0.161368 -0.00314096  -0.0171394 -0.00171944   -0.015488   -0.0285083 -0.000438469  -0.00254663 -0.0389305 -0.0362492  0.0095672 1 0 0 15512
               165.6  -1.4133  13.3271 -92.6872   -0.225248   -0.162327 -0.00318251  -0.0162199 -0.00983184 -0.00574799   -0.0285053 -0.000440573  -0.00254314 -0.0389532  -0.036361 0.00941268 1 0 0 15292
               165.7 -1.54673  13.3628 -92.6963  -0.225242  -0.162941 -0.0043665 -0.00973519 -0.00620359  -0.0113609   -0.0285045 -0.000442118  -0.00254556 -0.0388923 -0.0365695 0.00947353 1 0 0 15339
               165.8  -1.6247  13.3395 -92.7558   -0.224194   -0.163377 -0.00308534 0.000757461 -0.00536941  0.00587685   -0.0285091 -0.000447371  -0.00253984 -0.0388067 -0.0367846 0.00928955 1 0 0 15177
               165.9 -1.58497  13.3202 -92.7364  -0.223314  -0.161565 -0.0023604 0.00198221  0.0120644 0.00228654   -0.0285302 -0.000444239  -0.00254616 -0.0385638 -0.0368809 0.00932555 1 0 0 15199
             165.999 -1.57389    13.47 -92.6908   -0.222667    -0.16172 -0.00238089 -0.00242751  0.00243914 0.000674372   -0.0285328 -0.000454354  -0.00254271 -0.0386712 -0.0369915 0.00930911 1 0 0 15117
               166.1 -1.53269  13.2669 -92.7229   -0.223033   -0.160448 -0.00217166  -0.0113995  0.00988844 0.000311416   -0.0285404 -0.000440922  -0.00254407  -0.038583 -0.0370282 0.00932767 1 0 0 15262
               166.2 -1.51431  13.3159 -92.7735    -0.222376    -0.160546 -0.000483186  -0.00261251 -0.000950348   0.00970835   -0.0285415 -0.000455349  -0.00253903 -0.0386069 -0.0372327 0.00917046 1 0 0 15157
               166.3 -1.51789  13.3435 -92.7071    -0.223349    -0.159171 -0.000391036  -0.013555 0.00990156 0.00191081   -0.0285407 -0.000456847  -0.00255058 -0.0384812 -0.0371963 0.00926604 1 0 0 15203
               166.4 -1.37178  13.4224 -92.6467  -0.223853  -0.157841 0.00044707 -0.0127069  0.0121592 0.00949575   -0.0285489 -0.000462222  -0.00255107 -0.0384145 -0.0373203 0.00924637 1 0 0 15179
               166.5 -1.48567  13.1924 -92.6958   -0.224818    -0.15794 -0.00157538 -0.0165432 0.00170499 -0.0169758   -0.0285388 -0.000443145  -0.00254726 -0.0385613 -0.0374327 0.00943857 1 0 0 15113
               166.6 -1.24447  13.4094 -92.6381    -0.222553    -0.157627 -0.000704788   0.00759103  0.000362378 -0.000952327   -0.0285643 -0.000466462  -0.00255572 -0.0384168 -0.0378411 0.00923734 1 0 0 15182
             166.699 -1.27297  13.2499 -92.6993   -0.222244   -0.161536 -0.00304667 -0.000750604   -0.0306461    -0.015621   -0.0285488 -0.000438532  -0.00254542 -0.0388067 -0.0378968 0.00931634 1 0 0 15051
               166.8 -1.15028  13.3207 -92.6956   -0.221992   -0.161277 -0.00165115 -0.00461025 -0.00592248  0.00495007   -0.0285736 -0.000458042  -0.00255295 -0.0384557 -0.0379279 0.00916785 1 0 0 15338
               166.9 -1.28002  13.2046 -92.7752    -0.224251    -0.160879 -0.000899962 -0.0246736 0.00148985 0.00350353    -0.028561 -0.000436738  -0.00254416 -0.0383847  -0.037802 0.00915272 1 0 0 15008
                 167  -1.2134  13.4406 -92.7546   -0.223181   -0.159879 0.000201735 -0.00263688  0.00831974  0.00587533   -0.0285888 -0.000459818   -0.0025456 -0.0382203 -0.0381745 0.00911386 1 0 0 15270
               167.1 -1.22556  13.3137 -92.8052  -0.222144  -0.160933 0.00127067 -0.000443354   -0.0075233   0.00978768   -0.0285918 -0.000450815  -0.00254259  -0.038361  -0.038371 0.00903853 1 0 0 14914
               167.2 -1.20809  13.3764 -92.8395 -0.222025 -0.161765 0.0019883 -0.00400022 -0.00887941  0.00547892   -0.0285952 -0.000452994  -0.00254277 -0.0383503 -0.0384345 0.00904119 1 0 0 15292
               167.3 -1.23486  13.3549 -92.7833    -0.22299   -0.161926 -0.00130576  -0.0142929 -0.00161248  -0.0270305   -0.0286024 -0.000450426  -0.00255137 -0.0383355 -0.0384411 0.00936417 1 0 0 14953
             167.399 -1.25558  13.4037 -92.8209   -0.222283   -0.161293 -0.00200208 -0.00476644  0.00448158  -0.0125523   -0.0286008 -0.000457988  -0.00254375 -0.0382004 -0.0386755  0.0092496 1 0 0 15101
             167.499 -1.33466  13.1997 -92.8731   -0.223797   -0.160869 -0.00189925  -0.0189132  0.00182585 -0.00243078  -0.0286078 -0.00044784 -0.00254598 -0.0381888 -0.0386172 0.00915083 1 0 0 15051
               167.6 -1.50842   13.214 -92.8671   -0.222405   -0.159834 0.000870033 0.00174649 0.00653486  0.0169246   -0.0286061 -0.000451547  -0.00254567 -0.0380119 -0.0389123 0.00894024 1 0 0 15350
               167.7 -1.50364  13.1706 -92.8862    -0.222974    -0.161856 -0.000639834 -0.00956857  -0.0140294 -0.00792905   -0.0286195 -0.000439696  -0.00253931 -0.0382823 -0.0389365 0.00910209 1 0 0 15069
             167.799 -1.57331  13.2436 -92.8373   -0.222313   -0.163588 -0.00145581 -0.00251986  -0.0177516   -0.010379    -0.028615 -0.000441416  -0.00254265 -0.0382715 -0.0391332 0.00909664 1 0 0 15062
               167.9 -1.55084  13.2765 -92.7804   -0.222897   -0.161717 -0.00310028 -0.0121559  0.0132973  -0.017013   -0.0286244 -0.000443808  -0.00254751 -0.0379703 -0.0391283 0.00924332 1 0 0 15253
                 168 -1.63302  13.1911 -92.8282   -0.223664   -0.160451 -0.00334408 -0.0156284  0.0122982 -0.0076453   -0.0286221 -0.000438019  -0.00253986  -0.037941 -0.0392147 0.00912637 1 0 0 15049
               168.1 -1.58222  13.1227 -92.7967   -0.222232   -0.159387 -0.00215599   0.002502  0.0080918 0.00226711   -0.0286388 -0.000443011  -0.00254739  -0.037867 -0.0395186 0.00895469 1 0 0 15181
               168.2 -1.68852  13.2013 -92.8336     -0.2224   -0.161117 -0.00327685 -0.00830523  -0.0134106  -0.0113647   -0.0286252 -0.000440472  -0.00253958 -0.0380906 -0.0395601  0.0089791 1 0 0 15024
             168.299 -1.56343   13.331 -92.8339   -0.222168   -0.161689 -0.00361204 -0.00529881 -0.00685215 -0.00502564   -0.0286361 -0.000445612  -0.00254462 -0.0379946 -0.0397006  0.0089413 1 0 0 15137
               168.4 -1.62263  13.3538 -92.8823   -0.223761    -0.16273 -0.00282799 -0.0191611 -0.0103034 0.00891523   -0.0286219 -0.000441356  -0.00254078 -0.0380095 -0.0396505 0.00885422 1 0 0 14977
               168.5 -1.55481   13.298 -92.8912     -0.22176    -0.159411 -0.000380893 0.00990177  0.0237539  0.0168788   -0.0286508 -0.000449495  -0.00254428 -0.0375554 -0.0399777 0.00884852 1 0 0 15309
               168.6 -1.68225  13.2898 -92.8555   -0.222595   -0.160975 -0.00150632  -0.0100052 -0.00840994 -0.00482625   -0.0286318 -0.000445224  -0.00254239 -0.0379446 -0.0398929 0.00895475 1 0 0 15018
               168.7 -1.52955  13.2872 -92.7964  -0.220901  -0.160736 -0.0027004   0.00713226 -0.000958056   -0.0152257   -0.0286581 -0.000452581   -0.0025445 -0.0378027 -0.0401706 0.00903692 1 0 0 15212
               168.8 -1.61716  13.4174 -92.7522   -0.221878   -0.161501 -0.00190998  -0.0152773 -0.00638777  0.00381661   -0.0286426 -0.000453728  -0.00254158 -0.0378446 -0.0400711 0.00883233 1 0 0 14922
               168.9 -1.48247  13.2063 -92.7997   -0.220978   -0.161741 -0.00314893  -0.0021665 -0.00216367 -0.00767988   -0.0286626 -0.000436308  -0.00253923 -0.0377951 -0.0403733 0.00899094 1 0 0 15269
                 169 -1.52155  13.2632 -92.7785   -0.222476   -0.160786 -0.00263527  -0.0186408  0.00556068 -0.00112932   -0.0286556 -0.000446991  -0.00254609 -0.0376622 -0.0402745 0.00890894 1 0 0 15016
               169.1 -1.49179  13.2578  -92.782    -0.219619    -0.159933 -0.000455547  0.0127117 0.00824184  0.0127107   -0.0286702 -0.000455088  -0.00254225  -0.037539 -0.0407369 0.00872943 1 0 0 15142
               169.2 -1.40465  13.1911 -92.7698 -0.220626 -0.159655 -0.000498 -0.0139779  0.0022833  0.0027172   -0.0286686 -0.000449344  -0.00254108  -0.037615 -0.0405977 0.00881164 1 0 0 15086
               169.3 -1.30251  13.1931  -92.811  -0.219228  -0.159829 0.00226199 0.00140863 -0.0034879  0.0204986   -0.0286832 -0.000462199  -0.00254087 -0.0375641 -0.0408926 0.00860811 1 0 0 15047
               169.4 -1.32138  13.1586 -92.8417   -0.222082   -0.159353 0.000355037  -0.026089 0.00367108 -0.0127858    -0.028676 -0.000453137  -0.00254554  -0.037563 -0.0406718 0.00893241 1 0 0 15240
               169.5 -1.41497  13.2038 -92.8596    -0.221968    -0.160445 -0.000261285  -0.0104233 -0.00982698  -0.0092326   -0.0286844 -0.000456498  -0.00253745 -0.0376219 -0.0409661 0.00885006 1 0 0 15062
               169.6 -1.45584  13.0952 -92.8282    -0.22068   -0.160589 -0.00174197   0.00253534 -0.000456109   -0.0156538    -0.028691 -0.000450359  -0.00254389 -0.0375306 -0.0412275 0.00892387 1 0 0 15175
               169.7 -1.54321  13.1002 -92.8829   -0.220547   -0.161112 -0.00200893 -0.00684463 -0.00802457  -0.0109207    -0.028689 -0.000462766   -0.0025397 -0.0375309 -0.0412649 0.00878006 1 0 0 15108
               169.8  -1.5064  13.2354 -92.8129   -0.221113    -0.16222 -0.00449766  -0.0115291 -0.00961636  -0.0220273   -0.0286992 -0.000447548  -0.00254764  -0.037552 -0.0413323 0.00888127 1 0 0 15239
               169.9 -1.64915  13.1577 -92.8561   -0.220992   -0.161379 -0.00346875 -0.00795241  0.00431838  0.00235657   -0.0286952 -0.000453556  -0.00254481 -0.0373441 -0.0414613 0.00868461 1 0 0 14998
                 170 -1.67492  13.1007 -92.8792   -0.220436   -0.161247 -0.00241451  -0.00118081 -0.000656807   0.00578073   -0.0287103 -0.000442271  -0.00254492 -0.0373176 -0.0416155 0.00860647 1 0 0 15351
             170.099 -1.88854  13.4444 -92.8485   -0.219209    -0.16102 -0.00110946  0.00410514 0.000394046  0.00864563   -0.0287126 -0.000462006  -0.00254832 -0.0372342 -0.0417667 0.00852814 1 0 0 14910
             170.198 -2.11832  13.3236 -92.8507   -0.220089   -0.162834 -0.00219254  -0.0148534  -0.0119584 -0.00428258   -0.0286935 -0.000444431  -0.00254138 -0.0374485 -0.0417398 0.00864704 1 0 0 15260
             170.299 -1.96383  13.3523 -92.8412   -0.219607   -0.160441 -0.00105518 -0.00500975   0.0161017  0.00269334   -0.0287245 -0.000452683  -0.00254399 -0.0370952 -0.0419209 0.00861256 1 0 0 15018
               170.4 -1.83289  13.3068 -92.8477    -0.218149    -0.158933 -0.000607786 0.00669522  0.0152737 0.00378875   -0.0287357 -0.000450036  -0.00253823 -0.0370649 -0.0421228 0.00860325 1 0 0 15422
               170.5 -1.86023  13.1837 -92.8509    -0.218513    -0.159496 -0.000903893  -0.0077817 -0.00203911 0.000906786   -0.0287337 -0.000442993   -0.0025456 -0.0372588  -0.042099 0.00860975 1 0 0 15437
               170.6 -1.90826  13.0743  -92.916    -0.21789   -0.160553 -0.00125427 0.000121293   -0.011218 -0.00674346   -0.0287445 -0.000445981  -0.00253671 -0.0372999 -0.0422618 0.00861359 1 0 0 15225
               170.7 -2.13431   13.117 -92.8574   -0.218778   -0.159429 -0.00178896  -0.014595 0.00477336 -0.0112217   -0.0287394 -0.000445706  -0.00254652 -0.0370809 -0.0421962 0.00863708 1 0 0 15378
               170.8 -2.12303  13.2731 -92.8461   -0.219139   -0.160908 -0.00183833   -0.0137529  -0.00885899 -0.000144388   -0.0287451 -0.000454338  -0.00253976 -0.0372213 -0.0423797  0.0085094 1 0 0 15119
               170.9 -2.10613  13.0596 -92.8511   -0.220921   -0.160416 -0.00371766 -0.0226255 0.00296011 -0.0135048   -0.0287449 -0.000436878  -0.00254411 -0.0371226 -0.0424127 0.00870511 1 0 0 15209
                 171 -2.08604  13.0274 -92.9102    -0.22014   -0.160639 -0.00330548 -0.00295517 -0.00380671 -0.00348533   -0.0287453 -0.000446408  -0.00253451  -0.037079  -0.042717 0.00853135 1 0 0 15050
               171.1 -1.99516  13.0369 -92.8926  -0.220709  -0.160909 -0.0048666  -0.0109381 -0.00240719  -0.0136828   -0.0287513 -0.000438411  -0.00253523 -0.0370762 -0.0427411  0.0086248 1 0 0 15148
               171.2 -1.87691  13.0542 -92.9317   -0.218638   -0.159614 -0.00155341 0.00857345 0.00841251  0.0194568   -0.0287736 -0.000454072  -0.00253401 -0.0368309 -0.0430317 0.00829038 1 0 0 15156
               171.3 -1.92369  12.9952 -92.9263   -0.219421   -0.160308 -0.00186325  -0.0125656 -0.00415416  0.00180917   -0.0287602 -0.000444442  -0.00253916 -0.0369992 -0.0429644 0.00842787 1 0 0 15108
             171.399 -1.76579  12.9866 -92.9459    -0.21967   -0.158962 0.000608933 -0.00886633  0.00937661   0.0163652   -0.0287816 -0.000457955   -0.0025354 -0.0367925 -0.0430635 0.00828478 1 0 0 15088
               171.5 -1.78168  12.9502 -92.9044  -0.219865  -0.160605 -0.0028175 -0.00940546  -0.0104415  -0.0229649   -0.0287673 -0.000446023  -0.00254144 -0.0370531 -0.0432344 0.00862756 1 0 0 15194
               171.6 -1.61452  12.9755 -92.8958   -0.218829   -0.160624 -0.00269634 0.000439021 -0.00234754 -0.00850612   -0.0287913 -0.000453898  -0.00254263 -0.0369013  -0.043434 0.00844722 1 0 0 15172
               171.7 -1.60638  12.9765 -92.9387   -0.219825   -0.160863 -0.00193629   -0.015686 -0.00572493  0.00398647    -0.028784 -0.000445059  -0.00253347 -0.0368722 -0.0433733 0.00831167 1 0 0 15065
               171.8  -1.6308  13.1164 -92.9738  -0.218722  -0.159471 0.00244559 0.000732793   0.0113608   0.0360596   -0.0287922 -0.000467167  -0.00254187 -0.0366154  -0.043624 0.00806027 1 0 0 15319
               171.9 -1.78332  12.8519  -93.044  -0.221408   -0.16016 0.00158659  -0.0287406 -0.00522339 -0.00170407   -0.0287808 -0.000452081  -0.00253499 -0.0368552 -0.0434523 0.00835006 1 0 0 14996
                 172 -1.80412  12.9775 -93.0652  -0.220557  -0.160233 0.00117217 -0.00354289 -0.00044682  -0.0114835  -0.0288033 -0.00046355 -0.00253881 -0.0367507 -0.0438279 0.00835933 1 0 0 15281
               172.1 -1.73269  13.0632 -93.0584    -0.219408    -0.160184 -0.000345842  0.00211288 0.000635978  -0.0144446   -0.0288141 -0.000457131  -0.00254055 -0.0367119 -0.0440254 0.00839205 1 0 0 15047
               172.2 -1.77242  12.9604 -93.0873   -0.217432   -0.159704 0.000129658  0.0109264 0.00212299 0.00130303   -0.0288188 -0.000457046  -0.00253997 -0.0366232 -0.0442093  0.0082749 1 0 0 15228
               172.3 -1.88229  13.0347 -93.0878  -0.219179  -0.158986 0.00215455 -0.0203977 0.00262241  0.0115087  -0.0288131 -0.00046865 -0.00254342 -0.0365629 -0.0439759 0.00810646 1 0 0 15089
               172.4 -1.93489  13.0837 -93.1314  -0.218773  -0.159876 0.00175891 -0.00652195 -0.00526084 -0.00182005  -0.0288202 -0.00046386 -0.00253889 -0.0366368 -0.0442736 0.00820249 1 0 0 15088
             172.499 -2.02053  13.1407 -93.1207   -0.219987    -0.16028 0.000512367  -0.0184115 -0.00446467 -0.00842813   -0.0288238 -0.000467031  -0.00254329 -0.0366286 -0.0442807 0.00830382 1 0 0 15076
               172.6 -2.09621  12.9487 -93.1849   -0.219728   -0.160214 -0.00235726 -0.00319729  0.00109945  -0.0272968   -0.0288079 -0.000452354  -0.00253268 -0.0365854 -0.0445081  0.0084695 1 0 0 15328
               172.7 -2.09376  13.0648  -93.094   -0.218965   -0.160608 -0.00391714   0.0014666 -0.00742558   -0.020553   -0.0288174 -0.000456584  -0.00253931 -0.0365653 -0.0446181  0.0083411 1 0 0 15045
               172.8 -2.20431  13.1774 -93.0417   -0.219451    -0.16115 -0.00401217  -0.0119123 -0.00428674 -0.00262747   -0.0288093 -0.000454559  -0.00253429 -0.0365378 -0.0445958 0.00819975 1 0 0 15085
               172.9 -2.25307  13.1087 -93.0671   -0.219399   -0.159911 -0.00210571 -0.00956463  0.00881493   0.0109322   -0.0288223 -0.000459396  -0.00253622 -0.0363442  -0.044746 0.00806964 1 0 0 15192
                 173 -2.31027  13.0607 -93.0727   -0.219249   -0.160868 -0.00317379 -0.00570555 -0.00670917 -0.00899221   -0.0288088 -0.000452009  -0.00253186 -0.0364932 -0.0449201 0.00818296 1 0 0 15052
               173.1 -2.33034  13.1008  -93.015   -0.217782   -0.160685 -0.00121703  0.00372078 -0.00200069    0.010549   -0.0288234 -0.000464986  -0.00254457 -0.0363406  -0.045113  0.0079665 1 0 0 15125
               173.2  -2.3323  13.0069 -93.0414   -0.217641   -0.161766 0.000654226 -0.00300273 -0.00907555   0.0178847   -0.0288244 -0.000459112   -0.0025355 -0.0364161 -0.0451336 0.00789015 1 0 0 15039
               173.3 -2.26026  12.9901 -93.0142  -0.216004  -0.159424 0.00160799 0.00780942  0.0176451 0.00723583   -0.0288369 -0.000468466  -0.00254382 -0.0360957 -0.0453384  0.0080446 1 0 0 15158
             173.399 -2.12836  12.9743 -93.0082   -0.217765   -0.159782 0.000157188  -0.0194008 -0.00025831 -0.00705248   -0.0288332 -0.000463004  -0.00253726  -0.036324 -0.0451944 0.00816887 1 0 0 15014
               173.5 -2.09174  12.9022 -93.0581   -0.217876   -0.159811 -0.00171036   -0.0100603 -0.000415616   -0.0190253   -0.0288392 -0.000467643  -0.00253339 -0.0363079 -0.0454001 0.00824465 1 0 0 15293
               173.6 -2.00001  12.9902 -93.0834   -0.220149    -0.16054 -0.00107353  -0.0291391 -0.00808007 -0.00248213   -0.0288435 -0.000469735  -0.00253235 -0.0363284 -0.0453304  0.0080071 1 0 0 14984
               173.7 -1.80809  12.9453 -93.0759   -0.218629   -0.158796 0.000472746 0.00248493   0.012719  0.0085519   -0.0288699 -0.000472546  -0.00253961 -0.0360168 -0.0457462 0.00794137 1 0 0 15368
               173.8 -1.77654   12.913 -93.1149   -0.219518   -0.158902 0.000761031   -0.010188 0.000642563  0.00753676   -0.0288602 -0.000468047  -0.00253344 -0.0361501 -0.0456952 0.00797089 1 0 0 14906
               173.9 -1.76002  12.7979 -93.1384   -0.217889   -0.159611 0.000408198   0.0066011 -0.00616732 -0.00501541   -0.0288776 -0.000465068  -0.00253483 -0.0361789 -0.0459866 0.00803064 1 0 0 15189
                 174 -1.68769  12.9057 -93.1204   -0.218758   -0.160317 3.25407e-05  -0.0148355 -0.00659304 -0.00709839    -0.028879 -0.000469369   -0.0025398 -0.0361832 -0.0459157 0.00799223 1 0 0 15130
               174.1 -1.57801  12.8721 -93.1712    -0.218461    -0.159513 -0.000177202 -0.00676082  0.00615078 -0.00425053   -0.0288851 -0.000469874  -0.00253397 -0.0360202 -0.0461179 0.00799201 1 0 0 15226
               174.2 -1.56024  12.7447 -93.1996   -0.219872   -0.158911 -0.00170859  -0.017062 0.00509947 -0.0125222   -0.0288815 -0.000462336  -0.00253759 -0.0360347  -0.046094  0.0080885 1 0 0 15045
               174.3 -1.65278  12.6445 -93.2232   -0.220163   -0.159306 -0.00169669    -0.01029 -0.00450929 -0.00625076   -0.0288889 -0.000464761  -0.00253344  -0.036066 -0.0462434 0.00795697 1 0 0 15089
               174.4 -1.75829   12.696 -93.2284   -0.220458   -0.159317 -0.00147959  -0.0108248 -0.00214523 -0.00610452   -0.0288937 -0.000463662   -0.0025355 -0.0359829 -0.0463504 0.00787091 1 0 0 15247
               174.5 -1.75674  12.8774 -93.2003     -0.22063    -0.159672 -0.000219071  -0.0104731 -0.00374044  0.00763473    -0.028894 -0.000471139  -0.00253308 -0.0359417 -0.0464846 0.00770724 1 0 0 15052
               174.6 -1.74086  12.9705 -93.2183 -0.219888 -0.159207 0.0002532 0.00010896 0.00435311 0.00845376   -0.0289065 -0.000467899  -0.00253735 -0.0358413 -0.0466889 0.00777099 1 0 0 15079
               174.7 -1.83434   12.815 -93.2773  -0.218783   -0.15857 0.00185035  0.0031693 0.00468793   0.014062   -0.0289083 -0.000472009  -0.00252852 -0.0357963 -0.0468238  0.0077292 1 0 0 15123
               174.8 -1.91081  12.8646 -93.1906    -0.217377    -0.158634 -0.000271251 0.00678024 0.00074213 -0.0195164   -0.0289071 -0.000474403  -0.00254042 -0.0358384 -0.0469927 0.00796946 1 0 0 15204
               174.9 -1.99964  12.9313 -93.2073   -0.216649   -0.158918 -0.00138427 0.000333425 -0.00388793  -0.0148514    -0.028908 -0.000481951  -0.00253557 -0.0358498 -0.0470304 0.00788088 1 0 0 15017
                 175 -2.05705   12.983 -93.1746   -0.218301   -0.160634 -0.00411905 -0.0181793 -0.0129297 -0.0193185   -0.0289103 -0.000470581  -0.00253559 -0.0360014 -0.0469433 0.00797293 1 0 0 15311
               175.1 -2.16369   12.826 -93.1876   -0.218588   -0.160193 -0.00186467 -0.0132207 -0.0022174 0.00971542   -0.0289124 -0.000478464  -0.00253356 -0.0357674 -0.0470878 0.00767855 1 0 0 14963
               175.2 -2.24852  12.8747 -93.2419   -0.218888   -0.161855 -0.00117716  -0.012092 -0.0160985 0.00326029   -0.0289122 -0.000470818  -0.00252569 -0.0358461  -0.047245 0.00763394 1 0 0 15291
               175.3 -2.18096  12.9512 -93.2441   -0.218451   -0.159868 0.000420737 -0.00460982   0.0140337   0.0101226   -0.0289282 -0.000483578  -0.00253503 -0.0354959 -0.0474013 0.00761627 1 0 0 15020
               175.4 -2.21494  12.9506 -93.2593   -0.217773   -0.158897 -0.00035485 0.000753536  0.00992989 -0.00328553   -0.0289289 -0.000477918  -0.00253466 -0.0355214 -0.0475549 0.00776544 1 0 0 15384
               175.5 -2.32504  12.9261  -93.303   -0.218612   -0.158025 -0.00103101  -0.0111395  0.00768528 -0.00794226   -0.0289323 -0.000479435  -0.00253249  -0.035538 -0.0475053 0.00778184 1 0 0 15375
               175.6 -2.41382  13.0302 -93.3252  -0.218453  -0.159913 -0.0020411 -0.00869177  -0.0153694  -0.0108973   -0.0289429 -0.000476318  -0.00253044 -0.0357313 -0.0477042 0.00771187 1 0 0 15322
             175.698 -2.48757  13.0874 -93.3199   -0.219711   -0.160331 -0.00423587  -0.0176545 -0.00519491    -0.02047   -0.0289335 -0.000467387  -0.00253417 -0.0356479  -0.047713 0.00783395 1 0 0 15328
               175.8 -2.45592  13.0569 -93.3682   -0.218251   -0.160959 -0.00479396  0.00337501 -0.00584547 -0.00895816   -0.0289486 -0.000468578  -0.00252786 -0.0355945 -0.0480288 0.00772165 1 0 0 15109
               175.9 -2.40531  12.9775 -93.3728   -0.219462   -0.159613 -0.00313381 -0.0129246 0.00815845  0.0103875   -0.0289504 -0.000466942  -0.00252861 -0.0354165 -0.0478857 0.00756795 1 0 0 15214
                 176 -2.30708  13.0204 -93.3275    -0.218587    -0.159482 -0.000308537 4.9689e-05 0.00015111  0.0234783   -0.0289564 -0.000477691  -0.00252739 -0.0353943 -0.0481076 0.00740556 1 0 0 15088
             176.099 -2.29101  12.9518 -93.2881   -0.218821   -0.158404 -0.00175699 -0.00634772   0.0128148 -0.00851699   -0.0289565 -0.000465788   -0.0025336 -0.0353561 -0.0481489 0.00773266 1 0 0 15167
               176.2 -2.26798  12.9921 -93.3049     -0.21638    -0.159054 -0.000665796  0.00846879 -0.00578441  0.00308519   -0.0289607 -0.000486226  -0.00252772 -0.0354264 -0.0484935 0.00751517 1 0 0 15169
               176.3 -2.19361  12.8866 -93.2629    -0.218145    -0.159275 -0.000804651   -0.018694 -0.00108753  0.00131842   -0.0289479 -0.000470917  -0.00253857 -0.0354418 -0.0483164 0.00756582 1 0 0 15061
             176.399 -2.11411  12.8577 -93.3101  -0.217197  -0.157891 0.00173004 -0.00084967  0.00705057   0.0159762   -0.0289625 -0.000490191  -0.00253333  -0.035211 -0.0485801 0.00740333 1 0 0 15136
               176.5 -2.06114   12.859 -93.2787   -0.216827   -0.160825 -0.00157602 -0.00259589  -0.0194479  -0.0193953   -0.0289548 -0.000468191  -0.00253849 -0.0355693 -0.0487346 0.00770515 1 0 0 15142
               176.6 -1.92311  12.7696 -93.3488   -0.216387    -0.15898 0.000294238 -0.00112711   0.0115303  0.00764976   -0.0289735 -0.000484636  -0.00253748 -0.0351869 -0.0487841 0.00749482 1 0 0 15255
               176.7 -1.99597  12.5701 -93.4188  -0.218078  -0.160067 0.00066913 -0.0195631 -0.0107931 0.00398747   -0.0289654 -0.000472152  -0.00252843  -0.035376 -0.0486892 0.00746637 1 0 0 15071
               176.8 -2.18665   12.639 -93.3763  -0.218473  -0.157935 0.00344816 -0.015919 0.0151939 0.0167296   -0.0289649 -0.000491925  -0.00253619 -0.0350277 -0.0488355 0.00733549 1 0 0 15366
               176.9 -2.16634  12.5295 -93.4043  -0.220102  -0.158311 0.00340847 -0.0248398 0.00278155 0.00197622   -0.0289736 -0.000478349  -0.00253378 -0.0352311 -0.0489321 0.00740218 1 0 0 15013
                 177 -2.16194  12.4389 -93.5972   -0.218919    -0.15699 0.000861225 0.00436377 0.00840679 -0.0235014   -0.0289726 -0.000482666  -0.00253466  -0.035084 -0.0493223 0.00764984 1 0 0 15234
               177.1 -2.23115  12.5325 -93.6654  -0.217105  -0.159131 0.00166404  0.0177486 -0.0176706 0.00201632   -0.0289824 -0.000482756    -0.002527 -0.0352727 -0.0494369 0.00732498 1 0 0 15045
               177.2 -2.64968  12.5112 -93.6778   -0.216024   -0.159455 0.000489288  0.00133065 -0.00807405  -0.0125239   -0.0289806 -0.000480565  -0.00252718 -0.0351368 -0.0494161  0.0074507 1 0 0 15245
               177.3 -2.55274  12.8626 -93.6137  -0.215568  -0.159364 0.00108998  -0.00874688   0.00467226 -0.000708452   -0.0290068 -0.000493527  -0.00253803 -0.0350362 -0.0495441 0.00729332 1 0 0 14993
               177.4 -2.50037  12.4312 -93.7452    -0.216619    -0.157869 -0.000817215  -0.010704  0.0093069 -0.0101434    -0.028996 -0.000469487  -0.00252513 -0.0349711 -0.0495535 0.00751578 1 0 0 15114
               177.5 -2.7037 12.5099 -93.704    -0.215748    -0.157705 -0.000353038  0.00381525 0.000995233  -0.0023996   -0.0290017 -0.000483938  -0.00253723 -0.0349581 -0.0497226 0.00738559 1 0 0 15051
               177.6 -2.92691  12.5515 -93.6543   -0.214535   -0.157976 -0.00135465  0.00210562 -0.00106873  -0.0147452   -0.0289995 -0.000475269  -0.00253046 -0.0349735 -0.0498555 0.00738616 1 0 0 15308
               177.7 -2.72768  12.8805 -93.5562   -0.213663   -0.157115 0.000886285 -0.00390641  0.00438528   0.0176399   -0.0290231 -0.000498364  -0.00253698  -0.034816   -0.04996 0.00710029 1 0 0 15140
               177.8 -2.41437  12.7416 -93.3969    -0.214807    -0.158565 -0.000355304 0.00537023 -0.0047554  0.0020724   -0.0290088 -0.000474825  -0.00252994 -0.0350755 -0.0499099  0.0073472 1 0 0 15154
               177.9 -3.00663  12.5017 -93.0041   -0.211579   -0.158432 0.000925746  0.0394946 -0.0118089  0.0132122  -0.0290073 -0.00048315 -0.00253481  -0.034936 -0.0499797 0.00730316 1 0 0 15266
                 178 -4.08942   12.805 -92.4109  -0.203389  -0.162132 0.00312926  0.0686955 -0.0284927  0.0257171   -0.0289994 -0.000483288  -0.00253861  -0.035099  -0.050392 0.00718692 1 0 0 15171
               178.1 -4.36732   12.197 -91.9958  -0.196119  -0.163068 0.00455585  0.0534789 -0.0145361  0.0144352   -0.0290146 -0.000466257  -0.00253306 -0.0349079 -0.0505792 0.00737399 1 0 0 15153
               178.2 -4.18731  11.9581 -91.8429  -0.191384  -0.161273 0.00885273 0.0411192 0.0109392 0.0259585   -0.0290363 -0.000482613  -0.00252764 -0.0345962 -0.0505388 0.00716851 1 0 0 15213
               178.3  -3.8691  11.6258 -91.0534 -0.187742  -0.16336 0.0119582 0.0416234 -0.019268 0.0366713  -0.0290254  -0.0004784 -0.00254503 -0.0348274 -0.0504859 0.00711306 1 0 0 15151
               178.4 -5.08262  11.4464 -90.9976 -0.183398 -0.164644 0.0149472  0.0237808 -0.0124268  0.0154707   -0.0290012 -0.000490656  -0.00252737 -0.0347704 -0.0505665 0.00709971 1 0 0 15106
               178.5 -5.79427  11.6082 -91.2912 -0.181629 -0.165801 0.0113635 -0.00489802 -0.00153163   -0.038087   -0.0290155 -0.000492467  -0.00251929 -0.0348573 -0.0507503 0.00736144 1 0 0 15184
               178.6 -4.85935  12.0583 -91.2796   -0.18344  -0.163941 0.00853678 -0.0256087  0.0160865  -0.029825   -0.0290443 -0.000502206  -0.00252783 -0.0346676 -0.0507572 0.00729868 1 0 0 14997
               178.7 -4.17961  11.9915 -91.1784  -0.18583 -0.163059 0.0107671 -0.0269678  0.0118268  0.0210841   -0.0290491 -0.000494223  -0.00252681 -0.0347165 -0.0507412 0.00690938 1 0 0 15226
               178.8 -4.48544  11.5323 -91.4392 -0.187296 -0.162406  0.014958 -0.0185953 0.00385004  0.0323679   -0.029046 -0.00049695  -0.0025191 -0.0346868 -0.0508515 0.00675279 1 0 0 14979
               178.9  -4.3415  11.3639 -91.3323 -0.185621 -0.162951 0.0134723   0.00793026 -0.000277549  -0.00936444   -0.0290533 -0.000489625  -0.00252956 -0.0348059 -0.0512218 0.00704889 1 0 0 15051
                 179 -4.66185  11.5062 -91.4174 -0.185238 -0.161598 0.0132451  -0.0100147  0.00314612 -0.00609571  -0.0290417 -0.00050977 -0.00252075  -0.034618 -0.0512731  0.0070101 1 0 0 15129
               179.1 -4.41033  11.8965 -91.3856 -0.187326 -0.162805 0.0115822 -0.0264207 -0.0082375 -0.0126545   -0.0290517 -0.000509037  -0.00252559 -0.0347217  -0.051302 0.00708656 1 0 0 15237
               179.2 -4.22305  11.4353 -91.4775 -0.191439  -0.16318  0.011104   -0.032434 -0.00417835 -0.00524567   -0.0290527 -0.000488653  -0.00251251 -0.0347355 -0.0511118 0.00705612 1 0 0 14985
               179.3 -4.77931   11.629 -91.5113 -0.189571 -0.162239 0.0110928 0.00370499 0.00876863 -0.0109319   -0.0290501 -0.000494047  -0.00252307 -0.0345263 -0.0515854 0.00699288 1 0 0 15095
               179.4 -4.63243  11.5577  -91.545  -0.190298  -0.161351 0.00874642 -0.0161562 0.00732637 -0.0292816   -0.0290551 -0.000487202  -0.00252208 -0.0345548 -0.0515581 0.00702159 1 0 0 15281
               179.5 -4.58819   11.979 -91.7229   -0.18993   -0.16192 0.00754776  -0.0097207 -0.00703914  -0.0173446   -0.0290704 -0.000504395  -0.00252078 -0.0345877 -0.0517899 0.00682756 1 0 0 15110
               179.6 -4.31002  12.2407    -91.8  -0.191284  -0.162692 0.00865973  -0.0137462 -0.00535814   0.0111317    -0.029082 -0.000504726   -0.0025282  -0.034584   -0.05176 0.00662608 1 0 0 15114
               179.7 -4.37508  12.0391 -91.8516 -0.191346  -0.16434 0.0100279 -0.000711228   -0.0160199    0.0186403   -0.0290738 -0.000500896   -0.0025195 -0.0346695 -0.0518595 0.00663182 1 0 0 15195
               179.8 -4.63245  11.8698 -91.9332 -0.191379  -0.16608 0.0096561 -0.0100183 -0.0184348  -0.010572   -0.0290878 -0.000490048  -0.00252363 -0.0346704 -0.0519246 0.00677281 1 0 0 15136
               179.9 -4.91739  12.2135 -92.1218  -0.191702  -0.165455 0.00696041 -0.0191849 0.00362752 -0.0314837   -0.0290725 -0.000506417  -0.00251351 -0.0344455 -0.0520948 0.00688611 1 0 0 15073
                 180 -4.39794  12.3975 -92.2391   -0.19345   -0.16428 0.00563149  -0.0204208   0.0145153 -0.00765516   -0.0290964 -0.000509784  -0.00252449  -0.034389 -0.0521491 0.00679577 1 0 0 15102
               180.1 -4.44702  12.0595 -92.4252 -0.195196 -0.164566 0.0077929  -0.0158714 -0.00369018   0.0202144   -0.0290779 -0.000503337  -0.00251076 -0.0344889 -0.0521435 0.00658446 1 0 0 15012
               180.2 -4.50051  11.8574 -92.3673 -0.193332 -0.162566 0.0111237 0.0134997  0.015957 0.0234751   -0.0290918 -0.000510518  -0.00252702 -0.0342385 -0.0523985  0.0064929 1 0 0 15140
               180.3 -4.73696  11.7618 -92.3304  -0.192077  -0.162284 0.00978856 0.00653525   0.003236 -0.0106264   -0.0290756 -0.000505197  -0.00252018 -0.0343617 -0.0524736  0.0067339 1 0 0 14955
               180.4  -4.6662  11.9671 -92.2563  -0.191263  -0.162504 0.00609329 -0.00138641  0.00162664  -0.0319198   -0.0290868 -0.000510256  -0.00252433 -0.0344207 -0.0525996 0.00691895 1 0 0 15316
               180.5 -4.50374  11.8342 -92.2362  -0.192264   -0.16163 0.00532311 -0.0173126 0.00661835 -0.0114744  -0.0290956  -0.0005079 -0.00252579 -0.0343446 -0.0525548 0.00675048 1 0 0 15267
               180.6 -4.40811  11.7174 -92.2822  -0.193468  -0.162516 0.00677642   -0.017927 -0.00896948  0.00740846   -0.0290932 -0.000502264  -0.00252306 -0.0344282 -0.0526166 0.00650151 1 0 0 15227
               180.7 -4.29785  11.7974  -92.285   -0.19455  -0.164582 0.00697917  -0.0150715    -0.01889 0.000805886   -0.0291058 -0.000504066  -0.00252118 -0.0345199 -0.0527127 0.00649591 1 0 0 15306
               180.8 -4.19857  11.9843 -92.2325  -0.194221   -0.16331 0.00762825 -0.00583194  0.00848771  0.00414153   -0.0291062 -0.000519375  -0.00252147 -0.0342011 -0.0529114 0.00652112 1 0 0 14982
               180.9 -4.09181  11.6782 -92.3054  -0.194172   -0.16132 0.00692049 -0.00718606   0.0188286 -0.00252796   -0.0291185 -0.000501574  -0.00252658 -0.0341114 -0.0530419 0.00664973 1 0 0 15144
                 181 -3.88721   11.803  -92.298  -0.193035  -0.160818 0.00569525 0.00705254 0.00773247 -0.0124209   -0.0291076 -0.000515283  -0.00252397 -0.0341917 -0.0532584 0.00666655 1 0 0 14978
             181.099 -3.91396  11.6121 -92.1644  -0.191996  -0.161075 0.00784828   0.0046775 -0.00191694   0.0113643   -0.0291237 -0.000512827  -0.00252577 -0.0342672 -0.0532527 0.00634489 1 0 0 15096
               181.2 -3.96148  11.6837 -92.1029  -0.190866  -0.162354 0.00867147 -0.00080476 -0.00928199  0.00723188   -0.029119 -0.00051795 -0.00252406 -0.0343318 -0.0534062 0.00634169 1 0 0 15190
               181.3 -3.85997  11.3978 -92.1667  -0.191937  -0.161418 0.00785323  -0.0163977  0.00534011 -0.00821594  -0.0291245 -0.00050877 -0.00252338 -0.0342002 -0.0533951 0.00647369 1 0 0 15105
             181.399 -3.89402  11.5343 -92.2252 -0.192517 -0.161604 0.0072706  -0.0104195 -0.00368539 -0.00560797   -0.0291162 -0.000512109  -0.00251852 -0.0342032 -0.0535237 0.00642807 1 0 0 15014
               181.5 -3.88277  11.6041 -92.2491  -0.193508  -0.161925 0.00807965  -0.0153506 -0.00348316 0.000264115   -0.0291326 -0.000514067   -0.0025253 -0.0341784 -0.0535414 0.00629238 1 0 0 15239
               181.6 -3.81291  11.5083  -92.262 -0.194086 -0.161663 0.0086458  -0.0118086 0.000461884  0.00534345   -0.0291298 -0.000511645  -0.00251654 -0.0341042 -0.0536588 0.00628065 1 0 0 15117
               181.7 -3.71921  11.4569 -92.2831  -0.192666  -0.162146 0.00999517  0.00523309 -0.00570356  0.00869314   -0.0291394 -0.000514772  -0.00251867 -0.0340892  -0.053914 0.00619913 1 0 0 14984
               181.8 -3.71646  11.5031  -92.296 -0.192778 -0.161046 0.0102934 -0.00579518   0.0110114  0.00365305   -0.0291263 -0.000514024  -0.00252341 -0.0339586 -0.0539114  0.0062667 1 0 0 15265
               181.9 -3.73266  11.3821 -92.3442 -0.191489 -0.161102 0.0101025   0.00218776 -0.000662909  -0.00336834    -0.029149 -0.000516695  -0.00252206 -0.0340316 -0.0541403 0.00626481 1 0 0 14954
                 182 -3.80544  11.5482  -92.387  -0.192237   -0.16217 0.00912233  -0.0122207  -0.0084249 -0.00824211   -0.0291429 -0.000517129  -0.00252066 -0.0341197 -0.0541137 0.00628529 1 0 0 15152
               182.1  -3.7553  11.4107 -92.3919 -0.193199 -0.162214 0.0096265   -0.0126663 -0.000787591   0.00255692    -0.029148 -0.000514915   -0.0025217 -0.0340583 -0.0541419 0.00620506 1 0 0 14850
               182.2  -3.8884  11.3213 -92.4036  -0.193407  -0.160954 0.00722509 -0.00968686  0.00830649  -0.0221938   -0.0291432 -0.000511261   -0.0025212 -0.0339211 -0.0542955 0.00643614 1 0 0 15160
               182.3 -3.92252  11.4923 -92.4078  -0.193604  -0.160976 0.00524603 -0.0098164 0.00322831 -0.0225134    -0.029155 -0.000518922   -0.0025259 -0.0339691 -0.0544355 0.00637279 1 0 0 14901
               182.4 -3.95406   11.205 -92.5759  -0.193583  -0.160931 0.00388388 -0.00432024 -0.00114825  -0.0133277  -0.0291515 -0.00049915 -0.00251469 -0.0339869 -0.0545405 0.00629638 1 0 0 15171
               182.5 -4.11536  11.3454 -92.5597  -0.194356  -0.160601 0.00313431 -0.0118939 0.00283322 -0.0129443   -0.0291512 -0.000504931  -0.00252701 -0.0339136 -0.0545352 0.00624975 1 0 0 14895
               182.6 -4.06696  11.3372 -92.5496  -0.193819   -0.16102 0.00311229 -0.00221465 -0.00520883 -0.00581267   -0.0291567 -0.000513891  -0.00251925 -0.0339427 -0.0547148 0.00609398 1 0 0 15149
               182.7 -4.19602  11.5815  -92.517  -0.194174  -0.161409 0.00266121  -0.0114811 -0.00646168 -0.00543177   -0.0291552 -0.000514889  -0.00252403 -0.0338848 -0.0547532 0.00608077 1 0 0 15118
               182.8 -4.02845  11.6457 -92.5901  -0.192867  -0.161961 0.00403963   0.00289011 -0.000727164    0.0115573   -0.0291713 -0.000517707  -0.00251761 -0.0338641 -0.0550172 0.00593003 1 0 0 14974
               182.9 -4.08353  11.4327 -92.6678  -0.192823  -0.161027 0.00427398 -0.00192441  0.00474728 0.000691303   -0.0291714 -0.000510045  -0.00251733 -0.0337722 -0.0550302 0.00602218 1 0 0 15168
                 183 -4.14867  11.6169 -92.6088  -0.193293  -0.160431 0.00369894 -0.00777084  0.00526296 -0.00532432  -0.0291712 -0.00052011 -0.00252091  -0.033743 -0.0550388 0.00606549 1 0 0 15058
             183.099 -4.12529  11.5955 -92.5451  -0.192983   -0.16234 0.00378233 -0.0037691 -0.0131552 0.00382641   -0.0291776 -0.000507464  -0.00252201 -0.0339499 -0.0551819 0.00595516 1 0 0 14971
               183.2 -4.17113  11.5025 -92.6239   -0.19314  -0.162272 0.00740951 -0.00963208 -0.00305904   0.0286626   -0.0291805 -0.000519782  -0.00251293 -0.0337874 -0.0552188 0.00574678 1 0 0 15027
               183.3 -4.15347  11.1869 -92.6705  -0.193052  -0.162551 0.00679523 -0.00449324  -0.0021317 -0.00304933   -0.0291715 -0.000505915  -0.00251026 -0.0338058 -0.0553783 0.00600952 1 0 0 15093
               183.4 -4.01744  11.3748   -92.64  -0.191637  -0.161298 0.00911791 0.00375862 0.00808826  0.0124443   -0.0291957 -0.000523917  -0.00251789 -0.0335913 -0.0555643 0.00580321 1 0 0 14867
               183.5 -3.88614   11.267 -92.6289  -0.190909  -0.159538 0.00951051  0.0027541   0.016941 0.00711296   -0.0291957 -0.000523916  -0.00251784 -0.0335324 -0.0556327 0.00589388 1 0 0 15141
               183.6 -3.87318  11.2255 -92.5961  -0.190913  -0.159732 0.00971718 -0.00631403 -0.00103073  0.00295444   -0.0292055 -0.000519659  -0.00252337 -0.0336709 -0.0556609 0.00590034 1 0 0 14972
               183.7 -3.86186  11.0994  -92.622   -0.19245  -0.159854 0.00785286 -0.0195505 0.00220659 -0.0164275   -0.0291947 -0.000513929   -0.0025196 -0.0337205 -0.0556506 0.00606084 1 0 0 15164
               183.8 -3.74546  11.0732 -92.6881  -0.193929  -0.160021 0.00768254  -0.0259879 -0.00290243 -0.00914554   -0.0292185 -0.000519921  -0.00252398 -0.0337164 -0.0557475 0.00590445 1 0 0 14968
               183.9 -3.70711  11.1059 -92.9747   -0.19558  -0.160772 0.00614232  -0.0308528 -0.00848802  -0.0178565   -0.0292088 -0.000509064  -0.00251995 -0.0337063 -0.0559468 0.00591285 1 0 0 15124
                 184 -2.98944  11.2456  -92.942   -0.19699  -0.160379 0.00482326 -0.00855406  0.00592132  -0.0122273   -0.0292302 -0.000513582  -0.00252835 -0.0336053 -0.0560569 0.00588681 1 0 0 14909
               184.1 -3.75537  10.7921 -93.0565  -0.196832  -0.160654 0.00472152 0.000702486  -0.0119631 -0.00426894  -0.029198 -0.0005017 -0.0025227 -0.0336265 -0.0560815 0.00580272 1 0 0 15174
               184.2 -4.39531  11.4586 -92.9797  -0.195912  -0.162676 0.00434909 -0.00589168  -0.0145378  -0.0139556   -0.0291949 -0.000526023  -0.00252213 -0.0336455 -0.0562322 0.00572312 1 0 0 14930
               184.3 -3.88449  11.6828 -92.9004  -0.194173  -0.162996 0.00287955 0.000519268   0.0028575  -0.0108666   -0.0292206 -0.000525309   -0.0025274 -0.0335793 -0.0565701 0.00571252 1 0 0 15097
               184.4 -3.76746  11.3938 -93.0813  -0.196998  -0.161014 0.00140984  -0.0242207   0.0141598 -0.00770125   -0.0292193 -0.000506339  -0.00251767 -0.0334678 -0.0563358 0.00584605 1 0 0 14938
               184.5 -3.84144  11.4137 -93.1209   -0.19755  -0.160698 0.00318647 -0.00747728  0.00363975  0.00702794   -0.0292193 -0.000520556  -0.00252405 -0.0334937  -0.056475 0.00560145 1 0 0 15153
               184.6 -3.94277  11.4136  -93.054 -0.196418 -0.160011 0.0036808  0.00366429   0.0042037 0.000995647   -0.0292266 -0.000515888  -0.00252407  -0.033425 -0.0566491 0.00558916 1 0 0 15027
               184.7 -3.98755  11.6104 -92.9914  -0.197073  -0.160409 0.00264617  -0.0130441 -0.00021716 -0.00174731   -0.0292236 -0.000523277  -0.00252165 -0.0335136 -0.0566482 0.00568677 1 0 0 15145
               184.8  -4.0482  11.2919 -93.0595  -0.195991  -0.161569 0.00366109  0.00160052 -0.00986948  0.00467402    -0.029236 -0.000510956  -0.00251689  -0.033583 -0.0569021 0.00557089 1 0 0 15130
               184.9 -4.03318  11.4961 -92.9413  -0.194371  -0.161723 0.00496095  0.0130002 -0.0074239 0.00185209   -0.0292312 -0.000523224  -0.00252343 -0.0334393 -0.0570144 0.00546381 1 0 0 15052
                 185 -4.11475  11.7093 -92.7491  -0.192995  -0.162999 0.00616035 0.00628326  -0.011837  0.0126197    -0.029231 -0.000529488  -0.00252371 -0.0334727 -0.0570309  0.0053793 1 0 0 15055
               185.1 -4.35549  11.6232 -92.8531  -0.193578  -0.163478 0.00680708  -0.0199311 -0.00304336   0.0118224   -0.0292294 -0.000525231  -0.00250895 -0.0334479 -0.0570363 0.00546689 1 0 0 15165
               185.2 -4.17563   11.462 -93.0121  -0.194108  -0.161218 0.00892213 -0.0156084  0.0200691  0.0125065   -0.0292469 -0.000529957  -0.00251622 -0.0331943 -0.0572451 0.00542118 1 0 0 15072
               185.3 -3.70824   11.326 -92.9461  -0.196611  -0.159042 0.00647205 -0.0141665   0.016586 -0.0192203   -0.0292415 -0.000526813  -0.00252061 -0.0332113 -0.0571495 0.00571214 1 0 0 14978
               185.4 -4.03945   11.704  -92.823 -0.196284 -0.158965 0.0056067 -0.000284458    0.0018263  -0.00745977   -0.0292297 -0.000540417   -0.0025249 -0.0332817 -0.0572782 0.00559149 1 0 0 15204
               185.5 -4.12804  11.6566 -92.7418  -0.194813  -0.161257 0.00539782 -0.00187554  -0.0134171  0.00549181  -0.0292343 -0.00053173 -0.00251996  -0.033493 -0.0575401 0.00551733 1 0 0 15288
               185.6 -4.03101  11.2192 -92.8252 -0.194718 -0.161191 0.0048553  -0.00651784 -0.000659366  -0.00975184  -0.0292366 -0.00052146 -0.00251759 -0.0333823 -0.0576495 0.00561089 1 0 0 15303
               185.7 -3.71162  11.1208 -92.7597  -0.196072  -0.160068 0.00486546  -0.0126773 0.000933666  -0.0114925    -0.029244 -0.000527388   -0.0025256 -0.0332318 -0.0575596 0.00550796 1 0 0 15250
               185.8 -3.80963  11.6412 -92.6586 -0.195421 -0.160205  0.002107 -0.0017924 0.00573858 -0.0220698   -0.0292258 -0.000541521  -0.00252314 -0.0332281  -0.057791 0.00563419 1 0 0 15075
               185.9 -3.70127  11.2262  -92.756  -0.194906  -0.160485 0.00391835 -0.00625582 -0.00150926   0.0125427   -0.0292494 -0.000518096  -0.00251923  -0.033291 -0.0579013 0.00530152 1 0 0 15189
                 186 -3.70433  11.2853 -92.8757 -0.195441 -0.160343 0.0051685  -0.0108197 -0.00334181  0.00885847   -0.0292381 -0.000539079  -0.00251623 -0.0332046 -0.0579656 0.00529693 1 0 0 14976
             186.099 -3.60318   11.197 -92.8487  -0.194492  -0.159419 0.00540604 0.00594377 0.00891908 0.00229466   -0.0292488 -0.000531137  -0.00252334 -0.0330973 -0.0581388  0.0053512 1 0 0 15132
               186.2 -3.74631  11.1456 -92.7652  -0.192889  -0.160627 0.00658532  0.0119261 -0.0086513 0.00552065  -0.0292461 -0.00053022 -0.00252023 -0.0332469 -0.0582354 0.00522697 1 0 0 15128
               186.3 -3.93132  11.2004 -92.7189  -0.192042   -0.16047 0.00708572  -0.00313483 -0.000454798  0.000641907   -0.0292504 -0.000541943  -0.00252333 -0.0331505 -0.0582762    0.00523 1 0 0 15085
             186.399 -3.83563  11.3046 -92.7377  -0.193712    -0.1598 0.00565076 -0.0210064 0.00783084 -0.0103424   -0.0292455 -0.000533301  -0.00251384 -0.0331106 -0.0582367 0.00535569 1 0 0 14987
               186.5 -3.93995   11.103 -92.8668  -0.193034  -0.160652 0.00752732 -0.00510783 -0.00843981   0.0126967   -0.0292599 -0.000532971  -0.00251402  -0.033189 -0.0585058  0.0050957 1 0 0 15175
               186.6  -4.0437  11.1917 -92.9457 -0.194008 -0.160546 0.0075384 -0.00999243 0.000864431 -0.00194996    -0.029249 -0.000541033  -0.00251099 -0.0331152 -0.0584997 0.00519219 1 0 0 15189
               186.7 -4.13719  11.1616 -92.8494  -0.192841  -0.161214 0.00778366  0.00643675 -0.00929957 0.000822418   -0.0292592 -0.000538034  -0.00252231 -0.0331305 -0.0586865 0.00513004 1 0 0 14929
               186.8 -4.27767  11.3826 -92.7817  -0.192854  -0.160695 0.00793512 -0.00714742  0.00492838  0.00404107   -0.0292489 -0.000544834  -0.00251629 -0.0329956 -0.0586805 0.00517977 1 0 0 15263
               186.9 -4.27427  11.0641 -92.8262  -0.192357  -0.161363 0.00722296 -0.00644793 -0.00347816 -0.00606412   -0.0292615 -0.000528335  -0.00251493 -0.0331173 -0.0588801 0.00521905 1 0 0 15013
                 187 -4.23223  11.1654 -92.8456  -0.194672  -0.160291 0.00621344 -0.0223404 0.00540124 -0.0139633   -0.0292476 -0.000546064  -0.00251375 -0.0329816  -0.058749 0.00526487 1 0 0 15142
               187.1 -4.26069  11.2547 -92.8316  -0.194287   -0.16026 0.00637547 -0.00373233  0.00183737 -0.00126731   -0.0292576 -0.000542063  -0.00251474 -0.0329753 -0.0589918 0.00512231 1 0 0 14906
               187.2 -4.31302   11.215 -92.8783  -0.194273  -0.160045 0.00630471 -0.00804608  0.00218509 -0.00129758   -0.0292599 -0.000540411  -0.00251081 -0.0329552 -0.0590839 0.00511895 1 0 0 15151
             187.299 -4.22603  11.1785 -92.9298  -0.193554  -0.159373 0.00549931  0.00138747  0.00660736 -0.00971218    -0.029269 -0.000545515  -0.00251131 -0.0329072 -0.0592683 0.00515307 1 0 0 14906
               187.4 -4.23443  11.1743 -92.9464  -0.193755  -0.158372 0.00331814 -0.00322667   0.0102983  -0.0175754   -0.0292698 -0.000531115  -0.00251248 -0.0328723 -0.0592779 0.00526807 1 0 0 15152
               187.5 -4.32917  10.9761 -92.8884  -0.194963  -0.158327 0.00353424  -0.0138678 0.000287294 -0.00281569   -0.0292706 -0.000527228  -0.00251461 -0.0329583 -0.0591873 0.00508992 1 0 0 14882
               187.6 -4.31576  11.1687 -92.8321  -0.194567  -0.159172 0.00262238 -0.00765318 -0.00724673 -0.00998417   -0.0292746 -0.000541064  -0.00251676 -0.0329803 -0.0594191 0.00510652 1 0 0 15159
               187.7 -4.03968  11.0654 -92.8118  -0.193604  -0.159411 0.00463071  -0.0013004 -0.00227306   0.0124197   -0.0292877 -0.000540804  -0.00251721 -0.0329098 -0.0595995  0.0048581 1 0 0 15135
               187.8 -3.92417  11.1027 -92.9389  -0.193078  -0.159975 0.00639653 -0.00178405 -0.00751433   0.0130884   -0.0292927 -0.000544951  -0.00251429 -0.0328959 -0.0597093 0.00479976 1 0 0 15019
               187.9 -3.68868  11.0999 -92.9191    -0.1941  -0.160472 0.00622749  -0.00572091  -0.00562127 -0.000810103   -0.0292936 -0.000539201  -0.00251858 -0.0329016 -0.0596289 0.00491047 1 0 0 15197
                 188 -4.04911  11.2463 -92.8657  -0.194011  -0.159534 0.00666947 -0.00664817  0.00324737  0.00243705   -0.0292853 -0.000551541  -0.00251784 -0.0327156 -0.0596942  0.0049099 1 0 0 15167
             188.099 -3.90025  11.3169 -92.7999  -0.192987  -0.160718 0.00635123 -0.00408528 -0.00239846 -0.00345838   -0.0293027 -0.000543974   -0.0025175 -0.0328608 -0.0599512 0.00489909 1 0 0 14993
               188.2 -3.70426  11.2065 -92.9169  -0.193386  -0.159949 0.00595247  -0.0123019  0.00361848 -0.00559273    -0.029313 -0.000544134  -0.00251189 -0.0327618 -0.0600294 0.00491781 1 0 0 15003
               188.3 -3.56996  11.2227 -92.9217  -0.193439   -0.16053 0.00476642 -0.00233995 -0.00344836  -0.0103379   -0.0292986 -0.000542399   -0.0025161 -0.0328223 -0.0601608 0.00495243 1 0 0 15179
               188.4 -3.71022  11.2108 -92.9643  -0.193551  -0.159644 0.00711256 -0.00475803  0.00402783   0.0110794   -0.0293119 -0.000551334  -0.00251376 -0.0326786 -0.0601403 0.00468313 1 0 0 14888
               188.5 -3.72971  11.3185 -92.9249 -0.193282 -0.161569 0.0069488 -0.00605658  -0.0162626  0.00243424   -0.0293057 -0.000542436  -0.00251228 -0.0328509 -0.0602902  0.0047233 1 0 0 15163
               188.6 -3.77308   11.356 -92.9493  -0.194459  -0.161115 0.00914778 -0.0161333 0.00178753  0.0178014   -0.0293176 -0.000554922  -0.00251307 -0.0326728  -0.060248 0.00461724 1 0 0 14993
               188.7 -3.86445  11.2236 -92.9462   -0.19303  -0.159047 0.00958815  0.0090656   0.016768 0.00348486   -0.0293106 -0.000549171  -0.00251268 -0.0324768 -0.0605365  0.0047626 1 0 0 15144
               188.8 -3.97882  11.3871  -92.854  -0.191794  -0.158858 0.00925036  0.00576642  0.00413498 -0.00300204   -0.0293208 -0.000556831   -0.0025205 -0.0325837 -0.0606194 0.00477392 1 0 0 14963
               188.9 -4.10779  11.2431 -92.8948  -0.192486  -0.159959 0.00373141  -0.0121217 -0.00369665  -0.0398736   -0.0293139 -0.000534792  -0.00250866 -0.0327962 -0.0606265 0.00515388 1 0 0 15101
                 189 -4.08322  11.1289 -92.9965  -0.194548  -0.161489 0.00278336 -0.0253097 -0.0161109 -0.0189049   -0.0293295 -0.000535413  -0.00250699 -0.0328694 -0.0605812 0.00486461 1 0 0 14918
               189.1 -4.01744  11.1267 -92.9529  -0.193425  -0.161076 0.00256192  0.00803783 -0.00159982  -0.0103517   -0.0293322 -0.000534675  -0.00251399 -0.0326144  -0.060868 0.00475416 1 0 0 15212
             189.199 -4.37756  11.2465 -92.8736  -0.194945  -0.160687 0.00108774 -0.0142432 0.00238842 -0.0149453   -0.0293161 -0.000531345   -0.0025104 -0.0325742 -0.0606665 0.00480919 1 0 0 14910
               189.3 -4.64334  11.3231 -92.9044  -0.192465  -0.160402 0.00350602 0.00180521  0.0039898   0.013414   -0.0293233 -0.000545527  -0.00251078 -0.0324887 -0.0610854 0.00446073 1 0 0 15007
               189.4 -4.41953  11.3271  -93.007  -0.193529  -0.159421 0.00460374 -0.0156398   0.010245 0.00883753    -0.029331 -0.000544093  -0.00251131 -0.0324582 -0.0610614  0.0044738 1 0 0 15144
               189.5 -4.16794    11.33 -93.0127 -0.192907 -0.161015 0.0027386 0.00692294  -0.014702 -0.0126768    -0.029347 -0.000539071  -0.00251457 -0.0326594 -0.0612767 0.00463419 1 0 0 15048
               189.6  -4.4209  11.5221 -92.9769   -0.192407   -0.162019 0.000541681 0.000655749 -0.00860415  -0.0171997   -0.0293309 -0.000542482  -0.00251368  -0.032631 -0.0612812 0.00473409 1 0 0 15035
               189.7 -4.34857  11.4815 -93.0205    -0.192216    -0.161587 -0.000109243 -0.0089215 0.00404138 -0.0101558   -0.0293369 -0.000541831  -0.00251085 -0.0325121 -0.0613691   0.004662 1 0 0 15170
               189.8 -4.24179  11.3618 -93.0875   -0.193743   -0.162381 0.000972884 -0.0184169 -0.0101485 0.00428331  -0.0293455 -0.00053953 -0.00250806 -0.0325869 -0.0613307 0.00445576 1 0 0 15134
               189.9 -4.30508  11.5156 -93.0909 -0.194486 -0.162341 0.0031625   -0.0108605 -5.26396e-05    0.0135145   -0.0293388 -0.000545655  -0.00250678 -0.0324546 -0.0614134 0.00432293 1 0 0 14936
                 190 -4.22705  11.4519 -93.0253  -0.194879  -0.162288 0.00570094 -0.00915082 -0.00172771   0.0222503   -0.0293463 -0.000547481  -0.00250981 -0.0324249 -0.0614874 0.00423426 1 0 0 15042
               190.1 -4.27256  11.5927 -93.0219  -0.193086  -0.161715 0.00836149 0.00701294 0.00517053  0.0259403   -0.0293499 -0.000560907  -0.00250922 -0.0323166 -0.0617636 0.00421631 1 0 0 15135
             190.199 -4.19667  11.6324 -93.0452  -0.191994  -0.160583 0.00939482 0.00350488  0.0128491  0.0126564   -0.0293597 -0.000564352  -0.00251016 -0.0322714 -0.0618747 0.00434684 1 0 0 15058
               190.3 -4.17654  11.4135 -93.1336  -0.193668  -0.160761 0.00654249  -0.0186562 0.000267649  -0.0206666   -0.0293501 -0.000547387  -0.00250637 -0.0324586 -0.0617874 0.00463718 1 0 0 14924
               190.4 -3.96271  11.5395 -93.1062   -0.19361  -0.158689 0.00797149 -0.00565708   0.0151154  0.00424395   -0.0293657 -0.000562977  -0.00251581 -0.0321987  -0.061936 0.00439748 1 0 0 15268
               190.5 -4.00505  11.4519 -93.1315  -0.193804   -0.15839 0.00770505 -0.00472463  0.00465704 -0.00135108    -0.029359 -0.000560924  -0.00251695  -0.032308 -0.0620017  0.0044168 1 0 0 15384
               190.6 -4.08346  11.5528 -93.0619  -0.193569  -0.158862 0.00558917 -0.00580768 -0.00313546  -0.0182279   -0.0293539 -0.000563653  -0.00251937  -0.032369  -0.062146 0.00453621 1 0 0 15172
               190.7  -4.1108  11.3383 -93.1131  -0.194536  -0.161945 0.00447539 -0.0166625 -0.0261501 -0.0130721   -0.0293506 -0.000546291  -0.00251089 -0.0326187  -0.062164  0.0044114 1 0 0 15246
               190.8 -4.06029  11.4221 -93.1452  -0.194449  -0.162114 0.00285781 -0.00534799 -0.00452332  -0.0202577    -0.029354 -0.000557399  -0.00250988 -0.0323751 -0.0623568 0.00448335 1 0 0 14985
               190.9 -4.09749    11.41 -93.1407  -0.193791  -0.160449 0.00311436 0.000932446   0.0110558 -0.00527633   -0.0293565 -0.000558389  -0.00251319 -0.0321405 -0.0624506 0.00433392 1 0 0 15184
                 191 -4.15697  11.4308 -93.1526  -0.192594  -0.160564 0.00328042  0.00469414 0.000452427 0.000727957   -0.0293625 -0.000558117  -0.00251223 -0.0322194 -0.0625863 0.00424189 1 0 0 14981
             191.099  -4.1907  11.4467 -93.1849  -0.192033  -0.159263 0.00586637 5.74419e-05   0.0108979   0.0174584   -0.0293695 -0.000565529  -0.00251462 -0.0320853 -0.0626067  0.0040609 1 0 0 14977
               191.2 -4.40502  11.4122 -93.2058  -0.191639  -0.160036 0.00370998 -0.00115106  -0.0038464  -0.0149833  -0.0293531 -0.00055605  -0.0025095 -0.0322637 -0.0627247 0.00432633 1 0 0 15137
               191.3 -4.39118  11.4424 -93.1538   -0.192457   -0.163169 0.000914871 -0.0120339 -0.0261133 -0.0251005   -0.0293652 -0.000557673  -0.00251195 -0.0325142 -0.0627308 0.00436102 1 0 0 15053
             191.399 -4.48854  11.5452 -93.1623  -0.192327  -0.163001 0.00131427 -0.00710783 -0.00449959  -0.0050158   -0.0293587 -0.000562805  -0.00250502 -0.0322174 -0.0628433  0.0041817 1 0 0 14974
               191.5 -4.46841  11.5777 -93.1386  -0.192349  -0.161833 0.00486256 -0.00751282  0.00784388   0.0253623   -0.0293691 -0.000567864  -0.00251404 -0.0320269 -0.0628916 0.00389719 1 0 0 15125
               191.6 -4.56911   11.479 -93.2088  -0.191646  -0.159743 0.00622042 0.000147221    0.018683   0.0132284    -0.029363 -0.000562409  -0.00250447 -0.0319017 -0.0630651 0.00401586 1 0 0 15152
               191.7 -4.53702  11.5828 -93.1983   -0.19249  -0.161942 0.00586965 -0.0106215 -0.0147658 0.00120741  -0.0293725 -0.00056797 -0.00251072 -0.0322598 -0.0630614 0.00404921 1 0 0 14869
               191.8 -4.70084  11.5424  -93.203  -0.192504  -0.162232 0.00493122   -0.003725 -0.00431923 -0.00716243   -0.029361 -0.00056789 -0.00250826 -0.0321561 -0.0631832 0.00415219 1 0 0 15181
               191.9 -4.82186  11.6058 -93.1949  -0.191056  -0.162087 0.00630348   0.00543697 -0.000504607   0.00891079   -0.0293641 -0.000572307  -0.00251085 -0.0320468 -0.0633638 0.00398483 1 0 0 15030
                 192 -4.89771  11.4354 -93.2354  -0.190601  -0.161816 0.00645029 -0.000725104   0.00316393   0.00215929   -0.0293678 -0.000566088  -0.00250327 -0.0320371 -0.0634009 0.00405399 1 0 0 15119
               192.1 -4.93212   11.443 -93.2554  -0.190813  -0.162323 0.00615646 -0.00690724  -0.0035945 -0.00461365   -0.0293639 -0.000569847  -0.00249999 -0.0320968 -0.0634399 0.00406259 1 0 0 14889
               192.2  -4.9204  11.3166 -93.1999  -0.191512  -0.163269 0.00258875  -0.0094181 -0.00810788  -0.0281453  -0.0293562 -0.00055883 -0.00250434 -0.0321752 -0.0635003 0.00429873 1 0 0 15106
             192.299 -4.92572  11.3813 -93.1821  -0.191808  -0.161327 0.00493709 -0.0102381  0.0129356 0.00980151   -0.0293649 -0.000576638  -0.00250624 -0.0318736 -0.0635195 0.00394126 1 0 0 14870
               192.4 -4.84013  11.2623  -93.202  -0.190861  -0.160586 0.00590955 0.00124039 0.00832762 0.00873769   -0.0293683 -0.000572055  -0.00250243 -0.0318944 -0.0637408 0.00391737 1 0 0 15166
               192.5 -4.82165  11.1836 -93.1712  -0.192247  -0.158131 0.00666081 -0.0145421  0.0192142 0.00437155   -0.0293639 -0.000574493  -0.00250992 -0.0317561 -0.0636139 0.00396694 1 0 0 14921
               192.6 -4.72799  11.1816 -93.1389  -0.191862     -0.159 0.00525704 -0.00508628 -0.00222124 -0.00988993   -0.0293682 -0.000570835  -0.00250756  -0.031978 -0.0638537 0.00404224 1 0 0 15032
               192.7 -4.70668  11.1288 -93.1419   -0.19404  -0.159678 0.00462324  -0.0265323 -0.00573152 -0.00852795   -0.0293596 -0.000566435  -0.00250383 -0.0320345 -0.0637599 0.00398555 1 0 0 15097
               192.8 -4.46296  11.1906 -93.1593  -0.191556  -0.160629 0.00543656   0.0109809 -0.00983071 0.000997999   -0.0293828 -0.000576881  -0.00250804 -0.0319719  -0.064245 0.00381476 1 0 0 15115
               192.9 -4.47158  11.1467 -93.2232  -0.192551  -0.160235 0.00545589  -0.0116988 0.000910646 -0.00142867   -0.0293637 -0.000569726  -0.00250384 -0.0318739  -0.064078 0.00385386 1 0 0 15077
                 193 -4.30682  11.1308 -93.2336  -0.191728  -0.160161 0.00640823 0.00174724 0.00120498 0.00772604   -0.0293858 -0.000576185  -0.00250581 -0.0318464 -0.0642682 0.00376351 1 0 0 15157
             193.099 -4.42686  11.0326 -93.2456 -0.192773 -0.160948 0.0048965  -0.0108489 -0.00727594  -0.0111083     -0.02937 -0.000566454  -0.00250087 -0.0319502  -0.064207  0.0039254 1 0 0 14981
             193.199 -4.36935  11.1729 -93.1728  -0.193481  -0.159532 0.00592022 -0.0135951  0.0114695  0.0042012   -0.0293827 -0.000580548  -0.00250631 -0.0317335 -0.0642461 0.00379671 1 0 0 15006
               193.3 -4.41524  10.9637  -93.195  -0.191811  -0.160323 0.00820988  0.00387754 -0.00528894    0.015094   -0.0293859 -0.000571876  -0.00250484 -0.0318535 -0.0645575 0.00357343 1 0 0 15195
               193.4 -4.43241  11.2101 -93.2514  -0.19055 -0.159115 0.0122578 0.00185726 0.00529548  0.0277592    -0.029399 -0.000593741  -0.00250679 -0.0316206 -0.0646565 0.00335516 1 0 0 14936
               193.5 -4.35421  11.2331 -93.3012 -0.191715 -0.160487 0.0102024  -0.0123529 -0.00767618 -0.00334081   -0.0293781 -0.000577419  -0.00250085 -0.0318613 -0.0646435 0.00371102 1 0 0 15126
               193.6 -4.30823  11.2596 -93.3181  -0.192856  -0.160225 0.00810111 -0.00659581  0.00130574  -0.0142458   -0.0293859 -0.000585278  -0.00250498 -0.0317811 -0.0646583  0.0038991 1 0 0 15037
               193.7 -4.64465  11.0587 -93.2751  -0.191197  -0.160077 0.00865998  0.00980696 -0.00146418 -0.00314178   -0.0293775 -0.000581405   -0.0025035 -0.0317293  -0.064829 0.00372375 1 0 0 15143
               193.8 -5.03953  11.2865 -93.2745  -0.190318  -0.161659 0.00664603 -0.00438349  -0.0111596  -0.0201389   -0.0293831 -0.000583019   -0.0025035 -0.0318305 -0.0649483 0.00379002 1 0 0 14987
               193.9 -4.68232  11.3502 -93.2659  -0.190141  -0.161485 0.00462013 -0.00434854  0.00447402  -0.0189832   -0.0294016 -0.000579671  -0.00250383 -0.0317498 -0.0650687 0.00379268 1 0 0 15114
                 194 -4.73354  11.1247  -93.324 -0.192265 -0.160142 0.0050794 -0.0192057 0.00425227 0.00139742   -0.0293942 -0.000573965  -0.00250105 -0.0316352 -0.0648914 0.00367378 1 0 0 14920
               194.1  -4.8603  11.2366 -93.2709  -0.192283  -0.159709 0.00638797 -0.00562513  0.00666915  0.00448875   -0.029395 -0.00058289   -0.002505 -0.0316025 -0.0650488 0.00354318 1 0 0 15172
             194.199 -4.82363  11.2539  -93.219  -0.191522  -0.160391 0.00686446 -0.00262935  -0.0053609  0.00417496   -0.0294005 -0.000578133  -0.00250208  -0.031681 -0.0652352  0.0034904 1 0 0 14935
               194.3 -4.83151  11.2701 -93.2653  -0.190307  -0.159704 0.00684812   0.00482543   0.00676138 -0.000126308   -0.0294059 -0.000582737  -0.00250383 -0.0315621 -0.0654219 0.00354583 1 0 0 15013
               194.4 -4.87815  11.2263 -93.2992  -0.191346  -0.159927 0.00557972 -0.00991312 -0.00166994 -0.00930872   -0.0293979 -0.000576236  -0.00250198 -0.0316547 -0.0653313 0.00362786 1 0 0 15127
               194.5 -4.97408  11.1899 -93.2566  -0.190064  -0.159563 0.00370802 0.00669436 0.00437978 -0.0186663   -0.0293996 -0.000575849  -0.00250232 -0.0315925 -0.0655557 0.00370002 1 0 0 15125
               194.6 -4.97941   11.209 -93.1978 -0.189368 -0.160419  0.003823  -0.0013509 -0.00792554 -0.00344199   -0.0294106 -0.000583841  -0.00250571 -0.0316725 -0.0655928 0.00351057 1 0 0 14980
               194.7 -5.00614  11.1516 -93.2577  -0.189625  -0.161018 0.00547628  -0.0101115 -0.00694784   0.0105774  -0.0294036 -0.00057929 -0.00249626 -0.0316308 -0.0656175  0.0033456 1 0 0 15183
               194.8 -4.93096  11.1741 -93.2903  -0.190586  -0.160789 0.00763255   -0.0142002 -9.88092e-06    0.0160552    -0.029415 -0.000584882  -0.00250195 -0.0315305 -0.0656464  0.0032589 1 0 0 15172
               194.9 -4.80224  11.2477 -93.2451  -0.190169  -0.159461 0.00986697 -0.000490875    0.0118074    0.0218208  -0.0294166 -0.00058861 -0.00250367 -0.0313886 -0.0658056 0.00323379 1 0 0 14953
                 195 -4.91462  11.2744  -93.197  -0.18949 -0.159976 0.0103658 0.00773228 0.00260101  0.0168565   -0.0294161 -0.000591668  -0.00250591  -0.031569 -0.0658964 0.00336394 1 0 0 15060
               195.1 -5.10624  11.0321 -93.1567  -0.18741 -0.158814 0.0112123  0.0181836 0.00936429  0.0106417   -0.0294078 -0.000584281  -0.00250051 -0.0315054 -0.0659963 0.00347556 1 0 0 15165
             195.199 -5.27595  11.2118 -93.0837 -0.184257 -0.158132 0.0133047  0.0189637 0.00138612  0.0174725  -0.0294156 -0.00059688 -0.00250096  -0.031459 -0.0661546 0.00341162 1 0 0 15114
               195.3 -5.25701  11.3359 -92.9633 -0.184287 -0.159766 0.0142622 -0.00850661  -0.0129087  0.00148276   -0.0294137 -0.000589326  -0.00249954  -0.031614 -0.0660755 0.00336001 1 0 0 15015
               195.4 -5.15601  11.4349 -92.9045 -0.183603 -0.159245 0.0149752 -0.00786739  0.00534598  0.00731907   -0.0294224 -0.000593795  -0.00250418 -0.0314394 -0.0663004 0.00334521 1 0 0 15304
               195.5 -5.09693  11.1967 -93.2674 -0.186304 -0.158077 0.0167448 -0.0315289  0.0104348  0.0161014   -0.0294256 -0.000583094  -0.00249505 -0.0313939 -0.0661804 0.00328721 1 0 0 15468
               195.6  -5.0063  10.6858 -93.5781 -0.188727  -0.15396 0.0171883 -0.0263304  0.0317886 -0.0033112     -0.02942 -0.000573385  -0.00249738 -0.0311135 -0.0662593 0.00341168 1 0 0 15289
               195.7 -4.60776  11.1646 -93.5651 -0.189792 -0.153928  0.017609 -0.00672737  0.00268749 -0.00324299   -0.0294348 -0.000601831  -0.00250321 -0.0313202 -0.0663681 0.00323363 1 0 0 15324
               195.8 -4.90319  11.1905 -93.5565 -0.188029 -0.155002 0.0151627 0.00784729 -0.0115479 -0.0246615   -0.0294175 -0.000592614  -0.00250258 -0.0314018  -0.066625 0.00333166 1 0 0 15058
               195.9 -4.87994  11.5256  -93.577 -0.186383 -0.156638 0.0146075  0.00401406  -0.0117755 -0.00596414   -0.0294297 -0.000597363  -0.00250348  -0.031394  -0.066785 0.00319055 1 0 0 15271
             195.999 -4.87982  11.3432 -93.7617 -0.186605 -0.156764 0.0131419 -0.00669049 -0.00053949  -0.0155098   -0.0294293 -0.000587543   -0.0024957 -0.0313485 -0.0667819 0.00326608 1 0 0 15008
               196.1 -4.73557  11.4661 -93.7356 -0.185282 -0.157109 0.0131558  0.00691307 -0.00494884  -0.0045367   -0.0294422 -0.000592845     -0.00251 -0.0313152 -0.0669627 0.00310412 1 0 0 15074
               196.2 -4.95282   11.252 -93.7638 -0.186155 -0.158298 0.0115451 -0.00744102 -0.00987013 -0.00948112   -0.0294235 -0.000579582  -0.00250042 -0.0314274 -0.0668316 0.00323269 1 0 0 15169
               196.3 -5.18805  11.3071 -93.8156 -0.186005 -0.157922 0.0151579  -0.0107854 -0.00119572   0.0184547   -0.0294369 -0.000594203   -0.0025076 -0.0312192 -0.0669204 0.00287832 1 0 0 15101
               196.4 -5.17771  11.3593  -93.934 -0.185917 -0.159092  0.014256 -0.00601327  -0.0079843  -0.0068937   -0.0294349 -0.000592123  -0.00249521 -0.0313275 -0.0671056 0.00301336 1 0 0 14957
               196.5 -4.82108  11.5719 -93.7178 -0.186304 -0.158585 0.0134121 -0.00663612  0.00382191 -0.00137419   -0.0294537 -0.000599052  -0.00251319  -0.031209 -0.0671361 0.00308874 1 0 0 15121
               196.6 -5.39285  11.1629 -93.9034 -0.187048 -0.156962 0.0122394 -0.0137265  0.0156987 -0.0113293   -0.0294227 -0.000581705   -0.0024917 -0.0311338  -0.067169 0.00322196 1 0 0 15119
               196.7 -5.00698    11.21 -93.8647 -0.187908 -0.158221 0.0124345  -0.0130728 -0.00982728  -0.0070303   -0.0294494 -0.000593909  -0.00249959 -0.0313393  -0.067257 0.00299323 1 0 0 14997
               196.8 -5.26748   11.321 -93.9027 -0.188159 -0.156267 0.0118019 -0.00435607  0.00913095 -0.00559066   -0.0294263 -0.000594718  -0.00249567 -0.0310308 -0.0673259  0.0030545 1 0 0 15074
               196.9 -5.42471  11.4855 -93.8504  -0.18692 -0.156022   0.01388 0.00211666 0.00778074  0.0169471   -0.0294444 -0.000599448  -0.00250459 -0.0310492 -0.0674984  0.0028454 1 0 0 14989
                 197 -5.51657  11.2317 -93.9451 -0.185812 -0.157257 0.0137222 9.27832e-05 -0.00910217 -0.00475158   -0.0294524 -0.000590492  -0.00249604 -0.0312412 -0.0676655  0.0028963 1 0 0 15116
               197.1 -5.23146  11.4558 -93.9493 -0.186137 -0.158095 0.0120124 -0.00338022  -0.0116047  -0.0114869    -0.029451 -0.000598397  -0.00250094 -0.0312035 -0.0676868 0.00302345 1 0 0 14886
               197.2 -5.44034  11.4039  -94.095 -0.186479 -0.156295  0.012567 0.000113817   0.0151544 -0.00308924   -0.0294519 -0.000598264  -0.00249521 -0.0309453 -0.0676197 0.00295614 1 0 0 15159
             197.299 -5.66352  11.4906  -94.018 -0.186445 -0.157218 0.0134067 -0.00745633 -0.00697424 -0.00145951   -0.0294433 -0.000602483  -0.00250161 -0.0311453 -0.0676406 0.00273891 1 0 0 14854
               197.4 -5.42004  11.9717 -93.8459 -0.185259  -0.15822 0.0117246 -0.00655271 -0.00980293 -0.00737671   -0.0294594 -0.000609981  -0.00250408 -0.0311155  -0.067956 0.00285264 1 0 0 15065
               197.5 -5.02194  11.7914 -93.8508 -0.187539 -0.158958 0.0137189  -0.0210826 -0.00362147   0.0249082   -0.0294715 -0.000594572  -0.00250118 -0.0311245 -0.0678549 0.00270829 1 0 0 14832
               197.6 -5.11405  11.2577 -93.9512 -0.187825  -0.15695 0.0140709 0.000430138   0.0117218 -0.00216365   -0.0294616 -0.000592117  -0.00249652 -0.0308902 -0.0679781 0.00293187 1 0 0 15024
               197.7 -5.37221  11.6616 -93.8642 -0.187056 -0.156099 0.0122638 -0.00305312   0.0111341  -0.0283886   -0.0294601 -0.000601709  -0.00250447 -0.0308971 -0.0680913 0.00292988 1 0 0 15076
               197.8 -5.00099  11.9799  -93.877  -0.18867 -0.156066 0.0099642  -0.0292994 0.000961827  -0.0176977   -0.0294725 -0.000607687  -0.00250213 -0.0309832 -0.0680973 0.00287516 1 0 0 15045
               197.9 -4.73757  11.8854 -94.0446  -0.190462  -0.158181 0.00986739 -0.0217422 -0.0158524 0.00487996    -0.029468 -0.000594911  -0.00250076 -0.0311551 -0.0682458 0.00275196 1 0 0 15006
                 198 -4.59071  11.6533 -94.0577 -0.190138  -0.15845 0.0114692  0.00607824 -0.00564593   0.0111344   -0.0294744 -0.000599648  -0.00249912 -0.0310055 -0.0683895 0.00270025 1 0 0 15096
             198.099 -4.92411  11.4838 -93.9881 -0.188683 -0.158016 0.0117641  0.00691269 -0.00319608 -0.00601339   -0.0294652 -0.000597099   -0.0025035 -0.0308788 -0.0684468 0.00273112 1 0 0 14948
             198.199 -4.89388  11.9447 -93.9766 -0.188576 -0.157874 0.0121536  -0.0125216  0.00475072 -0.00191674   -0.0294765 -0.000617417  -0.00250142  -0.030833 -0.0684729  0.0026191 1 0 0 14936
               198.3 -4.50285   11.841 -94.0988 -0.190382  -0.15724 0.0111771 -0.0194718 0.00776085 -0.0042061   -0.0294818 -0.000598134  -0.00249889 -0.0308602 -0.0685055 0.00270062 1 0 0 15183
               198.4 -4.46796  11.8522 -94.0853 -0.190548 -0.157043 0.0140107   0.00219952 -0.000732552    0.0255416   -0.0294728 -0.000613528   -0.0025013 -0.0308392 -0.0685867 0.00246993 1 0 0 15001
               198.5 -4.99467  11.6393 -94.0585 -0.187533  -0.15758 0.0142067   0.0191079 -0.00337786 -0.00233712   -0.0294667 -0.000600603  -0.00250342 -0.0308514 -0.0688716 0.00260209 1 0 0 15025
               198.6 -5.00783  11.8235 -94.0417 -0.186732 -0.158482 0.0111691 -0.00260453 -0.00669627  -0.0277198   -0.0294745 -0.000599635  -0.00249929 -0.0309261 -0.0689019 0.00275672 1 0 0 15044
               198.7 -4.88369  11.8979 -94.0881 -0.186414 -0.158976 0.0113559 -0.00308103 -0.00650113 2.52045e-05   -0.0294789 -0.000607817   -0.0024991 -0.0308735  -0.068962 0.00254873 1 0 0 15084
               198.8  -4.9441  11.7829 -94.1228 -0.188816 -0.158396 0.0131055 -0.0218074 0.00334185  0.0122902   -0.0294789 -0.000612056  -0.00249811 -0.0307863 -0.0687499 0.00246061 1 0 0 14830
               198.9 -5.07305  11.6915 -94.1066 -0.190085   -0.1578 0.0130186  -0.0161171  0.00289238 -0.00547705   -0.0294816 -0.000603765   -0.0025017 -0.0307502 -0.0688445 0.00252578 1 0 0 15162
                 199 -5.13637  11.9887 -94.0241  -0.19086 -0.158463 0.0105942  -0.0138109 -0.00465917  -0.0197621   -0.0294783 -0.000619345  -0.00250226 -0.0308145 -0.0689782 0.00264769 1 0 0 14875
               199.1 -5.21292  12.0389  -94.073 -0.190329 -0.157424    0.0111 -0.00675125   0.0101259 -0.00084337   -0.0294914 -0.000617804   -0.0025019 -0.0306401  -0.069176 0.00248459 1 0 0 15019
             199.199  -5.3019  11.9329 -94.2339  -0.191118  -0.157247 0.00991405 -0.0126769 0.00277068 -0.0099107   -0.0294768 -0.000606843  -0.00249239 -0.0307161 -0.0692339 0.00254358 1 0 0 14880
               199.3 -5.20305  11.9617 -94.2686  -0.189972  -0.158094 0.00941792  0.00696696 -0.00728747  -0.0071972   -0.0294945 -0.000613172  -0.00249549 -0.0307644 -0.0694532 0.00244984 1 0 0 14986
               199.4 -5.29477  11.9731 -94.2281  -0.189646  -0.159211 0.00815561   0.0022999  -0.0102748 -0.00911806   -0.0294831 -0.000606009  -0.00249901 -0.0308099 -0.0694418 0.00248481 1 0 0 15077
               199.5 -5.38148  11.9242 -94.2124  -0.188569  -0.157401 0.00968398 0.00668018  0.0130975 0.00633006   -0.0294904 -0.000616246  -0.00249561 -0.0305332 -0.0694864 0.00235076 1 0 0 15105
               199.6 -5.61292   11.941 -94.1737  -0.189538  -0.157554 0.00966667  -0.0182676 -0.00157873 -0.00374122   -0.0294785 -0.000607102  -0.00250382 -0.0306444 -0.0694261 0.00233286 1 0 0 14957
               199.7 -5.29584  12.1259 -94.2223 -0.189987 -0.157194 0.0102941 -0.0121663 0.00464177 0.00624979   -0.0294964 -0.000621683  -0.00249496 -0.0305757 -0.0695966 0.00225514 1 0 0 15132
               199.8 -5.45352  11.8768 -94.3639  -0.18899 -0.157178 0.0110508   0.00622925 -0.000227331     0.006184   -0.0294991 -0.000607815  -0.00249831 -0.0305865 -0.0697922  0.0022326 1 0 0 15079
               199.9 -5.44214  12.0807 -94.3019  -0.189095  -0.157704 0.00996446 -0.00142116 -0.00421884  -0.0087616   -0.0294854 -0.000620423  -0.00249887  -0.030636 -0.0697624 0.00235201 1 0 0 14985
                 200 -5.70574   12.021 -94.2751 -0.189114 -0.156175 0.0109372 -0.00684834  0.00961383  0.00146901   -0.0294779 -0.000618423  -0.00250358 -0.0304416 -0.0697662 0.00222873 1 0 0 14968
               200.1 -5.78962  12.2363   -94.36  -0.190016  -0.157916 0.00751507  -0.0139771 -0.00999279   -0.025314  -0.0294718 -0.00061863 -0.00249194 -0.0306905 -0.0698801 0.00244766 1 0 0 15137
             200.199 -5.64053  12.2491 -94.3283  -0.189023  -0.158167 0.00582912  0.00322495 -0.00607628  -0.0184654   -0.0295007 -0.000609474      -0.0025 -0.0305754 -0.0700868 0.00238111 1 0 0 14978
               200.3 -5.68696  12.3436  -94.309 -0.188424 -0.159259 0.0054306 0.000623702 -0.00812476 -0.00421986  -0.0294887  -0.0006144 -0.00249826 -0.0306107 -0.0701212 0.00227023 1 0 0 14911
               200.4 -5.69047  12.1917 -94.3539  -0.188655  -0.158535 0.00814255 -0.00793268  0.00600034   0.0164532   -0.0294927 -0.000613232  -0.00249402 -0.0304676 -0.0700886 0.00204326 1 0 0 15252
               200.5 -5.48988  12.0851 -94.3157  -0.188615  -0.158341 0.00965987  -0.00697661 -0.000327373    0.0122719   -0.0294956 -0.000611949  -0.00249995 -0.0304623 -0.0702129 0.00202499 1 0 0 15326
               200.6 -5.38685  12.2118 -94.3683 -0.188113 -0.157296 0.0122187 -0.000486506   0.00897615    0.0216108    -0.029495 -0.000624544  -0.00249833 -0.0303302 -0.0703275 0.00191873 1 0 0 15125
               200.7 -5.37424  12.0288 -94.3665 -0.189123 -0.158754 0.0112766  -0.0107424  -0.0108694 0.000584653   -0.0294907 -0.000613703  -0.00249854 -0.0305812 -0.0703131 0.00213513 1 0 0 15183
               200.8 -5.35199  11.9581 -94.3442 -0.187647 -0.158309   0.01163  0.00906361  0.00348257 -0.00121428   -0.0295015 -0.000614818  -0.00249789 -0.0304077 -0.0705395 0.00213949 1 0 0 14974
               200.9 -5.39414  11.9388  -94.356 -0.188233 -0.158078 0.0116857  -0.0103416 0.000841397 -0.00255288   -0.0295056 -0.000622929  -0.00249758 -0.0304159 -0.0704551  0.0021161 1 0 0 15089
             200.999 -5.26172  11.9413 -94.3797 -0.187612 -0.157472 0.0104674 -0.00198522  0.00597119  -0.0139116   -0.0295013 -0.000617191  -0.00249234 -0.0303423 -0.0706638 0.00217639 1 0 0 14911
               201.1 -5.15647  11.9748 -94.4157  -0.187797  -0.158985 0.00927484 -0.0063618 -0.0132706 -0.0118278   -0.0295131 -0.000618592  -0.00249586  -0.030511 -0.0707003 0.00209717 1 0 0 14997
               201.2 -5.2805 12.0305 -94.455  -0.187736  -0.159278 0.00830949 -0.00303165 -0.00216776  -0.0122698   -0.0294989 -0.000615072  -0.00249068 -0.0304103 -0.0707748 0.00210376 1 0 0 15028
               201.3 -5.27991  11.9275 -94.4121   -0.1875 -0.158038 0.0111956 -0.00457971  0.00601808   0.0159785    -0.029522 -0.000621423  -0.00250016 -0.0302288 -0.0707902   0.001793 1 0 0 15091
               201.4 -5.37116   11.974 -94.3998 -0.186915 -0.156665 0.0106134  0.00143851   0.0149001 -0.00131983   -0.0295117 -0.000618622  -0.00249506 -0.0301603 -0.0709318 0.00198392 1 0 0 14923
               201.5 -5.33039  11.9711 -94.4253 -0.186473 -0.158028 0.0121998 -0.00372105  -0.0109907   0.0114996 -0.0295313 -0.0006266 -0.0024953 -0.0303713 -0.0709982 0.00176133 1 0 0 15097
               201.6 -5.40379  11.9574 -94.4437 -0.186949 -0.157938 0.0104595 -0.00828332   0.0011726  -0.0124634   -0.0295161 -0.000616217  -0.00249379 -0.0302986 -0.0710491 0.00201701 1 0 0 15119
               201.7 -5.41995  11.9829 -94.4875 -0.187557 -0.158174 0.0118481  -0.0105866 -0.00383478  0.00786552   -0.0295228 -0.000628587  -0.00249861 -0.0302847  -0.071066 0.00179303 1 0 0 14976
               201.8  -5.4051  11.8952 -94.4439 -0.185531 -0.157847 0.0106496    0.013576  0.00407001 -0.00877459    -0.029521 -0.000618047  -0.00249918 -0.0302016 -0.0713737 0.00194789 1 0 0 15088
               201.9 -5.43152  11.7921 -94.3764 -0.185343 -0.156892 0.0115316 -0.00275111  0.00661323  0.00146117   -0.0295202 -0.000621117   -0.0025023 -0.0301445 -0.0712694 0.00179347 1 0 0 14987
                 202  -5.1931   11.783 -94.3666  -0.18655 -0.157885 0.0105644  -0.0145995 -0.00349014  -0.0035119   -0.0295253 -0.000613901  -0.00249553 -0.0303266  -0.071264 0.00185196 1 0 0 15080
               202.1  -5.3597   11.551 -94.3746  -0.187355  -0.157687 0.00964572   -0.014063 -0.00139845 -0.00924483   -0.0295164 -0.000620345   -0.0024965 -0.0302659 -0.0713484 0.00191994 1 0 0 14874
               202.2 -5.37685  11.5275 -94.3614  -0.189084  -0.157426 0.00887675 -0.0211744 0.00125995 -0.0111985    -0.029508 -0.000616066  -0.00249264 -0.0302175 -0.0713461 0.00190142 1 0 0 15180
             202.299 -5.31483  11.5876 -94.3618   -0.18817  -0.155614 0.00889564 0.000655141   0.0134469 -0.00675716   -0.0295134 -0.000627162  -0.00249884 -0.0300085 -0.0716121 0.00181631 1 0 0 14718
               202.4 -5.40675  11.7857 -94.4392 -0.186346 -0.154926 0.0079469  0.0076178 0.00801374 -0.0113685   -0.0295107 -0.000632729  -0.00249952 -0.0300154 -0.0718291 0.00181155 1 0 0 15084
               202.5 -5.08313  11.6915 -94.4314  -0.186766  -0.154789 0.00796329  -0.00440172    0.0034361 -0.000314602   -0.0295229 -0.000626407  -0.00250091 -0.0300964  -0.071732 0.00170555 1 0 0 14719
               202.6 -5.28132  11.6686  -94.515 -0.186979 -0.155817   0.01064 -0.00500068  -0.0094153   0.0201996   -0.0295123 -0.000633617  -0.00249335 -0.0301724 -0.0717482 0.00145004 1 0 0 15117
               202.7 -5.29425  11.6881 -94.4232  -0.18832 -0.155534 0.0105078 -0.0165751 0.00215569 0.00445338     -0.02951 -0.000628027  -0.00250017 -0.0300894 -0.0717277 0.00165938 1 0 0 15009
               202.8  -5.1863  11.7435 -94.2729 -0.186558 -0.154871 0.0106643 0.00863416  0.0109843   0.000358   -0.0295145 -0.000633259  -0.00249806 -0.0300368 -0.0720491 0.00166734 1 0 0 15028
               202.9 -4.86992  11.8146 -93.9434  -0.185111  -0.153717 0.00784505  0.0131599  0.0189996 -0.0225175   -0.0295121 -0.000625773  -0.00250515 -0.0300945 -0.0721562   0.001887 1 0 0 14939
             202.999 -4.72357  12.1704 -93.3828  -0.183576  -0.152786 0.00758151   0.0187843   0.0167125 -0.00956338   -0.0295287 -0.000633189  -0.00250724 -0.0301942 -0.0721452   0.001672 1 0 0 15020
             203.099 -3.72072  12.2047  -91.671  -0.181427  -0.149266 0.00854877 0.0279615 0.0393136 0.0069427    -0.029543 -0.000631587  -0.00254062 -0.0300822 -0.0720741 0.00155573 1 0 0 14807
               203.2 -2.31455  12.5908 -89.4963 -0.175535  -0.14524 0.0123079 0.0600513 0.0412838   0.04275  -0.0295657 -0.00063967 -0.00255362 -0.0300792 -0.0722339 0.00130358 1 0 0 14851
               203.3 -0.972793   12.3285  -86.9683 -0.171266 -0.137598 0.0159454   0.04869 0.0916356 0.0227014   -0.0295534 -0.000643159  -0.00254835 -0.0299373 -0.0721282 0.00133727 1 0 0 14954
               203.4 0.0258032    11.244  -84.4541 -0.166025 -0.129229 0.0138868 0.0572254 0.0943328 -0.013873   -0.0295503 -0.000621118  -0.00255829  -0.030112 -0.0721431 0.00166838 1 0 0 14504
               203.5 0.134881  10.3103 -82.5626 -0.156704 -0.119372 0.0109419  0.0822239  0.0918434 -0.0202971   -0.0295249 -0.000623279   -0.0025434 -0.0300981 -0.0724776 0.00183475 1 0 0 14682
               203.6 -0.85789  9.67244 -81.9103  -0.147681   -0.11064 0.00953207  0.0548906   0.065387 -0.0208184   -0.0295059 -0.000628231  -0.00252019 -0.0300082 -0.0727517 0.00183626 1 0 0 14280
               203.7 -0.53147  9.79192 -81.7739  -0.144503  -0.106797 0.00763587 -0.00487564   0.0244479  -0.0345053   -0.0295273 -0.000647083  -0.00251146 -0.0300724 -0.0728619  0.0017267 1 0 0 14389
               203.8  0.67989  9.93295 -81.9199  -0.147693  -0.106441 0.00668237  -0.040315 0.00170704 -0.0195051   -0.0295457 -0.000653195  -0.00250134 -0.0301806 -0.0727295 0.00143343 1 0 0 14226
               203.9  1.01637  9.90641 -82.2311  -0.151798  -0.108087 0.00601995 -0.0363394 -0.0164565 0.00298805   -0.0295285 -0.000639188  -0.00249692 -0.0303027 -0.0726803 0.00135523 1 0 0 14276
                 204 0.594386  9.71729 -82.4902 -0.153417  -0.10718   0.00698 -0.0236019 0.00289525  0.0039572   -0.0295088 -0.000642096  -0.00249904 -0.0300747 -0.0728938 0.00140425 1 0 0 14084
             204.099 0.954334  9.84744 -82.5763  -0.154735  -0.104464 0.00649833  -0.0171694   0.0269347 -0.00205933   -0.0295214 -0.000652315   -0.0025021 -0.0299136 -0.0730472 0.00152341 1 0 0 14405
               204.2   1.0203  9.31877 -82.7096 -0.156252 -0.103545  0.004458 -0.0159272 0.00873842 -0.0153629   -0.0295129 -0.000635365  -0.00249922 -0.0300692 -0.0730635 0.00166748 1 0 0 14052
               204.3 0.971172  9.57279 -82.9367  -0.158821  -0.102933 0.00355042 -0.0312078 0.00124592 -0.0195538  -0.0295153 -0.00064941 -0.00249538 -0.0300134 -0.0730282 0.00157404 1 0 0 14359
               204.4 0.992804  9.94997 -83.2117  -0.159561  -0.104108 0.00212848 -0.0111443 -0.0100985 -0.0186586  -0.0295125 -0.00065453  -0.0024969 -0.0301326  -0.073232 0.00146348 1 0 0 14309
               204.5 0.995919  10.4258 -83.3778 -0.159771 -0.106072 0.0032332 -0.00470489  -0.0169053   0.0142714   -0.0295234 -0.000657017  -0.00249557 -0.0301967 -0.0733009 0.00126305 1 0 0 14422
               204.6 0.841601  10.1611 -83.3503  -0.157265  -0.107517 0.00535627   0.0227365 -0.00818988   0.0272037   -0.0295248 -0.000643139  -0.00250061 -0.0302443 -0.0735261 0.00128556 1 0 0 14218
               204.7 0.710635  9.86123 -83.2482  -0.156715  -0.104324 0.00814035 0.00762081  0.0269299  0.0248532    -0.029545 -0.000641768  -0.00251094  -0.029923 -0.0734002 0.00136127 1 0 0 14432
               204.8 0.493531   9.5932 -83.1904  -0.154249  -0.100881 0.00814824    0.0138181    0.0335674 -0.000616962   -0.0295379 -0.000653026  -0.00250531 -0.0299046 -0.0736082 0.00154558 1 0 0 14388
               204.9 0.462527  9.41105 -83.3918   -0.15587  -0.101256 0.00404025  -0.0198901 -0.00169344  -0.0369244  -0.0295487 -0.00064329 -0.00250033  -0.030199 -0.0733972 0.00174207 1 0 0 14279
                 205 0.665634  9.72224 -83.5024  -0.156896   -0.10191 0.00310379  -0.0135621 -0.00233857 -0.00999674  -0.0295469 -0.00066521 -0.00249955 -0.0302284  -0.073508 0.00151746 1 0 0 14384
             205.099 0.524539  9.49295   -83.52  -0.157975  -0.101356 0.00523391 -0.0120753 0.00454338  0.0201515    -0.029548 -0.000651977  -0.00250352 -0.0301646 -0.0735314 0.00130617 1 0 0 14404
             205.199 0.188911  9.54038 -83.5059  -0.156907  -0.100902 0.00903001  0.00111901 -0.00300613   0.0394558   -0.0295388 -0.000658061  -0.00250018 -0.0301423 -0.0737428 0.00119338 1 0 0 14343
               205.3 0.765226  9.43898 -83.3121 -0.156157 -0.101014 0.0152721 0.00417379 -0.0137165  0.0708679  -0.0295627 -0.00065932 -0.00250667 -0.0300506 -0.0738433 0.00115925 1 0 0 14279
               205.4 1.11084 9.30674 -83.082 -0.155975 -0.103952 0.0188229 -0.000771019   -0.0289771    0.0406323   -0.0295604 -0.000659871  -0.00250626 -0.0301315 -0.0738601 0.00143938 1 0 0 14764
               205.5 0.785794  9.06376 -82.9321 -0.153359 -0.105546 0.0211917  0.0277362  0.0031737 0.00682357   -0.0295521 -0.000653378  -0.00250771 -0.0301776 -0.0740659  0.0014865 1 0 0 14673
               205.6 0.595778  9.06848 -82.7877 -0.150869 -0.104552 0.0193839  0.0280924  0.0096419 -0.0323194   -0.0295464 -0.000668208  -0.00250468 -0.0301758 -0.0740228  0.0015026 1 0 0 14732
             205.699  0.51514  9.33652 -82.5918 -0.149778 -0.104273 0.0133296    0.010502 -0.00595334  -0.0537497   -0.0295433 -0.000663369  -0.00250469 -0.0301676 -0.0738853 0.00170875 1 0 0 14554
               205.8 0.123378  9.98838 -82.6759 -0.146809 -0.105702 0.0107393   0.0170185 -0.00838213  -0.0273971   -0.0295555 -0.000674091  -0.00249748 -0.0302342 -0.0741148 0.00152308 1 0 0 14362
             205.899 0.128274  9.64616 -82.9137 -0.146343 -0.106838 0.0101833 -0.00343352  -0.0121831 -0.00678615   -0.0295458 -0.000658391  -0.00248781 -0.0302679  -0.074072 0.00135662 1 0 0 14513
             205.999 0.458079  9.35529 -83.0323 -0.145285 -0.106382 0.0124257 -0.00251143  -0.0121352   0.0120838   -0.0295711 -0.000661888  -0.00250069 -0.0300327 -0.0742892 0.00116049 1 0 0 14173
               206.1 0.379698  9.93927 -83.1871 -0.145512 -0.109097 0.0101025 -0.00492326  -0.0210875 -0.00715621  -0.0295537 -0.00066688  -0.0024976 -0.0301732 -0.0743408 0.00145226 1 0 0 14461
             206.199 0.742034  10.0263 -83.1525 -0.145429 -0.111887 0.0131301 -0.00043966  -0.0220783   0.0283044   -0.0295789 -0.000664517  -0.00250332 -0.0302279 -0.0743956  0.0012075 1 0 0 14291
