  0.296849  0.00358788  0.00142278 -0.00991448  -0.0268284 -0.00410871    0.990138
  0.301245 0.00784894 0.00142278 -0.0131103 -0.0115696 0.00443621   0.979884
  0.306869  0.00465315 -0.00283828  -0.0163061 -0.00107155    0.012737    0.982814
  0.311057 -0.00227107 -0.00869724  -0.0141755 -0.00351295   0.0137136    0.998073
  0.316849 -0.00919529  -0.0113604 -0.00991448 -0.0163303 0.00724383     1.0137
   0.32111  -0.0123911 -0.00922987 -0.00938185  -0.0302464 -0.00117902     1.01931
  0.326851  -0.0123911 -0.00337091  -0.0115124 -0.0352512 -0.0061839    1.01113
  0.331151 -0.0102606 0.00248804 -0.0125776  -0.0289036 -0.00398664    0.994533
  0.336864 -0.00333633  0.00195541  -0.0147082 -0.0162083 0.00223895   0.982936
  0.340943 0.000392091 -0.00283828  -0.0157734 -0.00571022  0.00895282    0.983546
  0.346859 -0.00706476 -0.00656671  -0.0168387 -0.00546608   0.0117604    0.995387
  0.351364  -0.0107932 -0.00922987  -0.0152408 -0.0148655 0.00785418    1.01004
  0.356872  -0.0113258 -0.00709934  -0.0109797 -0.0265842 0.00138446    1.01541
  0.360934 -0.00972792 -0.00177302  -0.0109797  -0.0315891 -0.00435285     1.00796
  0.366875   0.00305525 -0.000175121  -0.00938185  -0.0264622 -0.00410871    0.993434
   0.37147   0.00731631 -0.000707753   -0.0115124 -0.0149876  0.0028493   0.982692
   0.37687  0.00465315 -0.00390355  -0.0152408 -0.00558815  0.00968524    0.985744
  0.381116 0.00358788 -0.0102951 -0.0109797 -0.00644264   0.0118825    0.999782
  0.386859 -0.00493423  -0.0124257 -0.00831658 -0.0177952 0.00724383    1.01406
  0.391034  -0.0118585 -0.00763197 -0.00831658  -0.0309788 -0.00215558     1.01809
  0.396848 -0.00653213 -0.00177302 -0.00831658   -0.034763 -0.00838117     1.00747
  0.400982 0.000924724  0.00195541  -0.0115124  -0.026218 -0.0049632   0.990748
  0.408841 0.00625105 0.00195541 -0.0141755 -0.0114475 0.00443621   0.979884
  0.411628  0.00784894 -0.00337091  -0.0125776 -0.000705337    0.0126149     0.982204
  0.416559 -0.00173844 -0.00869724  -0.0147082 -0.00217018   0.0133473    0.996974
  0.421172 -0.0113258 -0.0102951 -0.0157734 -0.0148655  0.0073659    1.01284
  0.426924  -0.0155869 -0.00763197  -0.0115124  -0.0293919 -0.00105695     1.01882
  0.431045  -0.0150542 -0.00283828   -0.012045  -0.0351292 -0.00691632     1.01126
  0.436852 -0.00759739 0.000890144  -0.0136429  -0.0292698 -0.00447492    0.995631
  0.443716 0.00198999 0.00195541 -0.0125776 -0.0163303 0.00272723    0.98379
  0.447061  0.00518578 -0.00177302  -0.0136429 -0.00607643  0.00956317    0.984035
   0.45125  -0.0028037 -0.00763197  -0.0157734 -0.00534401   0.0120046    0.995875
   0.45785 -0.00972792  -0.0102951  -0.0141755 -0.0142551 0.00822039    1.01016
  0.463743  -0.0145216 -0.00709934  -0.0141755 -0.0267063 0.00126239    1.01516
  0.466867  -0.0129237 -0.00177302  -0.0131103 -0.0320774 -0.0049632    1.00735
  0.471411  0.00252262 0.000890144 -0.00565342  -0.0269505 -0.00447492    0.992946
  0.476852   0.00838158 -0.000175121  -0.00831658 -0.0147434 0.00223895    0.98257
  0.481248  0.00571841 -0.00443618  -0.0136429 -0.00461159  0.00980731    0.985622
  0.486872 0.00145736 -0.0097625 -0.0109797 -0.00571022   0.0123708    0.999904
  0.490996 -0.00706476  -0.0113604 -0.00991448  -0.017551 0.00663348     1.0137
   0.49685 -0.00972792 -0.00763197 -0.00725132 -0.0308567  -0.002888    1.01724
  0.500964 -0.00493423 -0.00177302 -0.00512079  -0.0354954 -0.00838117     1.00686
  0.506851 -0.000673173   0.00195541   -0.0104471   -0.027927 -0.00471906    0.990382
  0.511181  0.00465315 0.000890144  -0.0136429 -0.0127903    0.00407   0.979884
  0.518636  0.00891421 -0.00337091  -0.0115124 -0.00155983   0.0120046    0.981959
  0.521086  0.00252262 -0.00869724  -0.0131103 -0.00278053   0.0135915    0.996974
  0.526866 -0.00972792  -0.0097625  -0.0147082 -0.0141331 0.00883075    1.01284
  0.531073  -0.0166521 -0.00656671   -0.012045 -0.0278049 0.00138446    1.01821
  0.536877  -0.0113258 -0.00337091 -0.00991448  -0.0340305 -0.00484113     1.01126
   0.54253 -0.00493423 0.000357511  -0.0104471  -0.0290257 -0.00349836    0.995387
  0.546924 -0.00227107  0.00195541  -0.0141755  -0.017429 0.00236102   0.983302
  0.550947  0.00465315 -0.00283828  -0.0136429 -0.0074192 0.00809832   0.983668
  0.556849  0.00252262 -0.00869724  -0.0131103 -0.00668678   0.0112722    0.995143
  0.563645 -0.00653213  -0.0097625  -0.0147082 -0.0159641 0.00785418    1.01016
  0.566883 -0.00866266 -0.00763197 -0.00991448  -0.0278049 0.000163754     1.01602
  0.571106 -0.00813002 -0.00283828 -0.00884921  -0.0326878 -0.00593976     1.00735
  0.576852 -0.0028037 0.00142278 -0.0115124  -0.0270725 -0.00508527    0.991847
   0.58252  0.00625105 0.000890144 -0.00991448 -0.0147434  0.0028493   0.981227
  0.586849  0.00252262 -0.00337091  -0.0152408 -0.00473366   0.0112722    0.984401
  0.591106 -0.00386897 -0.00869724  -0.0173713 -0.00571022   0.0133473    0.999782
  0.596843 -0.00386897   -0.011893 -0.00884922 -0.0179173 0.00724383    1.01455
  0.600973 -0.0134563 -0.0081646 -0.0104471  -0.0319553 -0.00227765     1.01895
  0.606898  -0.0155869 -0.00177302  -0.0136429  -0.0363499 -0.00813703     1.00955
     0.611 -0.00493423  0.00195541  -0.0115124   -0.027927 -0.00520734    0.992335
  0.616854 0.00145736 0.00195541 -0.0152408 -0.0129124 0.00370379   0.980128
   0.62151  0.00198999 -0.00230565   -0.017904 -0.00192604   0.0118825    0.980983
  0.626513 -0.000140541   -0.0081646   -0.0152408 -0.00278053   0.0139577    0.995509
  0.632525 -0.00972792  -0.0102951  -0.0152408 -0.0142551 0.00883075    1.01187
  0.638527 -0.0171848 -0.0081646 -0.0131103  -0.0273167 0.000896175     1.01834
  0.641104  -0.0113258 -0.00390355 -0.00831658 -0.0332981 -0.0049632    1.01211
  0.646868 -0.00493423 0.000357511 -0.00938185  -0.0293919 -0.00459699    0.996486
  0.651104 -0.00173844 0.000890144  -0.0125776  -0.0177952 0.000896175    0.983913
  0.656651  0.00198999 -0.00230565  -0.0131103 -0.00754127  0.00761004    0.983424
  0.660965 -0.00386897 -0.00709934  -0.0152408 -0.00656471   0.0107839    0.994533
  0.666878 -0.00919529  -0.0102951  -0.0131103 -0.0147434 0.00785418    1.00979
  0.671401 -0.00813002 -0.00763197 -0.00565342 -0.0265842 0.00150653    1.01675
  0.676551 -0.00866266 -0.00230565 -0.00778395  -0.0320774 -0.00435285     1.00906
  0.680981 0.000924723 0.000357511 -0.00938185  -0.0265842 -0.00386457    0.993678
  0.686862    0.0115774 -0.000175121  -0.00938185 -0.0141331 0.00321551   0.981593
   0.69138  0.00784894 -0.00390355  -0.0152408 -0.00375709   0.0113942    0.983058
  0.698573 0.000924724 -0.00869724  -0.0131103 -0.00509987   0.0135915    0.998317
  0.700985  -0.0059995  -0.0113604 -0.00938185 -0.0173069 0.00748797    1.01406
  0.706856  -0.0134563 -0.00869724 -0.00991448  -0.031345 -0.0016673    1.01956
  0.711167 -0.00706476 -0.00337091 -0.00565342  -0.0368382 -0.00728254     1.01052
  0.716584  0.00305525  0.00142278 -0.00512079 -0.0292698 -0.0049632    0.99319
  0.721107 0.00412052 0.00248804 -0.0136429 -0.0146214 0.00309344   0.980617
  0.727723  0.00252262 -0.00124039  -0.0173713 -0.00363502    0.011028    0.980861
  0.731072 -0.00173844 -0.00709934  -0.0163061 -0.00387917   0.0133473    0.994166
  0.738549 -0.00972792  -0.0102951  -0.0168387 -0.0136448 0.00907489     1.0104
  0.741147 -0.0129237 -0.0081646 -0.0136429 -0.0265842 0.00138446    1.01773
  0.746885 -0.00813002 -0.00390355 -0.00991448  -0.0335423 -0.00459699      1.0115
  0.751289 -0.000673173 -0.000175121  -0.00938185  -0.0286594 -0.00435285    0.996242
  0.756856  0.00412052 0.000890144 -0.00991448 -0.0173069 0.00126239   0.984401
  0.761018  0.00252262 -0.00283828  -0.0141755 -0.00754127  0.00822039    0.984157
  0.766878 -0.00333633 -0.00869724  -0.0184366 -0.00656471   0.0117604    0.995631
   0.77134 -0.00653213  -0.0113604  -0.0147082 -0.0155979 0.00748797    1.01101
  0.777529 -0.00759739 -0.00763197 -0.00938185   -0.0273167 -8.03873e-05      1.01699
  0.780929 -0.00546686 -0.00177302 -0.00778395  -0.0325657 -0.00532941     1.00808
  0.787529 0.000924724 0.000890144 -0.00778395  -0.0265842 -0.00520734    0.991847
  0.791174 0.00518578 0.00142278 -0.0136429 -0.0130344 0.00248309   0.980617
  0.796855  0.00358788 -0.00230565  -0.0173713 -0.0016819  0.0117604   0.983058
  0.801152 -0.00173844 -0.00869724  -0.0163061 -0.0029026  0.0143239   0.998073
  0.806868 -0.00919529  -0.0113604  -0.0141755 -0.0159641 0.00809832     1.0137
  0.811069  -0.0145216  -0.0081646 -0.00938185  -0.0312229 -0.00178937     1.01956
  0.816855  -0.0129237 -0.00177302 -0.00778395  -0.0374485 -0.00789289     1.01126
  0.821084 -0.00653213  0.00248804 -0.00938185  -0.0301243 -0.00606183      0.9938
   0.82688 -0.000673173   0.00302067   -0.0131103 -0.0158421 0.00150653   0.980617
  0.831259 -0.000140541  -0.00124039   -0.0184366 -0.00473366  0.00968524    0.980495
  0.836678 -0.00173844 -0.00763197   -0.017904 -0.00326881   0.0128591    0.993678
  0.841063 -0.0059995 -0.0102951 -0.0152408 -0.0119358 0.00883075    1.00979
  0.846866  -0.0134563 -0.00922987  -0.0136429 -0.0254856 0.00211688    1.01724
  0.850998  -0.0134563 -0.00496881  -0.0115124  -0.0324436 -0.00398664     1.01187
  0.856862  -0.00813002 -0.000175121   -0.0131103  -0.0287815 -0.00447492    0.997096
  0.861271 -0.00333633 0.000890144  -0.0147082  -0.0185276 0.000774105    0.984523
  0.866884  -0.0028037 -0.00177302   -0.017904 -0.0082737 0.00712176   0.984157
  0.871112 -0.00706476 -0.00709934  -0.0184366 -0.0061985  0.0112722   0.995509
  0.876855 -0.0113258 -0.0102951 -0.0147082 -0.0146214 0.00822039    1.01065
  0.881243  -0.0161195 -0.00656671  -0.0131103  -0.0268284 0.000529964     1.01748
  0.887523  -0.0129237 -0.00124039 -0.00991448  -0.0326878 -0.00545148     1.00894
  0.891054 -0.000673173   0.00142278  -0.00778395 -0.0273167 -0.0049632    0.99319
  0.899528  0.00731631 0.000890144   -0.012045  -0.014011 0.00236102   0.981471
  0.901354  0.00678368 -0.00337091  -0.0141755 -0.00241432   0.0116384    0.982692
  0.906876  0.00198999 -0.00922987  -0.0115124 -0.00229225   0.0143239    0.997584
  0.910938 -0.00759739   -0.011893  -0.0125776 -0.0148655 0.00809832    1.01321
   0.91686  -0.0123911 -0.00922987  -0.0104471  -0.0304905 -0.00130109     1.01931
  0.923511 -0.00706476 -0.00337091 -0.00618605  -0.0370823 -0.00716047      1.0115
  0.926662 -0.000673173   0.00142278  -0.00938185  -0.0311008 -0.00532941    0.994655
  0.931285 0.00412052 0.00142278 -0.0125776 -0.0171848 0.00187274   0.981471
  0.936885  0.00518578 -0.00230565  -0.0147082 -0.00509987  0.00956317    0.980739
  0.940982 0.000392091 -0.00763197  -0.0168387 -0.00363502   0.0123708    0.993068
  0.946862 -0.00706476  -0.0102951  -0.0152408 -0.0130344 0.00895282    1.00943
  0.951139  -0.0102606 -0.00869724  -0.0115124 -0.0259739 0.00223895     1.0176
  0.957321 -0.00919529 -0.00496881 -0.00991448  -0.0326878 -0.00349836     1.01235
  0.961515 -0.00813002 0.000357511  -0.0125776  -0.0287815 -0.00398664    0.997462
  0.966879 -0.00546686  0.00248804  -0.0147082 -0.0176731 0.00101825   0.984157
  0.971346 0.000392091 -0.00230565  -0.0147082 -0.0074192 0.00822039   0.983668
  0.976739 -0.0012058 -0.0081646 -0.0147082 -0.00595436   0.0123708    0.995753
  0.981091 -0.00919529  -0.0102951  -0.0115124 -0.0149876 0.00883075    1.01065
  0.986864  -0.0107932 -0.00763197 -0.00778395   -0.0281712 -0.000324528      1.01724
  0.991138 -0.00866266 -0.00230565 -0.00991448  -0.0343967 -0.00691632     1.00918
  0.996683 -0.00120581  0.00195541  -0.0115124   -0.027927 -0.00545148    0.992213
     1.001  0.00784894  0.00142278 -0.00938185 -0.0138889 0.00211688   0.980617
   1.00687  0.00571841 -0.00283828  -0.0125776 -0.00204811   0.0105397    0.981837
   1.01251  0.00198999 -0.00869724  -0.0136429 -0.00180397   0.0138356    0.995998
   1.01666 -0.000140541   -0.0129583  -0.00725132 -0.0143772 0.00822039    1.01248
   1.02097 -0.00706476  -0.0102951 -0.00618606  -0.0298801 -0.00130109     1.01919
   1.02687 -0.00919529 -0.00390355 -0.00831658  -0.0361057 -0.00764875     1.01235
   1.03105 -0.00333633  0.00142278 -0.00831658  -0.0303684 -0.00630597    0.995875
   1.03688 0.000924723  0.00302067  -0.0136429 -0.0179173 0.00101825   0.983058
   1.04109   0.00198999 -0.000707753   -0.0173713 -0.00632057  0.00895282    0.982204
   1.04687 -0.000673173  -0.00709934   -0.0147082 -0.00375709   0.0128591    0.992824
   1.05108 -0.00919529  -0.0102951  -0.0157734 -0.0120579 0.00919696    1.00808
   1.05686 -0.0113258 -0.0081646 -0.0136429  -0.024387 0.00223895    1.01626
    1.0611  -0.0102606 -0.00443618  -0.0125776  -0.0311008 -0.00337629     1.01126
    1.0669  -0.00972792 -0.000707753   -0.0163061  -0.0282932 -0.00435285    0.997218
   1.07133  -0.0059995 0.000890144  -0.0157734  -0.0176731 0.000652035    0.984401
   1.07688 0.000392091 -0.00283828  -0.0147082 -0.00729713  0.00809832     0.98379
   1.08094 0.000924723 -0.00922987  -0.0147082 -0.00632057   0.0124929    0.996242
   1.08687 -0.0102606 -0.0113604 -0.0131103 -0.0160862 0.00895282    1.01126
   1.09129  -0.0134563  -0.0081646 -0.00884921   -0.0295139 -8.03871e-05      1.01797
   1.09686  -0.0059995 -0.00390355 -0.00618605  -0.0356174 -0.00630597     1.00967
   1.10097 -0.000673173  0.000890144  -0.00938185  -0.0289036 -0.00435285     0.99258
   1.10688 0.00518578 0.00302067 -0.0136429  -0.014011 0.00345965   0.980495
   1.11251  0.00678368 -0.00177302  -0.0152408 -0.00204811   0.0120046    0.981471
   1.11686 0.000924724 -0.00922987  -0.0141755 -0.00204811    0.014568    0.995509
   1.12104  -0.0044016   -0.011893 -0.00991448 -0.0141331 0.00883075    1.01174
   1.12687  -0.0107932 -0.00922987 -0.00831658   -0.0292698 -8.03871e-05      1.01944
   1.13111  -0.0129237 -0.00390355  -0.0104471  -0.0357395 -0.00703839     1.01309
   1.13689 -0.00546686 0.000357511   -0.012045  -0.0302464 -0.00569562    0.996852
   1.14143  0.00252262 0.000890144  -0.0147082  -0.017551 0.00175067   0.983424
   1.14687  0.00571841 -0.00177302  -0.0173713 -0.00632057  0.00919696    0.981837
   1.15153  0.00252262 -0.00603408  -0.0168387 -0.00461159    0.012737    0.992457
   1.15687  -0.0059995 -0.00869724  -0.0147082 -0.0125462 0.00931903    1.00772
    1.1611  -0.0123911 -0.00709934  -0.0136429  -0.024387 0.00248309    1.01626
   1.16689  -0.0102606 -0.00283828  -0.0104471   -0.031345 -0.00349836     1.01113
   1.17112  -0.0059995 0.000890144 -0.00991448  -0.0280491 -0.00435285     0.99612
   1.17688 -0.0044016 0.00142278 -0.0152408 -0.0173069 0.00114032    0.98318
   1.18106 0.000392091 -0.00443618  -0.0152408 -0.00693092  0.00834246    0.983546
   1.18688 -0.00014054  -0.0102951  -0.0136429 -0.00534401   0.0117604    0.996486
     1.191 -0.0102606 -0.0113604 -0.0147082 -0.0152317 0.00834246    1.01199
   1.19688  -0.0113258  -0.0097625 -0.00938185   -0.0285374 -0.000690739      1.01907
   1.20131 -0.00653213 -0.00390355 -0.00565342   -0.034763 -0.00789289     1.01065
   1.20853 -0.00333633  0.00248804 -0.00938185  -0.0293919 -0.00655011    0.993068
   1.21252 0.00518578 0.00302067 -0.0115124 -0.0155979 0.00211688   0.980983
   1.21687  0.00838158 -0.00177302  -0.0141755 -0.00278053    0.011028    0.981105
   1.22125 0.00305525 -0.0081646 -0.0147082 -0.00131569   0.0133473    0.994044
    1.2267 -0.00386897  -0.0113604  -0.0115124 -0.0124241 0.00870868     1.0104
   1.23116 -0.00972792  -0.0097625  -0.0109797  -0.0276829 0.000529964      1.0187
   1.23688 -0.00972792 -0.00550144  -0.0115124  -0.0353733 -0.00642804     1.01358
   1.24101 -0.00386897 0.000357511 -0.00938185  -0.0306126 -0.00667218    0.997584
   1.24689 0.00198999 0.00195541 -0.0104471   -0.0186497 -0.000568668     0.984279
   1.25118  0.00198999 -0.00177302  -0.0168387 -0.00766334  0.00724383    0.982936
   1.25674 -0.00014054 -0.00656671  -0.0157734 -0.00522194   0.0116384    0.993312
   1.26099 -0.00706476 -0.00869724  -0.0141755 -0.0126682 0.00883075    1.00784
    1.2669   -0.013989 -0.00763197  -0.0141755 -0.0249973 0.00260516    1.01602
   1.27128 -0.00972792 -0.00443618 -0.00831658  -0.0321995 -0.00337629     1.01089
   1.27676 -0.00546686 0.000890144  -0.0104471  -0.0281712 -0.00447492    0.996242
   1.28098 -0.00173844  0.00248804  -0.0147082 -0.0168186 0.00126239   0.983424
   1.28687  0.00358788 -0.00230565  -0.0131103 -0.0061985 0.00895282   0.983546
   1.29114 0.000924723  -0.0081646  -0.0141755 -0.00522194   0.0128591    0.996608
   1.29687 -0.00919529  -0.0108278  -0.0147082 -0.0158421 0.00822039    1.01211
   1.30119  -0.0129237 -0.00922987  -0.0104471  -0.0303684 -0.00142316     1.01931
   1.30797 -0.00813002 -0.00337091 -0.00778395  -0.0368382 -0.00801496     1.01065
   1.31252 -0.00173844  0.00142278 -0.00938185 -0.0298801 -0.0061839    0.99319
   1.31753  0.00891421  0.00142278 -0.00938185 -0.0151096 0.00223895   0.980617
   1.32451  0.00944684 -0.00283828  -0.0136429 -0.00241432    0.011028    0.980495
   1.32688 0.000924723  -0.0081646  -0.0163061 -0.000949478    0.0138356     0.993678
   1.33151 -0.0044016 -0.0097625 -0.0131103 -0.0118137 0.00919696    1.01016
   1.33851 -0.00866266  -0.0097625  -0.0115124 -0.0270725 0.00138446    1.01858
   1.34111  -0.0107932 -0.00603408  -0.0109797   -0.034885 -0.00508527     1.01358
   1.34687 -0.00653213 0.000357511 -0.00991448  -0.0307346 -0.00508527    0.998317
   1.35454 0.000924723  0.00142278  -0.0115124   -0.019138 0.000529964    0.984767
    1.3571  0.00198999 -0.00177302  -0.0163061 -0.00802956  0.00761004    0.982448
   1.36102  0.00145736 -0.00709934  -0.0157734 -0.00534401   0.0120046    0.991847
    1.3669 -0.0059995 -0.0102951 -0.0152408 -0.0129124  0.0094411    1.00698
   1.37251  -0.0123911 -0.00869724  -0.0141755 -0.0249973 0.00236102    1.01651
   1.37688  -0.0102606 -0.00390355  -0.0115124 -0.0319553 -0.0037425    1.01101
   1.38122 -0.00759739 0.000890144  -0.0141755  -0.0285374 -0.00471906    0.995998
   1.38701 -0.00120581  0.00142278  -0.0152408  -0.0169407 0.000652035    0.983424
     1.391  0.00145736 -0.00283828  -0.0152408 -0.00558815  0.00858661    0.983302
   1.39687 -0.00706476 -0.00709934  -0.0189692 -0.00436745   0.0126149    0.996364
    1.4011  -0.0129237 -0.00922987  -0.0152408 -0.0143772 0.00870868     1.0115
   1.40688  -0.0134563 -0.00869724 -0.00938185   -0.0284153 -0.000446598      1.01895
   1.41122  -0.0118584 -0.00337091 -0.00991448  -0.0359837 -0.00764875     1.01174
   1.41687 -0.00493423  0.00248804 -0.00938185  -0.0306126 -0.00691632    0.994655
   1.42111 0.00145736 0.00248804 -0.0136429 -0.0164524 0.00138446   0.981715
   1.42687  0.00145736 -0.00177302  -0.0195019 -0.00387917   0.0105397    0.980617
   1.43108 -0.00227107 -0.00763197  -0.0168387 -0.00192604   0.0135915    0.992702
   1.43688 -0.00493423   -0.011893  -0.0131103 -0.0113255 0.00968524     1.0093
   1.44121 -0.00813002  -0.0113604   -0.012045 -0.0249973 0.00236102    1.01785
   1.44689 -0.00386897 -0.00656671 -0.00565342  -0.0324436 -0.00459699     1.01345
   1.45102   0.00198999 -0.000707753  -0.00458816   -0.029636 -0.00545148    0.999171
   1.45689 0.000392091  0.00142278  -0.0136429 -0.0195042 4.1683e-05   0.985744
   1.46141  0.00358788 -0.00230565  -0.0152408 -0.00900612  0.00724383    0.982814
   1.46691  0.00305525 -0.00763197  -0.0152408 -0.00595436   0.0113942    0.992457
   1.47112 -0.00333633  -0.0097625  -0.0131103 -0.0124241 0.00870868     1.0082
   1.47687 -0.00653213 -0.00869724 -0.00671869 -0.0247532 0.00199481    1.01675
   1.48125 -0.00759739 -0.00443618 -0.00831658  -0.0324436 -0.00459699     1.01052
   1.48689 -0.00173844 0.000357511   -0.012045  -0.0286594 -0.00508527    0.995143
   1.49112  0.00678368 0.000890144  -0.0115124 -0.0160862 0.00211688   0.982081
   1.49688  0.00678368 -0.00337091  -0.0141755 -0.00485573   0.0107839    0.981715
   1.50101 -0.00120581 -0.00763197  -0.0168387 -0.00461159    0.014446    0.995631
    1.5069 -0.00759739  -0.0097625   -0.012045 -0.0154758 0.00992938    1.01211
   1.51101   -0.013989 -0.00869724  -0.0109797   -0.0302464 -0.000202457      1.01968
   1.51688  -0.0129237 -0.00390355  -0.0115124  -0.0378147 -0.00789289     1.01248
   1.52133 -0.00120581 0.000890144 -0.00618606  -0.0323215 -0.00655011    0.995387
   1.52658 0.00252262 0.00302067  -0.012045 -0.0177952 0.00175067   0.981837
   1.53114   0.00145736 -0.000175121   -0.0184366 -0.00448952   0.0107839     0.97964
   1.53692 -0.000140541  -0.00709934   -0.0157734 -0.00217018   0.0142018    0.991237
   1.54101 -0.0059995 -0.0113604 -0.0147082 -0.0112034  0.0101735    1.00881
   1.54687 -0.0113258 -0.0102951 -0.0131103  -0.024509 0.00297137    1.01797
   1.55103 -0.00972792 -0.00550144  -0.0104471  -0.0326878 -0.00349836      1.0137
   1.55687 -0.00173844 -0.00124039 -0.00884922  -0.0304905 -0.00520734    0.999782
   1.56132   0.00518578 -0.000175121   -0.0104471   -0.0199924 -0.000690739      0.98611
    1.5669  0.00625105 -0.00283828  -0.0125776 -0.00876198  0.00626727    0.983302
   1.57134 0.000924724 -0.00709934  -0.0157734 -0.00558815   0.0106618    0.992335
   1.57671 -0.00493423  -0.0097625  -0.0152408 -0.0126682 0.00834246    1.00686
   1.58109 -0.00706476  -0.0081646 -0.00884922  -0.024509 0.00211688    1.01602
   1.58688 -0.00546686 -0.00337091 -0.00565342  -0.0317112 -0.00435285     1.01028
    1.5912 -0.000673173  0.000890144  -0.00725132  -0.0282932 -0.00557355    0.995021
   1.59689 0.00518578 0.00195541 -0.0104471   -0.01572 0.00101825   0.982692
   1.60106  0.00571841 -0.00177302  -0.0141755 -0.00375709  0.00992938    0.982081
   1.60689 -0.00333633 -0.00603408  -0.0168387 -0.00229225   0.0135915    0.995143
     1.611   -0.013989 -0.00869724  -0.0152408 -0.0131565 0.00895282    1.01138
   1.61687  -0.0155869 -0.00869724   -0.012045   -0.0286594 -0.000324528      1.01919
   1.62113  -0.0129237 -0.00337091  -0.0104471  -0.0363499 -0.00789289     1.01272
   1.62688 -0.00919529  0.00248804  -0.0104471  -0.0312229 -0.00691632    0.996242
   1.63113  0.00252262  0.00248804 -0.00938185  -0.0179173 0.000896175    0.982326
   1.63688   0.00625105 -0.000707753   -0.0125776 -0.00522194   0.0094411    0.979884
   1.64116  0.00145736 -0.00550144  -0.0141755 -0.00253639   0.0131032    0.990993
    1.6469 -0.000673173   -0.0102951  -0.00938185 -0.0116917 0.00919696    1.00772
   1.65114 -0.00706476 -0.00922987  -0.0104471 -0.0246311 0.00187274    1.01736
    1.6569 -0.00813002 -0.00496881 -0.00991448  -0.0326878 -0.00398664     1.01333
   1.66098 -0.000140541 -0.000707753  -0.00618606  -0.0309788 -0.00520734    0.999538
   1.66691   0.00678368 -0.000175121  -0.00884922   -0.0204807 -8.03871e-05     0.985988
   1.67151  0.00784894 -0.00390355  -0.0109797 -0.00925026  0.00773211    0.982936
   1.67662  0.00625105  -0.0081646 -0.00991448 -0.00656471   0.0118825    0.993312
   1.68111 -0.00386897  -0.0102951   -0.012045 -0.0137669 0.00895282    1.00918
   1.68689  -0.0118585 -0.00922987  -0.0109797 -0.026096 0.0016286    1.0176
   1.69142  -0.0102606 -0.00496881 -0.00778395  -0.0336643 -0.00484113     1.01089
   1.69697 -0.00706476  0.00142278  -0.0131103  -0.0295139 -0.00557355    0.995265
   1.70101 -0.000673173   0.00302067   -0.0163061 -0.0162083 0.00150653   0.982448
   1.70694  0.00198999 -0.00124039  -0.0141755 -0.00302467   0.0107839    0.981105
   1.71118 -0.00333633 -0.00709934  -0.0163061 -0.00131569   0.0143239    0.993922
   1.71688 -0.0107932 -0.0102951 -0.0157734 -0.0126682 0.00919696    1.01101
   1.72105  -0.0145216 -0.00869724  -0.0125776    -0.027927 -0.000202457       1.0198
   1.72689  -0.0118584 -0.00390355  -0.0104471  -0.0361057 -0.00667218      1.0137
   1.73147  -0.0044016 0.000890144  -0.0104471  -0.0324436 -0.00691632    0.997096
   1.73653  0.00412052 0.000890144  -0.0125776   -0.0193821 -0.000690739      0.98318
   1.74121  0.00891421 -0.00283828  -0.0141755 -0.0061985 0.00797625   0.980006
   1.74689  0.00784894 -0.00763197  -0.0131103 -0.00302467   0.0123708    0.990626
   1.75097 0.000924724  -0.0097625  -0.0109797 -0.0110813 0.00980731    1.00772
   1.75689  -0.0059995 -0.00869724  -0.0104471 -0.0235325 0.00370379    1.01712
   1.76124 -0.00493423 -0.00496881 -0.00884921   -0.031345 -0.00227765     1.01321
   1.76691 -0.00014054 0.000357511 -0.00938185  -0.0293919 -0.00435285    0.999415
   1.77112   0.00731631 -0.000175121  -0.00991448   -0.01926 4.1683e-05   0.986232
   1.77688  0.00518578 -0.00283828  -0.0136429 -0.00863991  0.00724383    0.983668
   1.78122 -0.00333633 -0.00550144  -0.0168387 -0.00656471   0.0116384    0.993434
   1.78672 -0.00813002 -0.00922987  -0.0131103 -0.0135227 0.00883075    1.00869
   1.79101  -0.0134563 -0.00763197   -0.012045  -0.0254856 0.000896175     1.01699
   1.79688  -0.0123911 -0.00283828  -0.0115124  -0.0341526 -0.00606183     1.01065
   1.80141 -0.00546686  0.00195541  -0.0125776 -0.0308567 -0.0061839   0.995021
   1.80689 -0.000140541   0.00355331   -0.0157734 -0.0171848 0.00126239   0.981715
   1.81106 0.000392091 -0.00124039  -0.0173713 -0.00375709   0.0102956    0.980861
   1.81689 -0.00227107  -0.0081646  -0.0168387 -0.00192604   0.0142018    0.994044
   1.82115 -0.0123911 -0.0113604 -0.0163061 -0.0129124 0.00980731    1.01065
   1.82665 -0.0187827 -0.0097625 -0.0147082  -0.0281712 0.000774105     1.01956
    1.8311  -0.0102606 -0.00550144 -0.00778395  -0.0368382 -0.00642804     1.01419
   1.83688 -0.00227107 0.000357511 -0.00884921  -0.0326878 -0.00642804    0.997951
   1.84113 0.00678368 0.00195541 -0.0131103   -0.0193821 -8.03872e-05      0.98379
   1.84695     0.01211 -0.00177302  -0.0136429 -0.00668678  0.00773211    0.980739
   1.85126  0.00412052 -0.00603408  -0.0157734 -0.00326881   0.0121266    0.990626
   1.85688 -0.00173844  -0.0097625  -0.0115124  -0.010471 0.00980731     1.0065
   1.86127 -0.00333633  -0.0097625 -0.00831658 -0.0225559 0.00358172    1.01626
   1.86691 -0.00386897 -0.00550144 -0.00938185 -0.0309788  -0.002888    1.01321
    1.8711  -0.00120581 -0.000707753  -0.00991448  -0.0300022 -0.00484113    0.999782
   1.87689  0.00465315 0.000890144  -0.0109797   -0.0203587 -0.000324528     0.985622
   1.88125  0.00305525 -0.00124039  -0.0163061 -0.00851784  0.00626727    0.982081
   1.88689 -0.00173844 -0.00656671  -0.0189692 -0.0049778  0.0109059   0.992946
   1.89103 -0.00813002  -0.0108278  -0.0157734 -0.0131565 0.00883075    1.00906
   1.89689  -0.0171848 -0.00869724  -0.0141755  -0.0268284 0.000896175     1.01785
   1.90124   -0.013989 -0.00337091 -0.00991448 -0.0350071 -0.0061839    1.01138
   1.90689 -0.00653213 0.000357511  -0.0125776  -0.0311008 -0.00667218    0.995021
    1.9113 -0.0028037 0.00195541 -0.0195019  -0.0177952 0.000529964    0.982081
    1.9169  -0.00120581 -0.000707753   -0.0184366 -0.00400124  0.00992938    0.980495
   1.92096  -0.0028037 -0.00709934  -0.0173713 -0.00131569   0.0145681    0.992702
    1.9269 -0.0102606 -0.0108278 -0.0168387 -0.0114475  0.0106618    1.00967
   1.93106 -0.0150542 -0.0102951  -0.012045 -0.0264622 0.00199481    1.01931
   1.93688  -0.0107932 -0.00550144 -0.00671869  -0.0354954 -0.00520734     1.01541
   1.94136  -0.00493423 -0.000175121  -0.00725132  -0.0324436 -0.00606183     1.00015
   1.94666  0.00518578 0.000357511 -0.00671869   -0.0203587 -0.000324528     0.985622
   1.95113  0.00891421 -0.00230565 -0.00938185 -0.00778542  0.00699969    0.981715
    1.9569 0.000392091 -0.00603408  -0.0163061 -0.00387917   0.0116384    0.990138
   1.96103 -0.00333633 -0.00922987  -0.0131103 -0.0107151 0.00968524     1.0054
   1.96692  -0.0044016 -0.00922987 -0.00884922  -0.022678 0.00358172    1.01528
   1.97153 -0.00493423 -0.00603408 -0.00831658  -0.0306126 -0.00227765     1.01211
    1.9766 0.000924723 -0.00177302 -0.00618606  -0.0295139 -0.00447492    0.998805
   1.98108  0.00518578 0.000357511 -0.00884922   -0.0196262 -0.000202458     0.985377
    1.9869  0.00305525 -0.00124039  -0.0141755 -0.0082737 0.00687762   0.982936
   1.99131 -0.000140541  -0.00550144   -0.0136429 -0.00534401   0.0111501      0.9938
   1.99697 -0.00972792  -0.0097625  -0.0141755 -0.0135227 0.00907489    1.00979
   2.00094  -0.0171848 -0.00869724  -0.0141755  -0.0270725 0.000896175      1.0187
   2.00689  -0.0118585 -0.00283828 -0.00884921  -0.0353733 -0.00703839     1.01223
   2.01139 -0.00706476  0.00195541  -0.0104471  -0.0312229 -0.00642804     0.99612
   2.01691 -0.00173844  0.00248804  -0.0152408  -0.017429 0.00187274    0.98257
     2.021  0.00571841 -0.00177302  -0.0136429 -0.00387917   0.0111501     0.97964
    2.0269 -0.000140541  -0.00709934   -0.0168387 -0.00107155   0.0153005    0.991359
   2.03133 -0.0102606 -0.0097625 -0.0184366 -0.0115696  0.0113942    1.00894
   2.03661  -0.0134563 -0.00922987   -0.012045 -0.0267063  0.0028493    1.01944
   2.04128  -0.0145216 -0.00550144  -0.0109797  -0.0356174 -0.00508527     1.01565
    2.0469  -0.00813002 -0.000175121   -0.0109797  -0.0329319 -0.00630597     1.00039
   2.05103 0.00358788 0.00195541 -0.0109797   -0.0215794 -0.000568668     0.985377
    2.0569  0.00731631 -0.00124039  -0.0136429 -0.00998268  0.00687762    0.981105
   2.06126 -0.000140541  -0.00603408   -0.0152408 -0.00509987   0.0115163    0.989772
   2.06691  -0.0044016 -0.00922987  -0.0131103 -0.0103489 0.00992938    1.00466
   2.07117 -0.00919529 -0.00869724   -0.012045 -0.0224339 0.00382586    1.01553
   2.07689  -0.0123911 -0.00443618  -0.0131103   -0.031345 -0.00276593     1.01321
   2.08115 -0.000673174 -0.000175121  -0.00725132  -0.0298801 -0.00532941     0.99966
    2.0869  0.00571841  0.00142278 -0.00831658   -0.0196262 -0.000934879     0.985866
   2.09114  0.00625105 -0.00230565  -0.0141755 -0.00790749  0.00724383    0.982814
    2.0969  0.00571841 -0.00869724  -0.0115124 -0.00424538   0.0121266    0.993556
   2.10125 -0.00386897  -0.0108278  -0.0104471 -0.0125462 0.00968524    1.00967
   2.10661 -0.00919529 -0.00869724 -0.00725132 -0.0264622 0.00138446    1.01907
   2.11102 -0.00813002 -0.00390355 -0.00618606  -0.0352512 -0.00655011     1.01333
   2.11689 -0.0059995 0.00142278 -0.0131103  -0.0314671 -0.00679425    0.996974
    2.1213 0.00358789 0.00248804 -0.0125776  -0.0181614 0.000163754     0.98257
   2.12702   0.0105121 -0.00124039 -0.00991448 -0.00461159  0.00931903    0.979518
   2.13106  0.00145736 -0.00709934  -0.0141755 -0.000827407    0.0145681     0.990748
   2.13689 -0.0107932 -0.0102951 -0.0147082 -0.00986061   0.0111501     1.00796
   2.14111 -0.0155869 -0.0097625  -0.012045 -0.0242649 0.00297137    1.01858
    2.1469  -0.0145216 -0.00603408   -0.012045  -0.0337864 -0.00398664     1.01553
   2.15116  -0.00866266 -0.000175121   -0.0109797  -0.0320774 -0.00545148     1.00051
   2.15671 -0.0028037 0.00248804 -0.0125776   -0.0214573 -0.000934879     0.985744
   2.16099  0.00412052 -0.00124039  -0.0141755 -0.0094944 0.00638934   0.981227
   2.16693  0.00412052 -0.00709934  -0.0147082 -0.00461159   0.0115163    0.989039
   2.17126 -0.00333633  -0.0102951  -0.0152408 -0.0103489 0.00907489    1.00515
    2.1769 -0.00653213  -0.0097625  -0.0109797 -0.0225559 0.00272723    1.01626
   2.18113 -0.00759739 -0.00496881 -0.00831658  -0.0314671 -0.00313215     1.01272
    2.1869  -0.0028037 0.000357511 -0.00938185  -0.0297581 -0.00532941    0.998439
    2.1911  0.00731631 0.000357511 -0.00991448   -0.0193821 -8.03871e-05     0.984401
   2.19689  0.00518578 -0.00230565  -0.0147082 -0.00705299  0.00895282    0.981349
   2.20127 -0.00493423 -0.00603408  -0.0184366 -0.00363502   0.0139577     0.99319
    2.2069 -0.00706476  -0.0113604   -0.012045 -0.0130344  0.0101735    1.01004
   2.21107  -0.013989 -0.0097625 -0.0109797  -0.0278049 0.000896175     1.01919
   2.21692  -0.0155869 -0.00337091  -0.0115124  -0.0368382 -0.00716047     1.01394
   2.22097  -0.0059995  0.00195541 -0.00938185  -0.0329319 -0.00801496    0.997707
   2.22689 -0.00014054  0.00355331  -0.0157734   -0.0190159 -0.000202457     0.982692
   2.23103  0.00198999 0.000357511   -0.017904 -0.00509987   0.0101735    0.978297
   2.23691 -0.000673173  -0.00550144   -0.0157734 -0.00131569    0.014446    0.988673
   2.24101 -0.00759739  -0.0097625  -0.0163061 -0.00973854   0.0104177     1.00686
   2.24693  -0.0123911 -0.00869724  -0.0125776 -0.0240208 0.00309344    1.01846
   2.25125  -0.0102606 -0.00550144 -0.00725132  -0.0335423 -0.00398664     1.01577
   2.25691 -0.00653213 -0.00124039 -0.00778395  -0.0315891 -0.00593976      1.0021
    2.2611 -0.00173844  0.00195541  -0.0125776   -0.020969 -0.00105695     0.98733
   2.26692  0.00412052 -0.00124039  -0.0147082 -0.00961647  0.00602313    0.982204
   2.27137  -0.0012058 -0.00656671  -0.0168387 -0.00509987   0.0107839    0.989528
    2.2767 -0.00866266 -0.00922987  -0.0157734 -0.0108372 0.00968524    1.00442
     2.281 -0.00919529  -0.0097625 -0.00884922 -0.0221897 0.00419207    1.01602
    2.2869  -0.0113258 -0.00550144 -0.00831658  -0.0308567 -0.00252179     1.01333
   2.29107 -0.00546686 0.000357511 -0.00831658   -0.029636 -0.00557355    0.999415
    2.2969  0.00625105 0.000890144 -0.00831658   -0.0182835 -0.000568668     0.985255
   2.30115  0.00571841 -0.00230565  -0.0152408 -0.0061985 0.00846453   0.981837
   2.30689 0.000924723 -0.00656671  -0.0157734 -0.00339088   0.0131032    0.992702
   2.31137 -0.0028037 -0.0108278 -0.0125776 -0.012302 0.0101735   1.00857
   2.31692  -0.0123911 -0.00922987   -0.012045 -0.0270725 0.00150653     1.0187
   2.32103 -0.00972792 -0.00337091 -0.00565342   -0.036594 -0.00642804      1.0148
    2.3269 0.000392091  0.00142278 -0.00352289  -0.0329319 -0.00679425    0.998805
   2.33132 0.00252262  0.0035533 -0.0125776  -0.0195042 0.000285824    0.983913
   2.33671  0.00305525 0.000357511  -0.0168387 -0.00595436  0.00931903    0.979396
   2.34124 -0.00120581 -0.00603408  -0.0184366 -0.0016819  0.0138356   0.989039
    2.3469 -0.00759739  -0.0102951  -0.0184366 -0.00961647   0.0116384     1.00613
   2.35103 -0.0118585 -0.0097625 -0.0136429 -0.0231663 0.00455828    1.01724
    2.3569  -0.0102606 -0.00550144 -0.00938185  -0.0321995 -0.00349836     1.01528
    2.3612  -0.00493423 -0.000175121  -0.00778395   -0.031345 -0.00630597     1.00198
   2.36693 -0.00120581  0.00195541  -0.0109797  -0.0213352 -0.00178937    0.987941
   2.37152  0.00412052 -0.00177302  -0.0147082 -0.0094944 0.00529071   0.983058
   2.37691  0.00465315 -0.00763197  -0.0157734 -0.00522194   0.0109059    0.990382
   2.38125 -0.0012058 -0.0108278 -0.0141755 -0.0112034  0.0100514    1.00515
   2.38694 -0.00653213  -0.0097625  -0.0109797 -0.0234104 0.00333758    1.01626
   2.39094 -0.00813002 -0.00496881 -0.00831658  -0.0317112 -0.00386457     1.01321
    2.3969 -0.00493423 0.000890144 -0.00938185  -0.0297581 -0.00655011    0.998317
   2.40098 0.00145736  0.0035533 -0.0125776   -0.0188938 -0.000324528     0.984035
   2.40691   0.00358788 -0.000175121   -0.0147082 -0.00607643  0.00919696    0.981105
   2.41126 -0.00386897 -0.00656671  -0.0195019 -0.00278053   0.0139577    0.992702
    2.4169 -0.00813002  -0.0108278  -0.0173713 -0.0120579  0.0105397     1.0093
   2.42126 -0.0113258 -0.0108278 -0.0104471 -0.0270725  0.0016286    1.01968
   2.42675  -0.0171848 -0.00443618  -0.0109797  -0.0369602 -0.00593976      1.0159
   2.43106 -0.0107932 0.00248804 -0.0109797  -0.0342747 -0.00703839     1.00015
   2.43689 0.00145736 0.00408594 -0.0115124   -0.0212131 -0.000568668     0.984889
   2.44113  0.00465315 0.000890144  -0.0147082 -0.00668678  0.00858661    0.979518
   2.44691  0.00305525 -0.00550144  -0.0131103 -0.00143776   0.0132253    0.988551
   2.45118 -0.00333633 -0.00922987  -0.0115124 -0.00912819   0.0105397     1.00479
    2.4569  -0.0113258 -0.00869724  -0.0125776 -0.0224339 0.00370379    1.01602
   2.46139 -0.00706476 -0.00603408 -0.00778395  -0.0317112 -0.00349836     1.01528
   2.46693 -0.00173844 -0.00177302 -0.00565342  -0.0309788 -0.00569562     1.00283
   2.47121 -0.00173844 0.000890144  -0.0125776 -0.0213352 -0.0016673   0.988185
   2.47691  0.00305525 -0.00124039  -0.0147082  -0.010593 0.00455828   0.982814
   2.48129  0.00252262 -0.00603408  -0.0152408 -0.0061985  0.0094411   0.989894
   2.48692 -0.00546686 -0.00922987  -0.0141755 -0.0115696 0.00858661    1.00479
    2.4911 -0.00813002 -0.00869724 -0.00884921 -0.0231663 0.00272723     1.0159
   2.49691 -0.00919529 -0.00496881 -0.00778395  -0.0315891 -0.00386457     1.01272
   2.50115  -0.00386897 -0.000175121  -0.00938185  -0.0301243 -0.00606183    0.998317
   2.50691 0.00305525 0.00248804 -0.0104471  -0.0265842 -0.00520734    0.989406
   2.51106   0.00145736 -0.000175121   -0.0136429 -0.0132786 0.00394793   0.986476
   2.51692 -0.000673173  -0.00603408   -0.0163061 -0.00180397   0.0139577    0.992091
   2.52135 -0.0028037  -0.011893 -0.0125776 -0.010593 0.0111501   1.00857
   2.52691 -0.00653213  -0.0124257 -0.00938185 -0.0259739 0.00248309    1.01907
   2.53113 -0.00919529 -0.00656671 -0.00991448  -0.0362278 -0.00557355     1.01553
   2.53691   -0.0044016 -0.000175121  -0.00831658  -0.0336643 -0.00679425     1.00051
   2.54126 -0.000673173   0.00248804   -0.0125776   -0.0214573 -0.000568668     0.985255
   2.54762 -0.000673173  0.000357511   -0.0184366 -0.0136448 0.00382586   0.978908
   2.55116 -0.000140541  -0.00550144   -0.0157734 -0.0082737 0.00919696   0.988063
   2.55692 -0.00120581 -0.00922987  -0.0136429 -0.0029026  0.0145681   0.997218
   2.56099 -0.00759739 -0.00869724  -0.0125776   -0.01572 0.00809832    1.00808
   2.56694  -0.0129237 -0.00496881  -0.0104471  -0.0314671 -0.00215558     1.01492
   2.57156 -0.0118585 0.00142278 -0.0115124  -0.0309788 -0.00520734     1.00186
   2.57666 -0.0118585 0.00461857 -0.0136429  -0.0275608 -0.00447492    0.992824
   2.58103  -0.0059995 0.000357512  -0.0147082 -0.0162083 0.00175067   0.988185
   2.58691 -0.00333633 -0.00603408  -0.0163061 -0.00509987   0.0105397    0.990748
    2.5913 -0.00546686  -0.0102951  -0.0131103 -0.0112034  0.0102956     1.0065
   2.59698  -0.0044016  -0.0124257 -0.00938185 -0.0170628 0.00748797    1.01504
   2.60096  -0.0059995 -0.00709934 -0.00938185  -0.0267063 4.16832e-05     1.01113
   2.60693 -0.00759739 -0.00177302 -0.00938185  -0.0363499 -0.00740461     1.00723
   2.61104 0.000924723 0.000357511 -0.00938185  -0.0240208 -0.00117902    0.992702
    2.6169  0.00944684  0.00248804 -0.00938185 -0.0116917 0.00504657   0.978175
   2.62091  0.00838158 -0.00390355 -0.00991448 -0.00680885   0.0104177    0.988673
   2.62691  0.00198999  -0.0113604 -0.00938185 -0.0094944  0.0113942    1.00698
   2.63138 -0.00813002  -0.0102951 -0.00884922 -0.0252415 0.00223895    1.01858
   2.63695  -0.0129237  -0.0081646 -0.00938185  -0.0334202 -0.00252179     1.02236
   2.64101 -0.00546686 -0.00283828 -0.00938185  -0.0317112 -0.00447492     1.00735
   2.64691  0.00198999  0.00248804 -0.00938185  -0.0300022 -0.00642804    0.992335
   2.65116  0.00305525 0.000357511  -0.0125776 -0.0165745 0.00211688    0.98611
   2.65692  0.00412052 -0.00177302  -0.0157734 -0.00314674   0.0106618    0.979884
   2.66104 -0.00493423 -0.00550144  -0.0184366 -0.00851784  0.00907489    0.995631
   2.66692  -0.0123911 -0.00869724  -0.0147082 -0.0204807 0.00443621    1.01467
   2.67162  -0.0113258 -0.00550144 -0.00938185  -0.0301243 -0.00203351     1.01443
   2.67693  -0.0118585 -0.00283828  -0.0104471   -0.033176 -0.00545148     1.01089
   2.68108  -0.00546686 -0.000707753   -0.0109797   -0.024387 -0.00203351     0.99612
   2.68692 0.000924723  0.00142278  -0.0115124 -0.0155979 0.00138446   0.981349
   2.69116 -0.000673173  -0.00390355   -0.0152408 -0.0110813 0.00712176   0.989772
   2.69694 -0.00227107 -0.00922987  -0.0189692 -0.00656471   0.0128591    0.998195
   2.70139 -0.00759739 -0.00869724  -0.0136429   -0.01926 0.00565692    1.00857
   2.70694  -0.0129237  -0.0081646 -0.00831658  -0.0319553 -0.00154523     1.01895
   2.71096 -0.00706476 -0.00283828 -0.00884922  -0.0297581 -0.00313215     1.00442
    2.7169 -0.00120581  0.00248804 -0.00938185  -0.0275608 -0.00471906    0.989894
   2.72118  0.00198999 -0.00124039  -0.0125776 -0.0135227 0.00431414   0.985622
   2.72706  0.00518578 -0.00496881  -0.0157734 0.000515366   0.0133473    0.981349
   2.73107 0.000924723 -0.00922987  -0.0136429 -0.00802956   0.0102956    0.998683
   2.73691 -0.00333633  -0.0134909  -0.0115124 -0.0165745 0.00724383    1.01602
   2.74113 -0.00759739  -0.0081646  -0.0104471   -0.0270725 -0.000934879      1.01394
   2.74691  -0.0118585 -0.00283828 -0.00938185  -0.0375706 -0.00911359     1.01187
   2.75113   -0.0044016 -0.000707753   -0.0115124   -0.026096 -0.00349836     0.99612
   2.75691 0.00305525 0.00142278 -0.0136429 -0.0146214 0.00211688   0.980372
   2.76131  0.00252262 -0.00337091  -0.0147082 -0.00851784   0.0073659    0.987575
   2.76695 0.00198999 -0.0081646 -0.0157734 -0.00241432   0.0126149    0.994777
   2.77106 -0.00653213 -0.00763197  -0.0147082 -0.0148655 0.00687762     1.0065
   2.77692  -0.0150542 -0.00709934  -0.0136429 -0.0273167 0.00114032    1.01821
   2.78145  -0.0107932 -0.00283828   -0.012045  -0.0275608 -0.00191144     1.00625
   2.78677 -0.00653213  0.00142278  -0.0104471 -0.0278049 -0.0049632   0.994289
   2.79107 0.000392092 -0.00124039  -0.0104471 -0.0163303 0.00297137   0.988551
   2.79691  0.00731631 -0.00390355  -0.0104471 -0.00485573   0.0109059    0.982814
   2.80146 -0.00227107 -0.00709934  -0.0125776 -0.0112034 0.00956317   0.998927
   2.80694 -0.0118585 -0.0102951 -0.0147082  -0.017551 0.00822039    1.01504
   2.81101  -0.0107932 -0.00603408  -0.0125776  -0.0271946 0.000163754     1.01138
   2.81691 -0.00972792 -0.00177302  -0.0104471  -0.0368382 -0.00789289     1.00772
   2.82117  0.000924724 -0.000175121   -0.0109797  -0.0241428 -0.00191144     0.99258
   2.82692  0.0115774 0.00142278 -0.0115124 -0.0114475    0.00407   0.977443
   2.83106  0.00465315 -0.00390355  -0.0136429 -0.00644264  0.00907489    0.987453
   2.83691 -0.00227107 -0.00922987  -0.0157734 -0.00143776   0.0140798    0.997462
   2.84153 -0.00813002  -0.0097625  -0.0141755 -0.00802956    0.011028     1.00601
   2.84666  -0.013989 -0.0102951 -0.0125776 -0.0225559 0.00370379    1.01858
   2.85115 -0.00919529 -0.00390355 -0.00938185  -0.0300022 -0.00301007     1.00796
   2.85694  -0.0044016  0.00248804 -0.00618605  -0.0295139 -0.00545148    0.993312
   2.86106  -0.0028037 0.000890144  -0.0115124 -0.0171848 0.00175067   0.986964
   2.86694  -0.00120581 -0.000707753   -0.0168387 -0.00485573  0.00895282    0.980617
   2.87128  -0.0044016 -0.00443618  -0.0157734 -0.00461159   0.0107839     0.98733
   2.87667 -0.00759739  -0.0081646  -0.0147082 -0.0094944  0.0101735    1.00235
   2.88112 -0.00759739 -0.00603408  -0.0109797  -0.024387 0.00138446    1.01016
   2.88692 -0.00759739 -0.00390355 -0.00725132 -0.0341526 -0.0049632    1.00967
   2.89128 -0.000673173  -0.00230565  -0.00991448   -0.024509 -0.00117902    0.995021
   2.89672   0.00625105 -0.000707753   -0.0125776 -0.0148655 0.00260516   0.980372
   2.90101  0.00358788 -0.00550144  -0.0141755 -0.00998268  0.00846453    0.990016
   2.90691 0.000924723  -0.0102951  -0.0157734 -0.00509987   0.0143239     0.99966
   2.91126 -0.00866266 -0.00922987  -0.0141755 -0.0190159 0.00602313     1.0104
   2.91691   -0.01825 -0.0081646 -0.0125776  -0.0329319 -0.00227765     1.02114
   2.92112 -0.00813002 -0.00230565   -0.012045  -0.0304905 -0.00435285     1.00552
   2.92693 0.00198999  0.0035533 -0.0115124  -0.0280491 -0.00642804    0.989894
   2.93124 0.00145736 0.00408594 -0.0141755  -0.0198704 -0.00130109    0.984157
   2.93665  0.00358788 0.000357512  -0.0157734 -0.00534401   0.0085866     0.97903
   2.94111 -0.00333633 -0.00763197  -0.0152408 -0.00632057   0.0107839    0.997096
   2.94693 -0.0129237 -0.0113604 -0.0157734 -0.0136448 0.00822039    1.01455
   2.95115   -0.013989 -0.00763197  -0.0136429  -0.0251194 0.000285824     1.01358
   2.95693  -0.0150542 -0.00390355  -0.0115124   -0.036594 -0.00764875      1.0126
   2.96122  -0.00706476 -0.000707753   -0.0104471  -0.0268284 -0.00301007    0.997096
   2.96693 0.000924723  0.00248804 -0.00938185 -0.0170628  0.0016286   0.981593
   2.97147  0.00198999 0.000357511   -0.012045 -0.0113255 0.00577899   0.981471
   2.97695  -0.0028037 -0.00443618  -0.0168387 -0.00509987    0.011028    0.987575
   2.98099  -0.0118584 -0.00763197  -0.0141755 -0.0160862 0.00699969    1.00613
   2.98691  -0.0150542  -0.0081646 -0.00938185 -0.0275608 0.00187274    1.01846
   2.99128 -0.00972792 -0.00390355  -0.0104471  -0.0280491 -0.00191144     1.00625
   2.99691  -0.0044016 0.000357511  -0.0115124  -0.0285374 -0.00569562    0.994044
   3.00101 -0.00014054 -0.00177302  -0.0141755 -0.0163303  0.0028493   0.987697
   3.00693  0.00412052 -0.00390355  -0.0168387 -0.00412331   0.0113942    0.981349
   3.01124 -0.00493423 -0.00763197  -0.0147082 -0.00400124   0.0124929    0.989772
   3.01692  -0.013989 -0.0113604 -0.0125776 -0.010471 0.0107839   1.00686
   3.02131  -0.013989 -0.0108278 -0.0104471 -0.0246311 0.00236102     1.0187
   3.02677  -0.0113258 -0.00603408 -0.00671869   -0.034885 -0.00606183     1.01553
    3.0311  -0.0044016 0.000357511 -0.00831658  -0.0332981 -0.00752668    0.999904
   3.03692 0.00518578 0.00248804 -0.0109797   -0.020969 -0.00105695    0.984035
   3.04108    0.0105121 -0.000175121   -0.0125776 -0.00705299  0.00846453    0.978541
   3.04693  0.00358788 -0.00550144  -0.0168387 -0.00131569   0.0135915    0.987697
   3.05138 -0.00653213  -0.0097625  -0.0168387 -0.00729713   0.0113942     1.00405
   3.05668 -0.00866266  -0.0108278 -0.00991448 -0.0210911 0.00419207    1.01626
   3.06107  -0.0129237 -0.00603408 -0.00938185  -0.0323215 -0.00349836      1.0159
   3.06695   -0.0107932 -0.000175121   -0.0115124  -0.0329319 -0.00630597     1.00332
   3.07135  0.00145736 0.000890144  -0.0104471  -0.0236546 -0.00264386    0.988551
   3.07702  0.00412052 -0.00124039  -0.0141755 -0.0110813 0.00431414   0.981959
   3.08114 0.000392091 -0.00603408  -0.0163061 -0.00534401   0.0100514    0.988429
   3.08693 -0.0059995 -0.0102951 -0.0163061 -0.0101048  0.0101735    1.00308
   3.09113  -0.0123911 -0.00922987  -0.0147082 -0.0210911 0.00504657     1.0148
   3.09692  -0.0123911 -0.00443618  -0.0104471  -0.0302464 -0.00191144     1.01431
    3.1013  -0.0059995 0.000357511 -0.00884922  -0.0302464 -0.00520734     1.00161
   3.10693 -0.000140541   0.00248804   -0.0131103   -0.0207249 -0.000690739     0.986598
   3.11113   0.00305525 -0.000707753   -0.0168387 -0.00815163  0.00773211    0.980983
   3.11694  0.00305525 -0.00709934  -0.0152408 -0.00302467   0.0131032    0.990016
   3.12142 -0.00546686  -0.0113604  -0.0125776 -0.0101048  0.0111501    1.00662
   3.12696 -0.0118585 -0.0113604 -0.0109797 -0.0248753  0.0028493     1.0187
   3.13108  -0.0113258 -0.00603408 -0.00938185  -0.0362278 -0.00581769     1.01663
   3.13693 -0.00813002 0.000357511  -0.0104471  -0.0343967 -0.00789289     1.00149
   3.14139  0.00571841  0.00195541 -0.00991448  -0.0215794 -0.00130109    0.985499
   3.14664    0.0147732 -0.000175121  -0.00991448 -0.00754127  0.00809832     0.97903
   3.15136  0.00571841 -0.00443618  -0.0152408 -0.00119362   0.0138356    0.986598
   3.15693  -0.0028037 -0.00922987  -0.0157734 -0.00705299   0.0117604     1.00259
   3.16113 -0.00653213  -0.0108278   -0.012045 -0.0208469  0.0049245    1.01528
   3.16695  -0.0107932 -0.00709934  -0.0109797  -0.0318333 -0.00215558     1.01626
    3.1714 -0.00866266 -0.00124039   -0.012045   -0.033054 -0.00581769     1.00454
   3.17671 0.000392091  0.00195541   -0.012045   -0.024509 -0.00276593    0.989894
   3.18105   0.00358788 -0.000175121   -0.0125776 -0.0121799 0.00431414    0.98318
   3.18693  0.00252262 -0.00550144  -0.0141755 -0.00571022   0.0101735    0.987819
   3.19111 -0.00120581  -0.0097625  -0.0141755 -0.0094944  0.0094411    1.00186
   3.19692 -0.00759739 -0.00922987  -0.0125776 -0.0203587    0.00407    1.01455
   3.20117 -0.00706476 -0.00496881  -0.0109797  -0.0304905 -0.00239972     1.01382
   3.20693  -0.00333633 -0.000175121  -0.00938185  -0.0315891 -0.00593976       1.001
    3.2112 0.000392091  0.00302067 -0.00991448  -0.0218235 -0.00130109    0.985744
   3.21692  0.00198999 0.000357511  -0.0147082 -0.00802956  0.00773211    0.979762
   3.22112  -0.0028037 -0.00550144   -0.017904 -0.00217018   0.0140798    0.989284
   3.22692 -0.00972792  -0.0097625  -0.0163061 -0.00925026    0.012737     1.00625
   3.23128 -0.0161195 -0.0102951 -0.0152408 -0.0238987 0.00382586    1.01882
   3.23695  -0.0155869 -0.00603408  -0.0125776  -0.0353733 -0.00508527     1.01785
   3.24099 -0.00972792 0.000357511 -0.00991448  -0.0350071 -0.00764875     1.00308
   3.24693 -0.00227107   0.0035533  -0.0115124  -0.0237766 -0.00239972    0.986598
   3.25108 0.00358788 0.00142278 -0.0136429 -0.00876198  0.00675555    0.979152
   3.25693  0.00412052 -0.00496881  -0.0136429 -0.00155983   0.0128591    0.985866
   3.26128  0.00412052  -0.0108278 -0.00938185 -0.00717506   0.0111501     1.00222
   3.26695 -0.00227107  -0.0113604 -0.00831658 -0.0203587 0.00443621    1.01528
   3.27116 -0.00866266 -0.00709934 -0.00884921  -0.0315891 -0.00239972     1.01638
   3.27692  -0.0044016 -0.00230565 -0.00618606  -0.0321995 -0.00593976     1.00479
   3.28102   0.00252262 -0.000175121  -0.00831658  -0.0232883 -0.00252179    0.989528
   3.28695  0.00518578 -0.00124039  -0.0131103 -0.0116917 0.00468035   0.982081
   3.29124  0.00358788 -0.00550144  -0.0141755 -0.00534401   0.0105397    0.987575
   3.29693 -0.00493423 -0.00869724  -0.0147082 -0.00863991   0.0101735      1.0032
   3.30112 -0.0118585 -0.0081646 -0.0147082 -0.0201145 0.00419207    1.01638
   3.30692  -0.0113258 -0.00443618   -0.012045  -0.0314671 -0.00276593     1.01492
    3.3113 -0.0118585 0.00142278 -0.0141755 -0.0317112 -0.0061839      1.001
   3.31699 -0.00653213  0.00408594  -0.0173713  -0.0210911 -0.00117902    0.985499
   3.32093  0.00198999 0.000357511  -0.0152408 -0.00729713  0.00773211     0.97964
   3.32693 -0.00014054 -0.00550144  -0.0157734 -0.00155983   0.0135915    0.989162
   3.33113 -0.0102606 -0.0097625 -0.0163061 -0.00912819   0.0121266     1.00637
   3.33693 -0.0145216 -0.0113604 -0.0109797 -0.0241428 0.00419207    1.01895
   3.34114  -0.0134563 -0.00763197 -0.00884921  -0.0359837 -0.00447492     1.01809
   3.34691 -0.00866266 -0.00124039  -0.0104471  -0.0357395 -0.00764875     1.00357
   3.35118  0.00412052  0.00142278 -0.00991448  -0.0246311 -0.00252179    0.986842
   3.35695    0.0105121 -0.000175121    -0.012045 -0.0102268 0.00626727   0.979152
    3.3611  0.00678368 -0.00496881  -0.0136429 -0.00326881   0.0120046    0.985255
   3.36695 0.000392091  -0.0097625   -0.012045 -0.00802956   0.0111501     1.00112
   3.37132 -0.00706476  -0.0102951  -0.0115124 -0.0199924 0.00590106    1.01467
   3.37694 -0.00813002 -0.00656671 -0.00884921   -0.0306126 -0.000568668      1.01614
   3.38131  -0.0028037 -0.00124039 -0.00778395  -0.0318333 -0.00423078     1.00491
   3.38677  0.00358789 0.000357511 -0.00938185  -0.0235325 -0.00191144    0.990382
    3.3911  0.00465315 -0.00177302  -0.0125776 -0.0116917 0.00480243   0.983668
   3.39693 0.000924724 -0.00550144  -0.0163061 -0.00558815    0.011028    0.988795
   3.40114 -0.00653213  -0.0097625  -0.0152408 -0.0094944   0.011028    1.00308
   3.40693  -0.0150542 -0.00922987  -0.0131103 -0.0206028 0.00468035    1.01565
   3.41108  -0.0150542 -0.00390355  -0.0115124  -0.0309788 -0.00349836     1.01419
   3.41697  -0.0059995 0.000357511 -0.00991448  -0.0312229 -0.00716047     1.00039
   3.42139 0.000924723  0.00195541  -0.0125776  -0.0206028 -0.00215558    0.985133
   3.42696   0.00252262 -0.000175121   -0.0163061 -0.00693092  0.00724383     0.97964
   3.43105 0.000924724 -0.00656671  -0.0173713 -0.00107155   0.0134694    0.988551
   3.43693 -0.00919529  -0.0108278   -0.017904 -0.00851784   0.0118825     1.00527
   3.44133 -0.0134563 -0.0108278 -0.0141755 -0.0237766 0.00333758    1.01821
   3.44706 -0.00759739 -0.00763197 -0.00565342  -0.0356174 -0.00508527     1.01748
   3.45108 -0.00333633 -0.00177302 -0.00512079  -0.0358616 -0.00703839     1.00381
   3.45693  0.00358788  0.00142278 -0.00938185  -0.0249973 -0.00239972     0.98733
   3.46119    0.0115774 -0.000707753   -0.0109797 -0.0110813 0.00638934   0.979396
     3.467  0.00678368 -0.00496881  -0.0147082 -0.00375709   0.0132253    0.985866
   3.47137 -0.0028037 -0.0081646 -0.0147082 -0.00790749   0.0117604     1.00173
   3.47673 -0.00546686 -0.00869724  -0.0104471 -0.0197483 0.00516864    1.01455
   3.48122 -0.00813002 -0.00603408 -0.00938185 -0.0302464 -0.0016673    1.01651
   3.48694 -0.00333633 -0.00230565 -0.00778395 -0.0317112 -0.0049632    1.00576
   3.49112   0.00625105 -0.000175121  -0.00565342  -0.0235325 -0.00203351    0.989772
   3.49694   0.00198999 -0.000175121   -0.0136429 -0.0114475 0.00468035   0.982326
   3.50115  -0.0028037 -0.00443618  -0.0173713 -0.00485573    0.011028    0.988429
   3.50693 -0.00759739  -0.0097625  -0.0152408 -0.00961647   0.0112722     1.00381
   3.51111 -0.0145216 -0.0097625 -0.0157734 -0.0218235 0.00455828    1.01663
   3.51692  -0.0150542 -0.00550144  -0.0125776  -0.0323215 -0.00398664     1.01504
    3.5212 -0.00919529 0.000357511  -0.0104471   -0.033176 -0.00801496     1.00027
   3.52693 0.00145736  0.0035533  -0.012045  -0.0231663 -0.00252179    0.984889
   3.53135  0.00678368 0.000890144  -0.0136429 -0.0082737 0.00797625   0.979274
   3.53695  0.00305525 -0.00550144  -0.0147082 -0.000583267    0.0142018     0.987819
   3.54102 -0.0059995 -0.0097625 -0.0163061 -0.00680885   0.0116384     1.00454
   3.54694 -0.0107932 -0.0102951  -0.012045 -0.0219456 0.00394793    1.01748
   3.55106 -0.00866266 -0.00763197 -0.00671869  -0.0340305 -0.00398664     1.01834
   3.55694  -0.0028037 -0.00230565 -0.00778395  -0.0345188 -0.00740461     1.00527
   3.56119  0.00465315 0.000357511 -0.00778395  -0.0248753 -0.00325422    0.988551
   3.56698   0.00838157 -0.000707753   -0.0115124 -0.0114475 0.00468035   0.980495
   3.57157  0.00625105 -0.00550144  -0.0152408 -0.00412331   0.0111501    0.985988
   3.57699 0.000924724  -0.0097625  -0.0125776 -0.00766334    0.011028     1.00076
   3.58107 -0.00493423  -0.0102951  -0.0115124 -0.0185276 0.00577899    1.01394
   3.58694 -0.00706476 -0.00763197 -0.00884921   -0.0292698 -0.000812809      1.01602
   3.59138  -0.0044016 -0.00230565 -0.00831658  -0.0314671 -0.00447492     1.00515
   3.59693 -0.00173844 0.000890144  -0.0104471  -0.0236546 -0.00178937    0.989406
   3.60105 -0.00227107 0.000357511  -0.0147082 -0.0120579 0.00431414   0.981715
    3.6068  -0.0059995 -0.00337091  -0.0195019 -0.00534401   0.0107839    0.988673
   3.61105  -0.0102606 -0.00869724  -0.0173713 -0.00925026   0.0113942     1.00418
   3.61693 -0.0129237 -0.0102951 -0.0125776 -0.0219456 0.00382586    1.01675
    3.6212  -0.0145216 -0.00550144  -0.0109797  -0.0337864 -0.00508527     1.01602
   3.62692 -0.00919529  0.00142278  -0.0109797  -0.0342747 -0.00838117     1.00173
   3.63126 -0.00173844  0.00461857  -0.0136429  -0.0223118 -0.00313215    0.985866
   3.63693 -0.000673173   0.00195541   -0.0184366 -0.00717506  0.00687762     0.97964
   3.64117  0.00145736 -0.00496881  -0.0163061 2.70847e-05   0.0139577    0.987453
   3.64696 -0.0028037 -0.0108278 -0.0141755 -0.00607643   0.0128591     1.00393
   3.65116 -0.0107932 -0.0113604 -0.0115124 -0.0210911 0.00504657    1.01736
   3.65694  -0.0102606 -0.00763197 -0.00725132  -0.0335423 -0.00337629     1.01895
   3.66128 -0.00546686 -0.00177302 -0.00778395   -0.034763 -0.00691632     1.00662
   3.66699 0.000924724  0.00142278 -0.00938185  -0.0253635 -0.00337629    0.989772
   3.67113   0.00731631 -0.000175121   -0.0115124 -0.0119358 0.00480243   0.980983
   3.67694  0.00678368 -0.00390355  -0.0136429 -0.00424538   0.0117604    0.985744
   3.68145 -0.000673173  -0.00869724   -0.0131103 -0.00815163   0.0113942     1.00051
   3.68679 -0.00546686  -0.0097625  -0.0109797   -0.01926 0.00541278    1.01358
   3.69111 -0.00653213 -0.00603408 -0.00778395   -0.0293919 -0.000934879      1.01602
   3.69693  -0.0059995 -0.00124039 -0.00778395  -0.0317112 -0.00471906     1.00564
   3.70133 -0.00120581  0.00195541   -0.012045  -0.0241428 -0.00252179    0.989528
   3.70701  0.00358788 0.000357511  -0.0136429 -0.0116917 0.00443621   0.981349
   3.71108  0.00305525 -0.00496881  -0.0147082 -0.00485573   0.0113942    0.987819
   3.71694 -0.00493423  -0.0097625  -0.0157734 -0.00925026   0.0121266     1.00369
   3.72104 -0.0118585 -0.0102951 -0.0136429 -0.0215794 0.00455828    1.01651
   3.72694  -0.0118585 -0.00656671 -0.00991448  -0.0329319 -0.00459699     1.01602
   3.73108 -0.00653213 -0.00124039 -0.00884922  -0.0336643 -0.00789289     1.00283
   3.73694 0.00305525 0.00248804 -0.0115124   -0.022678 -0.00264386    0.987208
   3.74139  0.00518578 0.000357511  -0.0157734 -0.0074192 0.00675555   0.979518
   3.74675  0.00198999 -0.00496881  -0.0163061 0.000271225   0.0137136     0.98611
    3.7511 -0.00386897 -0.00922987  -0.0152408 -0.00558815   0.0132253     1.00222
   3.75696 -0.00972792  -0.0108278  -0.0131103 -0.0198704 0.00602313     1.0159
   3.76121  -0.0102606 -0.00763197 -0.00884921  -0.0321995 -0.00252179     1.01834
   3.76698  -0.0059995 -0.00230565 -0.00831658 -0.0340305 -0.0061839    1.00698
   3.77135  0.00145736 0.000890144 -0.00884922  -0.0253635 -0.00276593    0.990993
   3.77693   0.00997947 -0.000707753  -0.00778395 -0.0130344 0.00382586   0.982692
   3.78115  0.00625105 -0.00443618  -0.0125776 -0.00534401   0.0101735    0.986232
   3.78694  -0.0012058 -0.00869724  -0.0136429 -0.00778542   0.0113942     1.00003
   3.79122  -0.0012058  -0.0102951 -0.00725132 -0.0184055 0.00651141     1.0137
     3.797 -0.00546686 -0.00709934 -0.00725132  -0.0290257 -0.00105695     1.01528
   3.80103 -0.00546686 -0.00177302 -0.00991448  -0.0312229 -0.00581769      1.0043
   3.80694  0.00465315  0.00142278 -0.00884921  -0.0230442 -0.00264386    0.988795
    3.8113  0.00465315 0.000357511  -0.0152408 -0.0103489 0.00504657   0.981227
   3.81693  -0.0012058 -0.00443618  -0.0189692 -0.0029026  0.0116384   0.988307
   3.82113 -0.00493423  -0.0102951  -0.0141755 -0.00754127   0.0121266     1.00454
   3.82696 -0.0155869 -0.0113604 -0.0152408 -0.0215794 0.00468035    1.01773
   3.83109  -0.0177174 -0.00603408   -0.012045  -0.0341526 -0.00471906     1.01724
   3.83696 -0.00759739 0.000357511 -0.00671869  -0.0351292 -0.00813703     1.00332
   3.84114 -0.0028037 0.00355331 -0.0115124  -0.0238987 -0.00252179    0.986842
   3.84695 -0.00014054  0.00248804  -0.0157734 -0.0082737 0.00699969   0.978786
   3.85117  0.00145736 -0.00337091  -0.0168387 -0.000217056    0.0137136     0.985133
   3.85695 -0.00759739 -0.00763197  -0.0189692 -0.00595436   0.0131032     1.00173
    3.8613  -0.0129237 -0.00869724  -0.0131103 -0.0201145 0.00626727    1.01614
   3.86697  -0.0129237 -0.00709934 -0.00778395  -0.0320774 -0.00215558     1.01846
   3.87134  -0.0113258 -0.00230565 -0.00991448 -0.0345188 -0.0061839    1.00686
   3.87677 -0.000140541  0.000357511  -0.00884921  -0.0268284 -0.00264386    0.990504
   3.88105   0.00944684 -0.000707753  -0.00884921 -0.0143772 0.00431414   0.981715
   3.88695  0.00465315 -0.00283828  -0.0152408 -0.0061985  0.0101735   0.985011
   3.89153  -0.0028037 -0.00709934  -0.0157734 -0.00802956   0.0105397    0.998683
    3.8967 -0.0059995 -0.0102951 -0.0104471 -0.0179173 0.00602313     1.0126
   3.90107 -0.00813002 -0.00763197 -0.00884922   -0.0287815 -0.000568668      1.01516
   3.90694 -0.00333633 -0.00230565 -0.00671869  -0.0318333 -0.00545148     1.00479
   3.91142  0.00252262 0.000890144 -0.00884922 -0.0241428  -0.002888   0.989406
   3.91701  0.00198999 0.000357511  -0.0157734 -0.0112034  0.0049245   0.981471
   3.92103  0.00412052 -0.00443618  -0.0141755 -0.00326881   0.0120046    0.987697
   3.92695 -0.0012058 -0.0097625 -0.0125776 -0.00766334   0.0122487     1.00369
    3.9312 -0.0145216 -0.0097625 -0.0136429 -0.0217014 0.00468035    1.01724
   3.93695  -0.0145216 -0.00550144 -0.00938185  -0.0341526 -0.00459699     1.01736
   3.94115  -0.00706476 -0.000175121  -0.00938185  -0.0352512 -0.00850324     1.00393
   3.94696 -0.00227107  0.00355331  -0.0136429  -0.0246311 -0.00362043    0.987575
   3.95156 0.00198999 0.00195541 -0.0157734 -0.00937233  0.00577899    0.979152
   3.95654  0.00305525 -0.00496881  -0.0157734 -0.000705337    0.0128591     0.984767
   3.96126 -0.00173844  -0.0108278  -0.0131103 -0.00509987    0.012737     1.00064
   3.96697 -0.0102606 -0.0108278 -0.0115124 -0.0181614 0.00651141    1.01455
   3.97134  -0.0102606 -0.00763197 -0.00831658  -0.0303684 -0.00117902     1.01748
   3.97704 -0.00333633 -0.00283828 -0.00618606  -0.0332981 -0.00557355     1.00698
   3.98094 0.000392091 0.000890144 -0.00991448  -0.0254856 -0.00337629    0.991481
   3.98673   0.00731631 -0.000707753   -0.0109797 -0.0131565 0.00333758   0.982936
   3.99115   0.0105121 -0.00443618 -0.00991448 -0.00509987   0.0100514     0.98611
   3.99695  0.00145735 -0.00763197  -0.0115124 -0.00802956    0.011028     0.99966
   4.00124 -0.00706476  -0.0097625  -0.0109797 -0.0195042  0.0061452     1.0137
   4.00698 -0.00972792 -0.00763197 -0.00938185  -0.0298801 -0.00105695     1.01577
   4.01106 -0.00866266 -0.00124039   -0.012045  -0.0319553 -0.00581769     1.00369
   4.01694 -0.0028037 0.00355331 -0.0141755  -0.0236546 -0.00276593    0.987941
   4.02137 0.00358788 0.00142278 -0.0141755 -0.00998268  0.00541278    0.980983
   4.02696 0.000392091 -0.00443618  -0.0173713 -0.00241432   0.0123708    0.987697
   4.03115 -0.00759739 -0.00922987  -0.0163061 -0.00705299   0.0121266     1.00332
   4.03695 -0.0134563 -0.0108278 -0.0131103 -0.0210911 0.00419207    1.01712
   4.04115    -0.01825 -0.00656671  -0.0147082   -0.034885 -0.00447492     1.01809
   4.04678   -0.0123911 -0.000707753    -0.012045   -0.036594 -0.00777082     1.00466
   4.05111 -0.00120581  0.00195541  -0.0115124  -0.0254856 -0.00349836    0.987819
   4.05695  0.00625105 0.000357511  -0.0147082 -0.0101048 0.00553485   0.979152
   4.06118  0.00571841 -0.00390355  -0.0141755 -0.00107155   0.0129811    0.984157
   4.06697 -0.00173844 -0.00763197  -0.0136429 -0.00473366   0.0129811    0.999171
   4.07144 -0.00759739  -0.0097625  -0.0125776  -0.017429 0.00651141    1.01345
   4.07697 -0.00972792 -0.00763197 -0.00991448   -0.0293919 -0.000934879      1.01748
    4.0812 -0.00706476 -0.00230565 -0.00991448   -0.033054 -0.00508527     1.00772
   4.08694 -0.00333633  0.00142278  -0.0136429   -0.026096 -0.00337629    0.992213
   4.09105   0.00518578 -0.000175121    -0.012045 -0.0135227 0.00272723   0.983424
   4.09695  0.00891421 -0.00550144  -0.0115124 -0.0061985 0.00931903   0.986598
   4.10135 -0.000140541  -0.00922987   -0.0147082 -0.00863991    0.011028     1.00027
   4.10698 -0.00546686  -0.0097625  -0.0115124 -0.0186497 0.00626727     1.0137
   4.11095 -0.00813002 -0.00656671 -0.00938185  -0.0295139 -0.00178937     1.01516
    4.1168 -0.00706476 -0.00124039  -0.0115124  -0.0318333 -0.00691632     1.00418
   4.12111 0.00198999 0.00195541 -0.0109797  -0.0231663 -0.00325422    0.988551
   4.12696  0.00465315 0.000890144  -0.0152408 -0.0094944 0.00602313   0.980495
    4.1314 -0.00227107 -0.00443618  -0.0216324 -0.00143776   0.0128591    0.986964
   4.13697 -0.00706476  -0.0097625  -0.0157734 -0.0061985  0.0126149    1.00259
     4.141 -0.0129237 -0.0102951  -0.012045 -0.0213352 0.00529071    1.01675
   4.14695    -0.01825 -0.00656671  -0.0131103  -0.0342747 -0.00349836      1.0187
   4.15107  -0.0129237 -0.00124039  -0.0104471  -0.0354954 -0.00691632     1.00576
   4.15694 -0.0044016 0.00302067 -0.0131103  -0.0258518 -0.00264386    0.989162
   4.16144 0.000924723  0.00248804  -0.0157734 -0.0115696 0.00577899   0.980006
   4.16698  0.00305525 -0.00283828  -0.0136429 -0.00253639   0.0124929    0.984279
   4.17118 0.000392091 -0.00869724  -0.0125776 -0.0049778  0.0126149   0.999782
   4.17695 -0.00759739  -0.0102951  -0.0115124 -0.0168186 0.00638934    1.01382
   4.18117 -0.00972792 -0.00763197 -0.00778395  -0.0285374 -0.00178937     1.01712
   4.18698  -0.0044016 -0.00337091 -0.00618606 -0.0317112 -0.0061839    1.00759
   4.19139  0.000924724 -0.000175121  -0.00831658  -0.0252415 -0.00349836    0.992213
   4.19697   0.00678368 -0.000707753   -0.0104471 -0.0136448 0.00321551   0.982448
   4.20102  0.00838158 -0.00496881   -0.012045 -0.00607643  0.00968524    0.985744
   4.20695 0.000392092  -0.0097625  -0.0136429 -0.00888405   0.0115163     1.00076
   4.21137 -0.00813002  -0.0097625  -0.0115124 -0.0201145 0.00638934     1.0148
   4.21701 -0.00813002 -0.00603408 -0.00831658   -0.031345 -0.00215558     1.01626
   4.22103 -0.00546686 -0.00124039  -0.0109797  -0.0329319 -0.00716047      1.0043
   4.22695 -0.00014054  0.00248804  -0.0147082  -0.0234104 -0.00349836    0.988307
   4.23143 0.00412052 0.00142278 -0.0168387 -0.00925026  0.00602313    0.980006
   4.23696  -0.0012058 -0.00443618  -0.0189692 -0.000827407    0.0137136     0.986354
    4.2411 -0.0102606 -0.0102951 -0.0189692 -0.00558815   0.0135915     1.00271
   4.24694 -0.0161195 -0.0113604 -0.0147082 -0.0203587 0.00626727    1.01663
   4.25144  -0.0193153 -0.00550144  -0.0109797  -0.0339085 -0.00276593     1.01834
   4.25664  -0.0150542 0.000357511 -0.00991448  -0.0367161 -0.00752668      1.0065
   4.26138 -0.0044016 0.00248804 -0.0104471  -0.0273167 -0.00398664    0.990871
   4.26697 0.00305525 0.00248804 -0.0125776 -0.0126682 0.00443621   0.981349
   4.27132  0.00305525 -0.00283828  -0.0141755 -0.00339088   0.0113942    0.984035
   4.27695 0.000392091 -0.00922987   -0.012045 -0.00509987   0.0121266    0.998073
    4.2813  -0.0044016  -0.0108278 -0.00991448 -0.0164524 0.00724383    1.01211
   4.28707  -0.0118584 -0.00763197  -0.0109797  -0.0282932 4.16832e-05     1.01614
   4.29108 -0.00813002 -0.00337091 -0.00778395 -0.0317112 -0.0049632    1.00784
   4.29694  0.00198999 -0.00124039 -0.00671869  -0.0253635 -0.00325422    0.992702
   4.30124  0.00731631 -0.00177302  -0.0115124 -0.0135227 0.00333758   0.983058
   4.30697  0.00784894 -0.00550144  -0.0125776 -0.00534401   0.0100514    0.986598
   4.31108 -0.0012058 -0.0097625 -0.0131103 -0.00790749   0.0111501       1.001
   4.31695 -0.00706476  -0.0108278  -0.0104471  -0.019138 0.00577899     1.0148
   4.32131 -0.00759739 -0.00709934 -0.00778395  -0.0304905 -0.00239972     1.01614
   4.32695  -0.00813002 -0.000707753   -0.0109797   -0.033054 -0.00740461      1.0043
   4.33108 -0.0012058 0.00248804 -0.0141755  -0.0240208 -0.00349836    0.988307
   4.33695   0.00944684 -0.000175121   -0.0141755 -0.0094944 0.00565692    0.97964
   4.34135  0.00838158 -0.00550144  -0.0136429 -0.000949478    0.0126149     0.985011
   4.34708 -0.0028037 -0.0108278 -0.0152408 -0.00571022   0.0123708     1.00088
   4.35112 -0.0118585 -0.0124257 -0.0136429 -0.0198704 0.00577899    1.01577
   4.35694  -0.0155869 -0.00709934  -0.0109797  -0.0334202 -0.00301007     1.01907
   4.36113   -0.0113258 -0.000707753   -0.0104471  -0.0364719 -0.00728254     1.00759
     4.367 -0.00546686  0.00248804  -0.0125776 -0.0278049 -0.0037425   0.991115
   4.37152 -0.00227107  0.00248804  -0.0152408 -0.0135227 0.00419207   0.981105
   4.37696 0.000392091 -0.00283828  -0.0152408 -0.00400124   0.0111501    0.983302
   4.38142  -0.0012058 -0.00869724  -0.0141755 -0.0061985  0.0117604   0.997218
   4.38668  -0.0102606 -0.00922987  -0.0136429 -0.0164524 0.00712176    1.01187
   4.39109  -0.0150542 -0.00709934  -0.0131103  -0.0278049 0.000285824     1.01638
   4.39695  -0.0123911 -0.00230565  -0.0131103  -0.0319553 -0.00484113     1.00759
   4.40135 -0.00759739  0.00248804  -0.0147082  -0.0252415 -0.00362043    0.992213
   4.40696  -0.0012058 0.000890144  -0.0147082 -0.0132786 0.00248309   0.982936
   4.41104 -0.000673173  -0.00443618   -0.0147082 -0.00546608   0.0094411    0.986598
   4.41694 -0.00706476 -0.00869724  -0.0152408 -0.00778542   0.0122487     1.00088
   4.42132 -0.00759739  -0.0102951 -0.00778395   -0.01926 0.00638934     1.0148
   4.42695 -0.00706476 -0.00709934 -0.00565342  -0.0315891 -0.00337629     1.01675
   4.43111  -0.00706476 -0.000707753   -0.0115124  -0.0336643 -0.00801496     1.00503
   4.43699 0.00145736 0.00248804  -0.012045  -0.0242649 -0.00423078    0.989039
   4.44104  0.00625105 0.000357511  -0.0141755 -0.00973854  0.00480243     0.98025
   4.44694  0.00518578 -0.00390355  -0.0152408 -0.000217056    0.0134694     0.984523
   4.45113 0.000392091  -0.0081646  -0.0136429 -0.00412331   0.0139577    0.999782
   4.45696 -0.0107932 -0.0102951 -0.0136429 -0.0182835 0.00602313    1.01492
   4.46137  -0.0150542 -0.00763197   -0.012045  -0.0315891 -0.00301007     1.01858
   4.46698 -0.00759739 -0.00230565 -0.00778395  -0.0354954 -0.00716047     1.00808
   4.47128 -0.0028037 0.00142278 -0.0109797  -0.0286594 -0.00386457    0.992213
   4.47696 -0.00386897  0.00195541  -0.0184366 -0.0154758 0.00272723   0.982081
   4.48114  -0.0012058 -0.00230565  -0.0157734 -0.00546608   0.0094411    0.984401
   4.48696 -0.00386897  -0.0081646  -0.0147082 -0.0061985  0.0118825   0.997584
   4.49116 -0.0113258 -0.0102951 -0.0136429 -0.0162083 0.00773211     1.0115
   4.49695   -0.013989 -0.00763197 -0.00938185  -0.0274387 0.000774105      1.0159
   4.50107  -0.0113258 -0.00283828  -0.0115124  -0.0320774 -0.00410871     1.00686
   4.50695 -0.00493423 0.000357511  -0.0136429   -0.026096 -0.00264386    0.991969
    4.5111   0.00305525 -0.000175121   -0.0131103 -0.0135227 0.00358172   0.983058
   4.51695  0.00412052 -0.00443618  -0.0157734 -0.00473366   0.0107839    0.987208
    4.5212 -0.00333633  -0.0102951  -0.0157734 -0.0074192  0.0122487    1.00137
   4.52696 -0.00813002  -0.0124257  -0.0109797 -0.0196262 0.00577899     1.0148
   4.53164 -0.00866266 -0.00763197 -0.00778395  -0.0323215 -0.00301007     1.01712
   4.53683  -0.00386897 -0.000707753  -0.00778395  -0.0350071 -0.00789289     1.00503
   4.54112 0.00198999 0.00248804 -0.0115124  -0.0249973 -0.00410871    0.988063
   4.54696   0.00838158 -0.000175121   -0.0136429 -0.00998268  0.00577899    0.979274
   4.55129  0.00731631 -0.00550144  -0.0152408 -0.000705337    0.0135915     0.984279
   4.55675 -0.00493423 -0.00922987  -0.0173713 -0.00436745   0.0134694    0.999782
   4.56106 -0.0129237 -0.0102951 -0.0136429 -0.0177952 0.00651141    1.01455
   4.56697  -0.0161195 -0.00763197 -0.00884922  -0.0314671 -0.00252179     1.01858
   4.57137  -0.0123911 -0.00283828 -0.00778395  -0.0352512 -0.00752668     1.00894
   4.57696  -0.0028037 0.000890144 -0.00884921  -0.0273167 -0.00508527    0.992824
   4.58118  0.00145736 0.000890144   -0.012045 -0.0147434 0.00248309   0.982692
   4.58683 -0.000673173  -0.00337091   -0.0157734 -0.00546608  0.00992938    0.984645
   4.59113  -0.0044016 -0.00869724   -0.017904 -0.00668678   0.0118825    0.997462
   4.59696 -0.00706476  -0.0102951  -0.0131103 -0.0168186 0.00797625    1.01162
   4.60119 -0.00972792 -0.00709934 -0.00884922 -0.0276829 0.00101825    1.01565
   4.60696 -0.00813002 -0.00337091 -0.00938185  -0.0318333 -0.00423078      1.0065
   4.61117  -0.0044016 0.000357511 -0.00938185  -0.0258518 -0.00301007    0.991115
   4.61696 0.000924723 0.000890144   -0.012045 -0.0134006 0.00345965   0.981593
   4.62101  0.00465315 -0.00496881  -0.0147082 -0.00461159   0.0106618    0.985744
   4.62696 -0.00333633  -0.0102951  -0.0157734 -0.00729713   0.0123708     1.00125
   4.63136 -0.0102606 -0.0113604 -0.0131103   -0.01926 0.00602313     1.0159
   4.63696 -0.00972792 -0.00763197 -0.00725132  -0.0320774 -0.00313215     1.01785
   4.64136  -0.0044016 -0.00124039 -0.00565342  -0.0346409 -0.00789289      1.0065
   4.64683  0.00412052  0.00195541 -0.00884921  -0.0251194 -0.00447492     0.99026
   4.65111  0.00997947 0.000890144  -0.0125776 -0.0109592 0.00455828   0.980128
   4.65695  0.00678368 -0.00337091  -0.0163061 -0.00155983   0.0123708    0.983668
   4.66117 -0.00227107 -0.00869724  -0.0173713 -0.00363502   0.0131032    0.999171
   4.66698 -0.00706476  -0.0113604   -0.012045  -0.01572 0.0073659   1.01394
   4.67138  -0.0145216 -0.00763197  -0.0125776    -0.029636 -0.000446598      1.01809
   4.67674  -0.0129237 -0.00283828  -0.0125776  -0.0342747 -0.00581769     1.00955
   4.68135 -0.00227107 0.000357511 -0.00831658  -0.0278049 -0.00410871    0.994044
   4.68696 -0.00120581  0.00142278  -0.0136429 -0.0160862 0.00297137   0.983058
   4.69118 -0.00333633 -0.00230565  -0.0168387 -0.00717506  0.00968524    0.984157
   4.69698 -0.0044016 -0.0081646 -0.0163061 -0.00754127   0.0117604    0.997218
   4.70135 -0.00919529 -0.00922987  -0.0168387 -0.0169407 0.00797625    1.01174
   4.70696  -0.0123911 -0.00550144   -0.012045  -0.0285374 0.000652035     1.01577
   4.71108 -0.00759739 -0.00177302 -0.00671869  -0.0319553 -0.00459699     1.00662
   4.71696 -0.00227107 0.000890144  -0.0104471  -0.0251194 -0.00276593    0.990993
    4.7212  0.00305525 0.000357511  -0.0147082 -0.0125462 0.00431414   0.980861
   4.72696  0.00625105 -0.00443618  -0.0125776 -0.00351295   0.0116384    0.985499
   4.73124 -0.0028037 -0.0097625 -0.0141755 -0.00644264   0.0133473     1.00112
   4.73698 -0.00866266  -0.0113604   -0.012045 -0.0196262 0.00638934     1.0159
   4.74141 -0.00706476  -0.0081646 -0.00778395  -0.033176 -0.0037425    1.01858
   4.74695 -0.00546686 -0.00177302 -0.00938185  -0.0358616 -0.00886945     1.00698
   4.75119  0.00198999  0.00142278 -0.00938185  -0.026096 -0.0049632    0.99026
   4.75697  0.00678368 0.000890144   -0.012045  -0.010471 0.00431414    0.97964
   4.76141  0.00252262 -0.00283828  -0.0163061 -9.49856e-05    0.0117604     0.982692
     4.767  -0.0028037 -0.00869724  -0.0152408 -0.00241432   0.0129811    0.997707
   4.77142 -0.00706476  -0.0113604  -0.0115124 -0.0148655 0.00761004    1.01345
   4.77697 -0.0134563 -0.0081646 -0.0109797   -0.0286594 -0.000690739      1.01858
   4.78107  -0.0123911 -0.00230565  -0.0115124  -0.0339085 -0.00581769     1.00979
   4.78698 -0.00333633 0.000890144  -0.0115124  -0.0278049 -0.00398664    0.994533
    4.7915 0.000392091 0.000890144  -0.0152408 -0.0164524 0.00260516   0.984157
   4.79672 0.000392091 -0.00283828  -0.0147082 -0.00729713  0.00870868    0.984645
    4.8011  -0.0059995 -0.00709934  -0.0147082 -0.00705299   0.0104177    0.996364
   4.80697  -0.013989 -0.0081646 -0.0168387 -0.0162083 0.00712176    1.01077
   4.81142  -0.0145216 -0.00603408  -0.0109797  -0.0275608 0.000407894     1.01541
   4.81702 -0.00972792 -0.00177302 -0.00725132  -0.0321995 -0.00557355     1.00637
   4.82108 -0.0028037 0.00142278 -0.0115124  -0.0257298 -0.00410871    0.990871
   4.82696  0.00198999 0.000357511  -0.0163061 -0.0126682 0.00370379   0.981715
   4.83123  0.00465315 -0.00443618  -0.0152408 -0.00339088   0.0116384    0.985866
   4.83684 -0.00173844 -0.00922987  -0.0136429 -0.00632057   0.0137136       1.001
   4.84108 -0.00706476   -0.011893 -0.00938185  -0.019138 0.00712176    1.01602
   4.84699 -0.00866266 -0.00869724 -0.00725132  -0.0323215 -0.00264386     1.01895
   4.85145 -0.00919529 -0.00177302 -0.00991448  -0.0359837 -0.00789289     1.00772
   4.85699 -0.0012058 0.00195541 -0.0109797  -0.0278049 -0.00423078    0.991115
   4.86104 0.00465315 0.00142278 -0.0147082 -0.0129124 0.00419207    0.98025
   4.86698  0.00358788 -0.00337091  -0.0157734 -0.00229225   0.0112722    0.982204
   4.87135  -0.0059995 -0.00763197  -0.0163061 -0.00363502   0.0132253    0.996974
   4.87698  -0.0134563 -0.00922987  -0.0152408 -0.0147434 0.00834246     1.0126
   4.88105  -0.0134563 -0.00763197  -0.0109797  -0.0276829 0.000163754     1.01773
   4.88696  -0.0134563 -0.00283828  -0.0104471  -0.0324436 -0.00520734     1.00906
   4.89147 -0.00972792 0.000357511  -0.0141755  -0.0271946 -0.00447492      0.9938
   4.89696  -0.00173844 -0.000175121   -0.0163061   -0.01572 0.00175067   0.983668
   4.90119 0.000392091 -0.00390355  -0.0163061 -0.00644264  0.00870868    0.984645
   4.90697 -0.00386897  -0.0081646  -0.0157734 -0.00680885   0.0111501    0.996974
   4.91118 -0.00759739  -0.0097625  -0.0115124 -0.0163303 0.00724383    1.01187
   4.91697  -0.0113258 -0.00709934 -0.00884922   -0.0280491 -0.000446598      1.01687
   4.92141 -0.00653213 -0.00230565 -0.00725132  -0.0321995 -0.00630597     1.00711
   4.92698  0.00412052  0.00142278 -0.00671869  -0.0252415 -0.00447492    0.990993
   4.93111 0.00465315 0.00195541 -0.0141755 -0.0121799    0.00407   0.981227
   4.93696  0.00252262 -0.00283828  -0.0168387 -0.0029026  0.0121266   0.984523
   4.94111  -0.0012058 -0.00922987  -0.0141755 -0.00534401   0.0135915    0.998683
   4.94684 -0.00813002  -0.0113604  -0.0125776 -0.0190159 0.00748797    1.01419
   4.95116 -0.00972792 -0.00869724 -0.00884921  -0.0336643 -0.00142316     1.01944
   4.95696 -0.00759739 -0.00283828 -0.00725132  -0.0381809 -0.00691632     1.00943
   4.96121 -0.0028037 0.00195541  -0.012045  -0.0300022 -0.00447492    0.992702
   4.96699 0.00358789 0.00248804 -0.0147082 -0.0148655 0.00370379   0.981105
    4.9714  0.00358789 -0.00230565  -0.0157734 -0.00363502   0.0109059    0.982204
   4.97697 -0.00493423 -0.00709934  -0.0200345 -0.00400124   0.0118825    0.995387
   4.98129 -0.00759739 -0.00922987  -0.0152408  -0.014011 0.00761004    1.01052
   4.98698  -0.0107932 -0.00869724 -0.00991448 -0.0265842 0.00101825    1.01724
   4.99104  -0.0134563 -0.00390355  -0.0104471  -0.0321995 -0.00423078     1.01065
   4.99697   -0.0044016 -0.000175121  -0.00938185  -0.0265842 -0.00349836    0.995753
   5.00153 0.000392091 0.000357511  -0.0136429 -0.0148655 0.00211688   0.984523
   5.00712 -0.00227107 -0.00177302  -0.0189692 -0.0061985 0.00846453   0.984767
    5.0111 -0.00493423 -0.00656671  -0.0168387 -0.00656471   0.0109059    0.996852
   5.01698  -0.0107932 -0.00922987  -0.0147082 -0.0152317 0.00699969    1.01174
   5.02154  -0.0166521 -0.00656671  -0.0147082   -0.0270725 -0.000324528      1.01675
   5.02685  -0.0113258 -0.00124039  -0.0109797  -0.0324436 -0.00593976     1.00747
   5.03113 -0.00173844  0.00248804  -0.0104471  -0.0254856 -0.00459699    0.990871
   5.03697 0.00305525 0.00142278 -0.0152408 -0.0116917 0.00358172   0.980372
   5.04118  0.00571841 -0.00443618  -0.0152408 -0.00180397   0.0117604    0.984157
   5.04696  -0.0028037 -0.00922987  -0.0147082 -0.00424538   0.0134694    0.999171
   5.05114 -0.0102606 -0.0113604 -0.0131103 -0.0180393 0.00724383    1.01443
   5.05697 -0.00546686  -0.0097625 -0.00618606  -0.0328098 -0.00154523     1.01956
   5.06163  -0.0028037 -0.00390355 -0.00618606  -0.0375706 -0.00703839     1.00991
   5.06699 0.000392091 0.000890144 -0.00991448  -0.0297581 -0.00581769    0.993068
   5.07118  0.00784894  0.00142278 -0.00991448 -0.0148655 0.00211688   0.980861
   5.07698  0.00784894 -0.00230565  -0.0131103 -0.00351295   0.0102956    0.981349
    5.0811 -0.000673173  -0.00709934   -0.0157734 -0.00436745   0.0128591    0.995631
   5.08699 -0.00546686  -0.0097625  -0.0136429 -0.0143772 0.00846453    1.01101
   5.09119 -0.00972792  -0.0081646  -0.0125776 -0.0267063 0.00101825    1.01736
   5.09686 -0.00972792 -0.00390355  -0.0109797  -0.0324436 -0.00435285     1.01065
   5.10108  -0.00173844 -0.000175121  -0.00831658  -0.0275608 -0.00410871    0.995631
   5.10696 -0.00173844  0.00142278  -0.0147082 -0.0162083 0.00150653   0.984157
   5.11138 -0.00333633 -0.00177302  -0.0173713 -0.00644264  0.00870868    0.984035
   5.11676  -0.0059995 -0.00709934  -0.0152408 -0.00668678   0.0116384     0.99673
   5.12111 -0.0123911 -0.0097625 -0.0157734 -0.0166965 0.00699969    1.01248
   5.12698 -0.0134563 -0.0081646 -0.0131103   -0.029636 -0.00130109      1.0176
   5.13132 -0.00706476 -0.00337091 -0.00991448  -0.0342747 -0.00728254     1.00772
   5.13697  0.00358788 0.000357511  -0.0104471  -0.0259739 -0.00508527    0.991115
   5.14119  0.00784894 0.000890144  -0.0141755 -0.0112034 0.00382586   0.980495
   5.14696  0.00571841 -0.00337091  -0.0147082 -0.000705337    0.0123708      0.98379
   5.15117 -0.0012058 -0.0097625 -0.0147082 -0.00278053   0.0138356    0.998439
   5.15697 -0.00759739  -0.0113604   -0.012045 -0.0159641 0.00724383    1.01394
   5.16108 -0.00866266  -0.0081646 -0.00778395  -0.0306126 -0.00154523     1.01907
   5.16699 -0.00546686 -0.00390355 -0.00725132  -0.0362278 -0.00679425     1.00991
   5.17144 -0.00227107 0.000890144 -0.00991448  -0.0291477 -0.00508527    0.994166
   5.17685 0.000924724  0.00195541  -0.0152408   -0.01572 0.00175067   0.982814
   5.18125  0.00198999 -0.00177302   -0.017904 -0.00558815  0.00956317    0.983302
   5.18697 -0.00546686 -0.00603408  -0.0184366 -0.00509987   0.0124929    0.995509
   5.19126 -0.0118585 -0.0081646 -0.0163061 -0.0148655 0.00858661    1.01004
   5.19697  -0.0113258 -0.00709934  -0.0104471 -0.0271946 0.00211688    1.01638
   5.20116  -0.0107932 -0.00337091 -0.00991448  -0.0319553 -0.00386457     1.00979
   5.20697  -0.00706476 -0.000175121   -0.0115124  -0.0268284 -0.00423078    0.994655
   5.21131   0.00305525 -0.000707753  -0.00991448   -0.01572 0.00175067   0.983668
   5.21698  0.00252262 -0.00390355  -0.0131103 -0.00632057  0.00919696    0.985377
   5.22118 -0.00386897 -0.00922987  -0.0131103 -0.00680885   0.0120046    0.998683
   5.22698  -0.0044016   -0.011893 -0.00725132 -0.0177952 0.00712176    1.01406
   5.23104  -0.0107932  -0.0081646 -0.00884922   -0.031345 -0.00130109     1.01846
   5.23698 -0.00653213 -0.00177302 -0.00884922  -0.0354954 -0.00716047     1.00735
   5.24147  0.00625105  0.00248804 -0.00831658   -0.026218 -0.00508527     0.98965
   5.24711 0.00625105 0.00195541 -0.0157734 -0.0108372 0.00394793   0.978908
   5.25111  0.00571841 -0.00337091  -0.0157734 -9.49856e-05    0.0123708      0.98257
   5.25697 0.00465315 -0.0102951  -0.012045 -0.00229225   0.0134694    0.998683
   5.26115 -0.00493423  -0.0129583  -0.0131103 -0.0159641  0.0073659    1.01638
   5.26701  -0.0102606 -0.00869724 -0.00991448  -0.0303684 -0.00154523     1.02188
   5.27163 -0.00706476 -0.00177302 -0.00565342  -0.0354954 -0.00703839     1.01004
    5.2766 -0.00546686  0.00302067  -0.0109797  -0.0287815 -0.00471906    0.992213
    5.2813 -0.000673173   0.00248804   -0.0168387 -0.0154758 0.00272723   0.980495
   5.28697  0.00412052 -0.00283828  -0.0157734 -0.00546608  0.00968524    0.980861
   5.29115 -0.00227107 -0.00869724  -0.0173713 -0.00509987   0.0123708    0.995753
   5.29698 -0.00972792  -0.0108278  -0.0147082 -0.0137669 0.00907489    1.01248
   5.30142  -0.0155869 -0.00656671 -0.00938185  -0.026096 0.00175067    1.01821
   5.30676   -0.0161195 -0.000707753   -0.0109797  -0.0329319 -0.00423078     1.01077
   5.31119 -0.00493423  0.00142278  -0.0104471  -0.0286594 -0.00386457    0.993678
   5.31697  0.00252262 0.000357511  -0.0131103 -0.0165745 0.00223895   0.980495
   5.32135 -0.000140541  -0.00390355   -0.0200345 -0.00656471  0.00968524    0.982692
   5.32698 -0.00386897 -0.00922987   -0.017904 -0.00632057   0.0128591    0.998195
   5.33117 -0.00866266  -0.0113604  -0.0136429 -0.0163303 0.00797625    1.01553
     5.337 -0.0150542 -0.0081646 -0.0115124  -0.0297581 -0.00130109      1.0209
    5.3415  -0.0102606 -0.00177302 -0.00778395   -0.034885 -0.00777082     1.00955
   5.34702 -0.0028037 0.00302067 -0.0104471  -0.0276829 -0.00545148    0.990993
   5.35109 0.000392091  0.00248804  -0.0157734 -0.0131565 0.00394793   0.978419
   5.35699  0.00518578 -0.00283828  -0.0147082 -0.0016819  0.0123708   0.980495
   5.36145  0.00358789 -0.00922987  -0.0147082 -0.00265846   0.0140798    0.996242
   5.36704 -0.0059995  -0.011893 -0.0141755 -0.0144993 0.00822039    1.01333
   5.37135  -0.0118585  -0.0081646 -0.00884921   -0.0285374 -0.000690739      1.02017
   5.37697 -0.00972792 -0.00230565 -0.00725132  -0.0346409 -0.00667218     1.01235
   5.38121 -0.00653213  0.00195541 -0.00991448  -0.0292698 -0.00545148    0.995387
   5.38698 -0.0028037 0.00195541 -0.0131103 -0.0171848  0.0016286   0.982081
   5.39129  0.00145736 -0.00230565  -0.0141755 -0.00668678  0.00858661    0.981349
   5.39697 -0.000673173  -0.00709934   -0.0141755 -0.00509987   0.0106618    0.993678
   5.40112  -0.0059995 -0.00922987  -0.0131103 -0.0134006 0.00785418    1.00955
   5.40698  -0.0113258 -0.00709934  -0.0125776 -0.0257298 0.00272723    1.01712
   5.41113  -0.0129237 -0.00230565  -0.0125776  -0.0317112 -0.00301007      1.0104
   5.41697 -0.00706476  0.00142278  -0.0115124  -0.0269505 -0.00325422    0.994411
   5.42124 -0.00173844 0.000890144  -0.0152408 -0.0152317 0.00333758   0.982448
   5.42698 0.000924724 -0.00337091  -0.0173713 -0.00558815   0.0109059    0.984035
   5.43124 -0.00333633 -0.00869724  -0.0152408 -0.00680885   0.0135915    0.998683
   5.43697 -0.00866266  -0.0124257  -0.0115124 -0.0180393 0.00809832     1.0148
   5.44119  -0.0107932  -0.0102951 -0.00725132  -0.0311008 -0.00154523     1.01956
   5.44698 -0.00919529 -0.00230565 -0.00884921  -0.0358616 -0.00801496     1.00955
   5.45142 -0.00227107  0.00302067   -0.012045   -0.027927 -0.00581769    0.991969
   5.45698 0.00412052 0.00248804 -0.0136429 -0.0124241 0.00333758    0.97964
    5.4612  0.00625105 -0.00177302  -0.0147082 -0.000949478    0.0120046     0.980983
     5.467  0.00305525 -0.00869724  -0.0141755 -0.00192604   0.0135915    0.995021
    5.4713 -0.00333633  -0.0129583  -0.0115124 -0.0135227 0.00785418    1.01187
   5.47697 -0.00972792  -0.0097625 -0.00778395   -0.0282932 -0.000568668      1.01944
   5.48129 -0.00972792 -0.00337091 -0.00831658  -0.0351292 -0.00691632      1.0126
   5.48682 -0.00120581 0.000357511 -0.00778395  -0.0292698 -0.00655011    0.996608
   5.49112  0.00465315  0.00195541 -0.00884922  -0.0165745 0.000529964    0.983424
   5.49701  0.00358788 -0.00124039  -0.0136429 -0.0061985 0.00870868   0.982448
   5.50112  0.00145736 -0.00763197  -0.0131103 -0.00558815   0.0120046    0.994533
   5.50698 -0.000673173   -0.0102951  -0.00938185 -0.0141331 0.00883075    1.01016
   5.51139 -0.00653213  -0.0081646 -0.00884921 -0.0254856 0.00223895    1.01724
   5.51699 -0.00919529 -0.00283828 -0.00884921  -0.0320774 -0.00337629     1.01028
   5.52108  -0.0012058  0.00195541 -0.00884921  -0.0284153 -0.00325422    0.994166
   5.52699 0.00145736 0.00248804 -0.0152408 -0.0160862 0.00333758   0.981837
   5.53153  0.00198999 -0.00283828  -0.0173713 -0.00534401    0.011028     0.98318
   5.53711  0.00518578 -0.00709934  -0.0147082 -0.00217018   0.0143239    0.987941
   5.54099 -0.00706476 -0.00869724  -0.0152408 -0.0134006 0.00822039    1.00479
   5.54708  -0.0155869 -0.00869724   -0.012045  -0.0312229 -0.00239972     1.02102
   5.55116  -0.0102606 -0.00337091 -0.00831658  -0.0373264 -0.00838117     1.01187
   5.55698 -0.00866266  0.00302067   -0.012045  -0.0302464 -0.00642804    0.993556
    5.5612 -0.0028037  0.0035533 -0.0152408 -0.0153538 0.00272723    0.97903
     5.567  0.00412052 -0.00230565  -0.0157734 -0.00302467   0.0118825    0.978053
    5.5716  0.00305525 -0.00922987  -0.0131103 -0.00192604   0.0139577    0.991847
   5.57667  -0.0028037   -0.011893 -0.00778395 -0.0132786 0.00883075    1.01089
   5.58134 -0.00813002  -0.0102951 -0.00565342  -0.0280491 0.000529964     1.02188
   5.58704 -0.00759739 -0.00656671 -0.00512079 -0.0341526 -0.0061839    1.01663
   5.59112   -0.0028037 -0.000707753  -0.00725132  -0.0293919 -0.00630597    0.999415
   5.59698 0.00518578 0.00195541 -0.0104471   -0.0179173 -8.03871e-05     0.983302
   5.60136  0.00997947 -0.00177302  -0.0125776 -0.00729713  0.00809832    0.979518
   5.60699 -0.000673173  -0.00709934   -0.0157734 -0.00571022   0.0121266    0.990748
   5.61124 -0.00813002  -0.0102951  -0.0152408 -0.0137669 0.00883075    1.00808
   5.61698 -0.00972792 -0.00922987  -0.0115124 -0.0253635 0.00138446    1.01834
   5.62122  -0.0134563 -0.00337091  -0.0109797  -0.0317112 -0.00532941     1.01309
     5.627  -0.0129237 0.000357511  -0.0115124  -0.0324436 -0.00789289     1.00601
   5.63099 -0.00386897 0.000890144  -0.0141755   -0.0197483 -0.000934879     0.991969
   5.63699  0.00145736 -0.00124039  -0.0189692 -0.00363502   0.0102956    0.981837
   5.64136 -0.00333633 -0.00709934  -0.0168387 -0.00412331   0.0134694    0.995387
   5.64701 -0.0044016 -0.0102951 -0.0125776 -0.00802956   0.0123708     1.00503
   5.65115 -0.0129237 -0.0081646 -0.0136429 -0.0228001 0.00358172    1.01297
   5.65699  -0.0155869 -0.00337091  -0.0136429  -0.0373264 -0.00679425      1.0126
   5.66142 -0.00333633  0.00142278 -0.00938185 -0.0309788 -0.0049632   0.995387
   5.66701  0.00305525   0.0035533 -0.00618605  -0.0248753 -0.00154523    0.986476
   5.67121  0.00625105 -0.00124039 -0.00991448 -0.0121799 0.00687762   0.985133
   5.67698 0.00518578 -0.0081646 -0.0131103 0.000515366   0.0153005     0.98379
   5.68124 -0.0028037 -0.0113604 -0.0131103 -0.00986061   0.0101735     1.00015
   5.68701 -0.00813002  -0.0102951 -0.00938185 -0.0265842 0.00101825    1.01834
   5.69132 -0.00759739 -0.00550144 -0.00618606  -0.033176 -0.0049632    1.01394
    5.6968 -0.00546686 -0.00283828 -0.00725132  -0.0334202 -0.00691632     1.00772
   5.70112  0.00305525 -0.00177302 -0.00831658   -0.022678 -0.00178937    0.994289
   5.70964    0.0115774 -0.000707753  -0.00938185 -0.0119358 0.00333758   0.980861
   5.71114  0.00252262 -0.00550144  -0.0131103 -0.0101048 0.00724383   0.990993
   5.71698 -0.00653213  -0.0102951  -0.0168387 -0.0082737  0.0111501    1.00112
    5.7212 -0.00866266  -0.0081646  -0.0125776 -0.0199924 0.00468035    1.00906
   5.72698  -0.0107932 -0.00603408 -0.00831658  -0.0317112 -0.00178937     1.01699
   5.73118 -0.00386897 -0.00124039 -0.00938185  -0.0271946 -0.00227765     1.00137
   5.73698 0.00305525  0.0035533 -0.0104471   -0.022678 -0.00276593    0.985744
   5.74129  0.000392091 -0.000175121   -0.0157734 -0.0114475 0.00541278   0.986964
   5.74698 -0.00333633 -0.00763197  -0.0157734 -0.00424538   0.0137136    0.996852
   5.75145 -0.0102606 -0.0113604 -0.0125776 -0.0158421  0.0085866    1.01248
   5.75701 -0.0161195 -0.0113604 -0.0147082 -0.0234104 0.00333758    1.01944
   5.76108  -0.0118585 -0.00550144  -0.0109797  -0.0301243 -0.00252179      1.0115
   5.76701 -0.00759739 0.000357511 -0.00725132  -0.0368382 -0.00838117     1.00357
   5.77138   0.00252262 -0.000175121  -0.00938185  -0.0218235 -0.00117902    0.991237
   5.77699    0.0126426 -0.000707753   -0.0115124 -0.00680885  0.00602313    0.978908
   5.78121  0.00465315 -0.00496881  -0.0125776 -0.00558815  0.00956317    0.990626
   5.78701 -0.00333633 -0.00922987  -0.0136429 -0.00436745   0.0131032     1.00235
    5.7913 -0.00653213  -0.0081646  -0.0109797  -0.019138 0.00577899    1.01052
   5.79699 -0.00972792 -0.00709934 -0.00831658  -0.0339085 -0.00154523      1.0187
    5.8012  -0.0044016 -0.00283828 -0.00778395  -0.0292698 -0.00203351      1.0032
   5.80699 0.000924723  0.00142278 -0.00725132  -0.0246311 -0.00252179    0.987697
   5.81143  0.00518578 -0.00337091  -0.0104471 -0.0146214 0.00394793   0.987697
   5.81698 0.00944684 -0.0081646 -0.0136429 -0.00461159   0.0104177    0.987697
   5.82114 -0.00333633  -0.0081646  -0.0136429 -0.0126682 0.00748797    1.00271
   5.82698 -0.0161195 -0.0081646 -0.0136429 -0.0207249 0.00455828    1.01773
   5.83116  -0.0123911 -0.00337091  -0.0125776  -0.0274387 -0.00191144     1.00894
   5.83702 -0.00866266  0.00142278  -0.0115124  -0.0341526 -0.00838117     1.00015
   5.84124  -0.0012058 0.000357511   -0.012045   -0.0201145 -0.000202457     0.988795
     5.847   0.00625105 -0.000707753   -0.0125776 -0.00607643  0.00797625    0.977443
   5.85136  -0.0044016 -0.00550144  -0.0163061 -0.00644264   0.0109059    0.991481
   5.85698 -0.0150542 -0.0102951 -0.0200345 -0.00680885   0.0138356     1.00552
   5.86124  -0.0150542 -0.00922987  -0.0136429 -0.0214573 0.00419207    1.01272
   5.86702  -0.0150542  -0.0081646 -0.00725132  -0.0361057 -0.00545148     1.01992
   5.87151 -0.00546686 -0.00283828 -0.00618606  -0.0295139 -0.00447492     1.00283
   5.87674  0.00412052  0.00248804 -0.00512079  -0.0229221 -0.00349836    0.985744
   5.88132  0.00305525 -0.00177302  -0.0109797 -0.0124241 0.00468035   0.985499
     5.887  0.00198999 -0.00603408  -0.0168387 -0.00192604   0.0128591    0.985255
   5.89112  -0.0044016 -0.00763197  -0.0141755 -0.0102268  0.0094411    1.00003
   5.89699  -0.0107932 -0.00922987  -0.0115124 -0.0185276 0.00602313     1.0148
   5.90154 -0.00386897 -0.00603408 -0.00671869   -0.0256077 -0.000202457      1.00943
   5.90679  0.00305525 -0.00283828   -0.001925  -0.0326878 -0.00642804     1.00405
   5.91116  0.00252262 -0.00124039 -0.00831658  -0.0220676 -0.00142316    0.993556
   5.91698  0.00198999 0.000357511  -0.0147082 -0.0114475 0.00358172   0.983058
   5.92136 -0.00227107 -0.00496881  -0.0163061 -0.00998268  0.00773211    0.993556
   5.92701 -0.00653213  -0.0102951   -0.017904 -0.00851784   0.0118825     1.00405
   5.93123 -0.00919529  -0.0081646  -0.0131103 -0.0214573 0.00431414    1.00979
   5.93701  -0.0118585 -0.00603408 -0.00831658  -0.0343967 -0.00325422     1.01553
   5.94129 -0.00546686 -0.00230565  -0.0115124  -0.0282932 -0.00215558     1.00015
   5.94706 0.000924723  0.00142278  -0.0147082  -0.0221897 -0.00105695    0.984767
   5.95107  -0.0028037 -0.00177302  -0.0195019 -0.010593 0.0073659  0.985988
     5.957 -0.00653213 -0.00496881  -0.0242955 0.00100365  0.0157888   0.987208
   5.96148 -0.00919529 -0.00763197  -0.0168387 -0.010593 0.0101735   1.00357
   5.96703  -0.0118585  -0.0102951 -0.00938185 -0.0221897 0.00455828    1.01992
   5.97124  -0.0113258 -0.00550144 -0.00884922  -0.0295139 -0.00227765     1.01248
     5.977   -0.0107932 -0.000707753  -0.00831658  -0.0368382 -0.00911359     1.00503
   5.98121 -0.00333633 0.000357511   -0.012045  -0.0231663 -0.00191144    0.992213
     5.987 0.00412052 0.00142278 -0.0157734 -0.0094944 0.00529071   0.979396
   5.99119  0.00412052 -0.00390355  -0.0115124 -0.0074192 0.00931903   0.990016
   5.99699  0.00412052 -0.00922987 -0.00725132 -0.00534401   0.0133473     1.00064
   6.00127 -0.00333633 -0.00869724 -0.00778395 -0.0181614 0.00590106    1.00943
   6.00699  -0.0107932  -0.0081646 -0.00831658  -0.0309788 -0.00154523     1.01821
    6.0113 -0.00546686 -0.00337091  -0.0109797  -0.0273167 -0.00227765     1.00393
   6.01699 -0.00014054  0.00142278  -0.0136429  -0.0236546 -0.00301007     0.98965
   6.02122  0.00412052 -0.00230565  -0.0131103 -0.0135227 0.00370379   0.988307
     6.027  0.00838157 -0.00603408  -0.0125776 -0.00339088   0.0104177    0.986964
   6.03145 0.000392091 -0.00922987  -0.0115124 -0.0127903 0.00797625    1.00247
   6.03685 -0.00759739  -0.0124257  -0.0104471 -0.0221897 0.00553485    1.01797
   6.04111  -0.0059995 -0.00656671 -0.00938185 -0.0282932 -0.0016673    1.00955
   6.04699   -0.0044016 -0.000707753  -0.00831658  -0.0343967 -0.00886945     1.00112
   6.05115  0.000924724 -0.000175121    -0.012045    -0.020969 -0.000568668      0.98965
   6.05701  0.00625105 0.000357511  -0.0157734 -0.00754127  0.00773211    0.978175
   6.06128 0.000392091 -0.00496881  -0.0152408 -0.00644264   0.0112722    0.991237
   6.06703 -0.00546686  -0.0102951  -0.0147082 -0.00534401   0.0148122      1.0043
   6.07137 -0.0129237 -0.0081646 -0.0136429 -0.0134006 0.00992938    1.01187
   6.07687  -0.0203806 -0.00603408  -0.0125776  -0.0286594 0.000529964     1.01968
   6.08128  -0.0107932 -0.00177302  -0.0115124  -0.0317112 -0.00337629     1.00381
   6.08702 -0.00120581  0.00248804  -0.0104471  -0.0275608 -0.00276593    0.987697
   6.09129  0.00145736 -0.00124039  -0.0115124 -0.0151096 0.00443621   0.985988
   6.09702  0.00412052 -0.00496881  -0.0125776 -0.00265846   0.0116384    0.984279
   6.10108 -0.00227107 -0.00763197  -0.0131103 -0.00986061  0.00870868    0.998683
   6.10703 -0.00866266  -0.0102951  -0.0136429 -0.0170628 0.00577899    1.01309
   6.11161 -0.00759739  -0.0081646 -0.00938185 -0.0232883 0.00211688    1.01492
   6.11676  -0.0044016 -0.00337091 -0.00671869 -0.0312229 -0.0037425    1.01101
   6.12113  0.00145736 -0.00124039  -0.0104471   -0.0220676 -0.000690739     0.992946
   6.12701  0.00518578 -0.00177302  -0.0125776 -0.0112034 0.00455828   0.980617
   6.13155  0.00198999 -0.00603408  -0.0136429 -0.00668678  0.00834246    0.983668
   6.13707 -0.00120581  -0.0102951  -0.0147082 -0.00461159    0.012737    0.995387
   6.14111 -0.00706476 -0.00869724   -0.012045 -0.0138889 0.00919696    1.01126
     6.147  -0.0129237 -0.00709934 -0.00938185  -0.0276829 0.000163754      1.0187
   6.15125 -0.00866266 -0.00124038   -0.012045  -0.0352512 -0.00740461     1.01101
   6.15701 -0.0044016 0.00461857 -0.0147082  -0.0293919 -0.00655011      0.9938
   6.16122 -0.00014054 -0.00017512  -0.0147082 -0.0146214 0.00223895   0.980739
   6.16703  0.00412052 -0.00496881  -0.0147082 -0.00204811   0.0111501    0.980617
   6.17165  -0.0044016 -0.00656671  -0.0163061 -0.00107155   0.0143239    0.993922
   6.17664 -0.0134563 -0.0102951 -0.0152408 -0.0125462  0.0094411    1.01101
   6.18133 -0.0145216 -0.0108278 -0.0109797   -0.027927 0.000163754     1.01992
   6.18709  -0.0134563 -0.00496881 -0.00884922  -0.0359837 -0.00655011     1.01419
   6.19119 -0.00706476 0.000890144 -0.00831658 -0.0317112 -0.0061839   0.997462
     6.197 0.000924724  0.00195541 -0.00884922  -0.0193821 4.16832e-05    0.983668
   6.20112   0.00252262 -0.000707753   -0.0125776 -0.00839577  0.00724383    0.981105
   6.20688 -0.000140541  -0.00496881   -0.0147082 -0.00571022   0.0112722    0.990626
   6.21117 -0.0044016 -0.0081646 -0.0115124 -0.0127903 0.00980731    1.00625
   6.21699 -0.00919529  -0.0081646 -0.00991448 -0.0248753 0.00431414    1.01614
   6.22135 -0.00759739 -0.00390355  -0.0104471  -0.0323215 -0.00227765     1.01272
   6.22684 -0.00173844 0.000357511 -0.00991448  -0.0293919 -0.00398664    0.998439
   6.23116  0.00358788 0.000357511  -0.0104471 -0.0181614 0.00126239   0.985255
     6.237  0.00412052 -0.00337091  -0.0136429 -0.00680885  0.00846453    0.983546
   6.24144 -0.00173844  -0.0081646  -0.0152408 -0.00473366   0.0124929    0.995509
   6.24704 -0.00866266  -0.0108278  -0.0136429  -0.014011 0.00870868    1.01174
   6.25121  -0.0129237 -0.00869724  -0.0104471   -0.0275608 -8.03871e-05       1.0176
     6.257 -0.00813002 -0.00230565 -0.00725132  -0.0343967 -0.00801496     1.00881
   6.26126 0.000392091  0.00248804 -0.00938185  -0.0291477 -0.00740461    0.993434
   6.26703 0.00731631 0.00142278  -0.012045 -0.0152317 0.00150653    0.98257
   6.27127  0.00518578 -0.00230565  -0.0147082 -0.00265846   0.0100514    0.982204
   6.27699  -0.0059995 -0.00603408  -0.0184366 -0.000827407    0.0134694     0.994044
   6.28122 -0.0102606 -0.0102951 -0.0147082  -0.010593 0.00968524    1.00991
   6.28701  -0.0150542 -0.00922987  -0.0115124 -0.0254856 0.00150653    1.01748
   6.29134  -0.0171848 -0.00283828  -0.0109797   -0.034763 -0.00520734     1.01284
     6.297   -0.0059995 -0.000175121  -0.00725132  -0.0321995 -0.00520734     1.00003
   6.30134   0.00198999 -0.000175121  -0.00884922  -0.0206028 0.000529964     0.98672
   6.30703 -0.00173844 -0.00124039  -0.0157734 -0.00912819  0.00773211     0.98257
   6.31114 -0.00173844 -0.00603408  -0.0152408 -0.00583229   0.0121266    0.991237
   6.31699 -0.00227107  -0.0102951  -0.0115124 -0.0132786  0.0101735    1.00601
   6.32138 -0.00866266 -0.00922987 -0.00991448 -0.0253635 0.00382586    1.01602
     6.327 -0.00493423 -0.00496881 -0.00458816  -0.0321995 -0.00301007     1.01235
   6.33119  0.00145736 0.000357511 -0.00618605  -0.0287815 -0.00435285    0.998073
   6.33701 0.00358788 0.00302067 -0.0125776 -0.0169407 0.00138446   0.985255
   6.34109  0.00625105 -0.00124039  -0.0125776 -0.00607643  0.00919696    0.983546
   6.34701 0.000924724  -0.0081646  -0.0152408 -0.00461159   0.0134694    0.994655
   6.35146 -0.00972792  -0.0113604  -0.0157734 -0.0144993 0.00980731    1.01052
   6.35702  -0.0134563 -0.00922987  -0.0104471   -0.0290257 -8.03871e-05      1.01821
   6.36106  -0.0118585 -0.00337091 -0.00831658  -0.0362278 -0.00862531     1.01089
   6.36704 -0.00706476  0.00195541 -0.00991448  -0.0304905 -0.00789289    0.994411
   6.37131 -0.000673173   0.00248804   -0.0131103   -0.01572 0.00101825   0.981959
   6.37701  0.00305525 -0.00177302  -0.0152408 -0.00253639  0.00992938    0.981227
   6.38145  -0.0012058 -0.00709934  -0.0152408 -0.000461197    0.0134694     0.993068
   6.38681 -0.0113258 -0.0097625 -0.0141755 -0.0102268  0.0105397    1.00979
   6.39117  -0.0145216 -0.00922987  -0.0109797  -0.024387 0.00272723     1.0187
   6.39701  -0.0113258 -0.00496881 -0.00725132  -0.0332981 -0.00447492     1.01333
   6.40122   -0.0059995 -0.000175121  -0.00778395  -0.0314671 -0.00423078    0.998561
   6.40701   0.00145736 -0.000175121   -0.0109797 -0.0208469 0.00150653   0.986354
   6.41146  0.00145736 -0.00283828  -0.0152408 -0.00961647  0.00773211    0.983913
   6.41702 -0.00333633 -0.00656671  -0.0184366 -0.00656471   0.0117604    0.992824
   6.42105 -0.00493423  -0.0102951  -0.0168387 -0.0134006 0.00956317    1.00747
     6.427 -0.00919529 -0.00922987  -0.0125776 -0.0247532 0.00333758    1.01638
   6.43143 -0.00813002 -0.00337091 -0.00778395  -0.0320774 -0.00349836     1.01101
   6.43684 -0.00120581  0.00142278 -0.00831658  -0.0293919 -0.00545148    0.995753
   6.44113  0.00412052 0.000890144  -0.0136429 -0.0177952 0.00101825   0.983546
     6.447  0.00571841 -0.00283828  -0.0163061 -0.00583229  0.00980731    0.983058
   6.45157 0.000392091 -0.00869724  -0.0163061 -0.00387917   0.0143239    0.995509
   6.45704 -0.00706476   -0.011893  -0.0115124 -0.0137669 0.00992938     1.0115
   6.46116  -0.0129237 -0.00869724 -0.00938185  -0.0282932 4.16832e-05     1.01846
   6.46703  -0.0107932 -0.00337091  -0.0104471  -0.0362278 -0.00740461     1.01126
   6.47149  -0.0044016  0.00195541 -0.00991448   -0.031345 -0.00691632    0.995753
   6.47667 0.00145736 0.00355331 -0.0125776  -0.0170628 0.000529964     0.98318
   6.48122  0.00412052 0.000357511  -0.0157734 -0.00400124  0.00919696    0.981471
   6.48704 -0.00333633 -0.00496881  -0.0173713 -0.00143776   0.0137136     0.99258
   6.49123  -0.0113258 -0.00869724  -0.0157734 -0.010471 0.0106618   1.00857
   6.49702  -0.0107932  -0.0081646 -0.00991448 -0.0247532 0.00297137    1.01748
   6.50142  -0.0107932 -0.00390355 -0.00725132  -0.0332981 -0.00386457     1.01297
   6.50688 -0.00759739 0.000357511 -0.00938185 -0.0309788 -0.0049632   0.998927
   6.51116  0.00412052 0.000357511 -0.00831658 -0.0204807 4.1683e-05   0.985866
     6.517  0.00518578 -0.00230565  -0.0109797 -0.00900612  0.00675555    0.983058
   6.52133 0.000924724 -0.00656671  -0.0141755 -0.00595436   0.0106618    0.992702
   6.52705 0.000392091  -0.0097625  -0.0109797 -0.0135227 0.00895282    1.00796
   6.53113 -0.00333633 -0.00869724 -0.00991448 -0.0256077 0.00199481    1.01712
     6.537  -0.0044016 -0.00443618 -0.00884921  -0.0325657 -0.00532941     1.01113
   6.54142 -0.00120581 0.000357511 -0.00778395  -0.0287815 -0.00642804    0.995631
   6.54704 0.00305525 0.00142278 -0.0109797   -0.0164524 -8.03871e-05     0.983302
   6.55106  0.00198999 -0.00177302  -0.0163061 -0.00448952  0.00956317    0.982692
   6.55704  -0.0028037 -0.00603408  -0.0173713 -0.0029026   0.014446   0.995021
   6.56142 -0.0107932 -0.0108278 -0.0163061 -0.0134006 0.00992938     1.0115
   6.56704 -0.0166521 -0.0113604 -0.0147082  -0.0290257 0.000529964      1.0198
    6.5713   -0.013989 -0.00443618  -0.0115124  -0.0375706 -0.00728254     1.01297
   6.57701 -0.00813002  0.00195541  -0.0109797  -0.0324436 -0.00728254    0.996364
   6.58118 -0.000673173   0.00302067   -0.0125776  -0.0181614 0.000774105    0.982692
   6.58704   0.00412052 -0.000707753   -0.0147082 -0.00461159  0.00968524    0.980128
   6.59141  0.00252262 -0.00656671  -0.0141755 -0.00143776   0.0134694    0.990382
   6.59679 -0.0044016 -0.0097625 -0.0131103 -0.0102268  0.0102956    1.00735
   6.60114  -0.0102606 -0.00869724  -0.0125776 -0.0232883 0.00333758    1.01846
   6.60702  -0.0113258 -0.00496881  -0.0104471  -0.0309788 -0.00337629     1.01504
   6.61114  -0.00706476 -0.000175121   -0.0104471  -0.0290257 -0.00557355     1.00076
   6.61701 -0.000140541   0.00142278   -0.0115124  -0.0198704 -0.00117902    0.987086
   6.62146 -0.000140541  -0.00177302   -0.0136429 -0.00986061  0.00602313    0.982692
   6.62684 -0.00173844 -0.00656671  -0.0141755 -0.0061985  0.0106618   0.991115
   6.63118 -0.00333633  -0.0097625  -0.0115124 -0.0116917 0.00883075    1.00674
   6.63701 -0.00866266 -0.00869724  -0.0104471 -0.0232883 0.00223895    1.01675
   6.64158  -0.0044016 -0.00443618 -0.00565342  -0.0323215 -0.00423078      1.0115
   6.64688  0.00252262 0.000357511 -0.00512079  -0.0303684 -0.00569562    0.996364
   6.65102 0.00358788 0.00142278 -0.0141755 -0.0181614 0.00101825   0.983913
   6.65692  0.00518578 -0.00177302  -0.0163061 -0.00485573   0.0105397    0.980128
   6.66113 0.000924724 -0.00709934  -0.0152408 -0.00229225    0.014446    0.990993
   6.66703 -0.0044016 -0.0124257 -0.0141755 -0.0132786 0.00968524    1.01004
   6.67141  -0.0059995   -0.011893 -0.00831658  -0.0284153 0.000652035     1.01968
   6.67685 -0.00813002 -0.00550144 -0.00725132  -0.0367161 -0.00691632     1.01431
   6.68142  -0.00493423 -0.000175121    -0.012045   -0.033176 -0.00752668    0.999415
   6.68681 0.00358788 0.00195541 -0.0131103  -0.0195042 4.16832e-05    0.984279
   6.69129  0.00625105 0.000890144  -0.0141755 -0.00534401  0.00870868    0.978908
   6.69701 0.000392091 -0.00443618  -0.0189692 -0.00192604   0.0134694    0.988429
   6.70121 -0.0044016 -0.0097625 -0.0163061 -0.0102268  0.0109059    1.00503
   6.70701  -0.0102606 -0.00922987  -0.0115124 -0.0240208 0.00394793    1.01699
   6.71123  -0.0134563 -0.00443618  -0.0125776  -0.0326878 -0.00215558      1.0159
   6.71704  -0.00653213 -0.000175121  -0.00938185  -0.0300022 -0.00423078     1.00149
   6.72108 -0.00333633  0.00195541  -0.0131103   -0.0193821 -0.000446598     0.985866
   6.72702   -0.0028037 -0.000707753   -0.0195019 -0.00815163  0.00602313    0.981227
   6.73132 -0.00386897 -0.00603408  -0.0173713 -0.0049778  0.0111501   0.990993
   6.73708 -0.0118585 -0.0097625 -0.0152408 -0.0119358 0.00919696    1.00808
   6.74108    -0.01825 -0.00869724  -0.0136429 -0.0247532 0.00150653    1.01944
   6.74701  -0.0123911 -0.00283828 -0.00938185  -0.0336643 -0.00593976     1.01467
   6.75132  -0.0012058  0.00142278 -0.00671869  -0.0300022 -0.00691632    0.997462
   6.75702 0.00571841 0.00248804  -0.012045  -0.0166965 0.000652035    0.981715
   6.76123   0.00997947 -0.000707753   -0.0141755 -0.00375709   0.0100514    0.978419
   6.76704  0.00305525 -0.00709934  -0.0157734 -0.000827407    0.0143239     0.989406
   6.77151 -0.00759739   -0.011893  -0.0157734 -0.0108372  0.0101735    1.00796
   6.77674  -0.0102606  -0.0113604 -0.00884922  -0.0268284 0.000896175      1.0209
   6.78113 -0.00759739 -0.00603408 -0.00671869  -0.0361057 -0.00679425     1.01699
   6.78702  -0.00333633 -0.000707753  -0.00938185  -0.0326878 -0.00728254       1.001
   6.79119 0.00145736 0.00195541 -0.0115124   -0.0204807 -0.000934879     0.985499
   6.79702   0.00412052 -0.000175121   -0.0147082 -0.0074192  0.0073659   0.980128
   6.80132 -0.00173844 -0.00443618   -0.017904 -0.00302467   0.0126149    0.988429
   6.80722 -0.00759739 -0.00763197  -0.0157734 -0.0103489  0.0111501    1.00442
   6.81117  -0.0129237 -0.00869724  -0.0141755 -0.0229221 0.00468035    1.01602
     6.817  -0.0145216 -0.00550144  -0.0115124  -0.0311008 -0.00178937     1.01406
   6.82123  -0.00759739 -0.000707753  -0.00884921  -0.0301243 -0.00398664     1.00112
   6.82703 -0.00014054 0.000357511  -0.0104471   -0.0212131 -0.000568669     0.987819
   6.83121  0.00412052 -0.00283828   -0.012045 -0.0102268 0.00638934    0.98318
   6.83701  0.00198999 -0.00763197  -0.0141755 -0.0061985  0.0113942   0.991969
    6.8411 -0.0012058 -0.0113604 -0.0109797 -0.0129124 0.00931903    1.00759
   6.84702 -0.00813002  -0.0102951 -0.00884921 -0.0257298 0.00211688    1.01675
    6.8514  -0.0129237 -0.00496881  -0.0109797  -0.0339085 -0.00532941     1.01199
   6.85701   -0.0028037 -0.000175121  -0.00938185  -0.0301243 -0.00667218    0.996852
   6.86145 0.00944684 0.00142278 -0.0109797 -0.0166965 0.00101825   0.983302
   6.86704   0.0105121 -0.00177302  -0.0147082 -0.00339088   0.0107839    0.980861
   6.87122  0.00305525 -0.00763197  -0.0141755 -0.000705337    0.0151784     0.992335
   6.87701 -0.00866266  -0.0108278  -0.0136429 -0.0109592  0.0112722     1.0093
   6.88122 -0.0155869 -0.0097625 -0.0125776 -0.0270725 0.00175067    1.01931
   6.88705  -0.0134563 -0.00443618 -0.00884921 -0.0367161 -0.0061839    1.01504
    6.8913 -0.0107932 0.00142278  -0.012045  -0.0334202 -0.00691632    0.999538
   6.89703 -0.0059995 0.00248804 -0.0173713   -0.0207249 -0.000202457     0.985622
   6.90119   0.00198999 -0.000707753   -0.0136429 -0.00766334  0.00785418    0.981593
   6.90703 0.000392091 -0.00496881  -0.0141755 -0.00326881   0.0115163    0.989162
   6.91124 -0.00759739  -0.0081646  -0.0163061 -0.0101048 0.00919696    1.00381
   6.91701  -0.0102606 -0.00869724  -0.0125776 -0.0225559 0.00345965     1.0148
   6.92143  -0.0118585 -0.00443618  -0.0115124  -0.0314671 -0.00252179     1.01284
   6.92703 -0.00972792 0.000357511  -0.0125776  -0.0302464 -0.00471906     1.00003
   6.93121 -0.000140541  0.000890144    -0.012045   -0.0199924 -0.000690739      0.98733
   6.93701  0.00305525 -0.00124039  -0.0152408 -0.00863991  0.00638934    0.983546
   6.94124  0.00145736 -0.00709934  -0.0163061 -0.0049778  0.0118825   0.992702
   6.94702 -0.000673173   -0.0124257   -0.0104471 -0.0124241  0.0100514    1.00808
   6.95125 -0.00759739  -0.0113604 -0.00884921  -0.026096 0.00223895    1.01736
   6.95704 -0.00919529 -0.00603408 -0.00884921   -0.034885 -0.00532941      1.0126
   6.96146  -0.00227107 -0.000175121  -0.00831658  -0.0314671 -0.00655011    0.996852
   6.96704 0.00625105 0.00142278 -0.0115124  -0.0179173 0.000529964    0.983058
   6.97143  0.00731631 -0.00124039  -0.0141755 -0.00387917   0.0094411    0.980861
   6.97681  0.00145736 -0.00656671  -0.0152408 -0.000339126    0.0142018     0.991481
   6.98142 -0.0059995  -0.011893 -0.0131103 -0.00986061    0.011028     1.00784
   6.98685 -0.0145216 -0.0108278 -0.0115124 -0.0253635 0.00272723    1.01895
   6.99129  -0.0161195 -0.00390355  -0.0109797  -0.0345188 -0.00520734     1.01602
   6.99706 -0.00972792  0.00195541  -0.0104471  -0.0321995 -0.00716047     1.00088
   7.00114 -0.00227107  0.00248804   -0.012045  -0.0213352 -0.00130109    0.985866
   7.00704   0.00145736 -0.000707753   -0.0152408 -0.00876198  0.00638934    0.981105
    7.0116 -0.000673173  -0.00550144   -0.0168387 -0.00387917   0.0106618     0.98965
   7.01677 -0.00706476 -0.00922987  -0.0141755 -0.00973854  0.00980731     1.00503
   7.02116  -0.0118585 -0.00869724  -0.0125776 -0.0218235 0.00419207    1.01638
   7.02702 -0.00653213 -0.00550144 -0.00725132 -0.0309788  -0.002888    1.01528
    7.0314   -0.0012058 -0.000175121  -0.00725132  -0.0301243 -0.00447492     1.00076
   7.03712 0.00358788 0.00195541  -0.012045 -0.0202366 4.1683e-05   0.984645
   7.04111  0.00997947 -0.00283828  -0.0125776 -0.00900612  0.00748797    0.981471
   7.04702 0.00358788 -0.0081646 -0.0157734 -0.00534401   0.0128591     0.99258
   7.05131 -0.00866266  -0.0108278  -0.0163061 -0.0124241 0.00968524    1.00857
   7.05702 -0.0107932 -0.0102951 -0.0115124 -0.0267063 0.00101825    1.01919
   7.06114  -0.0107932 -0.00443618  -0.0104471  -0.0362278 -0.00655011     1.01516
   7.06706 -0.00813002  0.00248804  -0.0115124  -0.0323215 -0.00752668    0.998317
   7.07167 0.00412052 0.00355331 -0.0104471   -0.0184055 -0.000202457     0.982814
   7.07679  0.00465315 0.000357511  -0.0168387 -0.00387917  0.00931903    0.978786
   7.08115  -0.0044016 -0.00496881  -0.0189692 -9.49856e-05    0.0137136     0.988917
   7.08703 -0.0113258 -0.0102951 -0.0152408 -0.00986061   0.0106618     1.00772
   7.09128 -0.0171848 -0.0108278 -0.0157734 -0.0252415 0.00260516    1.02005
   7.09702  -0.0161195 -0.00550144  -0.0125776   -0.034763 -0.00508527     1.01675
   7.10127  -0.00813002 -0.000707753   -0.0104471  -0.0325657 -0.00667218     1.00149
   7.10718 0.000392091  0.00142278  -0.0125776  -0.0218235 -0.00130109    0.985744
    7.1113   0.00465315 -0.000707753   -0.0147082 -0.00986061  0.00687762    0.980372
   7.11701  0.00198999 -0.00656671  -0.0163061 -0.0049778  0.0117604   0.989162
   7.12125 -0.00546686 -0.00922987  -0.0168387 -0.00986061   0.0100514     1.00515
   7.12703 -0.00972792  -0.0081646  -0.0131103 -0.0215794 0.00431414    1.01614
   7.13124 -0.00813002 -0.00496881 -0.00725132  -0.0306126 -0.00239972     1.01406
   7.13703  -0.00653213 -0.000175121  -0.00938185  -0.0293919 -0.00545148    0.999538
   7.14142  0.00358788 0.000890144  -0.0109797  -0.0197483 -0.00105695    0.984767
   7.14701   0.0110447 -0.00337091 -0.00991448 -0.00815163  0.00748797    0.981349
   7.15115 -0.000140541   -0.0081646   -0.0157734 -0.00424538   0.0124929    0.991969
   7.15702 -0.00759739  -0.0113604  -0.0147082  -0.012302 0.00919696    1.00906
   7.16115 -0.00866266  -0.0108278 -0.00938185  -0.0267063 0.000896175     1.01919
   7.16705 -0.00919529 -0.00496881 -0.00938185  -0.0352512 -0.00667218     1.01455
   7.17134 -0.00227107  0.00142278 -0.00725132  -0.0317112 -0.00764875    0.998439
   7.17702  0.00625105  0.00248804 -0.00938185   -0.0185276 -0.000934879     0.983058
   7.18125   0.00571841 -0.000707753   -0.0163061 -0.00485573  0.00895282    0.979396
   7.18703 -0.000673173  -0.00550144   -0.0168387 -0.000705337     0.014446     0.989284
   7.19119 -0.00866266  -0.0097625  -0.0163061 -0.00888405   0.0116384     1.00613
   7.19703 -0.0150542 -0.0102951 -0.0163061 -0.0241428    0.00407    1.01797
   7.20136   -0.013989 -0.00603408  -0.0115124 -0.0342747 -0.0037425    1.01577
   7.20705  -0.00919529 -0.000707753  -0.00938185  -0.033176 -0.0061839    1.00161
   7.21115 -0.00227107  0.00142278   -0.012045  -0.0228001 -0.00142316    0.986476
   7.21702  0.00145736 -0.00124039  -0.0131103 -0.0101048 0.00590106   0.981471
   7.22162 -0.00386897 -0.00550144  -0.0168387 -0.0049778  0.0109059    0.98965
   7.22689 -0.00919529  -0.0081646  -0.0189692 -0.0102268 0.00968524    1.00491
   7.23121  -0.0123911 -0.00922987  -0.0141755 -0.0219456 0.00333758    1.01602
   7.23702   -0.013989 -0.00496881  -0.0109797  -0.0307346 -0.00313215     1.01358
   7.24142 -0.0113258 0.00142278 -0.0125776  -0.0291477 -0.00532941    0.999293
   7.24704 -0.0028037 0.00248804 -0.0141755   -0.0187717 -0.000324528     0.984401
   7.25131  0.00305525 -0.00230565  -0.0147082 -0.0061985 0.00846453   0.980495
   7.25716 -0.00333633 -0.00709934  -0.0173713 -0.00217018   0.0140798    0.991237
   7.26113 -0.00759739  -0.0108278  -0.0141755 -0.0107151  0.0112722    1.00845
   7.26704 -0.0118584 -0.0108278 -0.0104471 -0.0263401 0.00211688    1.01944
   7.27142  -0.0155869 -0.00443618  -0.0131103  -0.0364719 -0.00667218     1.01553
   7.27687 -0.00386897  0.00195541 -0.00778395   -0.033176 -0.00838117    0.999171
    7.2815  0.00625105  0.00355331 -0.00831658  -0.0203587 -0.00142316    0.983058
   7.28713   0.00784894 -0.000175121   -0.0152408 -0.00607643  0.00773211    0.978664
   7.29116  0.00625105 -0.00656671  -0.0131103 -0.000949478    0.0128591     0.988673
   7.29701 -0.00120581  -0.0108278   -0.012045 -0.00876198   0.0109059     1.00601
   7.30133 -0.00972792  -0.0097625  -0.0115124 -0.0232883    0.00407    1.01797
   7.30703 -0.00972792 -0.00550144 -0.00884921   -0.033176 -0.00301007     1.01577
   7.31114  -0.0044016 0.000357511 -0.00991448  -0.0326878 -0.00557355     1.00173
    7.3169 0.000924723  0.00195541  -0.0109797  -0.0234104 -0.00154523    0.986842
   7.32113  0.00944684 -0.00230565 -0.00831658 -0.0115696 0.00565692   0.981837
   7.32704  0.00465315 -0.00656671   -0.012045 -0.00680885   0.0112722    0.989162
    7.3315 -0.00759739 -0.00922987  -0.0157734 -0.0118137  0.0106618    1.00393
   7.33684  -0.0102606 -0.00869724  -0.0109797  -0.022678 0.00504657    1.01565
   7.34118  -0.0113258 -0.00390355 -0.00938185   -0.031345 -0.00227765      1.0137
   7.34702 -0.00813002  0.00142278   -0.012045  -0.0304905 -0.00606183    0.999782
   7.35137 -0.00120581  0.00195541  -0.0157734  -0.0195042 -0.00105695    0.985744
   7.35703  -0.0028037 -0.00177302  -0.0205671 -0.00607643  0.00822039    0.982204
   7.36124 -0.00759739 -0.00656671   -0.017904 -0.00192604   0.0135915    0.992335
   7.36706 -0.00972792  -0.0102951  -0.0115124 -0.0102268  0.0102956    1.00857
    7.3715  -0.0134563 -0.00922987  -0.0104471 -0.0251194 0.00138446    1.01895
   7.37705  -0.0113258 -0.00496881 -0.00991448  -0.0350071 -0.00691632     1.01492
   7.38152   -0.0012058 -0.000175121  -0.00778395  -0.0324436 -0.00838117    0.998805
   7.38703 0.00571841 0.00248804 -0.0115124  -0.0197483 -0.00191144    0.983668
   7.39124   0.00997947 -0.000175121   -0.0125776 -0.00595436  0.00748797    0.980006
   7.39703  0.00731631 -0.00656671  -0.0115124 -0.00155983   0.0133473    0.989894
   7.40139 -0.0012058 -0.0108278 -0.0147082 -0.00888405   0.0115163     1.00625
   7.40705 -0.00706476  -0.0102951  -0.0115124 -0.0225559 0.00504657    1.01663
   7.41119 -0.00919529 -0.00603408 -0.00778395  -0.0326878 -0.00178937     1.01358
   7.41702 -0.00546686 -0.00124039 -0.00884922   -0.033176 -0.00447492     1.00112
   7.42121  0.000392091 -0.000175121   -0.0109797   -0.0241428 -0.000690739     0.987575
   7.42703  0.00571841 -0.00337091  -0.0125776 -0.0118137 0.00602313   0.982326
    7.4313  0.00198999 -0.00763197  -0.0147082 -0.00656471   0.0111501    0.991115
   7.43703 -0.00919529 -0.00922987  -0.0157734 -0.0118137  0.0101735    1.00625
   7.44121  -0.0145216 -0.00763197  -0.0141755 -0.0238987 0.00419207    1.01675
   7.44703  -0.0118584 -0.00496881  -0.0115124  -0.0332981 -0.00276593     1.01419
   7.45115  -0.00706476 -0.000175121   -0.0104471   -0.031345 -0.00557355    0.998561
   7.45703 0.000392091   0.0035533  -0.0136429   -0.0186497 -0.000568668     0.983302
   7.46145   0.00731631 -0.000175121   -0.0152408 -0.00461159  0.00834246     0.98025
   7.46706  0.00145735 -0.00709934  -0.0173713 -0.000705337    0.0139577     0.991115
   7.47131 -0.00706476  -0.0113604  -0.0157734 -0.00937233    0.011028     1.00857
   7.47703 -0.00813002   -0.011893 -0.00884921  -0.024387 0.00199481    1.02017
   7.48117 -0.00813002 -0.00709934 -0.00778395 -0.0356174 -0.0061839    1.01748
   7.48704  -0.00227107 -0.000707753  -0.00778395  -0.0343967 -0.00777082     1.00222
   7.49165  0.00784894  0.00248804 -0.00725132  -0.0223118 -0.00215558    0.984645
   7.49668  0.00784894 0.000890144  -0.0136429 -0.00790749  0.00712176    0.977687
   7.50139  0.00412052 -0.00496881   -0.017904 -0.00119362   0.0132253    0.985866
   7.50704 0.000392091  -0.0097625  -0.0147082 -0.00693092   0.0112722     1.00271
   7.51117 -0.00919529  -0.0108278   -0.012045 -0.0201145 0.00455828    1.01651
   7.51703  -0.0118584 -0.00763197 -0.00884921  -0.0309788 -0.00227765     1.01748
   7.52147 -0.00546686 -0.00124039 -0.00565342  -0.0315891 -0.00508527     1.00503
   7.52684 -0.0044016 0.00302067 -0.0125776  -0.0232883 -0.00142316    0.989162
   7.53119 -0.00227107 0.000357511  -0.0163061 -0.0120579 0.00529071   0.981959
   7.53704 -0.000673173  -0.00496881   -0.0152408 -0.00632057   0.0112722    0.988917
   7.54143  -0.0102606 -0.00869724  -0.0184366 -0.0114475  0.0113942    1.00454
   7.54705  -0.0171848 -0.00869724  -0.0157734 -0.0235325 0.00431414    1.01638
   7.55117  -0.0118584 -0.00496881 -0.00991448 -0.0334202 -0.0037425    1.01443
   7.55704  -0.0044016 0.000357511 -0.00884921  -0.0324436 -0.00655011    0.999171
   7.56157 0.00198999 0.00302067  -0.012045  -0.0204807 -0.00142316    0.983424
   7.56706   0.00412052 -0.000707753   -0.0152408 -0.00583229  0.00822039    0.979274
   7.57142 -0.000673173  -0.00709934   -0.0184366 -0.00107155   0.0139577    0.989772
   7.57715 -0.0044016 -0.0113604 -0.0152408 -0.0101048  0.0106618    1.00698
   7.58129 -0.00866266  -0.0102951  -0.0104471 -0.0253635 0.00211688    1.01895
   7.58716 -0.00972792 -0.00656671 -0.00938185  -0.0356174 -0.00545148     1.01736
   7.59117 -0.00333633 -0.00177302 -0.00618606  -0.0336643 -0.00740461     1.00259
   7.59703  0.00358788  0.00248804 -0.00884922  -0.0220676 -0.00142316    0.985622
    7.6013  0.00571841 0.000890144  -0.0152408 -0.00802956  0.00712176    0.978664
   7.60704  0.00145736 -0.00496881  -0.0173713 -0.0016819  0.0122487   0.986964
   7.61141 -0.00386897  -0.0102951  -0.0157734 -0.00778542   0.0113942     1.00332
   7.61703 -0.00972792  -0.0102951  -0.0125776 -0.0208469 0.00541278    1.01626
   7.62112  -0.0107932 -0.00550144 -0.00884921  -0.0306126 -0.00130109     1.01663
   7.62703  -0.00546686 -0.000175121  -0.00725132  -0.0311008 -0.00447492     1.00381
   7.63117 -0.00227107  0.00195541  -0.0115124  -0.0228001 -0.00142316    0.988063
   7.63705  -0.00120581 -0.000175121   -0.0141755 -0.0114475 0.00577899   0.981593
    7.6413 -0.00333633 -0.00550144  -0.0168387 -0.00644264   0.0117604     0.98965
   7.64706 -0.0059995 -0.0108278 -0.0163061 -0.012302 0.0111501   1.00527
   7.65148 -0.0118584 -0.0102951 -0.0125776  -0.024387 0.00382586    1.01712
   7.65688  -0.0118584 -0.00496881 -0.00938185 -0.0337864 -0.0049632    1.01455
   7.66118 -0.000673173 -0.000175121  -0.00671869  -0.0326878 -0.00728254    0.999415
   7.66706 0.00571841 0.00142278 -0.0109797   -0.0204807 -0.000812809     0.984645
   7.67158  0.00678368 -0.00124039  -0.0147082 -0.0061985 0.00870868   0.980372
   7.67692  0.00358789 -0.00709934  -0.0157734 -0.000827407    0.0143239     0.989528
   7.68113 -0.00546686  -0.0102951  -0.0163061 -0.00839577   0.0111501     1.00601
   7.68704 -0.0107932 -0.0102951 -0.0125776 -0.0231663 0.00260516    1.01797
   7.69115  -0.0102606 -0.00656671 -0.00671869  -0.0342747 -0.00520734     1.01687
   7.69707 -0.00813002 0.000357511 -0.00778395  -0.0336643 -0.00728254     1.00357
   7.70151 0.000392092  0.00302067  -0.0115124  -0.0225559 -0.00191144    0.987453
   7.70679  0.00731631 0.000357511   -0.012045 -0.00925026  0.00577899    0.980739
   7.71125  0.00198999 -0.00443618  -0.0147082 -0.00351295   0.0112722    0.987575
   7.71704 -0.00386897 -0.00869724  -0.0131103 -0.00839577   0.0111501      1.0021
   7.72121 -0.00866266 -0.00922987 -0.00938185 -0.0203587 0.00565692    1.01382
   7.72705  -0.0129237 -0.00550144  -0.0115124  -0.0306126 -0.00142316     1.01406
   7.73145 -0.00759739 -0.00124039  -0.0104471  -0.0311008 -0.00545148     1.00296
   7.73705 -0.00227107 0.000890144   -0.012045  -0.0220676 -0.00215558    0.988795
   7.74111  -0.00386897 -0.000707753   -0.0189692 -0.00986061  0.00602313    0.982814
   7.74703 -0.00333633 -0.00603408  -0.0163061 -0.00473366   0.0120046    0.990871
   7.75154 -0.0044016 -0.0102951 -0.0115124 -0.0107151  0.0107839    1.00613
   7.75704 -0.0123911 -0.0097625 -0.0115124 -0.0240208 0.00321551    1.01663
   7.76114 -0.00759739 -0.00550144 -0.00725132  -0.0343967 -0.00545148      1.0137
   7.76706  -0.00014054 -0.000175121  -0.00831658  -0.0328098 -0.00764875    0.998317
   7.77152 0.000392091  0.00248804  -0.0157734   -0.0201145 -0.000934879      0.98318
   7.77706  0.00784894 -0.00177302  -0.0147082 -0.00473366  0.00895282    0.979274
   7.78116 0.00465315 -0.0081646 -0.0152408 0.000515366   0.0150563    0.989772
   7.78704 -0.0059995 -0.0113604 -0.0147082 -0.00778542   0.0122487     1.00759
    7.7915 -0.00866266  -0.0113604 -0.00725132 -0.0240208 0.00358172    1.02078
   7.79674 -0.00919529 -0.00656671 -0.00565342  -0.0358616 -0.00447492     1.01858
    7.8013 -0.00759739  0.00142278 -0.00778395  -0.0345188 -0.00716047     1.00186
   7.80705 0.000924724   0.0035533 -0.00938185   -0.024387 -0.00264386    0.985377
    7.8112   0.00731631 -0.000707753   -0.0141755 -0.0110813 0.00455828   0.979518
   7.81703  0.00518578 -0.00550144  -0.0168387 -0.00400124   0.0104177     0.98672
   7.82132 0.00145736 -0.0102951 -0.0131103 -0.0082737  0.0106618    1.00332
   7.82691 -0.00227107  -0.0102951 -0.00938185 -0.0193821 0.00480243    1.01614
   7.83122 -0.00653213 -0.00496881 -0.00938185  -0.0297581 -0.00191144     1.01516
   7.83704   -0.0028037 -0.000707753  -0.00938185  -0.0309788 -0.00471906      1.0032
   7.84129  0.00252262  0.00142278 -0.00884922   -0.0220676 -0.000812809     0.987575
   7.84708   0.00252262 -0.000175121   -0.0136429 -0.0094944 0.00687762   0.980617
   7.85104 0.000392091 -0.00709934   -0.017904 -0.00363502    0.012737     0.98965
   7.85705 -0.00653213   -0.011893  -0.0163061 -0.00937233   0.0121266     1.00662
   7.86141 -0.0123911 -0.0108278 -0.0125776 -0.0234104 0.00419207    1.01882
   7.86708  -0.0150542 -0.00496881 -0.00991448  -0.0351292 -0.00557355     1.01773
   7.87136 -0.0102606 0.00142278 -0.0104471  -0.0343967 -0.00752668     1.00271
   7.87705 -0.00227107  0.00408594  -0.0141755   -0.0220676 -0.000812809     0.984645
   7.88145 0.000924724  0.00248804  -0.0163061 -0.00693092  0.00809832    0.977199
   7.88706 -0.00014054 -0.00390355  -0.0163061 -0.000339126    0.0137136     0.985133
   7.89112 -0.00493423  -0.0102951  -0.0152408 -0.00729713   0.0118825     1.00296
   7.89704 -0.00759739   -0.011893 -0.00991448 -0.0219456 0.00455828    1.01773
   7.90134  -0.0102606 -0.00709934 -0.00671869 -0.0334202 -0.0037425    1.01895
   7.90704  -0.00653213 -0.000707753  -0.00671869  -0.0343967 -0.00679425     1.00637
   7.91137  0.00412052  0.00195541 -0.00725132 -0.024387 -0.002888  0.988917
   7.91686  0.00731631 0.000890144  -0.0125776 -0.0116917 0.00455828    0.97964
   7.92117  0.00784894 -0.00496881  -0.0147082 -0.00558815   0.0109059    0.985133
   7.92705 0.00625105 -0.0108278 -0.0115124 -0.00888405   0.0107839       1.001
   7.93121 -0.0044016 -0.0102951 -0.0115124 -0.0199924 0.00553485    1.01516
   7.93705  -0.0102606 -0.00496881  -0.0104471   -0.0302464 -0.000568669      1.01638
   7.94124   -0.0044016 -0.000175121  -0.00778395  -0.0314671 -0.00447492     1.00393
   7.94705 -0.000673173   0.00195541   -0.0125776  -0.0224339 -0.00142316    0.987697
   7.95126   0.00252262 -0.000707753   -0.0163061 -0.00912819  0.00687762    0.980617
   7.95708  0.00252262 -0.00656671  -0.0147082 -0.00314674   0.0126149    0.989039
   7.96121 -0.00972792  -0.0102951  -0.0168387 -0.00973854   0.0113942     1.00589
   7.96707 -0.0177174 -0.0102951 -0.0136429  -0.024509 0.00333758    1.01809
   7.97169  -0.0150542 -0.00603408 -0.00884922  -0.0354954 -0.00569562     1.01651
   7.97676  -0.0113258 0.000357511  -0.0109797  -0.0337864 -0.00801496     1.00137
   7.98117 -0.00493423  0.00302067  -0.0125776  -0.0213352 -0.00154523    0.984523
   7.98704  0.00412052 0.000357511  -0.0147082 -0.00583229   0.0073659    0.977809
   7.99114  0.00571841 -0.00496881  -0.0157734 0.00100365   0.012737   0.985866
   7.99704 -0.000140541   -0.0102951    -0.012045 -0.00583229   0.0116384     1.00344
   8.00129 -0.00653213   -0.011893 -0.00831658 -0.0208469 0.00455828    1.01712
   8.00706 -0.00972792  -0.0081646 -0.00778395  -0.0329319 -0.00325422     1.01809
   8.01128 -0.00493423 -0.00230565 -0.00671869  -0.0335423 -0.00642804      1.0065
   8.01704  0.00305525  0.00142278 -0.00725132  -0.0241428 -0.00227765     0.99026
   8.02127   0.00731631 -0.000175121   -0.0115124 -0.0116917  0.0049245   0.981227
   8.02704  0.00305525 -0.00443618  -0.0141755 -0.00509987   0.0104177    0.985622
   8.03137  -0.0028037 -0.00869724  -0.0136429 -0.00912819   0.0107839     1.00015
   8.03704 -0.00653213  -0.0102951  -0.0115124 -0.0207249 0.00541278    1.01382
   8.04117 -0.00813002 -0.00603408 -0.00831658  -0.0307346 -0.00105695     1.01467
   8.04705  -0.0044016 -0.00124039 -0.00831658  -0.0312229 -0.00471906     1.00247
   8.05139  -0.0012058 0.000890144  -0.0136429  -0.0221897 -0.00142316    0.987819
   8.05705  -0.00014054 -0.000707753   -0.0173713 -0.00961647  0.00699969    0.981349
   8.06128 -0.00227107 -0.00550144  -0.0163061 -0.00351295   0.0133473    0.989406
   8.06707  -0.0107932 -0.00869724  -0.0147082 -0.0094944  0.0118825    1.00576
   8.07166    -0.01825 -0.00922987  -0.0131103 -0.0234104 0.00394793    1.01748
   8.07706    -0.01825 -0.00550144  -0.0125776  -0.0346409 -0.00471906     1.01638
   8.08122  -0.00866266 -0.000175121   -0.0104471  -0.0336643 -0.00801496     1.00235
   8.08706 0.000392091  0.00248804   -0.012045  -0.0215794 -0.00264386     0.98611
   8.09149  0.00571841 0.000357511  -0.0147082 -0.00668678  0.00663348     0.97964
   8.09691  0.00678368 -0.00550144   -0.012045 0.000149155   0.0133473    0.986842
    8.1013 -0.00173844 -0.00922987  -0.0115124 -0.00583229   0.0120046     1.00247
   8.10706 -0.00866266  -0.0097625 -0.00991448 -0.0201145 0.00480243    1.01553
   8.11127 -0.00813002 -0.00709934 -0.00778395  -0.0317112 -0.00276593     1.01626
   8.11705  -0.0028037 -0.00177302 -0.00884921  -0.0326878 -0.00642804     1.00442
   8.12154  0.00465315 0.000890144  -0.0109797  -0.0246311 -0.00264386    0.989284
   8.12719   0.00838158 -0.000707753    -0.012045 -0.0127903 0.00480243   0.982326
    8.1312  0.00198999 -0.00496881  -0.0163061 -0.00595436   0.0112722    0.988795
   8.13704  -0.0044016 -0.00922987  -0.0163061 -0.00900612   0.0122487      1.0032
   8.14142 -0.0102606 -0.0081646 -0.0109797 -0.0198704 0.00626727     1.0148
   8.14709   -0.013989 -0.00390355  -0.0104471 -0.0300022 -0.0016673    1.01394
   8.15112  -0.00813002 -0.000175121   -0.0115124  -0.0308567 -0.00569562     1.00064
   8.15705 0.00252262 0.00142278  -0.012045  -0.0218235 -0.00178937     0.98611
   8.16135  0.00838157 -0.00177302  -0.0136429 -0.00900612  0.00785418    0.981105
   8.16707  0.00305525 -0.00709934  -0.0147082 -0.00339088   0.0148122    0.990504
   8.17147 -0.0059995 -0.0108278 -0.0141755 -0.010471 0.0131032   1.00674
   8.17705 -0.0102606 -0.0113604 -0.0104471 -0.0252415 0.00443621    1.01675
   8.18142 -0.00972792 -0.00656671 -0.00884921  -0.0369602 -0.00532941     1.01467
    8.1872  -0.0059995 0.000357511  -0.0115124  -0.0363499 -0.00801496     1.00125
   8.19121 0.00252262 0.00248804 -0.0109797  -0.0236546 -0.00227765    0.985377
   8.19704   0.00412052 -0.000707753   -0.0152408 -0.00876198   0.0061452    0.979274
   8.20127 -0.00014054 -0.00550144  -0.0189692 -0.00192604   0.0121266    0.987208
   8.20708 -0.00227107 -0.00922987  -0.0136429 -0.00595436   0.0111501     1.00247
   8.21134 -0.0129237 -0.0081646 -0.0152408 -0.0185276 0.00504657    1.01504
   8.21709  -0.0187827 -0.00443618  -0.0168387 -0.0306126 -0.0016673    1.01602
   8.22115   -0.0102606 -0.000707753  -0.00991448  -0.0320774 -0.00545148     1.00454
   8.22705  -0.0028037 0.000890144  -0.0109797  -0.0238987 -0.00264386    0.990871
   8.23129  0.00252262 -0.00177302  -0.0152408 -0.0126682 0.00431414   0.984767
   8.23705 0.000392091 -0.00550144  -0.0152408 -0.0061985  0.0104177   0.989039
    8.2413 -0.00972792  -0.0081646  -0.0157734 -0.0094944  0.0106618    1.00186
   8.24706 -0.0145216 -0.0081646 -0.0147082 -0.0202366  0.0049245     1.0137
   8.25141  -0.0123911 -0.00496881   -0.012045  -0.0304905 -0.00215558     1.01333
   8.25706  -0.00866266 -0.000175121   -0.0109797  -0.0315891 -0.00642804     1.00137
   8.26126 -0.00227107  0.00195541  -0.0131103  -0.0218235 -0.00252179    0.988063
   8.26708   0.00358788 -0.000175121   -0.0152408 -0.00815163   0.0073659    0.982692
   8.27132  -0.0028037 -0.00496881   -0.017904 -0.00155983   0.0139577    0.990138
    8.2771  -0.0113258 -0.00922987   -0.017904 -0.00851784   0.0120046     1.00576
   8.28116  -0.0150542 -0.00922987  -0.0131103 -0.0242649 0.00358172    1.01724
   8.28706  -0.0150542 -0.00603408 -0.00938185  -0.0359837 -0.00532941      1.0159
    8.2913 -0.00653213 -0.00124039 -0.00778395  -0.0357395 -0.00764875     1.00259
   8.29694  0.00465315  0.00248804 -0.00778395   -0.024509 -0.00203351    0.987575
   8.30122 0.00891421 0.00142278 -0.0104471 -0.00973854  0.00675555    0.980495
   8.30706  0.00625105 -0.00443618  -0.0131103 -0.00265846   0.0129811    0.986354
   8.31134 0.000392091 -0.00922987  -0.0136429 -0.00668678   0.0116384     1.00161
   8.31706 -0.00759739 -0.00922987  -0.0125776 -0.0185276 0.00516864    1.01467
   8.32114 -0.00866266 -0.00656671 -0.00778395  -0.0301243 -0.00191144      1.0159
   8.32706 -0.00386897 -0.00283828 -0.00565342  -0.0320774 -0.00569562     1.00503
   8.33168  -0.0012058 0.000357511  -0.0109797  -0.0236546 -0.00301007    0.990382
   8.33694   0.00412052 -0.000175121   -0.0125776 -0.0115696 0.00394793    0.98257
   8.34117  0.00145735 -0.00496881  -0.0157734 -0.00546608   0.0101735    0.988063
   8.34706 -0.00866266 -0.00869724  -0.0189692 -0.0094944  0.0109059    1.00271
   8.35145  -0.0134563 -0.00869724  -0.0141755  -0.020969 0.00516864    1.01528
   8.35707  -0.0155869 -0.00550144   -0.012045 -0.0317112  -0.002888    1.01504
    8.3613   -0.0129237 -0.000175121   -0.0125776  -0.0319553 -0.00642804     1.00173
   8.36711 -0.0028037 0.00248804 -0.0115124  -0.0212131 -0.00215558    0.986354
   8.37155   0.00198999 -0.000175121   -0.0147082 -0.00766334   0.0073659    0.980372
   8.37708 -0.00493423 -0.00496881  -0.0200345 -0.000705337    0.0140798     0.988429
   8.38139 -0.00866266  -0.0097625  -0.0163061 -0.00693092   0.0123708     1.00479
   8.38706 -0.0107932 -0.0108278 -0.0104471 -0.0225559 0.00455828    1.01748
   8.39152  -0.0134563 -0.00550144 -0.00991448   -0.034763 -0.00386457     1.01736
   8.39705   -0.0059995 -0.000175121  -0.00778395  -0.0356174 -0.00716047      1.0043
   8.40116  0.00198999  0.00248804 -0.00831658  -0.0252415 -0.00301007    0.988307
   8.40707  0.00518578 0.000890144   -0.012045 -0.0108372 0.00516864   0.980372
   8.41132  0.00891421 -0.00550144 -0.00991448 -0.00351295   0.0118825    0.985499
   8.41705  0.00252262 -0.00922987  -0.0104471 -0.00729713   0.0118825     1.00027
   8.42118  -0.0059995 -0.00869724   -0.012045 -0.0184055 0.00626727     1.0137
    8.4272  -0.0028037 -0.00763197 -0.00618606   -0.0289036 -0.000690739      1.01541
   8.43124 -0.000673173  -0.00390355  -0.00512079  -0.0311008 -0.00545148     1.00479
   8.43706 -0.00014054 0.000357511  -0.0109797  -0.0237766 -0.00325422    0.990016
   8.44135  0.00571841 -0.00124039  -0.0125776 -0.0120579 0.00345965   0.982204
   8.44768  0.00358788 -0.00550144  -0.0152408 -0.0049778  0.0094411   0.988307
   8.45117 -0.00333633 -0.00922987  -0.0152408 -0.00876198   0.0106618     1.00357
   8.45706 -0.00706476  -0.0102951 -0.00938185 -0.0210911 0.00504657    1.01614
   8.46148  -0.0129237 -0.00496881  -0.0115124  -0.0325657 -0.00325422     1.01553
   8.46709  -0.0107932 0.000890144  -0.0157734   -0.033054 -0.00679425     1.00112
   8.47144 0.00145735 0.00195541 -0.0131103 -0.0220676 -0.0016673   0.985133
   8.47715   0.00518578 -0.000175121   -0.0147082 -0.00815163   0.0073659    0.979152
   8.48122 0.000392091 -0.00443618  -0.0173713 -0.00131569   0.0133473    0.987086
   8.48707 -0.0059995 -0.0097625 -0.0147082 -0.00717506   0.0122487     1.00442
   8.49127 -0.0166521 -0.0102951 -0.0136429 -0.0219456 0.00419207    1.01919
   8.49705  -0.0166521 -0.00603408  -0.0104471  -0.0343967 -0.00471906     1.01956
   8.50131 -0.00813002 -0.00124039 -0.00938185  -0.0356174 -0.00838117     1.00479
   8.50706 -0.0044016 0.00195541 -0.0136429  -0.0253635 -0.00398664    0.987575
   8.51121  0.00145736 0.000890144  -0.0147082 -0.0108372 0.00431414   0.979396
    8.5171  0.00625105 -0.00443618  -0.0131103 -0.00314674    0.011028    0.984645
   8.52141 0.000392091  -0.0097625  -0.0141755 -0.00680885   0.0118825     1.00003
    8.5271 -0.00706476  -0.0102951  -0.0125776 -0.0181614 0.00651141    1.01431
   8.53118 -0.00813002 -0.00656671 -0.00778395   -0.0290257 -0.000446598      1.01651
   8.53706  -0.0059995 -0.00177302 -0.00778395  -0.0311008 -0.00459699     1.00589
   8.54141  0.00198999 0.000890144 -0.00778395  -0.0238987 -0.00227765    0.990993
   8.54706   0.00838157 -0.000707753  -0.00884921 -0.0120579 0.00419207   0.982814
   8.55126  0.00252262 -0.00550144  -0.0152408 -0.00461159  0.00980731    0.988307
   8.55707 -0.00333633  -0.0102951  -0.0141755 -0.00900612   0.0106618     1.00393
   8.56126 -0.00919529  -0.0102951  -0.0104471 -0.0215794 0.00529071    1.01626
   8.56708  -0.0155869 -0.00603408  -0.0125776   -0.033054 -0.00337629     1.01455
   8.57171 -0.00919529 -0.00177302  -0.0131103  -0.0339085 -0.00752668     1.00088
   8.57682  0.00145736 0.000357511  -0.0136429  -0.0228001 -0.00301007    0.985744
   8.58131   0.00358788 -0.000175121   -0.0168387 -0.0082737 0.00651141   0.978908
   8.58709 -0.000673173  -0.00443618   -0.0173713 -0.000705337    0.0135915     0.986232
    8.5912 -0.00759739  -0.0102951  -0.0147082 -0.00607643   0.0124929     1.00357
   8.59707 -0.0145216  -0.011893 -0.0131103 -0.0198704 0.00553485    1.01736
   8.60171 -0.0166521 -0.0081646 -0.0104471  -0.0320774 -0.00252179     1.01809
   8.60709  -0.0118585 -0.00124039 -0.00884922   -0.034763 -0.00667218     1.00589
   8.61131 -0.00333633  0.00302067  -0.0115124  -0.0263401 -0.00313215    0.989039
   8.61707 0.00145736 0.00142278 -0.0147082 -0.0132786 0.00455828   0.980983
   8.62126  0.00412052 -0.00443618  -0.0147082 -0.00558815   0.0112722    0.985744
   8.62706  0.00198999 -0.00922987  -0.0131103 -0.00815163   0.0126149    0.999171
   8.63143 -0.00546686  -0.0097625  -0.0115124 -0.0182835 0.00785418    1.01309
   8.63708 -0.00813002 -0.00709934  -0.0104471 -0.0290257 0.00101825    1.01553
   8.64113 -0.00653213 -0.00230565 -0.00884921  -0.0315891 -0.00423078     1.00527
   8.64706  -0.0028037  0.00142278 -0.00991448  -0.0240208 -0.00301007    0.990748
   8.65147   0.00145736 -0.000175121   -0.0147082 -0.0121799 0.00419207   0.983668
   8.65715  0.00198999 -0.00550144  -0.0173713 -0.0049778  0.0111501   0.989406
   8.66112 -0.00706476  -0.0081646  -0.0195019 -0.00937233   0.0116384     1.00442
   8.66708 -0.0155869 -0.0081646 -0.0168387  -0.022678 0.00468035    1.01687
   8.67181  -0.0134563 -0.00496881  -0.0115124  -0.0339085 -0.00398664     1.01541
   8.67693 -0.0134563 0.00142278 -0.0147082  -0.0341526 -0.00740461     1.00112
   8.68123 -0.00653213  0.00355331  -0.0157734  -0.0230442 -0.00276593    0.985866
   8.68708  0.00465315 0.000357511  -0.0147082 -0.00778542   0.0061452     0.98025
   8.69148  0.00145736 -0.00550144   -0.017904 0.000393296   0.0133473    0.987453
    8.6971 -0.00546686  -0.0102951  -0.0147082 0.00124779  0.0157888   0.994533
   8.70115 -0.00919529  -0.0108278 -0.00938185 -0.0130344 0.00834246    1.00759
   8.70706  -0.0118585 -0.00656671 -0.00884922  -0.0319553 -0.00337629     1.01736
    8.7113  -0.00759739 -0.000707753  -0.00725132   -0.034763 -0.00740461     1.00564
   8.71706  0.00305525  0.00195541 -0.00618606  -0.0264622 -0.00349836    0.990016
   8.72143 0.00465315 0.00142278 -0.0131103 -0.0134006 0.00419207   0.981349
   8.72707  0.00571841 -0.00390355  -0.0147082 -0.00534401   0.0105397    0.985499
   8.73129 0.00731631 -0.0102951 -0.0109797 -0.00815163   0.0111501    0.999049
   8.73706 -0.00227107  -0.0102951  -0.0125776 -0.0187717 0.00626727    1.01272
   8.74126 -0.00759739 -0.00603408 -0.00991448   -0.0297581 -0.000202458      1.01577
   8.74706  -0.0044016 -0.00177302 -0.00618605 -0.0326878 -0.0049632    1.00442
    8.7513 0.000392091  0.00142278 -0.00991448  -0.0251194 -0.00276593    0.988307
   8.75706  0.00731631 -0.00124039  -0.0109797  -0.012302 0.00529071   0.980372
   8.76146  0.00625105 -0.00709934   -0.012045 -0.00461159   0.0122487    0.988063
   8.76709 -0.00706476  -0.0102951  -0.0173713 -0.00876198   0.0123708     1.00527
   8.77148 -0.0129237 -0.0102951 -0.0125776 -0.0220676 0.00553485    1.01858
   8.77709  -0.0118585 -0.00550144 -0.00831658  -0.0341526 -0.00301007     1.01821
   8.78147  -0.0113258 0.000890144  -0.0131103   -0.034885 -0.00691632     1.00308
   8.78721 -0.00972792   0.0035533  -0.0157734  -0.0319553 -0.00667218     0.99258
   8.79124 -0.00333633 0.000890144  -0.0173713 -0.0169407 0.00260516   0.985622
   8.79706  0.00305525 -0.00177302  -0.0189692 -0.00192604   0.0118825    0.978664
   8.80124 -0.00227107 -0.00656671  -0.0152408 -0.00607643   0.0104177    0.994899
   8.80709 -0.0118585 -0.0108278  -0.012045 -0.0186497 0.00553485     1.0159
    8.8115  -0.0150542 -0.00763197  -0.0109797  -0.0315891 -0.00203351     1.01797
   8.81688   -0.013989 -0.00496881 -0.00938185 -0.0361057 -0.0061839    1.01528
   8.82118 -0.00386897 -0.00177302  -0.0104471  -0.0282932 -0.00410871    0.999415
   8.82707 0.00625105 0.00142278 -0.0115124  -0.0204807 -0.00203351    0.983546
   8.83123  0.00625105 -0.00337091   -0.012045 -0.0121799 0.00468035   0.987208
   8.83706 0.00145736 -0.0097625 -0.0125776 -0.00778542   0.0101735    0.999538
   8.84147 -0.00759739  -0.0097625  -0.0131103 -0.0179173 0.00553485    1.01309
   8.84708 -0.0118585 -0.0081646 -0.0136429 -0.0241428 0.00211688    1.01797
   8.85123  -0.0059995 -0.00390355  -0.0125776  -0.0268284 -0.00142316     1.00686
   8.85706  0.00252262 0.000890144  -0.0131103  -0.0232883 -0.00191144    0.988429
   8.86164   0.00518578 -0.000707753   -0.0157734 -0.0103489 0.00577899   0.980617
   8.86709  0.00518578 -0.00283828  -0.0168387 -0.00363502   0.0104177    0.980128
   8.87129  -0.0028037 -0.00709934  -0.0147082 -0.00863991   0.0107839    0.997096
   8.87695 -0.0107932 -0.0113604 -0.0125776 -0.0136448  0.0111501    1.01406
   8.88117  -0.0107932 -0.00763197  -0.0104471 -0.0263401  0.0016286    1.01443
   8.88707  -0.0107932 -0.00390355 -0.00831658  -0.0390354 -0.00789289      1.0148
   8.89141  -0.0059995 0.000890144  -0.0125776  -0.0280491 -0.00349836    0.996852
   8.89718 -0.00120581  0.00568383  -0.0168387  -0.0170628 0.000896175    0.978908
   8.90142  -0.00173844 -0.000707753   -0.0157734 -0.00876198  0.00809832    0.984401
   8.90685 -0.00227107 -0.00709934  -0.0147082 -0.000461197    0.0153005     0.989894
   8.91137 -0.00546686 -0.00869724  -0.0109797 -0.0136448 0.00870868    1.00503
   8.91707 -0.00866266  -0.0102951 -0.00725132 -0.0268284 0.00211688    1.02017
   8.92127 -0.00759739 -0.00550144 -0.00778395  -0.0292698 -0.00252179     1.01016
   8.92709  -0.00653213 -0.000707753  -0.00831658  -0.0317112 -0.00716047     1.00015
   8.93131  -0.00227107 -0.000707753    -0.012045   -0.0195042 -0.000568668     0.990504
   8.93709   0.00198999 -0.000707753   -0.0157734 -0.00729713  0.00602313    0.980861
   8.94116 -0.000673173  -0.00603408   -0.0147082 -0.00912819  0.00797625    0.994166
   8.94709 -0.00333633  -0.0113604  -0.0136429 -0.0109592 0.00992938    1.00747
   8.95126 -0.00813002 -0.00709934  -0.0104471 -0.0221897 0.00321551    1.01016
   8.95708  -0.0129237 -0.00283828 -0.00725132  -0.0334202 -0.00349836     1.01284
   8.96132  -0.00333633 -0.000707753  -0.00991448  -0.0257298 -0.00178937    0.997096
    8.9671  0.00838158 -0.00124039  -0.0136429 -0.0116917 0.00443621   0.980128
   8.97167  0.00412052 -0.00603408  -0.0163061 -0.00326881   0.0121266    0.986232
   8.97709 -0.00227107  -0.0081646   -0.017904 -0.00119362   0.0153005    0.993556
   8.98116 -0.00653213  -0.0097625  -0.0141755 -0.0155979 0.00773211    1.00833
   8.98707 -0.0107932 -0.0113604 -0.0104471  -0.0300022 0.000163753      1.0231
   8.99144 -0.00653213 -0.00443618 -0.00725132  -0.0314671 -0.00435285     1.00943
    8.9971 -0.00227107  0.00248804 -0.00405553  -0.0329319 -0.00886945    0.995753
   9.00112  0.00252262 0.000357511 -0.00938185  -0.0182835 0.000529964    0.987086
   9.00708  0.00731631 -0.00177302  -0.0147082 -0.00363502  0.00992938    0.978419
   9.01127  0.00145736 -0.00709934  -0.0131103 -0.00668678   0.0104177      0.9938
   9.01707 -0.0044016 -0.0124257 -0.0115124 -0.00973854   0.0109059     1.00918
   9.02152 -0.00813002 -0.00869724  -0.0104471 -0.0219456 0.00345965    1.01187
   9.02682  -0.0118585 -0.00496881 -0.00938185  -0.0341526 -0.00398664     1.01455
   9.03129 -0.00759739 -0.00177302  -0.0104471  -0.0278049 -0.00239972     0.99966
   9.03708 -0.00333633  0.00142278  -0.0115124   -0.0214573 -0.000812809     0.984767
   9.04123 -0.000673173  -0.00283828    -0.012045 -0.0129124 0.00626727   0.988185
   9.04707  0.00198999 -0.00709934  -0.0125776 -0.00436745   0.0133473    0.991603
   9.05127 -0.00813002 -0.00709934   -0.012045 -0.0152317 0.00834246    1.00503
   9.05708    -0.01825 -0.00709934  -0.0115124  -0.026096 0.00333758    1.01846
   9.06118  -0.0118585 -0.00337091 -0.00991448  -0.0289036 -0.00203351     1.00662
   9.06711 -0.00546686 0.000357511 -0.00831658  -0.0317112 -0.00740461    0.994777
   9.07157   0.00305525 -0.000707753  -0.00991448  -0.017551 0.00138446    0.98733
   9.07708   0.0115774 -0.00177302  -0.0115124 -0.00339088   0.0101735    0.979884
   9.08133  0.00198999 -0.00709934  -0.0136429 -0.00754127   0.0102956    0.995998
   9.08708 -0.00759739  -0.0124257  -0.0157734 -0.0116917  0.0104177    1.01211
   9.09128 -0.0113258 -0.0081646 -0.0125776  -0.024509 0.00150653    1.01443
   9.09707  -0.0150542 -0.00390355 -0.00938185  -0.0373264 -0.00740461     1.01675
   9.10125   -0.0028037 -0.000707753  -0.00884922  -0.0285374 -0.00386457    0.999049
   9.10708  0.00944684  0.00248804 -0.00831658   -0.0197483 -0.000324528     0.981349
   9.11141  0.00198999 -0.00230565  -0.0147082 -0.0103489 0.00712176   0.985011
   9.11708 -0.00546686 -0.00709934  -0.0210998 -0.000949478    0.0145681     0.988673
   9.12124 -0.00919529  -0.0081646  -0.0173713 -0.0129124 0.00919696    1.00381
   9.12709  -0.0129237 -0.00922987  -0.0136429 -0.0248753 0.00382586    1.01895
   9.13132 -0.00759739 -0.00443618 -0.00884922  -0.0280491 -0.00105695      1.0093
   9.13708 -0.00227107 0.000357511 -0.00405553  -0.0312229 -0.00593976     0.99966
    9.1415 -0.000673173 -0.000707753  -0.00884922  -0.0199924 4.16832e-05    0.990748
   9.14709 0.000924723 -0.00177302  -0.0136429 -0.00876198  0.00602313    0.981837
   9.15121 -0.00493423 -0.00603408  -0.0152408 -0.0107151 0.00785418   0.995998
   9.15707 -0.0107932 -0.0102951 -0.0168387 -0.0126682 0.00968524    1.01016
   9.16131 -0.00919529 -0.00709934 -0.00991448 -0.0230442 0.00248309    1.01113
   9.16713 -0.00759739 -0.00390355 -0.00299026  -0.0334202 -0.00471906     1.01211
   9.17155  -0.00173844 -0.000175121  -0.00831658  -0.0252415 -0.00227765    0.996486
   9.17707 0.00412052  0.0035533 -0.0136429  -0.0170628 0.000163753    0.980861
   9.18151  0.00198999 -0.00283828  -0.0157734 -0.00802956  0.00773211     0.98733
   9.18711 -0.00014054 -0.00922987   -0.017904 0.00100365  0.0153005     0.9938
   9.19128 -0.0059995 -0.0102951 -0.0131103 -0.0137669 0.00822039    1.00772
   9.19708  -0.0118585  -0.0113604 -0.00831658 -0.0285374 0.00114032    1.02163
   9.20138 -0.00813002 -0.00443618 -0.00884922   -0.033176 -0.00362043     1.01858
   9.20725  -0.0044016  0.00248804 -0.00938185 -0.0357395 -0.0082591    1.00637
   9.21124  0.00198999 0.000357511  -0.0115124     -0.01926 -0.000202457     0.987941
   9.21707  0.00838157 -0.00177302  -0.0136429 -0.00485573  0.00773211    0.978664
   9.22132  0.00198999 -0.00603408   -0.012045 -0.0074192 0.00907489    0.99319
   9.22707 -0.0044016 -0.0102951 -0.0104471 -0.00998268   0.0104177     1.00772
   9.23155  -0.0107932 -0.00922987  -0.0131103 -0.0166965 0.00724383    1.01309
   9.23711  -0.0145216 -0.00709934   -0.012045  -0.0284153 0.000529964     1.01712
   9.24116 -0.00653213 -0.00230565  -0.0109797 -0.0270725 -0.0016673    1.00003
   9.24708 -0.00120581  0.00142278  -0.0136429   -0.0207249 -0.000324528     0.984279
   9.25154  0.000924723 -0.000175121   -0.0131103 -0.0142551 0.00358172   0.982326
   9.25718  0.00198999 -0.00443618  -0.0141755 -0.00583229   0.0105397    0.985988
   9.26123 -0.00546686  -0.0081646  -0.0125776 -0.0144993 0.00822039    1.00564
   9.26711  -0.0118585 -0.00922987 -0.00938185 -0.0251194  0.0028493    1.01968
   9.27163  -0.0113258 -0.00550144 -0.00938185  -0.0302464 -0.00215558     1.01651
   9.27693  -0.0044016 0.000357511 -0.00778395  -0.0335423 -0.00789289     1.00479
   9.28121  0.00358788 0.000890144   -0.012045  -0.0247532 -0.00447492    0.989039
   9.28711   0.00518578 -0.000707753    -0.017904 -0.0101048 0.00455828   0.980861
   9.29152  0.00412052 -0.00390355  -0.0163061 -0.00119362   0.0126149    0.985744
   9.29708 -0.00493423 -0.00922987  -0.0157734 -0.00509987   0.0131032     1.00088
   9.30123 -0.0150542 -0.0113604 -0.0147082  -0.019138 0.00577899    1.01516
   9.30707  -0.0123911 -0.00922987 -0.00884922 -0.033176 -0.002888   1.01809
   9.31125  -0.0102606 -0.00337091  -0.0104471  -0.0368382 -0.00716047     1.00772
   9.31708 -0.00706476  0.00142278  -0.0163061  -0.0281712 -0.00398664    0.991847
   9.32136  0.00358788 0.000890144  -0.0147082 -0.0134006 0.00333758   0.982081
   9.32724  0.00358788 -0.00283828  -0.0157734 -0.00326881   0.0101735    0.984645
   9.33138 -0.00546686 -0.00763197  -0.0189692 -0.0049778  0.0122487   0.997829
   9.33708 -0.0102606 -0.0097625 -0.0147082 -0.0160862 0.00797625    1.01199
   9.34131  -0.0113258 -0.00763197  -0.0104471 -0.0276829 0.00101825    1.01712
    9.3471  -0.0102606 -0.00337091  -0.0104471   -0.031345 -0.00386457     1.00833
   9.35132  -0.00227107 -0.000175121  -0.00778395 -0.0254856  -0.002888   0.991603
   9.35708   0.00465315 -0.000707753   -0.0115124 -0.0148655 0.00297137   0.981715
   9.36146  0.00518578 -0.00496881  -0.0157734 -0.00693092  0.00992938    0.985499
   9.36712 0.00358788 -0.0102951 -0.0104471 -0.0082737  0.0121266   0.999293
   9.37151  -0.0059995  -0.0113604 -0.00991448 -0.0196262 0.00638934    1.01467
    9.3771  -0.0118585 -0.00763197 -0.00991448  -0.0321995 -0.00203351     1.01834
   9.38144 -0.00813002 -0.00177302 -0.00991448  -0.0343967 -0.00667218     1.00527
    9.3869 -0.00014054  0.00142278  -0.0141755  -0.0247532 -0.00349836    0.988307
   9.39128   0.00784894 -0.000707753   -0.0147082 -0.00973854  0.00541278    0.979396
   9.39709  0.00625105 -0.00550144  -0.0136429 2.70847e-05   0.0131032    0.984157
   9.40131 -0.00227107  -0.0108278  -0.0152408 -0.00363502   0.0134694     1.00149
    9.4071 -0.0129237 -0.0108278 -0.0147082 -0.0176731 0.00675555    1.01663
   9.41133  -0.0155869 -0.00603408 -0.00884922  -0.0312229 -0.00203351     1.01944
   9.41709   -0.0123911 -0.000707753  -0.00884922  -0.0346409 -0.00764875     1.00894
    9.4212 -0.00706476  0.00248804  -0.0131103  -0.0268284 -0.00459699    0.991969
   9.42708   0.00305525 -0.000175121   -0.0115124 -0.0134006  0.0028493   0.981593
    9.4312  0.00412052 -0.00496881  -0.0131103 -0.00412331  0.00919696    0.984767
   9.43708 -0.0028037 -0.0081646 -0.0147082 -0.00522194   0.0120046    0.998073
   9.44173 -0.00866266 -0.00869724  -0.0125776 -0.0152317 0.00797625    1.01187
   9.44722  -0.0123911 -0.00709934  -0.0125776  -0.0281712 0.000163754     1.01638
   9.45125  -0.0113258 -0.00230565  -0.0109797  -0.0332981 -0.00557355     1.00759
   9.45707 -0.0044016 0.00142278 -0.0104471  -0.0280491 -0.00435285     0.99258
   9.46148  0.000392091 -0.000707753   -0.0147082 -0.0162083 0.00248309   0.981715
   9.46711 0.000924724 -0.00496881  -0.0168387 -0.00680885  0.00968524    0.984401
   9.47152 -0.00014054 -0.00922987  -0.0131103 -0.0082737  0.0117604   0.999415
   9.47713 -0.00919529  -0.0113604  -0.0109797  -0.019138 0.00626727    1.01516
   9.48109  -0.0107932  -0.0081646 -0.00831658 -0.0319553  -0.002888    1.01968
   9.48711  -0.0059995 -0.00177302 -0.00778395   -0.034885 -0.00801496     1.00759
   9.49123 -0.00333633  0.00248804  -0.0141755  -0.0252415 -0.00410871    0.989528
   9.49709 0.00731631 0.00142278 -0.0131103 -0.0102268 0.00529071   0.979152
   9.50162   0.0105121 -0.00390355   -0.012045 -0.000705337    0.0138356      0.98257
   9.50722 0.00145736 -0.0102951 -0.0152408 -0.00375709   0.0148122    0.998073
   9.51123 -0.00546686   -0.011893  -0.0109797 -0.0164524 0.00822039    1.01443
   9.51707 -0.00972792 -0.00869724 -0.00778395   -0.0301243 -0.000690739      1.01931
   9.52134  -0.0118585 -0.00283828 -0.00991448  -0.0354954 -0.00667218     1.01016
   9.52708 -0.00759739  0.00195541  -0.0125776  -0.0286594 -0.00520734    0.994289
   9.53134 -0.000140541   0.00142278   -0.0141755 -0.0148655 0.00199481    0.98257
   9.53698 0.000392091 -0.00177302  -0.0163061 -0.00522194  0.00968524     0.98318
   9.54117  -0.0028037 -0.00709934  -0.0131103 -0.00583229   0.0118825    0.995509
   9.54709 -0.00706476  -0.0097625  -0.0104471 -0.0154758 0.00761004     1.0104
   9.55155  -0.0123911 -0.00763197   -0.012045  -0.0270725 0.000774105     1.01626
   9.55687  -0.0134563 -0.00230565   -0.012045  -0.0312229 -0.00459699     1.00808
   9.56121 -0.0059995 0.00142278 -0.0136429  -0.0254856 -0.00362043    0.992213
    9.5671   0.00412052 -0.000175121   -0.0131103 -0.0137669 0.00321551   0.981837
   9.57177  0.00305525 -0.00443618  -0.0147082 -0.00473366   0.0101735    0.985744
   9.57695 -0.00173844  -0.0097625  -0.0141755 -0.00705299   0.0122487     1.00039
   9.58124 -0.00546686   -0.011893 -0.00884921 -0.0195042 0.00638934    1.01455
   9.58711 -0.00919529 -0.00709934 -0.00831658  -0.0326878 -0.00276593     1.01748
   9.59138 -0.00653213 -0.00124039 -0.00938185  -0.0361057 -0.00789289     1.00625
   9.59712 -0.000140541   0.00142278   -0.0125776  -0.0268284 -0.00435285    0.989528
   9.60114 0.00571841 0.00142278 -0.0163061 -0.0114475 0.00529071   0.979396
   9.60708  0.00731631 -0.00337091  -0.0152408 -0.000949478    0.0133473     0.982204
   9.61143 0.000392091 -0.00922987  -0.0136429 -0.00278053   0.0140798    0.997462
   9.61709 -0.0107932 -0.0108278 -0.0136429 -0.0153538 0.00773211    1.01406
   9.62124  -0.0113258 -0.00922987 -0.00938185   -0.0295139 -0.000690739      1.01968
   9.62709  -0.0059995 -0.00390355 -0.00671869  -0.0340305 -0.00667218     1.01113
    9.6314 -0.00386897  0.00142278  -0.0109797   -0.027927 -0.00532941    0.994655
   9.63709  0.00305525 0.000357511  -0.0131103  -0.01572 0.0016286   0.98318
   9.64122  0.00305525 -0.00337091  -0.0157734 -0.00583229  0.00870868    0.984401
    9.6471  -0.0028037 -0.00709934  -0.0157734 -0.0061985  0.0116384   0.996364
    9.6514 -0.00706476  -0.0097625   -0.012045 -0.0151096 0.00773211    1.01065
   9.65715 -0.0118585 -0.0081646 -0.0104471  -0.0263401 0.000774105     1.01602
   9.66134  -0.0113258 -0.00230565 -0.00991448  -0.0318333 -0.00484113      1.0082
   9.66712 -0.00759739  0.00248804  -0.0141755  -0.0264622 -0.00410871    0.993068
   9.67146 -0.00333633  0.00195541   -0.017904 -0.0141331 0.00297137   0.981837
   9.67709 -0.000673173  -0.00283828   -0.0163061 -0.0049778  0.0106618   0.985133
    9.6815 -0.00653213 -0.00869724  -0.0157734 -0.00607643   0.0129811     1.00003
    9.6872 -0.0134563  -0.011893 -0.0136429 -0.0186497 0.00712176    1.01455
   9.69124  -0.0145216 -0.00869724  -0.0109797  -0.0326878 -0.00215558     1.01919
   9.69708 -0.00919529 -0.00283828 -0.00991448  -0.0361057 -0.00752668     1.00869
   9.70135 -0.00120581 0.000890144  -0.0104471  -0.0269505 -0.00423078    0.991115
   9.70762  0.00518578 0.000890144  -0.0136429 -0.0118137 0.00431414   0.980372
   9.71215  0.00891421 -0.00337091  -0.0141755 -0.00143776   0.0126149     0.98257
   9.71708 0.00252262 -0.0081646 -0.0136429 -0.00302467   0.0139577    0.995875
   9.72122 -0.0059995 -0.0102951 -0.0115124 -0.0152317 0.00785418    1.01089
    9.7271 -0.00759739 -0.00869724 -0.00884922  -0.0287815 0.000285824     1.01736
   9.73139 -0.00493423 -0.00390355 -0.00831658  -0.0340305 -0.00532941     1.01052
    9.7371 0.000924723 0.000357511 -0.00778395  -0.0276829 -0.00459699    0.995631
   9.74163   0.00944684 -0.000707753  -0.00618606 -0.0152317 0.00187274   0.985133
   9.74684  0.00358788 -0.00337091  -0.0141755 -0.00668678  0.00883075    0.985988
   9.75169 -0.00813002 -0.00709934  -0.0200345 -0.00729713   0.0113942    0.997951
    9.7571 -0.0118585 -0.0097625 -0.0141755 -0.0163303 0.00761004     1.0115
   9.76163  -0.0171848 -0.00656671  -0.0131103  -0.0280491 0.000652035     1.01431
   9.76874  -0.0145216 -0.00124039  -0.0131103  -0.0326878 -0.00520734     1.00589
   9.77139 -0.00173844  0.00195541  -0.0115124   -0.026096 -0.00447492    0.990993
   9.77713   0.00571841 -0.000175121   -0.0125776 -0.0127903 0.00333758    0.98025
   9.78161  0.00145736 -0.00443618  -0.0157734 -0.00302467   0.0116384    0.985255
   9.78741  -0.0028037 -0.00869724  -0.0147082 -0.00534401   0.0132253     1.00173
    9.7925 -0.00972792  -0.0108278  -0.0131103 -0.0182835 0.00626727    1.01528
    9.7971 -0.0145216 -0.0081646  -0.012045  -0.0325657 -0.00349836     1.01846
   9.80375 -0.00653213 -0.00283828 -0.00884922  -0.0370823 -0.00850324     1.00796
   9.80711  0.00198999  0.00195541 -0.00938185  -0.0285374 -0.00520734    0.990382
   9.81131 0.00518578 0.00195541 -0.0115124 -0.0132786 0.00394793   0.980128
   9.81709  0.00145736 -0.00230565  -0.0168387 -0.00253639   0.0123708    0.982326
   9.82168  -0.0028037 -0.00763197   -0.017904 -0.0029026  0.0138356   0.995998
   9.82715 -0.00972792  -0.0097625  -0.0168387 -0.0136448 0.00822039    1.01162
   9.83132  -0.0161195 -0.00763197  -0.0168387  -0.0276829 0.000285824     1.01821
   9.83709  -0.0118585 -0.00443618  -0.0104471  -0.0336643 -0.00520734     1.01187
   9.84142  -0.00546686 -0.000707753  -0.00884921  -0.0286594 -0.00459699    0.997218
   9.84721 -0.00173844 0.000890144   -0.012045   -0.017551 0.000529964    0.985499
   9.85122 -0.00014054 -0.00283828  -0.0136429 -0.00863991   0.0073659    0.985499
    9.8591 -0.00493423 -0.00763197  -0.0157734 -0.00766334   0.0113942    0.995631
   9.86136  -0.0123911 -0.00869724  -0.0163061 -0.0158421 0.00797625    1.00784
   9.86864   -0.013989 -0.00656671  -0.0141755  -0.0273167 0.000407894     1.01333
   9.87167  -0.0107932 -0.00337091  -0.0104471  -0.0317112 -0.00581769     1.00662
   9.87689  -0.00333633 -0.000175121   -0.0104471  -0.0256077 -0.00484113    0.993434
   9.88128  0.00571841 0.000357511  -0.0125776 -0.0125462 0.00272723   0.984035
    9.8871  0.00358788 -0.00283828  -0.0157734 -0.00253639   0.0107839    0.986842
   9.89159  -0.0044016 -0.00763197  -0.0163061 -0.00424538   0.0128591     1.00015
   9.89711 -0.0118584 -0.0102951 -0.0141755 -0.0177952 0.00699969    1.01345
   9.90117  -0.0145216 -0.00869724   -0.012045  -0.0325657 -0.00191144     1.01797
   9.90709 -0.00759739 -0.00390355 -0.00991448  -0.0367161 -0.00703839     1.00869
   9.91123  0.00252262 0.000890144 -0.00884921  -0.0290257 -0.00447492    0.992213
    9.9171 0.00518578 0.00248804 -0.0115124 -0.0147434 0.00345965   0.980861
   9.92156  0.00252262 -0.00124039  -0.0163061 -0.00387917   0.0112722    0.981959
   9.92694 0.00252262 -0.0081646 -0.0147082 -0.00448952   0.0126149    0.995387
   9.93126 -0.0059995 -0.0102951 -0.0131103  -0.01572 0.0073659   1.01089
   9.93708 -0.0118585 -0.0081646 -0.0104471 -0.0286594 4.1683e-05    1.01687
   9.94132  -0.0059995 -0.00496881 -0.00671869  -0.0337864 -0.00508527     1.01077
   9.94708  -0.00333633 -0.000707753   -0.0115124  -0.0281712 -0.00435285    0.996608
   9.95153 0.000392091 0.000890144  -0.0141755 -0.0162083 0.00114032   0.984035
   9.95711  0.00198999 -0.00177302  -0.0136429 -0.00680885  0.00797625     0.98379
   9.96116 -0.00653213 -0.00709934  -0.0173713 -0.0061985  0.0116384    0.99612
   9.96712 -0.0113258 -0.0102951 -0.0147082 -0.0153538 0.00761004    1.01187
   9.97167  -0.0102606 -0.00763197  -0.0104471   -0.0273167 -0.000690739      1.01834
   9.97717  -0.0102606 -0.00177302  -0.0109797  -0.0324436 -0.00581769     1.00881
   9.98117 -0.0028037 0.00248804 -0.0115124   -0.026096 -0.00398664    0.991725
   9.98721 0.00465315 0.00302067 -0.0141755 -0.0118137 0.00443621   0.980372
   9.99126 0.000392091 -0.00177302  -0.0189692 -0.00119362   0.0128591    0.982936
   9.99709  -0.0028037 -0.00922987  -0.0157734 -0.00351295   0.0138356    0.997951
   10.0014 -0.00653213  -0.0124257 -0.00991448 -0.0170628 0.00651141    1.01394
   10.0072  -0.0113258 -0.00922987 -0.00938185  -0.0317112 -0.00325422     1.01944
   10.0112 -0.00706476 -0.00283828 -0.00671869  -0.0374485 -0.00850324     1.01028
   10.0174 0.000924724  0.00142278 -0.00778395  -0.0301243 -0.00569562    0.993556
   10.0213 0.00465315 0.00142278 -0.0141755 -0.0153538 0.00236102   0.981471
   10.0271  0.00571841 -0.00177302  -0.0147082 -0.00436745   0.0105397    0.981349
   10.0312  0.00252262 -0.00709934  -0.0141755 -0.00424538   0.0128591    0.993922
   10.0371 -0.0059995 -0.0097625 -0.0141755 -0.0137669 0.00822039    1.00979
   10.0415 -0.00706476 -0.00763197 -0.00778395  -0.026096 0.00211688    1.01663
   10.0472 -0.00493423 -0.00390355 -0.00512079  -0.0321995 -0.00313215     1.01028
   10.0513  -0.00653213 -0.000175121    -0.012045  -0.0280491 -0.00349836    0.995998
   10.0571  -0.00014054 -0.000175121   -0.0136429 -0.0169407 0.00187274   0.984523
   10.0614  0.00198999 -0.00390355  -0.0147082 -0.0074192 0.00846453   0.984523
   10.0671 -0.00653213  -0.0081646  -0.0200345 -0.00754127   0.0117604    0.996852
   10.0714  -0.013989 -0.0097625 -0.0163061 -0.0168186 0.00785418    1.01199
   10.0771  -0.0177174 -0.00709934  -0.0131103   -0.0292698 -0.000446598      1.01712
   10.0815  -0.0129237 -0.00177302  -0.0125776  -0.0345188 -0.00630597     1.00735
   10.0871 -0.0028037 0.00248804 -0.0125776  -0.0273167 -0.00435285    0.991359
   10.0912 0.000392091  0.00302067   -0.017904 -0.0126682 0.00382586   0.980983
   10.0972  -0.0028037 -0.00124039  -0.0205671 -0.00143776   0.0117604    0.983546
   10.1015 -0.00333633 -0.00869724  -0.0157734 -0.00339088   0.0132253    0.998195
   10.1071 -0.00759739  -0.0124257  -0.0109797 -0.0168186 0.00712176     1.0137
   10.1112  -0.0134563 -0.00922987 -0.00884921  -0.0311008 -0.00191144     1.01956
   10.1171 -0.00813002 -0.00283828 -0.00458816  -0.0368382 -0.00740461     1.01101
   10.1213 -0.00014054  0.00142278 -0.00725132  -0.0302464 -0.00508527    0.993922
   10.1272  0.00625105 0.000890144   -0.012045   -0.01572 0.00199481   0.982081
   10.1315  0.00891421 -0.00337091   -0.012045 -0.00461159  0.00980731    0.981959
   10.1368  0.00252262 -0.00869724  -0.0157734 -0.00375709   0.0126149    0.993434
   10.1414 -0.00493423  -0.0113604  -0.0141755 -0.0131565 0.00822039    1.00918
   10.1471 -0.00546686 -0.00869724 -0.00778395  -0.026096 0.00150653    1.01663
   10.1512  -0.0044016 -0.00390355 -0.00831658  -0.0321995 -0.00410871      1.0104
   10.1572  -0.00386897 -0.000707753   -0.0109797  -0.0281712 -0.00447492     0.99612
   10.1612   0.00198999 -0.000175121    -0.012045 -0.0170628 0.00150653   0.985133
   10.1671  0.00145736 -0.00283828  -0.0173713 -0.00668678  0.00883075    0.985622
   10.1716 -0.00493423 -0.00763197  -0.0184366 -0.00583229   0.0115163    0.997707
   10.1769 -0.00866266  -0.0108278   -0.012045 -0.0153538 0.00712176     1.0126
   10.1813  -0.0145216 -0.00709934  -0.0109797  -0.0285374 -0.00105695     1.01785
   10.1871   -0.0155869 -0.000175121   -0.0131103  -0.0345188 -0.00691632     1.00772
   10.1914 -0.00653213  0.00302067  -0.0141755  -0.0274387 -0.00545148    0.991359
   10.1971 0.000924724  0.00248804  -0.0163061 -0.0127903 0.00333758   0.980617
   10.2012 0.000924724 -0.00230565  -0.0163061 -0.0016819  0.0120046   0.981837
   10.2071 -0.00227107  -0.0081646  -0.0147082 -0.00217018   0.0133473    0.996486
   10.2112 -0.0102606 -0.0097625 -0.0168387 -0.0147434 0.00785418    1.01297
   10.2174 -0.0150542 -0.0081646 -0.0141755   -0.0300022 -0.000568668      1.01895
   10.2215 -0.00972792 -0.00390355 -0.00725132  -0.0363499 -0.00703839     1.01089
   10.2269  -0.0028037 0.000357511 -0.00831658  -0.0307346 -0.00593976    0.994533
   10.2314  0.00358789 0.000890144   -0.012045 -0.0179173 0.00114032   0.982692
   10.2372  0.00678368 -0.00230565   -0.012045 -0.00705299  0.00846453    0.981715
   10.2413 -0.00014054 -0.00709934  -0.0147082 -0.00546608   0.0115163    0.993312
   10.2471 -0.00706476  -0.0097625  -0.0147082 -0.0137669 0.00883075     1.0093
   10.2514 -0.00866266 -0.00763197  -0.0109797 -0.0253635 0.00272723    1.01626
   10.2571 -0.00759739 -0.00390355  -0.0104471  -0.0311008 -0.00349836     1.00979
   10.2612  -0.00333633 -0.000707753  -0.00938185  -0.0271946 -0.00410871    0.995143
   10.2671 0.000392091 0.000890144   -0.012045 -0.0158421  0.0016286    0.98379
   10.2716  0.00198999 -0.00230565  -0.0157734 -0.00595436   0.0094411    0.984523
   10.2769 -0.00386897 -0.00763197  -0.0173713 -0.00583229    0.012737    0.997707
   10.2812 -0.0123911 -0.0102951 -0.0157734 -0.0160862 0.00785418    1.01297
   10.2871  -0.0150542 -0.00763197  -0.0115124 -0.0297581 -0.0016673    1.01797
   10.2916  -0.0145216 -0.00124039  -0.0125776  -0.0351292 -0.00850324      1.0082
   10.2971 -0.00813002  0.00355331  -0.0152408  -0.0281712 -0.00606183    0.991359
   10.3012 0.00358788 0.00302067 -0.0141755 -0.0132786 0.00345965   0.980006
   10.3071  0.00305525 -0.00177302  -0.0168387 -0.000949478    0.0122487     0.982081
   10.3114 -0.00227107  -0.0081646  -0.0168387 -0.00180397   0.0140798     0.99673
   10.3169  -0.0044016   -0.011893 -0.00938185 -0.0149876 0.00846453    1.01321
   10.3212  -0.0102606  -0.0097625 -0.00778395   -0.0300022 -0.000202457       1.0198
   10.3271 -0.00866266 -0.00390355 -0.00831658  -0.0361057 -0.00655011     1.01235
   10.3314 0.000392091 0.000357511 -0.00778395  -0.0304905 -0.00593976     0.99612
   10.3371  0.00465315 0.000357511   -0.012045  -0.0179173 0.000774105    0.983424
   10.3416  0.00838158 -0.00337091  -0.0131103 -0.00668678  0.00895282    0.982692
    10.347  0.00838158 -0.00763197 -0.00938185 -0.00522194   0.0123708    0.993312
   10.3513 -0.00227107  -0.0097625  -0.0104471 -0.0137669 0.00870868     1.0082
   10.3571 -0.0102606 -0.0081646  -0.012045 -0.0256077 0.00199481    1.01565
   10.3614 -0.00759739 -0.00337091 -0.00938185  -0.0318333 -0.00398664     1.00967
   10.3671 -0.00227107 0.000890144  -0.0115124   -0.027927 -0.00471906    0.995509
   10.3715  0.00252262 0.000890144  -0.0147082 -0.0170628 0.00150653   0.983913
   10.3771  0.00358788 -0.00337091  -0.0157734 -0.00644264  0.00956317    0.984523
   10.3814 -0.00653213 -0.00763197  -0.0200345 -0.00534401   0.0128591    0.997462
   10.3871 -0.0123911 -0.0097625 -0.0152408   -0.01572 0.00858661    1.01248
   10.3912  -0.0129237 -0.00763197 -0.00778395   -0.0295139 -0.000568668      1.01809
   10.3971   -0.0166521 -0.000707753   -0.0115124  -0.0353733 -0.00752668     1.00906
   10.4015 -0.00972792   0.0035533  -0.0136429 -0.0282932 -0.0061839    0.99258
   10.4071 0.00145736 0.00195541 -0.0147082 -0.0135227 0.00248309   0.980861
   10.4113 0.000392091 -0.00177302  -0.0195019 -0.00192604   0.0113942    0.981593
   10.4171 -0.00227107 -0.00709934  -0.0157734 -0.00204811   0.0138356    0.994899
   10.4213 -0.00706476  -0.0113604  -0.0115124 -0.0131565 0.00931903    1.01101
   10.4272  -0.0134563 -0.00922987   -0.012045 -0.0278049 0.00114032    1.01895
   10.4314 -0.00866266 -0.00337091 -0.00778395  -0.0350071 -0.00581769     1.01272
   10.4371 -0.000140541  0.000890144  -0.00565342  -0.0300022 -0.00532941     0.99673
   10.4413  0.00465315 0.000890144  -0.0109797 -0.0180393 0.00126239   0.984645
   10.4471  0.00625105 -0.00283828  -0.0141755 -0.00754127  0.00834246     0.98379
   10.4513  0.00518578 -0.00709934  -0.0136429 -0.00583229   0.0117604      0.9938
   10.4571 -0.00386897 -0.00922987  -0.0141755 -0.0138889 0.00907489    1.00881
   10.4614  -0.0107932 -0.00763197  -0.0104471  -0.026218 0.00236102    1.01638
   10.4671 -0.00706476 -0.00337091 -0.00618605  -0.0323215 -0.00410871     1.00943
   10.4717 -0.0044016 0.00142278 -0.0115124  -0.0276829 -0.00459699    0.994289
   10.4768 -0.000673173   0.00142278   -0.0163061 -0.0155979 0.00211688   0.983058
   10.4813  0.00198999 -0.00390355  -0.0163061 -0.00473366   0.0105397    0.984279
   10.4871  -0.0044016 -0.00922987  -0.0163061 -0.0049778  0.0131032   0.997829
   10.4913 -0.0134563 -0.0113604 -0.0141755 -0.0165745 0.00797625    1.01333
   10.4971 -0.0161195 -0.0081646 -0.0104471   -0.0308567 -0.000812809      1.01919
   10.5014  -0.0123911 -0.00124039 -0.00725132 -0.0359837 -0.0082591    1.01016
   10.5071 -0.00546686  0.00302067 -0.00938185  -0.0285374 -0.00667218    0.993068
   10.5113 0.00518578 0.00142278 -0.0125776 -0.0135227 0.00272723   0.980739
    10.517  0.00944684 -0.00337091  -0.0131103 -0.00131569   0.0115163    0.980983
   10.5214 0.000392092  -0.0081646  -0.0147082 -0.00107155   0.0142018    0.994289
   10.5271 -0.0044016 -0.0113604 -0.0115124 -0.0121799 0.00919696    1.01113
   10.5312 -0.00653213  -0.0102951 -0.00778395  -0.0267063 0.000529964     1.01931
   10.5371 -0.00919529 -0.00443618 -0.00884922  -0.0337864 -0.00593976     1.01272
   10.5413 -0.000673173  0.000357511  -0.00831658   -0.029636 -0.00545148    0.996852
   10.5471   0.00784894 -0.000175121  -0.00831658  -0.0184055 0.000285824    0.984523
   10.5517  0.00571841 -0.00390355  -0.0136429 -0.00766334  0.00699969    0.983668
   10.5569  0.00198999 -0.00763197  -0.0152408 -0.0049778  0.0111501   0.993556
   10.5613 -0.00546686  -0.0097625  -0.0141755 -0.0130344 0.00931903    1.00796
   10.5671  -0.0118585 -0.00763197  -0.0131103 -0.0258518 0.00321551     1.0159
   10.5717  -0.0102606 -0.00230565 -0.00991448  -0.0326878 -0.00313215     1.00991
   10.5772 -0.00493423  0.00142278  -0.0115124  -0.0284153 -0.00423078    0.995021
   10.5812 -0.000673173   0.00142278   -0.0163061 -0.0165745 0.00199481   0.982814
   10.5871 0.000924723 -0.00337091  -0.0163061 -0.00583229   0.0109059    0.983546
   10.5914  -0.0044016 -0.00869724  -0.0157734 -0.00534401   0.0143239    0.997096
   10.5971 -0.0166521 -0.0102951 -0.0173713 -0.0166965 0.00907489    1.01297
   10.6013  -0.0193153 -0.00869724  -0.0131103   -0.0308567 -0.000568668      1.01944
   10.6071  -0.0145216 -0.00283828 -0.00831658  -0.0370823 -0.00716047     1.01077
   10.6117 -0.00759739  0.00195541 -0.00991448  -0.0304905 -0.00569562    0.993678
    10.617  0.00412052 0.000890144   -0.012045 -0.0155979 0.00199481   0.981105
   10.6212  0.00784894 -0.00283828  -0.0136429 -0.00302467    0.011028    0.980617
   10.6271 0.000392091 -0.00763197  -0.0152408 -0.00119362    0.014446     0.99319
   10.6313 -0.00493423  -0.0108278 -0.00991448 -0.0112034 0.00956317    1.00979
   10.6371 -0.00972792  -0.0097625 -0.00778395 -0.0254856 0.00114032    1.01797
   10.6414 -0.00919529 -0.00443618  -0.0104471  -0.033176 -0.0049632    1.01272
   10.6472   0.00198999 -0.000175121  -0.00725132  -0.0293919 -0.00532941    0.997829
   10.6513   0.00784894 -0.000175121  -0.00884922   -0.0180393 -0.000324528     0.984767
   10.6571  0.00252262 -0.00177302  -0.0152408 -0.00778542  0.00675555    0.982814
   10.6615 -0.000673173  -0.00603408   -0.0152408 -0.00644264   0.0109059    0.993068
   10.6671 -0.00653213 -0.00869724  -0.0147082 -0.0147434 0.00870868    1.00894
   10.6714  -0.0113258 -0.00656671  -0.0131103 -0.0265842 0.00187274    1.01712
   10.6771 -0.00653213 -0.00283828 -0.00778395   -0.033176 -0.00471906     1.00991
   10.6816 -0.00120581  0.00142278 -0.00938185  -0.0285374 -0.00520734    0.994289
   10.6871 0.000392091  0.00248804  -0.0157734 -0.0159641 0.00211688    0.98257
   10.6913  0.00145736 -0.00283828  -0.0157734 -0.00485573   0.0111501     0.98318
   10.6971  -0.0028037 -0.00922987  -0.0152408 -0.00400124   0.0140798    0.996364
   10.7014 -0.0134563 -0.0108278 -0.0141755 -0.0155979 0.00919696    1.01211
   10.7072  -0.0161195 -0.00869724 -0.00884921  -0.0309788 4.16832e-05     1.01895
   10.7113  -0.0102606 -0.00390355 -0.00831658  -0.0376926 -0.00691632     1.01138
   10.7172 -0.00333633  0.00142278  -0.0104471  -0.0315891 -0.00593976    0.994533
   10.7214 0.00305525 0.00302067 -0.0125776 -0.0168186 0.00150653   0.981837
   10.7271  0.00731631 -0.00124039  -0.0136429 -0.00400124  0.00992938    0.981349
   10.7313  0.00252262 -0.00709934  -0.0136429 -0.00241432   0.0135915    0.993068
   10.7371 -0.0059995 -0.0097625 -0.0125776 -0.0118137 0.00968524    1.00869
   10.7415 -0.00866266 -0.00922987 -0.00884921 -0.0251194 0.00248309    1.01736
   10.7471 -0.00493423 -0.00603408 -0.00565342  -0.0321995 -0.00410871     1.01321
   10.7512 0.000924723 -0.00124039 -0.00618606  -0.0290257 -0.00484113    0.998683
   10.7571   0.00305525 -0.000175121    -0.012045  -0.0181614 0.000163753    0.985622
   10.7615  0.00412052 -0.00337091  -0.0141755 -0.00778542   0.0061452     0.98379
   10.7671  0.00412052 -0.00763197  -0.0109797 -0.00632057   0.0109059    0.993434
   10.7715 -0.00546686  -0.0102951  -0.0125776  -0.014011 0.00883075     1.0082
    10.777 -0.00866266 -0.00869724 -0.00884922 -0.0258518 0.00211688    1.01626
   10.7813 -0.00333633 -0.00443618 -0.00458816  -0.0324436 -0.00398664     1.00943
   10.7871 -0.00227107 0.000890144 -0.00991448   -0.027927 -0.00520734    0.994044
   10.7916 0.00571841 0.00142278 -0.0125776 -0.0153538 0.00199481    0.98257
   10.7971  0.00944684 -0.00337091  -0.0141755 -0.00363502   0.0113942     0.98318
   10.8012 0.000392091 -0.00922987  -0.0163061 -0.0029026  0.0149343    0.99673
   10.8071 -0.00813002   -0.011893  -0.0141755 -0.0147434 0.00992938    1.01297
   10.8113  -0.0129237 -0.00869724  -0.0104471  -0.0300022 0.000163754      1.0198
   10.8171  -0.0145216 -0.00337091   -0.012045  -0.0373264 -0.00716047     1.01248
   10.8216 -0.00493423 0.000890144  -0.0115124  -0.0319553 -0.00606183    0.996364
   10.8269 0.00518578 0.00248804 -0.0104471 -0.0177952 0.00138446   0.982814
   10.8313   0.00252262 -0.000175121   -0.0173713 -0.00546608  0.00968524    0.980495
   10.8371  -0.0028037 -0.00550144  -0.0189692 -0.00363502   0.0128591    0.991725
   10.8413 -0.00972792 -0.00922987  -0.0163061 -0.0127903 0.00895282     1.0082
   10.8471 -0.0177174 -0.0081646 -0.0157734 -0.0256077 0.00236102    1.01748
   10.8515   -0.013989 -0.00443618 -0.00778395  -0.0328098 -0.00410871     1.01309
   10.8569  -0.00546686 -0.000175121  -0.00671869  -0.0301243 -0.00532941    0.998561
   10.8612 -0.00227107 0.000890144  -0.0147082   -0.0193821 -0.000202458     0.985377
   10.8672  0.00305525 -0.00337091  -0.0147082 -0.00888405  0.00687762    0.983302
   10.8717  0.00145736 -0.00763197  -0.0141755 -0.00668678   0.0115163      0.9938
   10.8769 -0.00866266  -0.0097625  -0.0147082 -0.0142551 0.00956317    1.00967
   10.8812  -0.0123911 -0.00763197  -0.0104471 -0.0265842 0.00211688    1.01821
   10.8871  -0.0102606 -0.00283828 -0.00938185  -0.0335423 -0.00508527     1.01126
   10.8914  -0.0012058 0.000890144 -0.00991448  -0.0285374 -0.00520734    0.994533
   10.8971 0.00731631 0.00142278 -0.0115124 -0.0148655 0.00248309   0.981715
   10.9014  0.00465315 -0.00230565  -0.0173713 -0.00278053   0.0113942    0.982081
   10.9072 -0.00227107 -0.00763197  -0.0184366 -0.00155983   0.0148122    0.995143
   10.9112 -0.00866266  -0.0108278  -0.0152408 -0.0125462 0.00968524    1.01126
   10.9171 -0.0134563 -0.0097625  -0.012045  -0.0280491 0.000163754      1.0198
   10.9213  -0.0134563 -0.00443618  -0.0104471  -0.0359837 -0.00728254      1.0137
   10.9271 -0.00813002  0.00142278  -0.0104471  -0.0311008 -0.00703839    0.997096
   10.9315 0.000392091  0.00195541   -0.012045   -0.0179173 -8.03871e-05     0.983668
   10.9372  0.00571841 -0.00177302  -0.0125776 -0.00571022  0.00773211    0.981105
   10.9414  -0.0012058 -0.00550144  -0.0141755 -0.00339088   0.0118825    0.990871
   10.9471 -0.00972792  -0.0081646  -0.0152408 -0.0120579 0.00895282    1.00637
   10.9514 -0.00972792  -0.0081646 -0.00991448 -0.0247532 0.00248309     1.0159
   10.9571 -0.00813002 -0.00390355 -0.00831658 -0.0318333  -0.002888    1.01272
   10.9613  -0.00120581 -0.000175121  -0.00778395  -0.0289036 -0.00410871    0.998439
   10.9671   0.00731631 -0.000707753  -0.00671869  -0.0193821 0.000774105    0.985377
   10.9716  0.00412052 -0.00337091  -0.0136429 -0.0094944 0.00797625    0.98379
   10.9771 0.000392091 -0.00763197  -0.0131103 -0.00717506    0.012737    0.994533
   10.9813  -0.0028037  -0.0113604 -0.00884921 -0.0149876  0.0102956    1.01016
   10.9871  -0.0118585 -0.00922987  -0.0136429 -0.0273167 0.00187274    1.01809
   10.9913  -0.0113258 -0.00283828  -0.0131103  -0.0340305 -0.00508527     1.01065
   10.9971 -0.00227107  0.00195541  -0.0115124 -0.0291477 -0.0049632   0.994044
   11.0016 0.00145736  0.0035533 -0.0163061 -0.0154758 0.00223895   0.981715
   11.0072   0.00145736 -0.000707753   -0.0168387 -0.00229225   0.0109059    0.981837
   11.0113 -0.00333633 -0.00603408  -0.0168387 -0.000705337    0.0139577     0.994777
   11.0171  -0.0134563 -0.00922987   -0.017904 -0.0125462 0.00858661    1.01101
   11.0213 -0.0177174 -0.0097625 -0.0125776   -0.0285374 -0.000446598      1.01931
   11.0271  -0.0155869 -0.00443618  -0.0104471  -0.0363499 -0.00740461     1.01345
   11.0316 -0.00919529 0.000890144  -0.0125776  -0.0314671 -0.00703839    0.997096
   11.0369 0.000924724  0.00195541  -0.0104471   -0.0184055 -0.000568668     0.983302
   11.0413  0.00518578 -0.00124039  -0.0115124 -0.00632057  0.00724383    0.980861
   11.0471 -0.00173844 -0.00603408  -0.0157734 -0.00314674   0.0112722    0.990626
   11.0514 -0.00653213  -0.0097625  -0.0141755  -0.010471 0.00858661    1.00625
   11.0571 -0.00759739  -0.0102951  -0.0115124 -0.0234104 0.00309344    1.01602
   11.0616 -0.00813002 -0.00603408 -0.00884921  -0.0318333 -0.00264386      1.0126
   11.0672 -0.000673173 -0.000707753  -0.00671869  -0.0295139 -0.00349836    0.998683
   11.0714  0.00518578 0.000890144  -0.0125776 -0.0193821 0.00126239   0.985499
   11.0771  0.00305525 -0.00230565   -0.017904 -0.00851784  0.00846453     0.98379
   11.0815 0.000924723 -0.00709934  -0.0147082 -0.00558815   0.0133473    0.994777
   11.0871 -0.00546686  -0.0108278  -0.0131103 -0.0144993  0.0102956     1.0104
   11.0913  -0.0113258  -0.0097625 -0.00991448 -0.0286594  0.0016286    1.01846
    11.097 -0.00706476 -0.00337091 -0.00618606  -0.0359837 -0.00655011     1.01126
   11.1012 -0.00120581  0.00195541  -0.0109797  -0.0304905 -0.00667218    0.994411
   11.1071 0.00465315 0.00248804 -0.0131103 -0.0166965 0.00187274   0.981227
   11.1115  0.00625105 -0.00124039  -0.0147082 -0.00375709   0.0109059     0.98025
    11.117  -0.0012058 -0.00603408  -0.0157734 -0.00131569   0.0140798    0.992946
   11.1216 -0.0107932 -0.0097625 -0.0131103 -0.0119358 0.00980731    1.00979
   11.1269  -0.0150542 -0.00922987 -0.00991448  -0.0273167 0.000896175     1.01895
   11.1313  -0.0123911 -0.00390355 -0.00671869  -0.0352512 -0.00606183     1.01406
   11.1371 -0.00706476  0.00142278 -0.00778395  -0.0312229 -0.00642804    0.998317
   11.1414 -0.0012058 0.00248804 -0.0115124   -0.0188938 -0.000324528     0.984889
   11.1471  0.00465315 -0.00177302  -0.0141755 -0.0074192 0.00724383   0.982081
   11.1514  0.00145736 -0.00709934  -0.0141755 -0.00461159   0.0115163    0.991481
   11.1571  -0.0059995 -0.00922987  -0.0136429 -0.0109592 0.00992938    1.00601
   11.1612 -0.00759739  -0.0081646 -0.00991448 -0.0224339 0.00382586    1.01516
   11.1671 -0.00866266 -0.00390355 -0.00725132  -0.0300022 -0.00301007     1.01223
   11.1716  -0.0028037 0.000357511 -0.00778395 -0.0280491 -0.0049632   0.997829
    11.177   0.00678368 -0.000175121  -0.00991448  -0.0176731 0.000652035    0.984523
   11.1813  0.00571841 -0.00390355  -0.0157734 -0.00644264  0.00883075     0.98379
   11.1871 -0.00333633 -0.00709934  -0.0189692 -0.00424538   0.0123708    0.995387
   11.1914 -0.00813002  -0.0102951  -0.0125776 -0.0135227 0.00858661    1.01101
   11.1972  -0.0123911  -0.0097625 -0.00831658  -0.0281712 0.000652035     1.01919
   11.2012  -0.0145216 -0.00283828  -0.0109797  -0.0361057 -0.00679425     1.01199
   11.2071 -0.00493423  0.00195541  -0.0104471  -0.0307346 -0.00679425    0.995021
   11.2116 0.000924724  0.00195541  -0.0152408 -0.0168186 0.00150653   0.981471
   11.2171  -0.0012058 -0.00124039  -0.0205671 -0.00375709   0.0109059    0.980128
   11.2212 -0.00386897 -0.00709934  -0.0173713 -0.00107155   0.0143239    0.992824
   11.2271 -0.0129237 -0.0097625 -0.0173713 -0.0120579  0.0102956    1.00991
   11.2313    -0.01825 -0.00869724  -0.0141755 -0.0278049 0.00236102    1.01919
   11.2371  -0.0107932 -0.00496881 -0.00618606  -0.0358616 -0.00471906     1.01492
   11.2415 -0.00546686 0.000890144 -0.00725132   -0.033176 -0.00508527    0.999538
    11.247 -0.00386897  0.00248804   -0.012045  -0.0220676 0.000652035    0.985377
   11.2513   0.00145736 -0.000707753   -0.0141755 -0.00961647   0.0073659    0.982692
   11.2571 -0.000140541  -0.00603408   -0.0163061 -0.00571022   0.0117604    0.991359
   11.2613 -0.00546686  -0.0102951  -0.0147082 -0.0119358  0.0101735    1.00564
   11.2672 -0.00813002 -0.00869724  -0.0115124 -0.0230442 0.00382586    1.01516
   11.2714  -0.0129237 -0.00337091  -0.0115124  -0.0306126 -0.00276593     1.01174
   11.2771 -0.00759739 0.000890144  -0.0115124  -0.0284153 -0.00484113    0.997951
   11.2813 0.00252262 0.00195541 -0.0125776    -0.017429 -0.000202458     0.984889
   11.2871  0.00358788 -0.00177302  -0.0147082 -0.00558815  0.00797625    0.983546
   11.2915  0.00145736 -0.00709934  -0.0136429 -0.00314674    0.012737    0.994777
   11.2971 -0.00493423  -0.0108278   -0.012045 -0.0124241 0.00907489    1.01028
   11.3013 -0.0102606 -0.0102951 -0.0104471   -0.0267063 -0.000202457      1.01858
   11.3071 -0.00653213 -0.00443618 -0.00725132  -0.0346409 -0.00764875     1.01223
   11.3113 -0.000140541  0.000357511  -0.00831658  -0.0301243 -0.00764875    0.995875
   11.3175 0.00465315 0.00142278 -0.0125776  -0.0168186 0.000285824    0.982081
   11.3213  0.00571841 -0.00124039  -0.0141755 -0.00363502   0.0100514    0.979762
   11.3272  0.00252262 -0.00709934  -0.0125776 -0.00131569   0.0142018    0.991359
   11.3316 -0.00759739  -0.0097625  -0.0157734 -0.0112034   0.011028    1.00833
   11.3369  -0.0129237 -0.00922987  -0.0141755 -0.0256077 0.00309344    1.01846
   11.3414 -0.00972792 -0.00550144 -0.00884922  -0.0350071 -0.00410871     1.01504
   11.3471 -0.00866266 0.000890144  -0.0131103  -0.0336643 -0.00508527     1.00051
   11.3513 -0.0012058 0.00142278 -0.0141755  -0.0229221 0.000407894    0.986842
   11.3571  0.00198999 -0.00230565  -0.0157734  -0.010471 0.00761004   0.982936
   11.3614 -0.00493423 -0.00603408  -0.0184366 -0.00656471   0.0116384    0.991359
   11.3672 -0.00919529 -0.00922987  -0.0147082 -0.0129124  0.0094411    1.00613
   11.3716  -0.0123911 -0.00869724   -0.012045 -0.0246311 0.00309344    1.01565
   11.3771  -0.0118585 -0.00390355  -0.0104471  -0.0323215 -0.00325422     1.01187
   11.3814 -0.00653213 0.000890144  -0.0115124  -0.0295139 -0.00532941    0.997218
   11.3872 -0.00173844  0.00142278  -0.0157734  -0.0184055 4.16832e-05    0.984035
   11.3913 0.000924724 -0.00283828  -0.0173713 -0.00546608  0.00870868    0.982448
   11.3972 -0.00227107  -0.0081646   -0.017904 -0.00204811   0.0131032    0.994655
   11.4016 -0.0102606 -0.0108278 -0.0141755 -0.0119358 0.00895282    1.01138
   11.4071  -0.0134563  -0.0097625 -0.00884922   -0.0270725 -0.000324528      1.01992
   11.4113  -0.0107932 -0.00496881 -0.00938185  -0.0353733 -0.00801496     1.01382
   11.4171 -0.00653213  0.00142278   -0.012045  -0.0308567 -0.00838117     0.99673
   11.4215 0.00198999 0.00355331 -0.0136429    -0.017429 -0.000934879     0.982204
   11.4271  0.00891421 -0.00124039  -0.0136429 -0.00412331  0.00858661    0.979274
   11.4312  0.00571841 -0.00763197  -0.0136429 -0.000461197    0.0132253     0.989894
   11.4371 -0.00227107  -0.0108278  -0.0141755 -0.00900612   0.0102956     1.00686
   11.4414 -0.0059995 -0.0108278  -0.012045 -0.0236546 0.00309344    1.01736
   11.4472 -0.00546686 -0.00656671 -0.00831658 -0.0334202 -0.0037425    1.01467
   11.4516  -0.00546686 -0.000175121   -0.0104471 -0.0315891 -0.0049632      1.001
   11.4571 -0.000140541   0.00142278   -0.0131103   -0.0210911 -0.000202458     0.987575
   11.4613  0.00198999 -0.00124039  -0.0152408 -0.0103489 0.00638934   0.983546
   11.4672  -0.0028037 -0.00550144  -0.0184366 -0.00632057   0.0107839    0.990504
   11.4717 -0.00653213 -0.00922987  -0.0141755 -0.0121799 0.00968524    1.00515
    11.477 -0.0129237 -0.0081646 -0.0115124 -0.024509   0.00407   1.01602
   11.4813   -0.013989 -0.00390355  -0.0115124  -0.0329319 -0.00239972     1.01211
   11.4871 -0.00546686 0.000357511 -0.00884922  -0.0301243 -0.00471906    0.997462
   11.4913 -0.000673173   0.00248804    -0.012045  -0.0179173 0.000774105    0.984157
   11.4971  -0.00227107 -0.000707753   -0.0173713 -0.00522194  0.00980731    0.982204
   11.5014 -0.00227107  -0.0081646  -0.0157734 -0.00229225    0.014446    0.993922
   11.5071 -0.0059995  -0.011893  -0.012045 -0.0120579  0.0106618    1.01028
   11.5116  -0.0107932  -0.0097625 -0.00831658  -0.0268284 0.000285824     1.01907
   11.5172  -0.00546686  -0.00496881 -0.000859734  -0.0356174 -0.00764875     1.01358
   11.5212 0.000924724 0.000890144 -0.00352289  -0.0324436 -0.00691632     0.99734
   11.5271 0.00625105 0.00248804 -0.0115124   -0.0186497 -0.000202457      0.98257
   11.5313   0.0110447 -0.00124039  -0.0125776 -0.00473366  0.00822039    0.979518
   11.5371  0.00731631 -0.00656671  -0.0147082 -0.00107155   0.0134694     0.99026
   11.5414 -0.00227107 -0.00922987  -0.0147082 -0.00925026    0.011028     1.00698
    11.547 -0.00919529  -0.0081646  -0.0115124 -0.0228001 0.00345965    1.01748
   11.5514  -0.0107932 -0.00443618 -0.00938185  -0.0318333 -0.00325422     1.01528
   11.5571 -0.00706476 0.000357511 -0.00831658  -0.0311008 -0.00471906     1.00173
   11.5614 -0.00173844  0.00195541  -0.0104471  -0.0213352 -0.00093488    0.986842
   11.5672   -0.0012058 -0.000707753   -0.0152408 -0.00986061  0.00577899    0.982326
   11.5715 -0.00493423 -0.00550144  -0.0173713 -0.00607643   0.0118825    0.990993
   11.5771  -0.0118585 -0.00869724  -0.0173713 -0.012302 0.0104177   1.00637
   11.5814  -0.0171848 -0.00709934  -0.0152408 -0.0242649 0.00309344    1.01675
   11.5871  -0.0145216 -0.00337091 -0.00991448  -0.0334202 -0.00410871     1.01284
   11.5913 -0.00653213 0.000357511 -0.00884921  -0.0311008 -0.00593976    0.997951
   11.5971  0.00412052  0.00195541 -0.00991448  -0.0182835 0.000285824     0.98379
   11.6014  0.00678368 -0.00177302  -0.0147082 -0.00509987   0.0094411    0.981349
   11.6072 0.00412052 -0.0081646 -0.0152408 -0.00217018   0.0143239    0.993312
   11.6116 -0.00120581   -0.011893 -0.00938185 -0.0120579  0.0106618    1.00967
   11.6171  -0.0102606  -0.0102951 -0.00991448 -0.0275608 0.00138446    1.01895
   11.6214  -0.0113258 -0.00496881  -0.0109797  -0.0370823 -0.00655011     1.01394
    11.627  -0.0044016 0.000357511 -0.00938185  -0.0336643 -0.00716047    0.998195
   11.6314 0.00145736 0.00248804 -0.0115124   -0.0206028 -0.000934879     0.983913
   11.6371   0.00252262 -0.000707753    -0.017904 -0.00729713  0.00773211    0.979762
   11.6413  0.00198999 -0.00709934  -0.0173713 -0.00217018    0.012737    0.989406
   11.6472 -0.00653213  -0.0097625  -0.0152408 -0.00839577   0.0102956     1.00564
   11.6513   -0.013989 -0.00763197  -0.0131103 -0.0213352 0.00419207    1.01626
   11.6571  -0.0113258 -0.00550144 -0.00725132  -0.0306126 -0.00276593     1.01455
   11.6618 -0.00919529 -0.00177302  -0.0109797  -0.0297581 -0.00557355     1.00173
   11.6672 -0.00546686 0.000357511  -0.0136429  -0.0206028 -0.00191144    0.987575
   11.6714 0.000924723 -0.00283828  -0.0125776 -0.0094944  0.0049245   0.982814
   11.6771 -0.000140541  -0.00709934   -0.0157734 -0.00595436   0.0106618    0.990748
   11.6815 -0.00813002 -0.00922987  -0.0163061  -0.012302 0.00931903    1.00613
   11.6871 -0.0102606 -0.0081646  -0.012045 -0.0242649 0.00223895    1.01651
   11.6914 -0.00706476 -0.00390355 -0.00884922  -0.0334202 -0.00484113     1.01199
   11.6971  -0.0028037  0.00142278 -0.00991448 -0.0304905 -0.0061839   0.996974
   11.7012 0.00252262 0.00302067  -0.012045  -0.0176731 0.000652035    0.983302
   11.7071  0.00518578 -0.00124039  -0.0152408 -0.00436745  0.00992938    0.980495
   11.7113 0.00252262 -0.0081646 -0.0147082 -0.00143776   0.0140798    0.992213
   11.7171 -0.00653213   -0.011893  -0.0131103 -0.0119358  0.0100514    1.00906
   11.7216  -0.0107932  -0.0102951 -0.00991448 -0.0274387 0.00101825    1.01907
   11.7271  -0.0118585 -0.00443618 -0.00831658   -0.036594 -0.00642804     1.01528
   11.7313 -0.00866266 0.000357511 -0.00938185  -0.0337864 -0.00667218     0.99966
   11.7372 -0.000673173   0.00142278   -0.0109797   -0.0212131 -0.000446598     0.984889
   11.7414  0.000924724 -0.000175121   -0.0163061 -0.00754127  0.00785418    0.980128
   11.7471 -0.00227107 -0.00496881  -0.0184366 -0.0029026  0.0129811   0.989039
   11.7513  -0.0102606 -0.00869724   -0.017904 -0.00973854   0.0107839     1.00527
   11.7572   -0.013989 -0.00869724  -0.0131103 -0.0225559 0.00443621    1.01614
   11.7613  -0.0107932 -0.00550144 -0.00831658  -0.0312229 -0.00239972     1.01455
   11.7672  -0.00866266 -0.000707753    -0.012045  -0.0302464 -0.00520734     1.00149
   11.7718 -0.00386897  0.00142278  -0.0141755   -0.020969 -0.00142316    0.987208
   11.7769  -0.00014054 -0.000707753   -0.0147082 -0.00937233  0.00516864    0.982814
   11.7813 -0.00333633 -0.00603408  -0.0163061 -0.00546608   0.0107839    0.991115
   11.7872 -0.0107932 -0.0097625 -0.0157734 -0.0121799 0.00968524    1.00637
   11.7917 -0.0113258 -0.0081646 -0.0109797 -0.0253635 0.00223895    1.01699
    11.797 -0.00546686 -0.00390355 -0.00565342  -0.0345188 -0.00520734     1.01284
   11.8013 -0.000673173 -0.000175121  -0.00938185   -0.031345 -0.00691632    0.997584
   11.8072 0.00678368 0.00142278  -0.012045   -0.0184055 -0.000202457      0.98379
   11.8114  0.00784894 -0.00124039  -0.0136429 -0.00436745  0.00968524    0.980006
   11.8172  0.00198999 -0.00709934  -0.0163061 -0.000339126    0.0142018     0.991237
   11.8212 -0.00333633  -0.0113604  -0.0125776 -0.0101048  0.0106618    1.00857
   11.8271 -0.00653213  -0.0113604 -0.00778395  -0.026096 0.00236102    1.01919
   11.8315 -0.00866266 -0.00550144 -0.00831658  -0.0359837 -0.00557355     1.01626
    11.837 -0.00546686 0.000890144  -0.0104471  -0.0378147 -0.00862531     1.01016
   11.8412 0.00358789 0.00195541 -0.0104471 -0.0258518  -0.002888   0.995265
   11.8472  0.00465315 0.000890144  -0.0147082 -0.00839577  0.00687762    0.980617
   11.8515  0.00252262 -0.00390355  -0.0168387 -0.00363502   0.0116384    0.988307
   11.8572 -0.00333633 -0.00869724  -0.0147082 -0.0101048 0.00992938    1.00393
   11.8613  -0.0123911 -0.00763197  -0.0131103 -0.0223118    0.00407     1.0148
   11.8672  -0.0134563 -0.00390355  -0.0104471  -0.0303684 -0.00227765     1.01358
   11.8718  -0.00919529 -0.000175121   -0.0109797  -0.0287815 -0.00471906     1.00161
   11.8772 -0.00653213  0.00142278  -0.0125776  -0.0256077 -0.00423078    0.993556
   11.8812 -0.00227107 -0.00124039  -0.0152408 -0.0146214 0.00297137   0.988673
   11.8871  -0.0012058 -0.00656671  -0.0163061 -0.0049778  0.0113942   0.991969
   11.8915 -0.0118585 -0.0097625 -0.0147082 -0.0124241 0.00968524    1.00784
   11.8971  -0.0145216 -0.00922987  -0.0104471 -0.0257298 0.00211688    1.01724
   11.9014 -0.00919529 -0.00443618 -0.00725132   -0.034885 -0.00593976     1.01248
   11.9071 -0.00493423  0.00142278  -0.0115124  -0.0317112 -0.00764875    0.997707
   11.9114  0.00784894  0.00248804 -0.00938185   -0.0177952 -0.000690739     0.983668
   11.9171   0.0169037  0.00142278 -0.00405553 -0.00900612  0.00455828    0.977931
   11.9213  0.00997947 -0.00496881 -0.00884922 -0.00607643   0.0104177    0.989162
   11.9272 0.00305525 -0.0113604 -0.0136429 -0.00314674    0.016277     1.00039
   11.9314 -0.0044016 -0.0108278 -0.0104471 -0.0185276  0.0073659    1.01113
   11.9372  -0.0118585  -0.0102951 -0.00725132  -0.0339085 -0.00154523     1.02188
   11.9414  -0.0059995 -0.00496881 -0.00831658 -0.0321995  -0.002888    1.00711
   11.9472 -0.00014054 0.000357511 -0.00938185  -0.0304905 -0.00423078    0.992335
   11.9514  0.00412052 -0.00177302 -0.00991448  -0.017551 0.00345965   0.987086
   11.9571  0.00838157 -0.00390355  -0.0104471 -0.00461159   0.0111501    0.981837
   11.9614 -0.000140541  -0.00763197   -0.0115124 -0.0094944 0.00956317    0.99673
   11.9672 -0.00866266  -0.0113604  -0.0125776 -0.0143772 0.00797625    1.01162
   11.9714 -0.00653213  -0.0081646 -0.00938185 -0.0232883 0.00114032    1.01065
   11.9771 -0.00173844 -0.00230565 -0.00725132  -0.0293919 -0.00532941     1.00149
   11.9817   0.00465315 -0.000175121  -0.00938185 -0.0204807 -0.0016673    0.98733
   11.9871   0.00838157 -0.000707753   -0.0104471 -0.0143772  0.0016286   0.981349
   11.9913  0.00252262 -0.00550144  -0.0125776 -0.00937233  0.00748797     0.99026
   11.9972 -0.00546686  -0.0113604  -0.0131103 -0.010471 0.0101735   1.00747
   12.0016  -0.013989 -0.0097625  -0.012045 -0.0242649 0.00211688    1.01821
   12.0072  -0.0203806 -0.00709934  -0.0125776  -0.0319553 -0.00276593     1.02066
   12.0114  -0.0107932 -0.00230565  -0.0104471  -0.0300022 -0.00447492     1.00552
   12.0171 -0.00120581  0.00248804 -0.00831658 -0.0280491 -0.0061839   0.990382
   12.0214  -0.00120581 -0.000175121    -0.012045 -0.0138889 0.00382586   0.985133
   12.0272 -0.00120581 -0.00283828  -0.0157734 0.000271225   0.0138356    0.979884
   12.0312  -0.0044016 -0.00709934  -0.0136429 -0.00802956   0.0113942     0.99673
   12.0371 -0.00759739  -0.0113604  -0.0115124 -0.0163303 0.00895282    1.01358
   12.0415 -0.00706476 -0.00709934 -0.00831658  -0.0270725 0.000774105     1.01235
    12.047 -0.00653213 -0.00283828 -0.00512079  -0.0378147 -0.00740461     1.01113
   12.0513  -0.0012058 -0.00124039 -0.00938185  -0.0268284 -0.00264386    0.996486
   12.0572  0.00412052 0.000357511  -0.0136429 -0.0158421 0.00211688   0.981837
   12.0615  0.00412052 -0.00443618  -0.0131103 -0.0110813 0.00724383   0.988551
   12.0672  0.00412052 -0.00922987  -0.0125776 -0.00632057   0.0123708    0.995265
   12.0714 -0.0028037 -0.0081646 -0.0115124 -0.0171848 0.00675555    1.00625
   12.0772 -0.00972792 -0.00709934  -0.0104471 -0.0280491 0.00114032    1.01724
   12.0813 -0.00972792 -0.00283828  -0.0147082  -0.0275608 -0.00203351     1.00454
   12.0872 -0.00972792  0.00142278  -0.0189692  -0.0270725 -0.00520734    0.991847
   12.0915 -0.00333633 -0.00230565  -0.0173713 -0.0142551 0.00297137   0.987697
   12.0969  0.00305525 -0.00603408  -0.0157734 -0.00143776   0.0111501    0.983546
   12.1013 -0.00706476 -0.00869724  -0.0141755 -0.00973854  0.00858661    0.999904
   12.1072 -0.0171848 -0.0113604 -0.0125776 -0.0180393 0.00602313    1.01626
   12.1117  -0.0145216 -0.00603408  -0.0115124  -0.0280491 -0.00191144     1.01235
   12.1172   -0.0118585 -0.000707753   -0.0104471  -0.0380589 -0.00984601     1.00845
   12.1212 -0.000673173  0.000890144   -0.0115124  -0.0246311 -0.00239972    0.993434
   12.1272  0.0105121 0.00248804 -0.0125776 -0.0112034 0.00504657   0.978419
   12.1313  0.00838158 -0.00443618 -0.00991448 -0.00607643  0.00992938    0.987819
   12.1373  0.00625105  -0.0113604 -0.00725132 -0.000949478    0.0148122     0.997218
   12.1415 -0.00227107  -0.0108278 -0.00831658 -0.0159641 0.00761004    1.00894
   12.1472  -0.0107932  -0.0102951 -0.00938185  -0.0309788 0.000407894     1.02066
   12.1513  -0.0059995 -0.00390355 -0.00938185  -0.0302464 -0.00252179     1.00747
   12.1572 -0.00120581  0.00248804 -0.00938185  -0.0295139 -0.00545148    0.994289
   12.1614 0.000392091 0.000357511   -0.012045  -0.017551 0.00236102   0.988795
   12.1672  0.00145736 -0.00550144  -0.0152408 -0.00558815   0.0101735    0.983302
   12.1718 -0.0044016 -0.0097625 -0.0147082 -0.0102268 0.00919696   0.997462
    12.177 -0.00972792  -0.0102951  -0.0136429 -0.0148655 0.00822039    1.01162
   12.1813 -0.00866266 -0.00709934  -0.0115124  -0.024509 0.00150653    1.01028
   12.1872 -0.00759739 -0.00390355 -0.00938185  -0.0341526 -0.00520734     1.00894
   12.1915 -0.00227107 -0.00124039   -0.012045   -0.0242649 -0.000690739     0.994411
   12.1972 0.00305525 0.00142278 -0.0147082 -0.0143772 0.00382586   0.979884
   12.2013 -0.00120581 -0.00390355  -0.0152408 -0.00912819  0.00883075    0.990016
   12.2072 -0.00546686 -0.00922987  -0.0157734 -0.00387917   0.0138356     1.00015
   12.2114  -0.0113258 -0.00869724  -0.0141755 -0.0188938 0.00529071    1.01077
   12.2172 -0.0171848 -0.0081646 -0.0125776  -0.0339085 -0.00325422     1.02139
   12.2215  -0.0102606 -0.00230565  -0.0131103 -0.0311008 -0.0049632    1.00625
   12.2272 -0.00333633   0.0035533  -0.0136429  -0.0282932 -0.00667218    0.991115
   12.2313   0.00198999 -0.000175121   -0.0157734 -0.0144993 0.00309344   0.985499
   12.2372  0.00731631 -0.00390355   -0.017904 -0.000705337    0.0128591     0.979884
   12.2414  0.00358789 -0.00763197   -0.012045 -0.0074192  0.0104177   0.996974
   12.2472 -0.00014054  -0.0113604 -0.00618605 -0.0141331 0.00797625    1.01406
   12.2514 -0.00706476 -0.00709934 -0.00884921  -0.0247532 0.000285824     1.01321
   12.2572   -0.013989 -0.00283828  -0.0115124  -0.0353733 -0.00740461     1.01235
   12.2615  -0.0028037 -0.00177302  -0.0104471  -0.0254856 -0.00325422     0.99734
   12.2672   0.00838157 -0.000707753  -0.00938185  -0.0155979 0.000896175    0.982326
   12.2714  0.00571841 -0.00390355  -0.0104471  -0.010471 0.00675555   0.988551
   12.2771  0.00305525 -0.00709934  -0.0115124 -0.00534401   0.0126149    0.994777
   12.2815 -0.00546686 -0.00709934   -0.012045 -0.0169407 0.00699969    1.00662
   12.2872   -0.013989 -0.00709934  -0.0125776 -0.0285374 0.00138446    1.01846
   12.2913 -0.00706476 -0.00283828  -0.0125776  -0.0282932 -0.00191144     1.00515
   12.2972 -0.00014054  0.00142278  -0.0125776  -0.0280491 -0.00520734    0.991847
   12.3016 0.000392091 -0.00177302  -0.0147082 -0.0142551 0.00345965    0.98733
   12.3072 0.000924723 -0.00496881  -0.0168387 -0.000461197    0.0121266     0.982814
   12.3112 -0.00866266 -0.00763197  -0.0173713 -0.00888405  0.00968524    0.999415
   12.3172   -0.01825 -0.0102951  -0.017904 -0.0173069 0.00724383    1.01602
   12.3216  -0.0129237 -0.00550144   -0.012045   -0.0281712 -0.000568668      1.01284
   12.3272  -0.00759739 -0.000707753  -0.00618605  -0.0390354 -0.00838117     1.00967
   12.3313 -0.00120581 0.000357511 -0.00938185  -0.0263401 -0.00239972    0.994655
   12.3372 0.00518578 0.00142278 -0.0125776 -0.0136448 0.00358172    0.97964
   12.3414  0.00305525 -0.00337091  -0.0141755 -0.00754127  0.00931903    0.987697
   12.3471 0.000924723  -0.0081646  -0.0157734 -0.00143776   0.0150563    0.995753
   12.3516  -0.0044016 -0.00922987  -0.0163061 -0.00778542   0.0115163      1.0043
    12.357 -0.0102606 -0.0102951 -0.0131103 -0.0213352 0.00480243    1.01663
   12.3613 -0.00493423 -0.00496881 -0.00725132  -0.0290256 -0.00191144     1.00772
   12.3672 0.000924723 0.000357511 -0.00512079  -0.0295139 -0.00545148    0.995021
   12.3716  0.000392091 -0.000707753   -0.0115124 -0.0179173 0.00150653   0.988917
   12.3772 -0.00014054 -0.00177302   -0.017904 -0.00632057  0.00846453    0.982814
   12.3815 0.000392091 -0.00496881  -0.0163061 -0.00607643   0.0105397    0.989406
   12.3872 -0.0044016 -0.0097625 -0.0163061 -0.0102268  0.0101735    1.00466
   12.3912  -0.0107932 -0.00603408   -0.012045 -0.0215794 0.00468035    1.01638
   12.3972   -0.0118585 -0.000707753  -0.00618605  -0.0309788 -0.00239972      1.0137
   12.4014 -0.00493423 0.000357511  -0.0109797  -0.0300022 -0.00606183     0.99966
   12.4072 0.00198999 0.00142278 -0.0157734  -0.0198704 -0.00154523    0.985133
   12.4115 -0.00227107 -0.00390355  -0.0168387 -0.00717506  0.00748797    0.980983
   12.4175 -0.00653213 -0.00922987   -0.017904 -0.00217018   0.0143239    0.991237
   12.4213 -0.0107932 -0.0108278 -0.0152408 -0.00986061   0.0122487     1.00759
   12.4272 -0.0145216 -0.0102951 -0.0109797 -0.0248753 0.00333758    1.01895
   12.4313 -0.00919529 -0.00283828 -0.00938185  -0.0358616 -0.00520734      1.0159
   12.4372  -0.0044016  0.00248804 -0.00938185  -0.0342747 -0.00740461     1.00076
   12.4414 0.000924724  0.00248804 -0.00991448  -0.0217014 -0.00130109    0.985988
   12.4473   0.00784894 -0.000707753   -0.0109797 -0.00802956  0.00785418     0.98025
   12.4514  0.00518578 -0.00603408  -0.0131103 -0.00278053   0.0135915    0.987819
   12.4572 -0.00173844  -0.0097625  -0.0131103 -0.00876198   0.0123708     1.00369
   12.4614 -0.00653213  -0.0102951 -0.00991448 -0.0215794 0.00577899    1.01553
   12.4672 -0.00653213 -0.00656671 -0.00671869 -0.0319553 -0.0016673    1.01541
   12.4717 -0.00227107 -0.00230565 -0.00725132 -0.0326878 -0.0049632     1.0032
   12.4769   0.00305525 -0.000707753  -0.00938185  -0.0236546 -0.00191144    0.988795
   12.4813  0.00571841 -0.00230565  -0.0104471 -0.0115696 0.00516864   0.982692
   12.4872  0.00305525 -0.00603408  -0.0125776 -0.00583229    0.011028    0.988795
   12.4913 -0.00386897 -0.00922987  -0.0141755 -0.010593 0.0104177   1.00381
   12.4972 -0.00866266 -0.00869724  -0.0115124 -0.0224339 0.00431414    1.01614
   12.5013 -0.00813002 -0.00496881 -0.00884922  -0.0324436 -0.00313215     1.01455
   12.5072  -0.00333633 -0.000175121  -0.00991448  -0.0315891 -0.00691632    0.999904
   12.5117 0.00305525 0.00302067 -0.0131103 -0.0198704 -0.0016673   0.984645
   12.5172  0.00412052 0.000890144  -0.0163061 -0.00522194  0.00822039    0.980006
   12.5213 -0.000140541  -0.00550144   -0.0157734 0.000271225   0.0143239     0.98965
   12.5272 -0.0059995 -0.0108278 -0.0131103 -0.00778542   0.0116384     1.00625
   12.5314 -0.0102606 -0.0113604 -0.0104471 -0.0232883 0.00248309    1.01846
   12.5372  -0.0134563 -0.00656671  -0.0115124  -0.0351292 -0.00593976     1.01699
   12.5413  -0.0113258 0.000357511   -0.012045  -0.0343967 -0.00764875     1.00259
   12.5472 -0.000673173   0.00302067   -0.0115124  -0.0228001 -0.00191144    0.987453
   12.5514  0.00625105 0.000890144  -0.0131103 -0.00888405  0.00638934    0.980617
   12.5572 0.000924724 -0.00390355  -0.0147082 -0.00217018   0.0121266     0.98672
   12.5616 -0.00653213 -0.00869724  -0.0157734 -0.00693092    0.011028     1.00235
   12.5672 -0.00972792  -0.0097625  -0.0125776 -0.0201145 0.00565692     1.0148
   12.5714  -0.0107932 -0.00656671 -0.00884922  -0.0308567 -0.00142316      1.0148
   12.5772  -0.0059995 -0.00177302 -0.00831658 -0.0317112 -0.0049632    1.00332
   12.5814  0.00305525 0.000357511 -0.00884922  -0.0238987 -0.00154523    0.989162
   12.5872  0.00518578 -0.00124039  -0.0131103 -0.0126682 0.00504657   0.983058
   12.5914  0.00145736 -0.00496881  -0.0157734 -0.00680885   0.0106618    0.989528
   12.5972 -0.00333633 -0.00922987  -0.0131103 -0.0108372  0.0102956     1.0043
   12.6013  -0.0107932 -0.00922987  -0.0131103 -0.0229221 0.00394793    1.01638
   12.6072  -0.0129237 -0.00443618  -0.0109797  -0.0335423 -0.00410871     1.01419
   12.6113  -0.00493423 -0.000175121  -0.00778395  -0.0326878 -0.00764875     0.99966
   12.6175 0.000924723  0.00195541  -0.0131103  -0.0210911 -0.00239972    0.985133
   12.6216   0.00358788 -0.000175121   -0.0157734 -0.00644264  0.00797625     0.98025
   12.6273 0.000392091 -0.00603408  -0.0173713 0.000149155   0.0142018    0.989039
   12.6313 -0.0107932 -0.0097625 -0.0200345 -0.00717506   0.0117604     1.00576
   12.6372 -0.0150542 -0.0097625 -0.0136429 -0.0230442 0.00333758    1.01846
   12.6414  -0.0150542 -0.00656671 -0.00938185   -0.034885 -0.00508527      1.0176
   12.6472   -0.0134563 -0.000175121   -0.0125776  -0.0341526 -0.00740461     1.00381
   12.6515 -0.00120581  0.00195541  -0.0109797  -0.0228001 -0.00239972    0.987575
   12.6572  0.00678368 -0.00124039  -0.0115124 -0.00900612  0.00590106    0.980495
   12.6613 -0.000673173  -0.00496881   -0.0184366 -0.00241432   0.0120046    0.986964
   12.6672 -0.00546686 -0.00869724  -0.0168387 -0.00754127   0.0113942     1.00173
   12.6716 -0.00813002  -0.0097625  -0.0125776 -0.0198704 0.00553485    1.01443
    12.677  -0.0107932 -0.00709934 -0.00938185  -0.0301243 -0.00130109     1.01553
   12.6813 -0.00333633 -0.00177302 -0.00405553  -0.0312229 -0.00484113     1.00405
   12.6872  0.00305525  0.00142278 -0.00831658 -0.0231663 -0.0016673   0.989528
   12.6915  0.00412052 -0.00124039  -0.0157734 -0.0119358 0.00553485   0.983302
   12.6972  0.00625105 -0.00709934  -0.0131103 -0.00558815   0.0116384    0.989406
   12.7014 0.000392092  -0.0108278  -0.0131103 -0.00998268   0.0113942     1.00454
   12.7072 -0.0107932 -0.0097625 -0.0147082  -0.022678 0.00443621    1.01724
   12.7114  -0.0113258 -0.00550144 -0.00884922 -0.0335423 -0.0037425    1.01541
   12.7172 -0.00493423 0.000357511 -0.00778395   -0.033054 -0.00703839     1.00137
   12.7214 -0.00014054  0.00302067   -0.012045  -0.0217014 -0.00154523     0.98611
   12.7272   0.00358788 -0.000175121   -0.0141755 -0.0074192  0.0085866    0.97964
   12.7315 0.000924723 -0.00603408  -0.0173713 -0.00107155   0.0146901    0.988307
   12.7369 -0.00759739 -0.00922987   -0.017904 -0.00778542   0.0124929     1.00503
   12.7414 -0.0118585 -0.0097625  -0.012045  -0.022678 0.00468035     1.0176
   12.7473  -0.0129237 -0.00709934 -0.00884922  -0.0343967 -0.00386457     1.01785
   12.7514   -0.0107932 -0.000707753   -0.0104471  -0.0341526 -0.00740461     1.00442
   12.7572 -0.0028037 0.00248804 -0.0109797 -0.0236546  -0.002888   0.988429
   12.7614   0.00358788 -0.000175121   -0.0131103  -0.010471 0.00480243   0.981349
   12.7672  0.00358788 -0.00550144  -0.0152408 -0.00351295   0.0109059    0.986842
   12.7718  -0.0012058 -0.00922987  -0.0147082 -0.00729713   0.0109059     1.00149
   12.7769 -0.00493423  -0.0097625  -0.0131103 -0.0187717 0.00529071    1.01394
   12.7815 -0.00759739 -0.00603408   -0.012045 -0.0287815 -0.0016673    1.01467
   12.7872 -0.00493423 -0.00124039  -0.0109797  -0.0300022 -0.00557355     1.00357
   12.7915  0.00198999 0.000890144  -0.0104471  -0.0217014 -0.00239972    0.988429
   12.7972   0.00252262 -0.000175121   -0.0147082 -0.00998268   0.0049245    0.982081
   12.8013 -0.00333633 -0.00443618  -0.0184366 -0.00448952   0.0116384    0.989772
   12.8072 -0.00653213  -0.0102951  -0.0147082 -0.010471 0.0116384   1.00527
   12.8114  -0.0113258  -0.0113604 -0.00991448 -0.0241428 0.00394793     1.0176
   12.8172  -0.0177174 -0.00496881  -0.0125776   -0.034885 -0.00447492     1.01528
   12.8214 -0.0107932 0.00142278  -0.012045  -0.0340305 -0.00691632     1.00076
   12.8272 -0.00333633   0.0035533  -0.0125776  -0.0217014 -0.00105695    0.985622
   12.8315 -0.00173844 0.000890144   -0.017904 -0.00656471  0.00870868    0.979274
   12.8372 0.000924724 -0.00550144  -0.0147082 -9.49856e-05    0.0146901     0.987941
   12.8413 -0.00546686  -0.0102951  -0.0136429 -0.00705299   0.0126149     1.00466
   12.8472 -0.0150542 -0.0108278 -0.0147082 -0.0224339 0.00504657    1.01724
   12.8515  -0.0113258 -0.00709934 -0.00884922  -0.0343967 -0.00313215     1.01785
   12.8572  -0.00546686 -0.000707753  -0.00778395  -0.034885 -0.0061839    1.00503
   12.8612 -0.00173844  0.00248804  -0.0109797  -0.0254856 -0.00264386    0.988917
   12.8672   0.00731631 -0.000175121  -0.00991448 -0.0121799 0.00431414   0.981227
   12.8714  0.00678368 -0.00496881  -0.0115124 -0.00448952   0.0104177    0.985866
   12.8772 0.000392091 -0.00869724   -0.012045 -0.00802956   0.0105397     1.00015
   12.8815  -0.0028037 -0.00922987 -0.00831658 -0.0193821 0.00565692    1.01345
   12.8872 -0.00759739 -0.00603408 -0.00831658  -0.0295139 -0.00142316     1.01516
   12.8912 -0.00386897 -0.00230565 -0.00725132  -0.0309788 -0.00557355     1.00442
   12.8972   0.00518578 -0.000707753  -0.00778395  -0.0228001 -0.00203351    0.989284
   12.9017  0.00571841 -0.00177302  -0.0147082  -0.010593 0.00541278   0.982326
   12.9072 0.000924723 -0.00550144  -0.0173713 -0.00412331   0.0113942     0.98965
   12.9112 -0.00333633  -0.0102951  -0.0125776 -0.00937233   0.0112722     1.00552
   12.9172 -0.00866266  -0.0108278 -0.00991448 -0.0229221    0.00407    1.01809
   12.9213  -0.0102606 -0.00603408 -0.00884921  -0.0341526 -0.00459699     1.01675
   12.9272  -0.00493423 -0.000175121  -0.00884921  -0.0340305 -0.00764875     1.00247
   12.9314 0.000924723  0.00355331  -0.0152408  -0.0224339 -0.00239972    0.986354
   12.9372 0.00358788 0.00142278  -0.017904 -0.00705299  0.00724383    0.978908
   12.9414  0.00252262 -0.00496881  -0.0163061 2.70847e-05   0.0133473     0.98672
    12.947 -0.00866266 -0.00869724  -0.0189692 -0.00668678   0.0116384      1.0032
   12.9513  -0.0161195 -0.00922987  -0.0141755 -0.0208469  0.0049245    1.01614
   12.9572 -0.00972792 -0.00763197 -0.00618606  -0.0321995 -0.00301007      1.0176
   12.9615 -0.00653213 -0.00230565 -0.00884922  -0.0336643 -0.00679425      1.0054
   12.9672  -0.0028037 0.000890144  -0.0104471  -0.0251194 -0.00325422    0.989894
   12.9714   0.00252262 -0.000707753   -0.0125776 -0.0127903    0.00407   0.982326
   12.9772 0.000924723 -0.00443618  -0.0173713 -0.00534401  0.00992938    0.987086
   12.9815  -0.0028037 -0.00869724  -0.0152408 -0.00839577   0.0106618     1.00125
   12.9872 -0.00653213 -0.00922987 -0.00884922 -0.0195042 0.00602313    1.01382
   12.9914  -0.0102606 -0.00603408 -0.00831658   -0.0298801 -0.000934879      1.01492
   12.9972 -0.00386897 -0.00177302 -0.00778395 -0.0314671 -0.0049632    1.00344
   13.0014  0.00625105 0.000890144 -0.00671869  -0.0229221 -0.00227765    0.987697
   13.0072  0.00571841 -0.00124039  -0.0141755 -0.00998268  0.00565692    0.980983
   13.0115  0.00412052 -0.00656671  -0.0147082 -0.00326881   0.0129811    0.989162
   13.0172 -0.00120581  -0.0108278  -0.0109797 -0.00912819   0.0124929      1.0054
   13.0213 -0.0102606 -0.0113604  -0.012045 -0.0229221 0.00443621    1.01821
   13.0272 -0.00972792 -0.00656671 -0.00831658 -0.0346409 -0.0049632    1.01724
   13.0314 -0.00386897 0.000357511 -0.00618606  -0.0350071 -0.00850324     1.00296
   13.0372 -0.000140541    0.0035533   -0.0125776  -0.0231663 -0.00313215    0.986964
   13.0414 0.00358788 0.00142278 -0.0152408 -0.00778542  0.00638934    0.979396
   13.0472  0.00465315 -0.00443618  -0.0147082 -0.000339126    0.0134694     0.985622
   13.0514 -0.00493423 -0.00922987  -0.0168387 -0.00546608   0.0121266     1.00149
   13.0572  -0.013989 -0.0097625 -0.0141755 -0.0193821 0.00529071    1.01492
   13.0615  -0.0155869 -0.00603408  -0.0109797  -0.0319553 -0.00264386     1.01748
   13.0672    -0.013989 -0.000175121   -0.0115124  -0.0339085 -0.00679425     1.00637
   13.0716 -0.00653213  0.00248804 -0.00991448  -0.0257298 -0.00349836    0.990382
   13.0769  0.000392091 -0.000175121   -0.0131103 -0.0136448 0.00358172    0.98257
   13.0814 -0.000673173  -0.00496881    -0.017904 -0.00607643  0.00968524    0.986232
   13.0872 -0.0059995 -0.0081646 -0.0152408 -0.0082737  0.0100514   0.999782
   13.0916  -0.0113258 -0.00869724  -0.0125776 -0.0187717 0.00602313    1.01333
   13.0973  -0.0145216 -0.00603408  -0.0109797  -0.029636 4.1683e-05    1.01528
   13.1013 -0.00759739 -0.00177302 -0.00938185  -0.0317112 -0.00447492     1.00454
   13.1072 -0.00014054 0.000890144  -0.0115124  -0.0229221 -0.00215558    0.988551
   13.1116   -0.0012058 -0.000175121   -0.0173713 -0.0094944 0.00577899   0.981227
   13.1172  -0.0012058 -0.00550144   -0.017904 -0.00253639   0.0128591    0.988551
   13.1214 -0.00546686  -0.0102951  -0.0131103 -0.00790749   0.0126149     1.00393
   13.1272  -0.0107932  -0.0097625 -0.00991448 -0.0223118 0.00468035    1.01675
   13.1315 -0.00972792 -0.00603408 -0.00565342  -0.0346409 -0.00471906     1.01675
   13.1372  -0.0044016 -0.00124039 -0.00565342   -0.034885 -0.00838117     1.00344
   13.1414  0.00358789  0.00302067 -0.00938185  -0.0237766 -0.00349836     0.98733
   13.1472 0.00944684 0.00195541 -0.0109797 -0.00912819  0.00565692    0.979152
   13.1516  0.00625105 -0.00390355  -0.0152408 -0.000949478     0.012737     0.985133
    13.157  -0.0044016 -0.00869724  -0.0189692 -0.00546608   0.0126149     1.00112
   13.1615 -0.00813002  -0.0102951  -0.0131103 -0.0188938 0.00602313    1.01492
   13.1672  -0.0102606 -0.00763197 -0.00884921  -0.0306126 -0.00178937     1.01773
   13.1716  -0.0113258 -0.00230565  -0.0115124  -0.0329319 -0.00545148     1.00711
   13.1772 -0.0059995 0.00195541  -0.012045  -0.0249973 -0.00215558    0.991847
   13.1813 -0.00333633  0.00142278  -0.0157734 -0.0127903 0.00455828   0.983424
   13.1872 -0.00227107 -0.00390355  -0.0168387 -0.00558815   0.0105397    0.986964
   13.1913 -0.00546686 -0.00869724  -0.0136429 -0.0082737   0.011028      1.001
   13.1972  -0.0145216 -0.00922987  -0.0152408 -0.0193821 0.00577899    1.01455
   13.2015  -0.0150542 -0.00603408   -0.012045 -0.0304905 -0.0016673    1.01553
   13.2072  -0.00759739 -0.000707753  -0.00725132  -0.0319553 -0.00667218     1.00308
   13.2112 0.000392091  0.00302067 -0.00938185  -0.0228001 -0.00264386    0.987086
   13.2172  0.00412052 0.000890144  -0.0141755 -0.00900612  0.00638934    0.980128
   13.2217  0.00412052 -0.00550144  -0.0147082 -0.00119362   0.0132253    0.988063
    13.227 0.000924723  -0.0113604  -0.0115124 -0.00705299   0.0128591     1.00418
   13.2313 -0.00759739  -0.0124257 -0.00991448 -0.0224339 0.00480243    1.01748
   13.2372 -0.00759739 -0.00869724 -0.00831658  -0.0353733 -0.00435285     1.01846
   13.2414 -0.000673173  -0.00283828  -0.00725132   -0.036594 -0.00789289     1.00466
   13.2472 0.00145736 0.00195541 -0.0109797  -0.0253635 -0.00313215    0.987819
   13.2515  0.00358788 0.000890144  -0.0168387 -0.00998268  0.00553485    0.979274
   13.2572  0.00465315 -0.00550144   -0.017904 -0.00180397   0.0122487    0.984523
   13.2613 -0.00227107  -0.0097625  -0.0168387 -0.00522194   0.0122487    0.999782
   13.2672 -0.0113258 -0.0097625 -0.0157734  -0.017429 0.00651141    1.01297
   13.2716   -0.013989 -0.00763197  -0.0115124   -0.0295139 -0.000446598      1.01614
   13.2773  -0.0123911 -0.00283828  -0.0115124  -0.0326878 -0.00484113      1.0065
   13.2815 -0.00706476 0.000890144  -0.0141755  -0.0259739 -0.00313215    0.991481
   13.2872   0.00145736 -0.000175121   -0.0136429 -0.0141331 0.00321551   0.983546
   13.2914  0.00145736 -0.00390355  -0.0147082 -0.00656471   0.0094411    0.987697
   13.2972 -0.00706476 -0.00763197  -0.0157734 -0.00900612   0.0102956     1.00125
   13.3016 -0.00972792 -0.00869724 -0.00938185 -0.0193821 0.00590106    1.01431
   13.3072 -0.00866266 -0.00656671 -0.00512079  -0.0302464 -0.00154523     1.01516
   13.3114 -0.00546686 -0.00177302 -0.00884921  -0.0319553 -0.00667218     1.00308
   13.3172  0.00571841 0.000890144  -0.0104471  -0.0220676 -0.00301007     0.98733
   13.3214  0.00891421 -0.00177302  -0.0152408 -0.00778542  0.00626727     0.98025
   13.3272  0.00252262 -0.00709934  -0.0168387 -0.000583267    0.0137136     0.988185
   13.3315 -0.00333633  -0.0113604  -0.0125776 -0.00668678   0.0129811     1.00405
   13.3373 -0.0102606 -0.0108278 -0.0104471 -0.0217014 0.00480243    1.01699
   13.3414  -0.0129237 -0.00603408 -0.00938185  -0.0343967 -0.00435285     1.01785
   13.3472  -0.00813002 -0.000175121  -0.00778395  -0.0357395 -0.00752668     1.00503
   13.3514 -0.000673173   0.00302067  -0.00938185  -0.0256077 -0.00313215    0.988673
   13.3572 0.00305525 0.00142278 -0.0147082 -0.0110813 0.00516864   0.980006
   13.3614  0.00252262 -0.00390355  -0.0163061 -0.00241432   0.0117604    0.984767
   13.3672 -0.00706476  -0.0081646  -0.0205671 -0.00595436   0.0120046     0.99966
   13.3717  -0.0161195 -0.00869724  -0.0184366 -0.0180393 0.00712176    1.01297
   13.3772   -0.013989 -0.00656671 -0.00938185   -0.029636 0.000163753     1.01602
   13.3816  -0.0102606 -0.00230565 -0.00938185  -0.0325657 -0.00459699     1.00637
   13.3872 -0.00493423  0.00142278  -0.0115124  -0.0258518 -0.00301007    0.990871
   13.3913   0.00198999 -0.000175121   -0.0125776  -0.014011 0.00345965   0.982692
   13.3972  0.00412052 -0.00496881  -0.0141755 -0.00607643   0.0102956    0.987086
   13.4014  -0.0028037 -0.00869724  -0.0131103 -0.00900612   0.0118825     1.00137
   13.4072  -0.0129237 -0.00869724   -0.012045 -0.0203587  0.0061452    1.01541
   13.4115 -0.00972792 -0.00603408 -0.00831658  -0.0314671 -0.00264386     1.01602
   13.4172 -0.00014054 -0.00177302 -0.00565342  -0.0326878 -0.00740461      1.0032
   13.4214  0.00465315  0.00195541 -0.00991448  -0.0228001 -0.00239972    0.987575
   13.4272   0.00944684 -0.000175121   -0.0131103 -0.0082737 0.00699969   0.980372
   13.4315  0.00571841 -0.00550144  -0.0163061 -0.000217056    0.0134694     0.987453
   13.4372 -0.00546686 -0.00922987   -0.017904 -0.00534401   0.0129811     1.00296
   13.4413 -0.0118585 -0.0102951 -0.0131103 -0.0196262  0.0049245    1.01626
   13.4472  -0.0171848 -0.00656671   -0.012045  -0.0328098 -0.00435285     1.01809
   13.4514   -0.0129237 -0.000707753   -0.0115124   -0.034763 -0.00789289     1.00589
   13.4572  0.00145736  0.00195541 -0.00778395  -0.0252415 -0.00410871    0.990138
   13.4616 0.00412052 0.00142278 -0.0125776 -0.0116917 0.00321551   0.981837
   13.4672 -0.00120581 -0.00283828   -0.017904 -0.00339088   0.0104177    0.985377
   13.4714  -0.0059995 -0.00763197  -0.0163061 -0.00632057   0.0121266    0.999171
   13.4772  -0.0102606 -0.00922987  -0.0136429 -0.017429 0.0073659   1.01235
   13.4814  -0.0102606 -0.00763197 -0.00938185  -0.0287815 4.16832e-05     1.01553
   13.4872  -0.0059995 -0.00283828 -0.00618605 -0.0318333 -0.0049632    1.00637
   13.4914 -0.00333633  0.00142278  -0.0104471 -0.0249973  -0.002888   0.991725
   13.4972   0.00518578 -0.000175121   -0.0125776  -0.014011 0.00431414   0.983424
   13.5014  0.00997947 -0.00550144 -0.00991448 -0.00680885   0.0111501     0.98733
   13.5072 -0.00173844 -0.00922987  -0.0136429 -0.00973854   0.0121266     1.00112
   13.5114 -0.00866266  -0.0102951   -0.012045 -0.0213352 0.00577899     1.0148
   13.5172 -0.00919529 -0.00709934 -0.00778395  -0.0323215 -0.00337629     1.01577
   13.5216  -0.00706476 -0.000707753   -0.0109797 -0.0342747 -0.0082591     1.0043
    13.527 0.00358788 0.00248804 -0.0104471   -0.024509 -0.00325422    0.989528
   13.5313  0.00944684 0.000890144  -0.0115124 -0.00863991  0.00699969    0.980983
   13.5372  0.00252262 -0.00443618   -0.017904 0.000393296   0.0139577    0.986476
   13.5414  -0.0044016 -0.00922987  -0.0163061 -0.00473366   0.0129811     1.00173
   13.5471 -0.00653213  -0.0102951 -0.00938185 -0.0197483 0.00504657    1.01541
   13.5515  -0.0118585 -0.00709934  -0.0104471   -0.033054 -0.00410871     1.01895
   13.5571  -0.0118585 -0.00124039   -0.012045  -0.0353733 -0.00740461     1.00833
   13.5613 -0.00386897  0.00248804   -0.012045 -0.0259739 -0.0037425   0.990748
   13.5672 -0.000673173   0.00195541   -0.0173713  -0.012302 0.00321551   0.980006
   13.5716 0.000392091 -0.00337091  -0.0173713 -0.00412331   0.0105397     0.98257
    13.577 -0.00333633 -0.00922987  -0.0152408 -0.00632057   0.0116384    0.996974
   13.5813 -0.0123911 -0.0108278 -0.0168387 -0.0170628 0.00638934    1.01272
   13.5872  -0.0150542 -0.00763197  -0.0136429   -0.0282932 -8.03873e-05      1.01821
   13.5914  -0.0102606 -0.00230565  -0.0109797  -0.0315891 -0.00435285      1.0093
   13.5972 -0.00386897  0.00195541   -0.012045  -0.0248753 -0.00239972    0.992702
   13.6014 0.00198999 0.00195541 -0.0141755 -0.0127903 0.00455828   0.982204
   13.6072  0.00358788 -0.00390355  -0.0136429 -0.00522194   0.0117604    0.985622
   13.6114 -0.00653213 -0.00922987  -0.0141755 -0.00876198   0.0129811     1.00088
   13.6172 -0.0118584 -0.0108278  -0.012045  -0.020969 0.00626727    1.01565
   13.6216 -0.00919529 -0.00763197 -0.00725132 -0.033176 -0.002888   1.01712
   13.6272  -0.00866266 -0.000707753   -0.0109797  -0.0350071 -0.00813703     1.00515
   13.6313 0.00145736 0.00248804 -0.0115124   -0.024387 -0.00386457    0.989406
   13.6372 0.00944684 0.00142278 -0.0115124 -0.0094944 0.00602313   0.979762
   13.6415  0.00625105 -0.00337091  -0.0147082 -0.000461197    0.0128591     0.984401
   13.6472 0.00198999 -0.0097625 -0.0115124 -0.00412331   0.0123708     1.00076
   13.6514 -0.00493423   -0.011893 -0.00884922 -0.0184055 0.00541278    1.01528
   13.6572  -0.0118585 -0.00763197 -0.00991448  -0.0317112 -0.00313215      1.0187
   13.6614 -0.00813002 -0.00124039 -0.00884921  -0.0351292 -0.00703839     1.00845
   13.6672  -0.0012058 0.000890144  -0.0104471  -0.0270725 -0.00349836    0.992335
   13.6718 -0.00014054 0.000357511  -0.0163061 -0.0138889 0.00333758   0.982326
   13.6769  -0.0012058 -0.00337091  -0.0163061 -0.00583229   0.0102956    0.984645
   13.6815 -0.00653213  -0.0081646  -0.0157734 -0.00790749   0.0116384    0.998439
   13.6872  -0.0134563 -0.00869724  -0.0168387 -0.0180393 0.00675555     1.0126
   13.6914  -0.0150542 -0.00656671  -0.0125776  -0.0286594 0.000407894     1.01614
   13.6972  -0.0113258 -0.00177302  -0.0109797  -0.0317112 -0.00484113      1.0065
   13.7014 -0.00493423  0.00142278  -0.0136429  -0.0242649 -0.00325422     0.99026
   13.7072   0.00252262 -0.000707753   -0.0136429 -0.0116917 0.00370379   0.980983
   13.7114  0.00465315 -0.00603408  -0.0131103 -0.00351295   0.0107839    0.986598
   13.7172 -0.00493423  -0.0108278  -0.0136429 -0.00668678   0.0122487     1.00271
   13.7215 -0.0113258 -0.0113604 -0.0109797 -0.0203587 0.00577899    1.01724
   13.7272 -0.00919529 -0.00709934 -0.00831658  -0.0335423 -0.00349836     1.01846
   13.7317  -0.00653213 -0.000175121  -0.00991448  -0.0352512 -0.00850324      1.0054
   13.7372  0.00465315  0.00408594 -0.00831658 -0.0242649 -0.0037425   0.988307
   13.7413  0.0110447 0.00248804 -0.0104471 -0.00851784  0.00663348    0.978664
   13.7472  0.00678368 -0.00390355  -0.0152408 0.000515366   0.0137136     0.98318
   13.7514 -0.000140541  -0.00869724   -0.0141755 -0.00387917   0.0132253    0.999171
   13.7572 -0.00759739  -0.0102951  -0.0136429 -0.0182835 0.00675555    1.01492
   13.7616 -0.00866266 -0.00922987 -0.00938185  -0.0317112 -0.00117902     1.01895
   13.7672  -0.0059995 -0.00337091 -0.00565342  -0.0352512 -0.00593976     1.00869
   13.7716 0.000392091 0.000890144 -0.00884921   -0.027927 -0.00435285    0.992457
   13.7772   0.00518578 -0.000175121   -0.0125776 -0.0152317 0.00236102   0.982326
   13.7814  0.00465315 -0.00390355  -0.0147082 -0.00632057   0.0094411    0.984523
   13.7872 -0.0028037 -0.0081646 -0.0163061 -0.0074192  0.0111501   0.997707
   13.7912 -0.0107932 -0.0097625 -0.0147082  -0.017429 0.00773211     1.0115
   13.7972  -0.0113258 -0.00656671 -0.00991448 -0.0291477 0.00150653    1.01516
   13.8014  -0.0118585 -0.00124039  -0.0104471  -0.0329319 -0.00435285     1.00674
   13.8072 -0.00759739  0.00195541  -0.0131103  -0.0253635 -0.00325422    0.991847
   13.8113  0.00145736 0.000357511  -0.0136429 -0.0124241 0.00419207   0.982692
   13.8172 0.000392091 -0.00443618  -0.0173713 -0.00412331   0.0122487     0.98733
   13.8215 -0.00972792 -0.00922987  -0.0163061 -0.00680885   0.0139577     1.00222
   13.8273 -0.0166521 -0.0102951 -0.0141755 -0.0196262 0.00663348     1.0159
   13.8314  -0.0155869 -0.00603408  -0.0115124  -0.0326878 -0.00325422     1.01724
   13.8372  -0.00919529 -0.000707753  -0.00831658   -0.034885 -0.00838117     1.00503
   13.8416  0.00358789  0.00248804 -0.00938185  -0.0256077 -0.00459699    0.989039
   13.8472  0.0126426 0.00142278 -0.0109797 -0.0109592  0.0049245   0.979396
   13.8513  0.00838158 -0.00443618  -0.0131103 -0.000827407    0.0128591      0.98379
   13.8572 -0.000673173   -0.0097625   -0.0125776 -0.00351295   0.0137136     1.00015
   13.8615 -0.00653213  -0.0113604  -0.0115124 -0.0164524 0.00748797    1.01516
   13.8672 -0.00919529 -0.00763197  -0.0109797  -0.0301243 -0.00130109     1.01907
   13.8715 -0.00759739 -0.00124039 -0.00778395  -0.0343967 -0.00691632      1.0093
   13.8772 0.000924724 0.000890144 -0.00512079  -0.0275608 -0.00423078    0.993434
   13.8817 0.000924724 0.000890144  -0.0125776 -0.0152317 0.00333758   0.982326
   13.8872 -0.00227107 -0.00177302  -0.0173713 -0.00632057  0.00980731    0.983546
   13.8914 -0.00333633 -0.00763197  -0.0152408 -0.00778542   0.0113942    0.997584
   13.8972  -0.0107932 -0.00869724  -0.0163061 -0.0182835  0.0073659    1.01272
   13.9016  -0.0145216 -0.00550144  -0.0131103    -0.029636 -8.03871e-05       1.0159
   13.9072 -0.00866266 -0.00177302 -0.00938185  -0.0324436 -0.00593976     1.00589
   13.9115 -0.00120581  0.00142278   -0.012045  -0.0248753 -0.00349836    0.990016
   13.9172  0.00198999 0.000890144  -0.0157734 -0.0118137 0.00480243   0.980861
   13.9213  0.00358788 -0.00390355  -0.0157734 -0.0029026  0.0124929   0.986354
   13.9272 -0.00333633 -0.00922987  -0.0168387 -0.0061985  0.0134694    1.00125
   13.9315 -0.0102606  -0.011893 -0.0136429 -0.0199924 0.00590106    1.01602
   13.9372 -0.00919529  -0.0081646 -0.00725132  -0.0336643 -0.00386457     1.01858
   13.9415  -0.0044016 -0.00177302 -0.00725132  -0.0363499 -0.00813703     1.00625
   13.9472 0.000924724  0.00195541  -0.0104471  -0.0264622 -0.00386457    0.990504
   13.9514 0.00412052 0.00142278 -0.0136429 -0.0114475  0.0049245   0.980983
   13.9572  0.00252262 -0.00337091  -0.0163061 -0.00155983   0.0124929    0.983668
   13.9615 -0.00493423  -0.0081646   -0.017904 -0.00363502   0.0135915    0.997462
   13.9672 -0.0113258 -0.0097625 -0.0136429 -0.0163303 0.00748797    1.01113
   13.9717  -0.0134563 -0.00709934 -0.00884922   -0.0291477 -0.000934879       1.0159
   13.9769  -0.0107932 -0.00230565 -0.00991448  -0.0328098 -0.00593976     1.00833
   13.9813 -0.00493423 0.000357511  -0.0109797  -0.0263401 -0.00447492    0.994411
   13.9872  0.000392091 -0.000175121   -0.0131103 -0.0148655 0.00114032   0.985744
   13.9917 -0.00014054 -0.00337091  -0.0147082 -0.00644264  0.00761004    0.986476
    13.997 -0.00759739 -0.00709934  -0.0168387 -0.00717506   0.0106618    0.997707
   14.0013  -0.0129237 -0.00763197  -0.0163061 -0.0168186 0.00748797    1.01174
   14.0072  -0.0123911 -0.00496881 -0.00831658  -0.0281712 0.000529964     1.01516
   14.0117 -0.00866266 -0.00124039 -0.00778395 -0.0321995 -0.0049632    1.00564
   14.0171 -0.00173844  0.00142278  -0.0131103  -0.0248753 -0.00337629    0.990748
   14.0213  0.00145736 0.000890144  -0.0168387 -0.0113255 0.00443621   0.981715
   14.0272  0.00145736 -0.00390355  -0.0173713 -0.00253639   0.0124929    0.986232
   14.0313 -0.0059995 -0.0097625 -0.0152408 -0.00632057   0.0138356       1.001
   14.0372 -0.0129237 -0.0113604 -0.0104471 -0.0203587 0.00638934    1.01504
   14.0413 -0.00972792 -0.00763197 -0.00565342  -0.0341526 -0.00325422     1.01785
   14.0472  -0.0044016 -0.00230565 -0.00618606  -0.0368382 -0.00764875      1.0065
   14.0517  0.00198999 0.000890144 -0.00831658  -0.0269505 -0.00423078    0.990382
   14.0569   0.00678368 -0.000175121   -0.0109797 -0.0121799 0.00468035   0.980495
   14.0614  0.00678368 -0.00443618  -0.0141755 -0.00253639   0.0124929     0.98379
   14.0672 0.000392091 -0.00922987  -0.0157734 -0.00448952   0.0129811    0.998805
   14.0716 -0.00493423  -0.0108278  -0.0104471 -0.0163303 0.00785418    1.01321
   14.0772 -0.00866266 -0.00763197 -0.00512079  -0.0291477 0.000407894     1.01773
   14.0814  -0.0113258 -0.00230565 -0.00884922  -0.0329319 -0.00557355     1.00906
   14.0872  -0.0059995 0.000357511   -0.012045   -0.026096 -0.00484113    0.993556
   14.0915  -0.00120581 -0.000707753   -0.0147082 -0.0142551 0.00150653   0.983302
   14.0972 -0.00333633 -0.00390355  -0.0195019 -0.00571022  0.00846453    0.985011
   14.1015 -0.00653213 -0.00763197  -0.0184366 -0.00717506   0.0106618    0.998805
   14.1072 -0.0118585 -0.0081646 -0.0152408 -0.0171848 0.00626727    1.01321
   14.1113  -0.0155869 -0.00496881  -0.0109797  -0.0289036 -0.00117902     1.01553
   14.1172 -0.00972792 -0.00177302 -0.00778395   -0.033054 -0.00642804     1.00479
   14.1216  -0.0044016 0.000890144  -0.0136429  -0.0253635 -0.00447492    0.989406
    14.127  -0.0028037 0.000890144  -0.0195019 -0.0107151 0.00394793   0.981349
   14.1314 0.000392091 -0.00443618  -0.0173713 -0.00155983   0.0123708    0.987453
   14.1372 -0.00493423  -0.0097625  -0.0157734 -0.00534401   0.0139577     1.00271
   14.1415 -0.0113258  -0.011893 -0.0115124 -0.0188938 0.00712176    1.01675
    14.147  -0.0102606  -0.0081646 -0.00512079  -0.0329319 -0.00239972      1.0198
   14.1514  -0.00706476 -0.000707753  -0.00671869  -0.0372044 -0.00764875     1.00735
   14.1572 0.000392091  0.00302067 -0.00831658  -0.0287815 -0.00423078    0.989894
   14.1615  0.00891421 0.000357511 -0.00991448 -0.0142551 0.00468035   0.979884
   14.1672  0.00838158 -0.00443618  -0.0152408 -0.00412331   0.0120046    0.982814
   14.1716 0.00305525 -0.0081646 -0.0147082 -0.0049778  0.0132253   0.997584
   14.1772 0.000924724  -0.0108278 -0.00831658 -0.0153538 0.00834246    1.01248
   14.1814 -0.00386897 -0.00922987 -0.00618606  -0.0269505 0.000529964     1.01724
   14.1872 -0.00706476 -0.00337091 -0.00938185  -0.0315891 -0.00508527     1.00955
   14.1914  -0.0028037  0.00142278 -0.00884921   -0.026218 -0.00398664    0.994777
   14.1972 -0.000673173  0.000890144   -0.0115124 -0.0144993  0.0016286   0.984645
   14.2015  -0.0012058 -0.00283828  -0.0163061 -0.00571022  0.00834246     0.98611
   14.2072 -0.00333633 -0.00763197  -0.0152408 -0.00668678   0.0111501    0.998927
   14.2114  -0.0123911 -0.00869724  -0.0152408  -0.017429 0.00663348    1.01358
   14.2173  -0.0150542 -0.00550144   -0.012045   -0.0302464 -0.000934879      1.01638
   14.2216  -0.00813002 -0.000707753  -0.00778395  -0.0341526 -0.00655011      1.0054
   14.2272 -0.00546686  0.00355331  -0.0131103  -0.0263401 -0.00459699     0.99026
   14.2315 -0.00386897  0.00355331   -0.017904 -0.0114475 0.00504657   0.980617
   14.2373 -0.00120581 -0.00177302  -0.0168387 -0.000827407    0.0135915     0.983668
   14.2413 -0.00653213  -0.0081646  -0.0168387 -0.00461159   0.0140798    0.998683
   14.2472 -0.0107932  -0.011893 -0.0131103 -0.0190159 0.00712176    1.01467
   14.2514  -0.0118585  -0.0102951 -0.00884922   -0.033054 -0.00203351     1.02029
   14.2572  -0.0129237 -0.00230565  -0.0104471  -0.0372044 -0.00752668     1.00943
   14.2616 -0.00227107  0.00195541  -0.0109797  -0.0285374 -0.00520734    0.992213
   14.2673  0.00731631 0.000357511  -0.0109797 -0.0138889  0.0028493   0.981227
   14.2716  0.00145736 -0.00230565  -0.0163061 -0.00339088   0.0105397    0.981837
   14.2772 -0.00173844 -0.00709934  -0.0157734 -0.00448952   0.0122487    0.995998
   14.2813 -0.00493423  -0.0102951  -0.0125776 -0.0155979 0.00773211    1.01199
   14.2872  -0.0102606 -0.00763197  -0.0109797  -0.0280491 0.000774105     1.01736
   14.2914 -0.00813002 -0.00177302 -0.00884922  -0.0329319 -0.00459699     1.00906
   14.2971 -0.00227107 0.000357511 -0.00991448  -0.0271946 -0.00362043    0.992946
   14.3014  0.00358788 -0.00177302   -0.012045 -0.0152317 0.00248309   0.981959
   14.3072  0.00465315 -0.00496881  -0.0136429 -0.00595436  0.00919696    0.984889
   14.3115 -0.00014054  -0.0097625  -0.0136429 -0.00656471   0.0118825     1.00003
    14.317 -0.00972792  -0.0097625  -0.0131103 -0.0171848 0.00699969    1.01553
   14.3214  -0.0113258 -0.00550144 -0.00884922  -0.0300022 -0.00191144     1.01919
   14.3272 -0.00493423 -0.00124039 -0.00671869  -0.0341526 -0.00752668     1.00759
   14.3317 0.00198999 0.00248804 -0.0104471  -0.0258518 -0.00398664    0.989528
   14.3372  0.00731631 0.000890144  -0.0125776 -0.0112034 0.00565692   0.979152
   14.3413  0.00252262 -0.00390355  -0.0168387 -0.00155983   0.0137136    0.983546
   14.3472 -0.00653213 -0.00869724  -0.0184366 -0.00400124    0.014568    0.998805
   14.3513 -0.00972792  -0.0113604  -0.0131103 -0.0169407 0.00724383    1.01431
   14.3571  -0.013989 -0.0081646 -0.0115124   -0.031345 -0.00264386      1.0198
   14.3616  -0.0150542 -0.00177302   -0.012045  -0.0362278 -0.00838117     1.01004
   14.3673 -0.00546686  0.00195541   -0.012045  -0.0289036 -0.00606183     0.99319
   14.3715 -0.00173844  0.00195541  -0.0157734   -0.01572 0.00175067   0.981959
   14.3772 -0.00386897 -0.00177302  -0.0189692 -0.00571022  0.00931903    0.982936
   14.3815 -0.00386897 -0.00709934  -0.0173713 -0.00509987   0.0117604    0.995875
   14.3872 -0.00759739 -0.00922987  -0.0147082 -0.0144993 0.00822039    1.01052
   14.3917  -0.0113258 -0.00763197  -0.0115124 -0.0267063 0.00138446    1.01614
   14.3972 -0.00653213 -0.00337091 -0.00565342  -0.0320774 -0.00398664     1.00881
   14.4013 -0.000140541 -0.000175121  -0.00725132 -0.0269505  -0.002888   0.993556
   14.4072   0.00145736 -0.000175121   -0.0152408 -0.0149876 0.00309344   0.982448
   14.4116  0.00358788 -0.00337091  -0.0163061 -0.00607643   0.0100514    0.984767
   14.4172 -0.00120581 -0.00869724  -0.0152408 -0.00754127   0.0128591    0.999415
   14.4214 -0.00972792  -0.0102951  -0.0131103 -0.0182835 0.00761004    1.01541
   14.4272  -0.0123911 -0.00709934 -0.00938185 -0.0308567 -0.0016673    1.01882
   14.4315  -0.0102606 -0.00177302 -0.00938185   -0.034763 -0.00703839     1.00698
   14.4372 -0.000673173   0.00302067   -0.0104471   -0.026096 -0.00349836     0.99026
   14.4415 0.00518578 0.00248804 -0.0141755 -0.0108372 0.00565692   0.979884
   14.4472  0.00571841 -0.00337091  -0.0168387 -0.000583267    0.0132253      0.98318
   14.4515 -0.00014054 -0.00922987  -0.0157734 -0.00363502   0.0140798    0.998195
   14.4572 -0.0107932 -0.0108278 -0.0131103 -0.0168186 0.00773211    1.01382
   14.4614  -0.0113258  -0.0081646 -0.00671869  -0.0307346 -0.00142316     1.01992
   14.4672 -0.00866266 -0.00230565 -0.00565342  -0.0363499 -0.00740461     1.01065
   14.4716 -0.0059995 0.00195541 -0.0109797   -0.029636 -0.00569562    0.993556
    14.477  0.00198999 0.000890144  -0.0131103  -0.01572 0.0016286  0.982081
   14.4814  0.00571841 -0.00390355  -0.0136429 -0.00534401  0.00883075    0.982204
   14.4872  0.00198999 -0.00869724  -0.0136429 -0.00509987   0.0118825    0.994655
   14.4913 -0.00333633  -0.0097625  -0.0115124  -0.014011 0.00895282    1.01004
   14.4972 -0.00972792 -0.00763197 -0.00884921 -0.0257298 0.00211688    1.01626
   14.5016 -0.00759739 -0.00337091 -0.00565342  -0.0312229 -0.00423078     1.00894
   14.5071 0.000924724 0.000357511 -0.00671869 -0.0264622 -0.0037425   0.994411
   14.5113  0.00412052 0.000357511   -0.012045 -0.0151096 0.00321551   0.984157
   14.5172  0.00358788 -0.00337091  -0.0152408 -0.0049778  0.0106618    0.98611
   14.5217 -0.000140541  -0.00922987   -0.0141755 -0.00583229   0.0132253     1.00003
   14.5272 -0.00653213  -0.0113604 -0.00884922 -0.0177952 0.00761004    1.01504
   14.5313  -0.0107932 -0.00709934 -0.00725132  -0.031345 -0.0016673    1.01797
   14.5372 -0.00972792 -0.00124039 -0.00991448  -0.0358616 -0.00716047     1.00637
   14.5416 -0.00386897  0.00248804  -0.0131103  -0.0273167 -0.00459699    0.989772
   14.5472 0.00198999 0.00248804 -0.0157734 -0.0120579 0.00443621   0.979518
   14.5513  0.00305525 -0.00230565  -0.0157734 -0.00119362    0.012737    0.982692
   14.5572  -0.0059995 -0.00763197  -0.0195019 -0.00326881   0.0142018    0.997707
   14.5614  -0.0150542 -0.00922987   -0.017904 -0.0160862 0.00846453    1.01358
   14.5672  -0.0118585 -0.00763197 -0.00725132   -0.0301243 -0.000446598      1.01968
   14.5717 -0.00759739 -0.00337091 -0.00512079  -0.0353733 -0.00642804     1.01113
   14.5771  -0.0059995 0.000357511 -0.00991448  -0.0293919 -0.00545148    0.995021
   14.5815 -0.00014054 0.000357511  -0.0125776 -0.0170628 0.00101825   0.983668
   14.5872  0.00252262 -0.00283828  -0.0147082 -0.00632057  0.00834246    0.982936
   14.5913 0.000924723 -0.00763197  -0.0125776 -0.00571022   0.0112722    0.994533
   14.5972 -0.000673173   -0.0102951  -0.00778395 -0.0152317 0.00773211    1.00967
   14.6015 -0.00813002  -0.0081646  -0.0109797 -0.0265842 0.00101825    1.01528
   14.6072 -0.00706476 -0.00337091 -0.00991448  -0.0312229 -0.00459699     1.00784
   14.6114  0.00198999 0.000357511 -0.00618606 -0.0256077 -0.0037425    0.99319
   14.6172 0.000392091 0.000890144  -0.0136429 -0.0131565  0.0028493   0.982326
   14.6213 -0.000140541  -0.00283828   -0.0163061 -0.00326881   0.0104177    0.985133
   14.6272 -0.000140541  -0.00922987   -0.0125776 -0.00509987   0.0129811     1.00064
   14.6316 -0.00813002  -0.0113604  -0.0109797 -0.0181614 0.00699969    1.01565
    14.637   -0.013989 -0.00656671 -0.00938185  -0.0319553 -0.00154523     1.01797
   14.6413 -0.00972792 -0.00124039 -0.00725132  -0.0359837 -0.00716047     1.00711
   14.6472 -0.0028037 0.00248804 -0.0115124 -0.0276829 -0.0049632   0.990504
   14.6516 0.00305525 0.00248804 -0.0152408  -0.012302 0.00419207   0.979274
    14.657  0.00412052 -0.00283828  -0.0147082 -0.000827407     0.012737     0.982814
   14.6616 -0.00333633 -0.00869724  -0.0147082 -0.00253639   0.0140798    0.997707
   14.6672 -0.0102606 -0.0113604 -0.0115124 -0.0151096 0.00773211    1.01333
   14.6715  -0.0123911 -0.00922987 -0.00938185   -0.0292698 -0.000324528      1.01968
   14.6772 -0.00866266 -0.00390355 -0.00884922 -0.0354954 -0.0049632    1.01065
   14.6814 -0.00227107 0.000357511 -0.00831658  -0.0302464 -0.00398664    0.993922
   14.6872  0.00252262 0.000890144  -0.0136429 -0.0180393 0.00175067   0.982814
   14.6914  0.00252262 -0.00283828   -0.017904 -0.00766334  0.00858661    0.983302
   14.6972 -0.00173844  -0.0081646  -0.0157734 -0.00705299   0.0112722    0.995631
   14.7014 -0.0059995 -0.0097625 -0.0136429   -0.01572 0.00797625    1.01089
   14.7073  -0.0102606 -0.00763197  -0.0125776 -0.0270725 0.00138446    1.01638
   14.7114 -0.00653213 -0.00337091 -0.00884922  -0.0324436 -0.00447492     1.00833
   14.7172  0.00145736 0.000357511 -0.00778395  -0.0268284 -0.00410871    0.992824
   14.7214   0.00465315 -0.000175121   -0.0136429 -0.0142551 0.00321551   0.982204
   14.7272  0.00838158 -0.00496881   -0.012045 -0.00436745   0.0106618    0.985011
   14.7316 0.00252262 -0.0102951 -0.0109797 -0.00534401   0.0128591    0.999049
   14.7372 -0.00972792  -0.0113604  -0.0131103 -0.0169407  0.0073659    1.01394
   14.7414 -0.00972792 -0.00869724 -0.00831658  -0.0307346 -0.00252179     1.01858
   14.7472 -0.00333633 -0.00337091 -0.00725132  -0.0358616 -0.00838117     1.00845
   14.7513 0.00145736 0.00142278 -0.0125776  -0.0280491 -0.00581769    0.991969
   14.7572 0.00571841 0.00195541 -0.0141755 -0.0124241 0.00272723   0.980495
   14.7614  0.00571841 -0.00230565  -0.0141755 -0.000827407    0.0107839     0.981959
   14.7672 -0.000673173  -0.00869724   -0.0152408 -0.00192604   0.0128591     0.99612
   14.7716 -0.0113258 -0.0102951 -0.0136429 -0.0135227 0.00809832    1.01077
   14.7773  -0.0161195 -0.00763197  -0.0115124  -0.0271946 0.000407894     1.01797
   14.7815  -0.0134563 -0.00337091 -0.00938185  -0.0337864 -0.00532941     1.01199
   14.7872 -0.00759739  0.00142278 -0.00938185  -0.0289036 -0.00484113    0.996364
   14.7914 0.00252262 0.00142278 -0.0109797  -0.0170628 0.000896175    0.984767
   14.7972  0.00518578 -0.00283828  -0.0136429 -0.00778542  0.00834246    0.984035
   14.8014 -0.00333633 -0.00763197  -0.0168387 -0.00693092   0.0112722    0.995387
   14.8072 -0.00866266  -0.0097625  -0.0131103 -0.0159641  0.0073659     1.0104
   14.8115  -0.0118584 -0.00763197 -0.00938185  -0.0280491 0.000774105     1.01626
   14.8172  -0.0118584 -0.00230565  -0.0109797   -0.033054 -0.00545148     1.00808
   14.8213 -0.0012058 0.00248804 -0.0104471  -0.0274387 -0.00447492    0.991969
   14.8272  0.00838158 0.000890144  -0.0125776  -0.014011 0.00321551   0.980617
   14.8315  0.00625105 -0.00390355  -0.0157734 -0.00326881   0.0113942    0.983546
   14.8372 -0.00173844 -0.00869724  -0.0136429 -0.00485573   0.0143239    0.998195
   14.8417 -0.0107932 -0.0108278  -0.012045 -0.0177952 0.00822039    1.01419
   14.8473 -0.0150542 -0.0081646 -0.0125776  -0.0328098 -0.00203351     1.02041
   14.8514 -0.00813002 -0.00283828 -0.00831658  -0.0380589 -0.00862531     1.01065
   14.8572  -0.0028037  0.00248804 -0.00884922  -0.0301243 -0.00593976    0.993312
   14.8615 -0.00120581  0.00302067  -0.0168387 -0.0153538 0.00333758   0.980861
   14.8672  0.00465315 -0.00230565  -0.0168387 -0.00351295   0.0118825    0.981471
   14.8717 0.000924723  -0.0081646  -0.0163061 -0.00265846   0.0134694    0.994777
    14.877 -0.00919529  -0.0102951  -0.0141755 -0.0127903 0.00883075    1.01052
   14.8814  -0.0129237  -0.0081646 -0.00831658 -0.0257298 0.00138446    1.01797
   14.8872  -0.0150542 -0.00230565  -0.0104471  -0.0314671 -0.00508527     1.01126
   14.8915 -0.0113258 0.00248804  -0.012045  -0.0273167 -0.00447492     0.99612
   14.8973 -0.00386897  0.00142278  -0.0125776 -0.0165745 0.00126239   0.984889
   14.9013  -0.0028037 -0.00230565  -0.0163061 -0.00656471  0.00761004    0.984279
   14.9072 -0.00759739 -0.00656671   -0.017904 -0.00558815    0.011028    0.995387
   14.9115  -0.0113258 -0.00922987  -0.0157734 -0.0141331 0.00809832    1.01089
   14.9172   -0.013989 -0.00656671   -0.012045 -0.0267063 0.00101825    1.01736
   14.9214  -0.0113258 -0.00177302 -0.00884921   -0.033054 -0.00569562      1.0093
   14.9272 -0.00227107  0.00195541 -0.00831658  -0.0271946 -0.00532941     0.99258
   14.9315 0.000924724  0.00248804  -0.0147082 -0.0137669 0.00321551   0.980128
   14.9372  0.00571841 -0.00283828  -0.0152408 -0.00326881   0.0118825    0.982692
   14.9414 0.00518578 -0.0097625 -0.0115124 -0.00461159   0.0138356    0.997707
   14.9472 -0.00653213  -0.0129583  -0.0125776  -0.017429 0.00773211    1.01443
   14.9515 -0.00919529  -0.0108278 -0.00884922  -0.0328098 -0.00142316      1.0209
   14.9573 -0.00386897 -0.00443618 -0.00618606  -0.0384251 -0.00716047     1.01126
   14.9614 0.000392091  0.00142278 -0.00991448  -0.0304905 -0.00508527    0.993434
   14.9673 0.00305525 0.00248804 -0.0147082 -0.0162083 0.00248309   0.980128
   14.9718  0.00625105 -0.00337091  -0.0152408 -0.00522194   0.0105397    0.981471
   14.9771 0.000924723  -0.0097625   -0.017904 -0.0016819  0.0143239   0.986964
   14.9814 -0.00759739  -0.0108278  -0.0163061 -0.0109592 0.00992938    1.00161
   14.9872  -0.0113258 -0.00763197 -0.00938185 -0.0259739 0.00187274    1.01699
   14.9919  -0.0150542 -0.00283828  -0.0125776  -0.0324436 -0.00410871     1.01016
   14.9973   -0.0161195 -0.000707753   -0.0168387   -0.033176 -0.00642804     1.00259
   15.0013  -0.00813002 -0.000707753   -0.0168387   -0.0214573 -0.000934879     0.992213
   15.0072  -0.0028037 -0.00283828   -0.017904 -0.00644264  0.00834246    0.985133
   15.0117 -0.00493423 -0.00763197  -0.0152408 -0.0049778  0.0115163   0.997462
   15.0173 -0.0044016 -0.0102951 -0.0115124 -0.00680885   0.0109059      1.0065
   15.0214 -0.00813002 -0.00709934 -0.00991448 -0.0203587 0.00333758    1.01089
   15.0272 -0.00759739 -0.00124039 -0.00725132  -0.0339085 -0.00703839     1.00723
   15.0315 -0.000140541   0.00302067  -0.00884921  -0.0278049 -0.00655011    0.990748
   15.0372 0.00305525 0.00461857 -0.0115124  -0.0217014 -0.00325422    0.982326
   15.0414  0.00465315 -0.00177302  -0.0125776 -0.0102268 0.00626727   0.985255
   15.0472 0.000392091  -0.0097625  -0.0131103 -0.0029026   0.014568   0.997096
   15.0516 -0.00759739  -0.0113604 -0.00991448 -0.0153538  0.0085866    1.01333
   15.0572 -0.00919529 -0.00922987 -0.00671869   -0.0302464 -0.000934879      1.02005
   15.0616 -0.00706476 -0.00390355 -0.00671869  -0.0368382 -0.00703839     1.01138
   15.0673 -0.00173844 0.000890144 -0.00884921  -0.0304905 -0.00545148    0.995509
   15.0716 0.00305525 0.00142278 -0.0136429 -0.0163303 0.00248309    0.98318
   15.0772  0.00412052 0.000357511  -0.0168387 -0.00851784  0.00748797    0.978664
   15.0815 -0.00173844 -0.00496881   -0.017904 -0.0074192  0.0101735   0.990871
   15.0871 -0.00759739  -0.0102951  -0.0189692 -0.00632057   0.0128591     1.00308
   15.0914  -0.0107932 -0.00763197  -0.0141755  -0.019138 0.00590106    1.01004
   15.0972  -0.0107932 -0.00283828 -0.00884922  -0.0328098 -0.00398664     1.01077
   15.1018 -0.00653213  0.00142278  -0.0115124 -0.0289036 -0.0049632    0.99612
   15.1071 -0.00546686   0.0035533  -0.0147082  -0.0241428 -0.00301007    0.987697
   15.1114 -0.000140541  -0.00177302   -0.0131103 -0.0144993 0.00394793   0.987941
   15.1172 -0.0044016 -0.0081646 -0.0152408 -0.00717506   0.0112722    0.996608
   15.1217 -0.0102606 -0.0097625 -0.0125776 -0.0163303 0.00797625    1.01235
   15.1272 -0.00653213  -0.0102951 -0.00618605 -0.0231663 0.00431414    1.01968
   15.1314 -0.00706476 -0.00443618 -0.00884921  -0.0287815 -0.00227765     1.00979
   15.1372 -0.00759739  0.00142278  -0.0115124  -0.0343967 -0.00886945    0.999904
   15.1414 -0.000673173  0.000890144   -0.0131103  -0.0196262 0.000285824    0.988673
   15.1472  0.00625105 0.000357511  -0.0147082 -0.00485573   0.0094411    0.977443
   15.1515  0.00252262 -0.00550144  -0.0141755 -0.00546608   0.0118825    0.991725
   15.1572 -0.00120581  -0.0113604  -0.0136429 -0.00607643   0.0143239     1.00601
   15.1616  -0.0102606 -0.00869724  -0.0136429  -0.020969 0.00419207    1.01321
   15.1673  -0.0193153 -0.00603408  -0.0136429  -0.0358616 -0.00593976     1.02041
   15.1715 -0.00919529 -0.00230565  -0.0115124  -0.0292698 -0.00520734     1.00332
   15.1773 0.000924723  0.00142278 -0.00938185   -0.022678 -0.00447492    0.986232
   15.1813  0.00305525 -0.00230565  -0.0109797 -0.0113255 0.00394793   0.985011
   15.1872  0.00518578 -0.00603408  -0.0125776 2.70847e-05   0.0123708     0.98379
   15.1914  -0.0044016 -0.00709934  -0.0147082 -0.00888405  0.00895282    0.999538
   15.1973  -0.013989 -0.0081646 -0.0168387 -0.0177952 0.00553485    1.01528
   15.2014  -0.0129237 -0.00390355  -0.0141755   -0.0254856 -0.000690739      1.00979
   15.2072  -0.0118585 0.000357511  -0.0115124   -0.033176 -0.00691632      1.0043
   15.2115   -0.0044016 -0.000175121   -0.0131103  -0.0224339 -0.00142316    0.992335
   15.2172   0.00305525 -0.000707753   -0.0147082 -0.0116917    0.00407   0.980372
   15.2214  -0.0044016 -0.00550144  -0.0163061 -0.0107151 0.00846453   0.993068
   15.2272 -0.0118585 -0.0102951  -0.017904 -0.00973854   0.0128591     1.00576
   15.2316  -0.0134563 -0.00709934  -0.0141755 -0.0235325 0.00468035    1.01174
   15.2372  -0.0150542 -0.00390355  -0.0104471  -0.0373264 -0.00349836     1.01773
   15.2413  -0.00227107 -0.000175121  -0.00618606  -0.0307346 -0.00252179     1.00039
   15.2472 0.0105121 0.0035533 -0.001925  -0.0241428 -0.00154523    0.983058
   15.2514  0.00997947 -0.00177302 -0.00778395 -0.0115696 0.00724383   0.984889
   15.2573  0.00944684 -0.00709934  -0.0136429 0.00100365  0.0160329    0.98672
   15.2614 -0.000140541  -0.00922987    -0.012045 -0.0102268  0.0107839    1.00332
   15.2673 -0.00972792  -0.0113604  -0.0104471 -0.0214573 0.00553485    1.01992
   15.2716 -0.00972792 -0.00603408 -0.00938185 -0.0287815 -0.0016673    1.01223
   15.2772  -0.00972792 -0.000707753  -0.00831658  -0.0361057 -0.00886945     1.00454
   15.2815  -0.00333633 -0.000175121   -0.0109797 -0.0236546  -0.002888   0.991481
   15.2872  0.00305525 0.000357511  -0.0136429 -0.0112034 0.00309344   0.978419
   15.2915 -0.00173844 -0.00443618  -0.0157734 -0.00876198  0.00651141    0.989039
   15.2973 -0.00653213 -0.00922987   -0.017904 -0.00632057  0.00992938     0.99966
   15.3012 -0.0102606 -0.0081646 -0.0152408  -0.017429 0.00443621     1.0082
   15.3072   -0.013989 -0.00709934  -0.0125776  -0.0285374 -0.00105695     1.01675
   15.3116 -0.00866266 -0.00230565  -0.0125776  -0.0256077 -0.00215558     1.00198
   15.3173 -0.00333633  0.00248804  -0.0125776   -0.022678 -0.00325422    0.987208
   15.3213  0.00145736 -0.00230565  -0.0131103 -0.0127903 0.00504657   0.988063
   15.3272  0.00625105 -0.00709934  -0.0136429 -0.0029026  0.0133473   0.988917
   15.3317 -0.00014054 -0.00922987  -0.0109797 -0.0129124 0.00968524    1.00405
   15.3372 -0.00653213  -0.0113604 -0.00831658 -0.0229221 0.00602313    1.01919
   15.3414 -0.00493423 -0.00496881 -0.00778395  -0.0295139 -0.00105695      1.0104
   15.3472 -0.00333633  0.00142278 -0.00725132  -0.0361057 -0.00813703     1.00161
   15.3516  0.00252262 0.000890144  -0.0109797   -0.020969 0.000529964    0.990138
   15.3572  0.00838157 0.000357511  -0.0147082 -0.00583229  0.00919696    0.978664
   15.3613 0.000924723 -0.00443618  -0.0152408 -0.00632057   0.0118825    0.991725
   15.3673 -0.00653213 -0.00922987  -0.0157734 -0.00680885   0.0145681     1.00479
   15.3719 -0.00919529  -0.0081646  -0.0115124 -0.0212132 0.00529071    1.01187
   15.3772  -0.0118585 -0.00709934 -0.00725132  -0.0356174 -0.00398664     1.01895
   15.3818 -0.00493423 -0.00390355 -0.00831658  -0.0311008 -0.00459699     1.00393
   15.3871   0.00198999 -0.000707753  -0.00938185  -0.0265842 -0.00520734    0.988917
   15.3915  0.00358788 -0.00283828  -0.0109797 -0.0152317 0.00248309   0.986232
   15.3972  0.00518578 -0.00496881  -0.0125776 -0.00387917   0.0101735    0.983546
   15.4014 -0.00227107 -0.00763197  -0.0131103 -0.0107151 0.00834246   0.999049
   15.4073 -0.00972792  -0.0102951  -0.0136429  -0.017551 0.00651141    1.01455
   15.4114  -0.0123911 -0.00496881  -0.0131103  -0.0241428 0.000285824     1.01077
   15.4196  -0.0150542 0.000357511  -0.0125776  -0.0307346 -0.00593976     1.00698
   15.4215  -0.00493423 -0.000175121   -0.0136429   -0.0199924 -8.03871e-05     0.993312
   15.4273   0.00518578 -0.000707753   -0.0147082 -0.00925026  0.00577899     0.97964
   15.4313 0.000392091 -0.00603408  -0.0125776 -0.00839577   0.0101735    0.992091
   15.4372 -0.0044016 -0.0113604 -0.0104471 -0.00754127   0.0145681     1.00454
   15.4417 -0.0102606 -0.0097625 -0.0109797 -0.0219456 0.00504657    1.01174
   15.4473 -0.0161195 -0.0081646 -0.0115124  -0.0363499 -0.00447492     1.01895
   15.4514 -0.00813002 -0.00230565  -0.0115124 -0.0295139 -0.0037425    1.00235
   15.4572 -0.00014054   0.0035533  -0.0115124   -0.022678 -0.00301007    0.985744
   15.4615  0.00252262 -0.00124039  -0.0131103 -0.0107151 0.00529071   0.985255
   15.4673  0.00518578 -0.00603408  -0.0147082 0.00124779  0.0135915   0.984767
   15.4718  -0.0044016 -0.00869724  -0.0136429 -0.00998268   0.0094411     1.00064
   15.4772  -0.013989 -0.0113604 -0.0125776 -0.0212131 0.00529071    1.01651
   15.4814 -0.00972792 -0.00656671  -0.0104471  -0.0285374 -0.00105695     1.01089
   15.4872 -0.00546686 -0.00177302 -0.00831658  -0.0358616 -0.00740461     1.00527
   15.4916  -0.00173844 -0.000707753   -0.0104471  -0.024509 -0.0016673   0.993068
   15.4972  0.00198999 0.000357511  -0.0125776 -0.0131565    0.00407   0.980861
   15.5016  0.00412052 -0.00177302  -0.0152408 -0.00900612  0.00773211    0.983058
   15.5074  0.00145736 -0.00656671  -0.0163061 -0.00583229   0.0116384    0.993434
   15.5114 -0.00706476 -0.00763197   -0.012045 -0.0126682 0.00919696    1.00881
   15.5172  -0.0107932 -0.00603408 -0.00938185 -0.0246311 0.00309344    1.01675
   15.5216 -0.00706476 -0.00124039  -0.0115124  -0.0320774 -0.00325422     1.01126
   15.5272 -0.00333633   0.0035533  -0.0136429  -0.0287815 -0.00435285    0.995753
   15.5315 -0.00120581  0.00248804  -0.0157734 -0.0166965 0.00150653    0.98318
   15.5372  0.00145736 -0.00230565  -0.0189692 -0.00509987  0.00931903     0.98379
   15.5415 -0.00386897  -0.0081646  -0.0163061 -0.00351295   0.0134694    0.996242
   15.5472 -0.0129237 -0.0108278  -0.012045 -0.0143772  0.0094411    1.01211
   15.5516  -0.0123911 -0.00550144  -0.0104471    -0.029636 -0.000202457      1.01919
   15.5575 -0.00866266 0.000357511 -0.00938185  -0.0369602 -0.00789289     1.01101
   15.5614 -0.000673172   0.00142278  -0.00884922  -0.0312229 -0.00728254    0.994655
   15.5673 0.00838158 0.00195541 -0.0104471 -0.0164524 0.00126239   0.980861
   15.5716  0.00784894 -0.00230565  -0.0152408 -0.00351295   0.0104177     0.97964
   15.5772 0.00252262 -0.0081646 -0.0168387 -0.00192604   0.0138356    0.993312
   15.5815 -0.00173844  -0.0124257   -0.012045 -0.0116917  0.0102956    1.00967
   15.5871 -0.00972792  -0.0108278 -0.00991448 -0.0248753 0.00236102    1.01919
   15.5914  -0.0123911 -0.00443618 -0.00884921  -0.0329319 -0.00471906     1.01492
   15.5972  -0.00386897 -0.000707753  -0.00618605  -0.0306126 -0.00557355    0.998927
   15.6013 -0.00173844  0.00142278  -0.0125776   -0.0196262 -0.000446598     0.984645
   15.6072 -0.000140541 -0.000707753   -0.0168387 -0.00888405  0.00687762    0.981105
   15.6116 -0.000140541  -0.00656671   -0.0157734 -0.00583229   0.0116384    0.991237
   15.6172 -0.0107932 -0.0081646 -0.0189692 -0.0124241 0.00968524    1.00772
   15.6214  -0.0150542 -0.00656671  -0.0152408 -0.0236546 0.00309344    1.01687
   15.6272  -0.0118585 -0.00230565  -0.0109797  -0.0303684 -0.00386457     1.01187
   15.6317 -0.00919529  0.00302067  -0.0136429  -0.0271946 -0.00557355    0.996486
   15.6371 -0.0044016 0.00355331 -0.0152408  -0.0158421 0.000163754    0.983058
   15.6413 -0.00014054 -0.00124039  -0.0173713 -0.00485573  0.00883075     0.98318
   15.6473 -0.00386897  -0.0081646   -0.017904 -0.00363502   0.0139577    0.995509
   15.6517 -0.00972792  -0.0108278  -0.0125776 -0.0144993 0.00968524     1.0104
   15.6572  -0.0102606 -0.00869724 -0.00671869   -0.0302464 -0.000324528      1.01834
   15.6614 -0.00759739 -0.00496881 -0.00725132  -0.0379368 -0.00728254     1.01235
   15.6673  0.00252262 -0.00124039 -0.00565342  -0.0319553 -0.00642804    0.996242
   15.6718  0.00891421 0.000357511 -0.00725132 -0.0173069 0.00138446   0.982204
   15.6771  0.00678368 -0.00230565  -0.0147082 -0.00436745   0.0101735    0.980006
   15.6816  0.00465315 -0.00763197  -0.0136429 -0.00241432   0.0137136    0.991603
   15.6872 0.000392091  -0.0113604  -0.0115124 -0.0124241  0.0104177    1.00894
   15.6914 -0.00706476  -0.0097625  -0.0109797 -0.0267063 0.00309344    1.01944
   15.6972 -0.00866266 -0.00390355 -0.00831658  -0.0342747 -0.00349836     1.01394
   15.7014 -0.00333633 0.000357511 -0.00938185  -0.0303684 -0.00447492    0.997951
   15.7073 -0.000673173   0.00142278   -0.0147082    -0.019138 -0.000202458     0.984767
   15.7114 0.000924723 -0.00177302  -0.0163061 -0.00851784  0.00687762    0.982448
   15.7173 -0.0028037 -0.0081646 -0.0168387 -0.00558815   0.0112722    0.993678
   15.7214 -0.0118584 -0.0108278 -0.0173713 -0.0126682 0.00895282    1.01028
   15.7272  -0.0134563 -0.00763197  -0.0115124  -0.024509 0.00248309    1.01821
   15.7316  -0.0118585 -0.00230565 -0.00884921  -0.0315891 -0.00532941     1.01174
   15.7372 -0.00706476  0.00195541  -0.0115124   -0.027927 -0.00667218    0.995265
   15.7415 -0.00173844  0.00302067  -0.0147082  -0.0149876 0.000407894    0.980495
   15.7471  0.00465315 -0.00230565  -0.0141755 -0.00253639  0.00895282    0.980617
   15.7514  0.00252262 -0.00922987  -0.0115124 -0.00180397   0.0135915    0.994411
   15.7573 -0.00866266   -0.011893  -0.0104471 -0.0132786 0.00919696    1.01101
   15.7616 -0.00919529  -0.0102951 -0.00618606   -0.0287815 -0.000568668      1.02005
   15.7673 -0.00546686 -0.00496881 -0.00512079  -0.0380589 -0.00728254      1.0137
   15.7717  -0.0012058  0.00142278 -0.00938185  -0.0334202 -0.00667218    0.997829
    15.777 0.00412052 0.00408594 -0.0125776 -0.0188938 0.00101825   0.983302
   15.7814   0.00678368 -0.000175121   -0.0152408 -0.00558815   0.0102956    0.979884
   15.7872  0.00305525 -0.00709934  -0.0157734 -0.00253639    0.014446    0.991115
   15.7914 -0.00227107  -0.0108278  -0.0115124 -0.0113255  0.0109059    1.00711
   15.7972 -0.00546686  -0.0097625 -0.00778395 -0.0247532 0.00419207    1.01699
   15.8014  -0.0102606 -0.00496881  -0.0109797   -0.033176 -0.00215558     1.01431
   15.8073   -0.0059995 -0.000707753   -0.0109797 -0.0309788 -0.0037425    1.00027
   15.8115 -0.000140541   0.00142278   -0.0115124  -0.0210911 0.000529964    0.986354
   15.8172  -0.00227107 -0.000707753    -0.017904 -0.0107151 0.00712176   0.983058
   15.8215  -0.0044016 -0.00656671  -0.0184366 -0.00705299   0.0113942    0.992946
   15.8273 -0.00813002  -0.0097625  -0.0152408  -0.014011 0.00870868    1.00845
   15.8314 -0.0134563 -0.0081646  -0.012045  -0.0256077 0.000774105     1.01638
   15.8373 -0.00972792 -0.00443618 -0.00778395  -0.0321995 -0.00691632     1.01052
   15.8417 -0.00173844 0.000357511 -0.00991448  -0.0284153 -0.00691632    0.995143
   15.8473 -0.0012058 0.00302067 -0.0168387  -0.0148655 0.000774105     0.98257
   15.8514  0.00358788 -0.00177302  -0.0157734 -0.00192604  0.00980731    0.982814
   15.8572  0.00305525 -0.00869724  -0.0141755 -0.000705337    0.0137136     0.995387
   15.8615 -0.00493423  -0.0113604   -0.012045 -0.0124241 0.00919696    1.01162
   15.8673 -0.00759739  -0.0102951 -0.00458816  -0.0281712 0.000285824     1.02017
   15.8715 -0.00759739 -0.00550144 -0.00512079  -0.0362278 -0.00691632     1.01358
   15.8772 -0.00227107 0.000890144 -0.00778395  -0.0318333 -0.00667218     0.99734
   15.8815  0.00412052   0.0035533 -0.00831658   -0.019138 0.000774105    0.983302
   15.8872   0.00731631 -0.000707753   -0.0141755 -0.00656471  0.00907489    0.979884
   15.8917  0.00305525 -0.00763197  -0.0173713 -0.0029026  0.0129811   0.990626
   15.8972 -0.00173844  -0.0102951  -0.0131103 -0.0109592  0.0104177    1.00674
   15.9014 -0.00706476 -0.00869724  -0.0104471 -0.0247532 0.00382586    1.01675
   15.9073  -0.0123911 -0.00390355  -0.0115124 -0.033054 -0.002888   1.01406
   15.9114 -0.00706476 0.000357511  -0.0104471  -0.0303684 -0.00447492     1.00027
   15.9172 -0.00386897  0.00195541  -0.0147082   -0.0203587 -0.000202458     0.986842
   15.9215   -0.0028037 -0.000707753   -0.0200345 -0.0094944 0.00724383   0.982814
   15.9273 -0.000673173  -0.00763197   -0.0168387 -0.0061985  0.0126149   0.992213
   15.9315 -0.00866266  -0.0113604  -0.0163061 -0.0141331  0.0100514    1.00857
   15.9373    -0.01825 -0.00869724  -0.0147082 -0.0275608 0.00211688    1.01675
   15.9414  -0.0145216 -0.00337091  -0.0104471  -0.0346409 -0.00569562     1.01052
   15.9472 -0.00546686 0.000357511  -0.0115124 -0.0297581 -0.0061839   0.995387
   15.9517 0.000392091  0.00195541  -0.0136429  -0.0163303 0.000529964     0.98257
   15.9573  0.00465315 -0.00124039  -0.0147082 -0.0029026 0.00931903   0.982692
   15.9613 0.00198999 -0.0081646 -0.0157734 -9.49856e-05    0.0142018     0.995387
   15.9673 -0.00386897  -0.0124257  -0.0125776 -0.010593 0.0106618   1.01089
   15.9718 -0.00706476  -0.0108278 -0.00671869  -0.026218 0.00150653    1.01956
    15.977 -0.00813002 -0.00550144 -0.00778395  -0.0350071 -0.00655011     1.01345
   15.9816  -0.00227107 -0.000175121  -0.00778395  -0.0315891 -0.00691632    0.997218
   15.9871  0.00518578  0.00195541 -0.00831658     -0.01926 -0.000568668     0.983913
   15.9915  0.00625105 -0.00124039  -0.0157734 -0.00693092  0.00712176    0.980983
   15.9973  0.00465315 -0.00709934  -0.0152408 -0.00351295   0.0118825    0.991237
   16.0015 -0.0028037 -0.0097625 -0.0131103 -0.0112034  0.0102956    1.00662
   16.0072  -0.0107932 -0.00869724  -0.0131103 -0.0232883    0.00407    1.01614
   16.0115 -0.00866266 -0.00496881 -0.00725132  -0.0309788 -0.00191144     1.01358
   16.0173  -0.0028037 0.000357511 -0.00671869  -0.0290257 -0.00386457    0.999415
   16.0214 -0.00173844  0.00195541  -0.0131103   -0.0186497 -8.03873e-05     0.985866
   16.0273 0.000924723 -0.00177302  -0.0163061 -0.00876198  0.00699969     0.98318
   16.0314  0.00145736 -0.00709934  -0.0152408 -0.00680885   0.0120046    0.994166
   16.0372 -0.00919529  -0.0097625  -0.0152408  -0.014011 0.00980731    1.01016
   16.0415 -0.0161195 -0.0081646 -0.0115124 -0.0268284 0.00175067    1.01699
   16.0472  -0.0155869 -0.00337091  -0.0104471 -0.0354954 -0.0061839    1.01028
   16.0515 -0.00653213 0.000357511   -0.012045  -0.0311008 -0.00691632    0.994655
   16.0572 0.00198999 0.00142278 -0.0115124  -0.0169407 0.000896175    0.982326
   16.0616  0.00412052 -0.00230565  -0.0147082 -0.00339088   0.0100514    0.982326
   16.0673 0.00145736 -0.0081646 -0.0163061 -0.000705337    0.0142018     0.994044
   16.0716 -0.00813002  -0.0102951  -0.0136429 -0.0110813  0.0104177    1.00967
   16.0772  -0.0113258 -0.00922987 -0.00991448 -0.0265842 0.00114032     1.0187
   16.0814 -0.00813002 -0.00550144 -0.00725132  -0.0353733 -0.00593976     1.01406
   16.0873  -0.0044016 -0.00124039 -0.00884921  -0.0318333 -0.00593976    0.999782
   16.0915 0.000924724 0.000357511  -0.0115124  -0.0203587 0.000285824    0.987086
   16.0973  0.00625105 -0.00230565  -0.0131103 -0.00863991  0.00846453    0.982814
   16.1018  0.00465315 -0.00603408  -0.0141755 -0.00473366   0.0128591    0.990504
   16.1074 -0.0028037 -0.0081646 -0.0136429 -0.0109592  0.0104177    1.00442
   16.1114 -0.00706476 -0.00869724  -0.0109797 -0.0232883 0.00370379    1.01382
   16.1172 -0.00386897 -0.00603408 -0.00618606  -0.0321995 -0.00264386     1.01211
   16.1216  0.00198999 -0.00283828 -0.00778395  -0.0303684 -0.00435285    0.999782
   16.1272   0.00358788 -0.000707753    -0.012045   -0.0196262 -0.000690739     0.987697
   16.1315  0.00305525 -0.00124039  -0.0131103 -0.00778542  0.00602313    0.985133
   16.1373 -0.00120581 -0.00603408  -0.0152408 -0.00412331   0.0113942    0.993556
   16.1415 -0.00866266  -0.0102951  -0.0136429 -0.0121799 0.00895282    1.00772
   16.1473 -0.00919529  -0.0097625 -0.00778395  -0.0264622 0.000896175     1.01602
   16.1514 -0.00813002 -0.00443618 -0.00778395  -0.0346409 -0.00655011     1.01052
   16.1573 -0.00546686 0.000890144  -0.0131103  -0.0303684 -0.00691632    0.996242
   16.1616 0.000924723  0.00195541  -0.0157734 -0.0164524 0.00101825   0.983668
   16.1673  0.00252262 -0.00124039  -0.0173713 -0.00265846  0.00980731    0.981349
   16.1716 -0.00014054 -0.00656671  -0.0163061 0.000271225   0.0140798    0.991969
   16.1772 -0.00759739  -0.0102951  -0.0141755 -0.00998268   0.0100514     1.00772
   16.1816  -0.0107932 -0.00922987  -0.0104471 -0.0257298 0.00126239    1.01809
   16.1872 -0.00866266 -0.00443618 -0.00671869   -0.034763 -0.00569562     1.01492
   16.1916 -0.00546686 0.000357511  -0.0104471  -0.0324436 -0.00630597     1.00088
   16.1971 0.00198999 0.00195541 -0.0125776   -0.0223118 -0.000934879     0.987575
   16.2013   0.00518578 -0.000707753   -0.0141755 -0.0109592 0.00712176   0.982814
   16.2073 0.000924724 -0.00550144  -0.0157734 -0.00680885   0.0118825    0.991237
   16.2118  -0.0028037 -0.00869724  -0.0131103 -0.0132786  0.0101735    1.00589
   16.2171 -0.00706476  -0.0081646  -0.0109797 -0.0246311 0.00516864    1.01455
   16.2214 -0.00919529 -0.00443618  -0.0109797 -0.0321995 -0.0016673    1.01174
   16.2273 -0.000673173 -0.000707753  -0.00991448  -0.0306126 -0.00410871    0.998195
   16.2317   0.00465315 -0.000707753   -0.0115124  -0.0202366 0.000407894    0.985133
   16.2373 0.000392091 -0.00283828   -0.017904 -0.00778542  0.00907489    0.983668
   16.2413 -0.00386897 -0.00656671  -0.0168387 -0.00400124   0.0145681    0.994899
   16.2473 -0.0113258 -0.0102951 -0.0141755 -0.0126682  0.0101735    1.01089
   16.2514    -0.01825 -0.00869724  -0.0131103  -0.0270725 0.000896175     1.01882
   16.2573  -0.0145216 -0.00337091 -0.00938185  -0.0353733 -0.00716047     1.01211
   16.2614 -0.00493423  0.00142278 -0.00991448  -0.0307346 -0.00777082    0.995998
   16.2673 0.00358789 0.00248804  -0.012045  -0.0164524 0.000407894    0.982326
   16.2718  0.00784894 -0.00124039   -0.012045 -0.00229225  0.00956317     0.98025
    16.277  0.00412052 -0.00656671  -0.0125776 0.00112572  0.0132253   0.991237
   16.2815 -0.00546686  -0.0108278  -0.0141755 -0.00851784  0.00931903     1.00735
   16.2873 -0.00919529  -0.0102951  -0.0104471 -0.0235325 0.00126239    1.01785
   16.2914 -0.00813002 -0.00496881 -0.00725132  -0.0329319 -0.00569562     1.01467
   16.2973   -0.0028037 -0.000707753  -0.00831658  -0.0312229 -0.00703839     1.00039
   16.3014  0.00358788 0.000357511  -0.0104471  -0.0208469 -0.00178937    0.987453
   16.3073  0.00465315 -0.00124039  -0.0136429 -0.00925026  0.00602313    0.983058
   16.3114  0.00145736 -0.00603408  -0.0147082 -0.00534401   0.0117604    0.990626
   16.3175 -0.00333633 -0.00922987  -0.0125776 -0.0115696  0.0112722    1.00552
   16.3216  -0.0059995  -0.0081646 -0.00938185 -0.0229221 0.00577899    1.01577
   16.3273 -0.00866266 -0.00443618 -0.00938185   -0.0317112 -0.000690739      1.01284
   16.3314  -0.00546686 -0.000175121   -0.0104471  -0.0306126 -0.00337629    0.998439
   16.3372 -0.000140541  0.000890144   -0.0131103  -0.0195042 0.000652035    0.985499
   16.3417  0.00198999 -0.00177302  -0.0152408 -0.00705299  0.00858661    0.983424
   16.3471 -0.00173844 -0.00709934  -0.0141755 -0.00387917   0.0142018    0.994166
   16.3514 -0.0107932 -0.0108278 -0.0147082 -0.0130344  0.0106618    1.01052
   16.3573  -0.0166521 -0.00869724  -0.0136429  -0.0280491 0.000529964     1.01907
   16.3614  -0.0166521 -0.00337091  -0.0109797  -0.0369602 -0.00777082     1.01223
   16.3673 -0.00919529 0.000890144  -0.0125776  -0.0325657 -0.00850324    0.996364
   16.3716 0.000924723  0.00248804  -0.0141755  -0.0184055 -0.00105695    0.982692
   16.3773   0.00625105 -0.000707753   -0.0136429 -0.00448952  0.00834246    0.979762
   16.3814  0.00518578 -0.00709934   -0.012045 -0.000583267    0.0133473     0.991115
   16.3873 -0.00386897  -0.0097625   -0.012045 -0.00900612   0.0109059     1.00747
   16.3915  -0.0118585 -0.00869724  -0.0115124 -0.0238987 0.00321551    1.01834
   16.3973 -0.00706476 -0.00603408 -0.00671869  -0.0337864 -0.00398664     1.01565
   16.4015 -0.000673173  -0.00177302  -0.00671869  -0.0320774 -0.00545148     1.00137
   16.4071 0.000924724  0.00142278  -0.0115124    -0.020969 -0.000202458     0.986598
   16.4114  0.00571841 -0.00124039  -0.0125776 -0.0094944 0.00785418   0.981227
   16.4173 0.000924723 -0.00656671  -0.0163061 -0.00558815   0.0126149    0.990138
   16.4217 -0.00866266  -0.0097625   -0.017904 -0.0114475   0.011028    1.00625
   16.4273 -0.00972792  -0.0097625  -0.0109797 -0.0231663 0.00504657    1.01687
   16.4314  -0.0134563 -0.00443618   -0.012045  -0.0312229 -0.00301007     1.01406
   16.4373 -0.00972792  0.00195541  -0.0152408  -0.0291477 -0.00581769    0.998927
   16.4417 0.000392091  0.00248804  -0.0136429   -0.0179173 -0.000202457     0.983913
   16.4473 0.000392091 -0.00230565  -0.0168387 -0.00546608  0.00822039    0.982326
   16.4515 -0.00546686 -0.00656671  -0.0184366 -0.00180397   0.0132253     0.99319
   16.4573 -0.00919529  -0.0097625  -0.0131103 -0.0109592 0.00992938    1.00894
   16.4616   -0.013989 -0.00922987  -0.0109797  -0.0269505 0.000285824     1.01809
   16.4674  -0.0145216 -0.00443618  -0.0104471  -0.0367161 -0.00801496     1.01223
   16.4715   -0.0044016 -0.000175121  -0.00778395  -0.0329319 -0.00911359    0.997462
   16.4773 0.00305525 0.00142278 -0.0115124  -0.0196262 -0.00239972    0.984157
   16.4816  0.00518578 -0.00124039  -0.0147082 -0.00595436  0.00724383    0.980861
   16.4872  0.00412052 -0.00603408  -0.0141755 -0.00217018   0.0129811    0.990626
   16.4914  -0.0028037 -0.00922987  -0.0136429 -0.0103489  0.0113942    1.00601
   16.4973 -0.00866266  -0.0102951 -0.00991448 -0.0238987 0.00468035    1.01602
   16.5016 -0.00706476 -0.00709934 -0.00618606  -0.0336643 -0.00154523      1.0137
   16.5073  -0.0028037 -0.00177302 -0.00725132  -0.0329319 -0.00349836     1.00112
   16.5114   0.00358788 -0.000175121  -0.00884922 -0.0230442 4.1683e-05   0.988307
   16.5174  0.00838157 -0.00283828 -0.00938185 -0.0112034  0.0073659    0.98379
   16.5214  0.00145735 -0.00656671  -0.0136429 -0.00644264   0.0122487    0.990993
   16.5273 -0.00386897 -0.00922987  -0.0125776 -0.0121799  0.0105397    1.00564
   16.5315  -0.0059995 -0.00869724 -0.00831658 -0.0235325 0.00431414     1.0159
   16.5371 -0.00919529 -0.00390355 -0.00831658  -0.0318333 -0.00349836     1.01272
   16.5413   -0.0012058 -0.000175121  -0.00778395  -0.0298801 -0.00655011    0.997829
   16.5473   0.00731631 -0.000175121  -0.00884921   -0.0182835 -0.000446598     0.983913
   16.5519  0.00571841 -0.00230565  -0.0141755 -0.00509987  0.00846453    0.981349
   16.5573  0.00252262 -0.00709934  -0.0157734 -0.00143776   0.0128591    0.991725
   16.5614 -0.0059995 -0.0108278 -0.0147082 -0.0109592 0.00931903    1.00808
   16.5673 -0.0129237 -0.0102951  -0.012045   -0.0258518 -8.03871e-05      1.01821
   16.5718  -0.0107932 -0.00550144 -0.00778395  -0.0351292 -0.00813703     1.01431
    16.577 -0.00706476 0.000890144  -0.0104471  -0.0323215 -0.00850324    0.999782
   16.5818 -0.00173844  0.00302067  -0.0168387  -0.0195042 -0.00117902    0.985255
   16.5874   0.00412052 -0.000175121   -0.0173713 -0.00571022  0.00834246    0.980372
   16.5914 -0.00014054 -0.00496881  -0.0168387 -0.000949478    0.0137136     0.989162
   16.5973  -0.0123911 -0.00763197  -0.0184366 -0.00876198   0.0117604     1.00454
   16.6015 -0.0134563 -0.0081646 -0.0147082 -0.0229221 0.00553485    1.01626
   16.6073  -0.0107932 -0.00443618 -0.00938185   -0.033054 -0.00142316     1.01541
   16.6117 -0.00813002 0.000890144 -0.00778395  -0.0328098 -0.00447492     1.00247
   16.6173 -0.00014054  0.00195541 -0.00884922   -0.0234104 -0.000934879     0.988307
   16.6214   0.00465315 -0.000707753   -0.0109797 -0.0121799 0.00626727   0.982692
   16.6273  0.00252262 -0.00603408  -0.0136429 -0.00705299   0.0118825    0.989894
   16.6316 0.000924724  -0.0102951 -0.00938185 -0.0124241  0.0102956    1.00515
   16.6374 -0.00493423  -0.0097625 -0.00671869 -0.0247532 0.00333758    1.01602
   16.6413 -0.00972792 -0.00443618 -0.00884922  -0.0334202 -0.00447492     1.01272
   16.6473  0.00198999 0.000357511 -0.00565342  -0.0311008 -0.00740461    0.998073
   16.6516   0.0105121  0.00142278 -0.00884921  -0.0184055 -0.00117902    0.983546
   16.6573  0.00784894 -0.00177302  -0.0163061 -0.00424538  0.00822039    0.980495
   16.6616  0.00305525 -0.00763197  -0.0163061 0.000393296   0.0133473    0.990871
   16.6673 -0.0059995 -0.0113604 -0.0157734 -0.0082737  0.0106618    1.00759
   16.6716 -0.0134563 -0.0102951 -0.0152408 -0.0234104 0.00199481     1.0198
   16.6773   -0.013989 -0.00496881  -0.0104471 -0.0340305 -0.0061839    1.01687
   16.6814  -0.0102606 0.000890144 -0.00991448  -0.0325657 -0.00813703     1.00125
   16.6873 -0.00333633   0.0035533  -0.0141755 -0.0207249 -0.0016673   0.985988
   16.6917  0.00358788 0.000357511  -0.0141755 -0.00790749  0.00773211    0.980739
    16.697 -0.00173844 -0.00443618  -0.0168387 -0.00278053   0.0128591    0.988307
   16.7015  -0.0129237 -0.00763197  -0.0195019 -0.00912819   0.0116384     1.00357
   16.7073 -0.0134563 -0.0097625 -0.0136429 -0.0225559 0.00577899    1.01565
   16.7113  -0.0118585 -0.00656671  -0.0104471  -0.0325657 -0.00105695     1.01516
   16.7173  -0.00706476 -0.000707753  -0.00938185  -0.0321995 -0.00447492     1.00283
   16.7216  0.00145736  0.00142278 -0.00778395  -0.0234104 -0.00117902    0.988917
   16.7273  0.00412052 -0.00124039   -0.012045 -0.0121799  0.0061452   0.982936
   16.7314  0.00198999 -0.00656671  -0.0147082 -0.00680885   0.0116384    0.990016
   16.7373 -0.00227107  -0.0108278  -0.0109797 -0.0126682  0.0104177    1.00601
   16.7417 -0.00653213  -0.0108278 -0.00884922  -0.024509 0.00358172    1.01687
   16.7473 -0.00759739 -0.00550144 -0.00831658  -0.0326878 -0.00459699     1.01358
   16.7513  -0.0012058  0.00142278 -0.00778395  -0.0302464 -0.00728254    0.998561
   16.7573 0.00678368 0.00302067 -0.0104471   -0.0176731 -0.000568668      0.98318
   16.7618  0.00731631 -0.00177302  -0.0147082 -0.00363502  0.00870868    0.979762
   16.7673  0.00198999 -0.00709934  -0.0157734 0.000881577   0.0137136    0.990626
   16.7716 -0.00546686  -0.0113604  -0.0136429 -0.0082737  0.0105397    1.00784
   16.7773 -0.0155869 -0.0108278 -0.0141755 -0.0248753 0.00126239    1.01968
   16.7816  -0.0198479 -0.00443618  -0.0131103  -0.0356174 -0.00679425     1.01663
   16.7871  -0.0107932 0.000890144 -0.00991448 -0.0329319 -0.0082591    1.00173
   16.7915 -0.00173844  0.00302067  -0.0125776  -0.0210911 -0.00239972    0.986232
   16.7973 0.000924724 0.000890144  -0.0157734 -0.00778542  0.00626727    0.979884
   16.8014 -0.00014054 -0.00550144  -0.0157734 -0.00217018   0.0117604    0.988307
   16.8073  -0.0059995 -0.00922987  -0.0152408 -0.00876198   0.0105397     1.00369
   16.8114 -0.00972792 -0.00869724  -0.0115124 -0.0228001 0.00480243     1.0148
   16.8173 -0.00813002 -0.00603408 -0.00671869 -0.0334202 -0.0016673    1.01504
   16.8215 -0.00493423 -0.00124039 -0.00778395  -0.0336643 -0.00423078     1.00271
   16.8273 -0.000673173   0.00142278    -0.012045   -0.0236546 -0.000446598     0.986476
   16.8315   0.00518578 -0.000707753   -0.0115124 -0.0114475 0.00687762    0.98025
   16.8373  0.00252262 -0.00603408  -0.0131103 -0.00644264   0.0120046    0.989284
   16.8414 -0.00386897  -0.0102951  -0.0141755 -0.012302 0.0104177   1.00686
   16.8473 -0.00493423  -0.0108278 -0.00778395 -0.0246311 0.00370379    1.01846
   16.8516 -0.00759739 -0.00709934 -0.00778395   -0.033176 -0.00471906     1.01467
   16.8572 -0.00386897 0.000357512  -0.0109797  -0.0309788 -0.00703839    0.999171
   16.8614 0.00465315 0.00355331 -0.0115124   -0.0181614 -0.000324528     0.983058
   16.8673   0.00412052 -0.000175121   -0.0173713 -0.00436745  0.00870868     0.97964
   16.8718 -0.00173844 -0.00656671  -0.0200345 -9.49856e-05    0.0138356     0.990626
   16.8771 -0.00759739  -0.0108278  -0.0141755 -0.00802956   0.0107839     1.00686
   16.8817  -0.0134563 -0.00922987  -0.0115124 -0.0225559 0.00211688    1.01834
   16.8874  -0.0145216 -0.00443618  -0.0115124  -0.0332981 -0.00569562     1.01528
   16.8914  -0.00759739 -0.000175121   -0.0115124  -0.0328098 -0.00764875     1.00076
   16.8973 -0.0012058 0.00142278 -0.0147082  -0.0221897 -0.00301007    0.986964
   16.9015  0.00252262 -0.00124039  -0.0157734 -0.00912819  0.00443621    0.981593
   16.9071  0.00198999 -0.00550144  -0.0152408 -0.00387917  0.00980731    0.989162
   16.9114  -0.0028037 -0.00869724  -0.0136429 -0.00986061  0.00931903     1.00393
   16.9173 -0.00706476 -0.00922987  -0.0104471 -0.0214573 0.00504657    1.01419
   16.9214 -0.00653213 -0.00550144 -0.00671869   -0.0307346 -0.000690739      1.01272
   16.9273   -0.0028037 -0.000707753  -0.00725132  -0.0312229 -0.00349836     1.00039
   16.9316 0.000392091 0.000890144  -0.0125776  -0.0221897 0.000774105     0.98733
   16.9374  0.00358788 -0.00177302  -0.0152408 -0.0102268 0.00834246   0.983913
   16.9413  0.00358788 -0.00763197  -0.0152408 -0.00534401   0.0140798    0.992702
   16.9473 -0.00493423  -0.0108278  -0.0125776 -0.0119358  0.0129811    1.00833
   16.9516 -0.0145216 -0.0081646 -0.0109797 -0.0254856 0.00431414    1.01846
   16.9573  -0.0123911 -0.00443618 -0.00991448  -0.0350071 -0.00508527     1.01394
   16.9615 -0.00653213 0.000890144  -0.0104471  -0.0323215 -0.00716047    0.998683
   16.9673 -0.00173844  0.00355331  -0.0163061   -0.0187717 -0.000446598     0.983546
   16.9717   0.00198999 -0.000175121    -0.017904 -0.00424538  0.00822039    0.979762
   16.9773 -0.00333633 -0.00496881  -0.0173713 0.000515366   0.0128591    0.989894
   16.9814  -0.0107932 -0.00869724  -0.0163061 -0.00754127   0.0104177     1.00564
   16.9873 -0.00866266  -0.0102951 -0.00831658 -0.0235325 0.00199481    1.01736
   16.9914 -0.00813002 -0.00656671 -0.00512079  -0.034885 -0.0061839    1.01565
   16.9973  -0.00706476 -0.000707753  -0.00831658  -0.0341526 -0.00789289     1.00161
   17.0017 0.000924723  0.00142278 -0.00991448  -0.0235325 -0.00239972    0.987208
   17.0073   0.00358788 -0.000707753   -0.0147082  -0.010471 0.00553485   0.981349
   17.0114  0.00465315 -0.00603408  -0.0152408 -0.00485573   0.0111501    0.988795
   17.0173 0.00305525 -0.0102951 -0.0109797 -0.00912819   0.0113942     1.00369
   17.0215 -0.00706476  -0.0097625  -0.0104471 -0.0202366 0.00699969    1.01431
   17.0271 -0.00972792 -0.00603408 -0.00831658  -0.0300022 0.000407894     1.01406
   17.0314 -0.00333633 -0.00230565 -0.00725132  -0.0297581 -0.00301007     1.00198
   17.0373  0.00252262 0.000357511 -0.00938185  -0.0203587 0.000652035    0.987575
   17.0414  0.00784894 -0.00124039  -0.0109797 -0.00876198  0.00773211    0.982814
   17.0473  0.00305525 -0.00656671  -0.0141755 -0.00339088   0.0133473    0.991359
   17.0515 -0.00493423  -0.0102951  -0.0141755 -0.0102268  0.0115163    1.00735
   17.0573 -0.00653213  -0.0097625 -0.00991448  -0.024387 0.00248309    1.01809
   17.0618 -0.00919529 -0.00496881 -0.00831658  -0.0343967 -0.00679425     1.01406
   17.0673 -0.00386897 0.000890144 -0.00831658   -0.033176 -0.00972394    0.998927
   17.0715  0.00518578   0.0035533 -0.00991448  -0.0210911 -0.00362043    0.984035
   17.0773  0.00678368 0.000357511  -0.0136429 -0.00656471  0.00565692    0.979396
   17.0815 0.000392091 -0.00603408  -0.0184366 -0.000949478    0.0116384     0.988917
   17.0873 -0.0059995 -0.0108278 -0.0168387 -0.00839577   0.0106618     1.00527
   17.0915 -0.0102606 -0.0102951 -0.0131103 -0.0235325 0.00382586    1.01773
   17.0973   -0.013989 -0.00603408  -0.0125776  -0.0351292 -0.00362043     1.01687
   17.1014 -0.00813002 -0.00124039 -0.00991448  -0.0351292 -0.00593976     1.00296
   17.1073 -0.0012058 0.00142278 -0.0109797   -0.0249973 -0.000934879     0.987941
   17.1116 -0.000673173 -0.000175121   -0.0152408 -0.012302 0.0073659  0.982081
   17.1171 -0.000673173  -0.00550144   -0.0163061 -0.00595436   0.0128591     0.98965
   17.1215 -0.00386897 -0.00922987  -0.0152408 -0.00998268   0.0121266     1.00454
   17.1273  -0.0123911 -0.00763197  -0.0131103 -0.0212131 0.00699969    1.01565
   17.1315  -0.0155869 -0.00443618  -0.0109797   -0.0301243 -0.000568668      1.01528
   17.1373  -0.0102606 -0.00124039  -0.0109797 -0.0300022 -0.0049632    1.00235
   17.1415  -0.0044016 0.000890144  -0.0136429  -0.0203587 -0.00142316    0.986842
   17.1473   0.00252262 -0.000707753   -0.0157734 -0.00705299   0.0061452    0.981349
   17.1515  0.00145736 -0.00603408  -0.0147082 -0.00192604   0.0118825    0.990016
   17.1573 -0.00813002  -0.0097625  -0.0131103 -0.0094944 0.00992938    1.00637
   17.1615  -0.0113258 -0.00922987 -0.00991448  -0.0240208 0.000652035     1.01724
   17.1673  -0.0113258 -0.00496881 -0.00938185  -0.0346409 -0.00813703     1.01443
   17.1718 -0.00546686 0.000357511  -0.0104471  -0.0329319 -0.00984601     1.00076
   17.1771 0.00358788 0.00355331 -0.0125776  -0.0206028 -0.00301007    0.984889
   17.1815  0.00518578 0.000890144  -0.0168387 -0.0061985 0.00712176   0.978541
   17.1873  0.00305525 -0.00550144  -0.0173713 -0.000339126    0.0133473     0.987086
   17.1915  -0.0012058 -0.00922987  -0.0141755 -0.00705299   0.0121266      1.0032
   17.1973 -0.00653213  -0.0097625 -0.00831658 -0.0213352 0.00577899    1.01651
   17.2015 -0.00813002 -0.00709934 -0.00778395  -0.0329319 -0.00142316      1.0176
   17.2073  -0.0059995 -0.00283828  -0.0109797  -0.0339085 -0.00447492     1.00552
   17.2119 -0.000673173  0.000890144   -0.0109797   -0.0251194 -0.000446598     0.990748
   17.2173   0.00412052 -0.000175121   -0.0147082 -0.0127903 0.00675555   0.984035
   17.2214  0.00305525 -0.00550144  -0.0173713 -0.00632057   0.0122487    0.989039
   17.2273 -0.00227107 -0.00763197  -0.0136429 -0.00998268   0.0120046     1.00173
   17.2317 -0.00813002 -0.00709934  -0.0104471 -0.0210911 0.00602313    1.01272
   17.2373  -0.0113258 -0.00550144  -0.0115124  -0.0312229 -0.00239972      1.0126
   17.2414 -0.00653213 -0.00177302  -0.0115124  -0.0312229 -0.00691632     1.00088
   17.2473  0.00198999 0.000357511   -0.012045  -0.0212131 -0.00239972    0.986964
   17.2516 0.000924723 -0.00124039  -0.0184366 -0.0082737 0.00590106   0.981227
   17.2573 -0.00493423 -0.00603408  -0.0184366 -0.00241432   0.0118825    0.988795
   17.2615 -0.00919529  -0.0108278  -0.0141755 -0.00912819   0.0104177     1.00503
   17.2673 -0.0155869 -0.0102951 -0.0125776 -0.0232883 0.00211688    1.01736
   17.2718  -0.0171848 -0.00550144  -0.0109797  -0.0341526 -0.00630597     1.01602
   17.2773  -0.00866266 -0.000707753  -0.00991448  -0.0329319 -0.00899152     1.00308
   17.2816 0.000924724  0.00195541   -0.012045  -0.0206028 -0.00264386    0.987941
   17.2873  0.00358788 0.000357511  -0.0157734 -0.00607643  0.00748797    0.980495
   17.2915  0.00198999 -0.00496881  -0.0163061 0.000515366   0.0139577    0.987208
   17.2973 -0.00173844  -0.0097625  -0.0141755 -0.00583229   0.0124929     1.00198
   17.3016 -0.00759739  -0.0102951  -0.0109797 -0.0201145 0.00553485    1.01492
   17.3071 -0.00759739 -0.00656671 -0.00778395  -0.0319553 -0.00227765     1.01651
   17.3115  -0.0044016 -0.00177302 -0.00778395  -0.0334202 -0.00581769     1.00527
   17.3173 -0.00227107 0.000890144  -0.0131103  -0.0248753 -0.00252179    0.991115
   17.3217  0.00145736 0.000357511  -0.0168387 -0.0126682 0.00455828    0.98318
   17.3273 -0.000673173  -0.00390355   -0.0173713 -0.00595436   0.0105397    0.987575
   17.3314 -0.00866266 -0.00869724  -0.0184366 -0.0101048  0.0100514    1.00198
   17.3373  -0.0123911 -0.00922987  -0.0141755 -0.0218235 0.00468035    1.01504
   17.3418  -0.0107932 -0.00550144 -0.00938185  -0.0320774 -0.00264386      1.0159
   17.3473  -0.00706476 -0.000707753   -0.0104471  -0.0326878 -0.00642804     1.00283
   17.3514 -0.00014054  0.00248804  -0.0115124  -0.0224339 -0.00178937    0.986354
   17.3573  0.00305525 0.000357511  -0.0163061 -0.00839577  0.00773211    0.980861
   17.3614 -0.00014054 -0.00656671  -0.0189692 -0.00204811   0.0148122    0.989039
   17.3673 -0.00493423   -0.011893  -0.0125776 -0.00912819   0.0126149     1.00515
   17.3718  -0.0118585  -0.0113604 -0.00831658 -0.0241428 0.00358172    1.01821
   17.3773  -0.0145216 -0.00709934  -0.0109797  -0.0354954 -0.00520734     1.01712
   17.3818 -0.00546686 -0.00177302 -0.00991448  -0.0346409 -0.00777082     1.00405
    17.387  0.00518578  0.00195541 -0.00884921  -0.0230442 -0.00215558    0.988307
   17.3916  0.00731631 0.000890144  -0.0136429 -0.00876198  0.00699969     0.97964
   17.3973  0.00465315 -0.00443618  -0.0152408 -0.0016819  0.0133473   0.985622
   17.4014 -0.000673173   -0.0097625   -0.0157734 -0.00680885   0.0124929     1.00125
   17.4073 -0.00706476  -0.0108278  -0.0141755 -0.0196262 0.00602313    1.01455
   17.4114  -0.0107932 -0.00656671  -0.0104471 -0.0300022 -0.0016673    1.01712
   17.4174 -0.00706476 -0.00124039 -0.00938185 -0.0309788 -0.0061839    1.00625
   17.4214  -0.0028037 0.000890144  -0.0104471  -0.0232883 -0.00386457    0.990993
   17.4273  0.000392091 -0.000175121   -0.0115124 -0.0114475 0.00321551   0.982326
   17.4316 -0.00014054 -0.00390355  -0.0136429 -0.00509987  0.00980731    0.986354
   17.4371 -0.00653213 -0.00869724  -0.0147082 -0.00937233   0.0101735     1.00161
   17.4415 -0.0129237 -0.0097625 -0.0131103  -0.020969 0.00419207     1.0148
   17.4473  -0.0134563 -0.00603408  -0.0109797  -0.0314671 -0.00325422     1.01492
   17.4517   -0.0044016 -0.000707753  -0.00884922 -0.0320774 -0.0061839    1.00161
   17.4573 -0.000140541   0.00302067   -0.0125776   -0.0221897 -0.000934879     0.985988
   17.4614  0.00358788 0.000357511  -0.0147082 -0.00839577  0.00785418    0.980617
   17.4673  0.00518578 -0.00656671  -0.0125776 -0.00229225    0.014446    0.988795
   17.4717 -0.00333633   -0.011893  -0.0141755 -0.00912819   0.0126149     1.00515
   17.4771 -0.00706476   -0.011893  -0.0104471  -0.024387 0.00370379    1.01821
   17.4814  -0.0059995 -0.00709934 -0.00565342  -0.036594 -0.0049632    1.01748
   17.4873  -0.00653213 -0.000707753  -0.00991448  -0.0354954 -0.00789289     1.00369
   17.4915 -0.00014054  0.00302067  -0.0131103  -0.0235325 -0.00239972    0.987819
   17.4973  0.00625105 0.000357511  -0.0141755 -0.0094944 0.00651141   0.980006
   17.5016 0.000392091 -0.00496881   -0.017904 -0.00265846   0.0126149    0.985866
   17.5073  -0.0059995 -0.00869724  -0.0157734 -0.0074192  0.0118825    1.00088
   17.5115 -0.00919529  -0.0097625   -0.012045 -0.0196262 0.00565692    1.01406
   17.5172  -0.0134563 -0.00656671  -0.0136429  -0.0302464 -0.00227765     1.01602
   17.5214 -0.00972792 -0.00124039  -0.0125776 -0.0314671 -0.0061839    1.00454
   17.5273 -0.00386897  0.00142278  -0.0141755  -0.0228001 -0.00349836    0.989894
   17.5318   -0.0028037 -0.000707753   -0.0189692 -0.0109592 0.00370379    0.98257
   17.5372 -0.00227107 -0.00550144  -0.0173713 -0.00485573   0.0104177    0.987819
   17.5414 -0.00653213 -0.00922987  -0.0141755 -0.00888405   0.0104177     1.00369
   17.5473   -0.013989 -0.00922987   -0.012045  -0.020969 0.00480243    1.01675
   17.5516  -0.0113258 -0.00603408 -0.00831658  -0.0319553 -0.00276593     1.01553
   17.5573  -0.00227107 -0.000707753  -0.00884921  -0.0324436 -0.00642804     1.00137
   17.5616 0.00198999 0.00248804 -0.0136429 -0.0218235 -0.0016673   0.985988
   17.5673   0.00731631 -0.000707753   -0.0136429 -0.00802956  0.00785418    0.980128
   17.5718  0.00731631 -0.00656671  -0.0141755 -0.00192604   0.0149343     0.98733
   17.5771 -0.000673173   -0.0113604   -0.0125776 -0.00876198   0.0129811     1.00381
   17.5814 -0.00493423  -0.0124257 -0.00618606 -0.0236546 0.00431414    1.01797
   17.5873 -0.00919529 -0.00763197 -0.00671869  -0.0353733 -0.00459699     1.01834
   17.5917 -0.00813002 -0.00177302 -0.00938185  -0.0352512 -0.00764875     1.00527
    17.597  0.00198999 0.000890144 -0.00991448  -0.0249973 -0.00264386    0.989162
   17.6015   0.00678368 -0.000175121    -0.012045 -0.0116917 0.00504657   0.980617
   17.6073  0.00145736 -0.00443618  -0.0152408 -0.00363502   0.0105397    0.985866
   17.6116 -0.00546686 -0.00869724  -0.0136429 -0.00729713   0.0109059     1.00064
   17.6173 -0.0102606 -0.0097625 -0.0104471   -0.01926 0.00638934    1.01394
   17.6215  -0.0150542 -0.00603408  -0.0115124   -0.0303684 -0.000934879       1.0159
   17.6271   -0.0123911 -0.000175121    -0.012045  -0.0320774 -0.00459699     1.00479
   17.6314 -0.00493423  0.00142278  -0.0147082 -0.0235325 -0.0016673   0.989894
   17.6373   -0.0012058 -0.000707753    -0.017904 -0.0116917 0.00468035   0.982204
   17.6416 -0.00014054 -0.00550144  -0.0168387 -0.00558815   0.0107839    0.988307
   17.6473 -0.00546686  -0.0102951  -0.0147082 -0.0102268   0.011028    1.00442
   17.6514  -0.0134563 -0.00922987  -0.0109797 -0.0221897 0.00480243    1.01675
   17.6573  -0.0155869 -0.00496881  -0.0104471  -0.0321995 -0.00362043     1.01528
   17.6619  -0.0059995 0.000357511 -0.00991448  -0.0318333 -0.00764875     1.00149
   17.6673 0.00358788 0.00248804 -0.0104471  -0.0204807 -0.00227765    0.985499
   17.6715  0.00784894 -0.00177302  -0.0152408 -0.00558815  0.00712176    0.979762
   17.6773  0.00731631 -0.00709934  -0.0152408 0.000637436   0.0133473    0.987819
   17.6816 -0.00386897  -0.0108278  -0.0136429 -0.00595436   0.0122487     1.00344
   17.6872 -0.0123911 -0.0113604 -0.0109797 -0.0208469 0.00345965    1.01724
   17.6914  -0.0123911 -0.00763197 -0.00725132  -0.0341526 -0.00532941     1.01821
   17.6974 -0.00493423 -0.00177302 -0.00565342   -0.034885 -0.00813703     1.00454
   17.7016  0.00358788 0.000890144 -0.00831658   -0.024509 -0.00398664    0.988673
   17.7073  0.00891421 -0.00177302  -0.0125776 -0.0114475 0.00419207   0.980495
   17.7116  0.00838158 -0.00603408  -0.0141755 -0.00412331   0.0105397    0.985011
   17.7185 -0.00120581 -0.00922987  -0.0163061 -0.00778542   0.0112722    0.999415
   17.7217 -0.00813002  -0.0097625  -0.0141755 -0.0201145 0.00699969    1.01297
   17.7273 -0.00866266 -0.00709934 -0.00831658   -0.031345 0.000407894     1.01602
   17.7315 -0.00546686 -0.00177302 -0.00671869  -0.0328098 -0.00386457     1.00515
   17.7373  -0.0012058 0.000890144  -0.0115124  -0.0247532 -0.00142316    0.990138
   17.7417   0.00305525 -0.000707753   -0.0147082 -0.0131565 0.00553485    0.98257
   17.7473  0.00305525 -0.00496881  -0.0147082 -0.0061985  0.0124929   0.988185
   17.7515 -0.00759739 -0.00869724  -0.0173713 -0.0102268  0.0126149    1.00393
   17.7573   -0.013989 -0.00869724  -0.0136429 -0.0224339 0.00565692    1.01699
   17.7617  -0.0145216 -0.00550144 -0.00884922  -0.0332981 -0.00325422     1.01602
   17.7673   -0.0102606 -0.000175121   -0.0104471  -0.0335423 -0.00752668     1.00235
   17.7718 -0.000673173   0.00302067   -0.0115124  -0.0218235 -0.00252179    0.986476
   17.7771  0.00252262 0.000890144  -0.0147082 -0.00656471  0.00675555    0.979152
   17.7815  -0.0012058 -0.00496881  -0.0189692 0.000759507   0.0132253     0.98611
   17.7873 -0.00866266  -0.0102951  -0.0184366 -0.00485573   0.0121266     1.00247
   17.7915 -0.0123911  -0.011893 -0.0136429 -0.0193821 0.00480243    1.01663
   17.7973  -0.0118585 -0.00763197 -0.00938185  -0.0320774 -0.00337629     1.01773
   17.8016  -0.00706476 -0.000707753  -0.00778395  -0.0337864 -0.00740461     1.00527
   17.8072  0.00145736  0.00142278 -0.00884921  -0.0247532 -0.00410871    0.990382
   17.8114   0.00625105 -0.000175121    -0.012045 -0.0114475 0.00370379   0.982204
   17.8173  0.00412052 -0.00337091  -0.0147082 -0.00424538   0.0101735    0.985499
   17.8214 -0.00120581 -0.00763197  -0.0147082 -0.00790749   0.0112722    0.999904
   17.8273  -0.0028037 -0.00922987 -0.00938185 -0.0186497 0.00699969    1.01309
   17.8317  -0.0059995 -0.00603408 -0.00618606  -0.0295139 0.000285824     1.01504
   17.8374  -0.00653213 -0.000707753  -0.00884921  -0.0321995 -0.00447492     1.00479
   17.8414 0.000392091 0.000890144  -0.0104471   -0.024387 -0.00239972     0.98965
   17.8473   0.00412052 -0.000707753   -0.0131103 -0.0116917 0.00529071   0.981837
   17.8518  0.00145736 -0.00550144  -0.0147082 -0.00424538   0.0126149    0.988307
   17.8572 -0.0059995 -0.0108278 -0.0147082 -0.00925026   0.0129811     1.00515
   17.8614 -0.0134563 -0.0108278 -0.0147082 -0.0232883 0.00565692    1.01797
   17.8673  -0.0129237 -0.00603408  -0.0104471  -0.0350071 -0.00386457     1.01675
   17.8719 -0.00759739 0.000890144 -0.00831658  -0.0353733 -0.00789289     1.00283
   17.8773 -0.00333633   0.0051512  -0.0136429  -0.0240208 -0.00227765    0.986476
   17.8814 0.00412052 0.00195541 -0.0152408 -0.00778542  0.00748797    0.979152
   17.8873  0.00518578 -0.00550144  -0.0141755 0.000759507   0.0138356    0.985744
   17.8918 -0.00546686  -0.0108278  -0.0168387 -0.00461159   0.0129811     1.00186
    17.897 -0.00919529  -0.0124257  -0.0115124 -0.0190159 0.00577899    1.01651
   17.9017 -0.00919529  -0.0081646 -0.00778395  -0.0318333 -0.00325422     1.01846
   17.9073 -0.00706476 -0.00124039  -0.0109797  -0.0337864 -0.00777082      1.0065
   17.9114  0.00252262 0.000890144  -0.0104471  -0.0251194 -0.00423078    0.991115
   17.9173   0.00731631 -0.000707753   -0.0125776  -0.012302 0.00321551   0.982081
   17.9216  0.00358789 -0.00390355  -0.0157734 -0.00473366   0.0094411    0.985622
   17.9273 -0.000673173   -0.0081646   -0.0136429 -0.0074192  0.0106618    0.99966
   17.9314 -0.00493423  -0.0097625 -0.00991448 -0.0176731 0.00675555    1.01297
   17.9373  -0.0107932 -0.00550144 -0.00938185   -0.0286594 -8.03871e-05      1.01553
   17.9415   -0.0059995 -0.000175121  -0.00991448  -0.0311008 -0.00484113     1.00466
   17.9474 0.00198999 0.00195541  -0.012045  -0.0230442 -0.00264386    0.989528
   17.9515  0.00358788 0.000890144  -0.0163061 -0.0112034 0.00480243   0.981837
   17.9573  0.00358788 -0.00443618  -0.0141755 -0.00461159   0.0121266    0.987819
   17.9617 -0.00386897  -0.0097625  -0.0125776 -0.00925026   0.0126149     1.00393
   17.9673  -0.013989 -0.0097625 -0.0125776 -0.0228001 0.00577899    1.01699
   17.9715  -0.0166521 -0.00603408 -0.00884921  -0.0350071 -0.00362043     1.01614
   17.9773   -0.0107932 -0.000707753   -0.0109797  -0.0357395 -0.00862531     1.00296
   17.9817 -0.00120581  0.00248804  -0.0152408   -0.024387 -0.00386457    0.987453
   17.9871   0.00731631 -0.000175121   -0.0152408 -0.00937233  0.00602313    0.979152
   17.9914  0.00784894 -0.00603408  -0.0147082 -0.00107155   0.0128591    0.985133
   17.9973 -0.00014054  -0.0108278  -0.0152408 -0.00546608   0.0121266     1.00112
   18.0015 -0.00653213   -0.011893  -0.0115124  -0.019138 0.00516864    1.01565
   18.0073 -0.00866266 -0.00763197 -0.00778395  -0.0315891 -0.00178937     1.01821
   18.0115 -0.00333633 -0.00177302 -0.00565342  -0.0343967 -0.00508527     1.00686
   18.0173 0.000924724  0.00142278 -0.00991448  -0.0254856 -0.00276593    0.991237
   18.0215   0.00358789 -0.000175121   -0.0141755 -0.0125462 0.00419207   0.982326
   18.0273 0.000924724 -0.00443618  -0.0147082 -0.00571022   0.0107839    0.986476
   18.0315 -0.00919529 -0.00763197  -0.0184366 -0.00839577   0.0118825     1.00088
   18.0373  -0.0129237 -0.00869724  -0.0141755 -0.0188938 0.00687762    1.01406
   18.0416  -0.0145216 -0.00550144 -0.00991448   -0.0295139 -0.000446598      1.01565
   18.0473   -0.0134563 -0.000175121   -0.0125776  -0.0314671 -0.00459699      1.0043
   18.0514 -0.00493423  0.00248804  -0.0125776  -0.0230442 -0.00191144    0.988307
   18.0573 0.000924723 0.000890144  -0.0147082 -0.00973854  0.00565692    0.980861
   18.0617 -0.00333633 -0.00390355  -0.0200345 -0.00217018   0.0128591    0.987453
   18.0673 -0.00493423  -0.0097625  -0.0152408 -0.00729713   0.0122487     1.00405
   18.0717 -0.00706476  -0.0113604 -0.00884922 -0.0219456 0.00431414    1.01797
   18.0771  -0.0102606 -0.00709934 -0.00725132  -0.0346409 -0.00459699     1.01724
   18.0815  -0.0044016 -0.00124039 -0.00565342  -0.0357395 -0.00838117     1.00369
   18.0873  0.00252262  0.00302067 -0.00831658 -0.0252415 -0.0037425    0.98733
   18.0915 0.00625105 0.00195541 -0.0125776 -0.0094944 0.00504657   0.978664
   18.0973  0.00412052 -0.00337091  -0.0147082 -0.000827407    0.0129811     0.984645
   18.1015 -0.000673173  -0.00869724   -0.0152408 -0.00534401   0.0138356     1.00039
   18.1073 -0.00813002  -0.0108278  -0.0136429 -0.0185276  0.0073659    1.01467
   18.1117  -0.0113258 -0.00709934 -0.00991448   -0.0303684 -0.000446598      1.01797
   18.1173 -0.00866266 -0.00390355 -0.00725132  -0.0341526 -0.00423078     1.01553
   18.1214 -0.00546686 -0.00177302 -0.00991448  -0.0273167 -0.00264386     1.00051
   18.1273 -0.00227107 0.000357511  -0.0125776  -0.0204807 -0.00105695    0.985499
   18.1314 -0.00333633 -0.00337091  -0.0163061 -0.0124241 0.00565692   0.988795
   18.1374  -0.0044016 -0.00709934  -0.0200345 -0.00436745   0.0123708    0.992091
   18.1414 -0.00493423  -0.0081646  -0.0131103 -0.0146214  0.0073659    1.00503
   18.1473  -0.0113258 -0.00603408  -0.0109797 -0.0248753 0.00236102    1.01797
   18.1515   -0.0118584 -0.000175121   -0.0136429  -0.0274387 -0.00203351      1.0065
   18.1573 -0.00653213  0.00248804  -0.0115124  -0.0300022 -0.00642804    0.995021
   18.1614  -0.00227107 -0.000175121   -0.0147082 -0.0162083 0.00223895   0.987941
   18.1673  -0.0028037 -0.00550144  -0.0168387 -0.00217018   0.0131032    0.987941
   18.1719 -0.00759739  -0.0097625  -0.0147082 -0.00778542   0.0124929     1.00418
   18.1771 -0.00759739  -0.0113604  -0.0136429 -0.0136448 0.00968524    1.01333
   18.1814  -0.0107932 -0.00763197   -0.012045   -0.026218 0.000652035     1.01333
   18.1873   -0.013989 -0.00390355  -0.0104471  -0.0387913 -0.00838117     1.01333
   18.1915  -0.00493423 -0.000707753   -0.0115124  -0.0284153 -0.00337629    0.997218
   18.1974  0.00678368 0.000357511  -0.0125776  -0.010471 0.00602313   0.979762
   18.2017  0.00678368 -0.00496881  -0.0131103 -0.00192604   0.0126149    0.984889
   18.2073 0.00412052 -0.0081646 -0.0136429 -0.000949478    0.0148122     0.991359
   18.2115 -0.00227107 -0.00922987  -0.0109797 -0.0132786 0.00846453    1.00576
   18.2173 -0.00866266  -0.0102951 -0.00831658 -0.0256077 0.00211688    1.02017
   18.2216 -0.00706476 -0.00496881 -0.00831658  -0.0290257 -0.00227765     1.00967
   18.2274 -0.00546686 0.000357511 -0.00831658  -0.0324436 -0.00667218    0.999171
   18.2314   0.00145735 -0.000707753   -0.0104471  -0.0202366 0.000163754     0.99026
   18.2373  0.00838157 -0.00177302  -0.0125776 -0.00802956  0.00699969    0.981349
   18.2415 -0.000140541  -0.00550144   -0.0131103 -0.0103489 0.00797625   0.995509
   18.2473 -0.00866266 -0.00922987  -0.0136429 -0.0126682 0.00895282    1.00967
   18.2515  -0.0107932 -0.00656671  -0.0131103 -0.0235325 0.00187274    1.01162
   18.2573  -0.0129237 -0.00390355  -0.0125776  -0.0343967 -0.00520734     1.01358
   18.2616 -0.00759739 0.000357512  -0.0157734  -0.0248753 -0.00203351    0.997096
   18.2673  0.00198999 0.000890144  -0.0168387 -0.00790749  0.00577899    0.980739
   18.2719  0.00305525 -0.00603408  -0.0136429 -0.000217056    0.0132253     0.987208
   18.2773 -0.00014054 -0.00922987  -0.0125776 2.70847e-05   0.0160329    0.993556
   18.2814 -0.00759739 -0.00869724  -0.0115124 -0.0142551 0.00809832    1.00784
   18.2873 -0.0150542 -0.0081646 -0.0104471  -0.0285374 0.000163753     1.02212
   18.2915 -0.00919529 -0.00390355 -0.00991448  -0.0312229 -0.00459699     1.00979
   18.2973 -0.00333633 0.000357511 -0.00938185  -0.0339085 -0.00935773    0.997462
   18.3015 -0.00173844  0.00142278  -0.0125776   -0.0195042 -0.000446598     0.987697
   18.3073 -0.00014054  0.00248804  -0.0157734 -0.00509987  0.00846453    0.977931
   18.3115 -0.00333633 -0.00390355  -0.0163061 -0.00790749  0.00919696    0.992335
   18.3173 -0.00653213  -0.0102951  -0.0168387 -0.0107151 0.00992938    1.00674
   18.3218 -0.00493423  -0.0081646   -0.012045 -0.0230442 0.00345965    1.01113
   18.3273 -0.00333633 -0.00603408 -0.00725132  -0.0353733 -0.00301007     1.01553
   18.3315 0.000924723 -0.00337091 -0.00725132  -0.0284153 -0.00178937     1.00039
   18.3373   0.00518578 -0.000707753  -0.00725132   -0.0214573 -0.000568669     0.985255
   18.3417  0.00252262 -0.00390355  -0.0115124 -0.0134006  0.0061452   0.988429
   18.3473 -0.00014054 -0.00709934  -0.0157734 -0.00534401   0.0128591    0.991603
   18.3515  -0.0059995 -0.00763197  -0.0125776   -0.01572 0.00846453    1.00527
   18.3574  -0.0118585  -0.0081646 -0.00938185 -0.026096   0.00407   1.01895
   18.3614 -0.00653213 -0.00337091 -0.00778395  -0.0278049 -0.00178937     1.00735
   18.3673 -0.00120581  0.00142278 -0.00618605  -0.0295139 -0.00764875    0.995753
   18.3717   0.00145736 -0.000707753    -0.012045  -0.0153538 0.000896175    0.987819
   18.3773  0.00412052 -0.00283828   -0.017904 -0.00119362   0.0094411    0.979884
   18.3818 -0.00546686 -0.00709934   -0.017904 -0.00571022  0.00956317    0.995021
   18.3873 -0.0150542 -0.0113604  -0.017904 -0.0102268 0.00968524    1.01016
   18.3915  -0.0150542 -0.00763197  -0.0136429  -0.0237766 0.000285824      1.0126
   18.3973  -0.0150542 -0.00390355 -0.00938185  -0.0373264 -0.00911359     1.01504
   18.4016   -0.0059995 -0.000707753   -0.0109797  -0.0285374 -0.00484113    0.998561
   18.4073 0.00305525 0.00248804 -0.0125776   -0.0197483 -0.000568669     0.982081
   18.4117  0.00305525 -0.00283828  -0.0152408 -0.0110813 0.00687762    0.98611
   18.4173 0.00305525 -0.0081646  -0.017904 -0.00241432   0.0143239    0.990138
   18.4214 -0.00386897 -0.00922987  -0.0147082 -0.0134006 0.00956317    1.00442
   18.4273 -0.0107932 -0.0102951 -0.0115124  -0.024387 0.00480243     1.0187
   18.4318 -0.00759739 -0.00550144 -0.00884921   -0.0286594 -8.03871e-05      1.00906
   18.4371   -0.0044016 -0.000707753  -0.00618605 -0.0329319 -0.0049632   0.999415
   18.4415 0.000924724 -0.00177302 -0.00884921 -0.0208469 0.00138446   0.990504
   18.4473  0.00625105 -0.00283828  -0.0115124 -0.00876198  0.00773211    0.981593
   18.4518 -0.00014054 -0.00656671  -0.0125776  -0.010471 0.00980731   0.995387
   18.4573 -0.00653213  -0.0102951  -0.0136429 -0.0121799  0.0118825    1.00918
   18.4614 -0.00866266 -0.00709934  -0.0104471  -0.024387 0.00248309    1.01138
   18.4673  -0.0107932 -0.00390355 -0.00725132   -0.036594 -0.00691632     1.01358
   18.4718  -0.00173844 -0.000707753  -0.00831658  -0.0265842 -0.00410871    0.997096
   18.4771  0.00731631  0.00248804 -0.00938185  -0.0165745 -0.00130109    0.980617
   18.4814  0.00145736 -0.00230565  -0.0157734 -0.0074192 0.00699969   0.985988
   18.4873  -0.0044016 -0.00709934   -0.022165 0.00173607  0.0153005   0.991359
   18.4918 -0.00706476  -0.0097625  -0.0184366 -0.00436745   0.0126149     1.00027
    18.497 -0.0123911  -0.011893 -0.0147082 -0.0187717 0.00504657    1.01528
   18.5016  -0.0102606 -0.00496881  -0.0115124 -0.0300022 -0.0037425    1.01052
   18.5073 -0.00546686  0.00142278 -0.00831658  -0.0329319 -0.00764875     0.99966
   18.5115  -0.0044016 0.000357511  -0.0141755  -0.0195042 4.16832e-05    0.989528
   18.5173  -0.00333633 -0.000707753   -0.0200345 -0.00607643  0.00773211    0.979396
   18.5215 -0.00386897 -0.00443618  -0.0173713 -0.00815163   0.0094411    0.992702
   18.5273 -0.0044016 -0.0081646 -0.0147082 -0.0102268  0.0111501    1.00601
   18.5316 -0.00386897 -0.00763197 -0.00938185 -0.0210911    0.00407    1.01113
   18.5373 -0.00333633 -0.00709934 -0.00405553  -0.0319553 -0.00301007     1.01626
   18.5417 -0.00120581 -0.00230565 -0.00831658   -0.026096 -0.00203351     1.00039
   18.5477 0.000924723  0.00248804  -0.0125776  -0.0202366 -0.00105695    0.984523
   18.5514 0.000924723 -0.00283828  -0.0136429  -0.012302 0.00651141   0.988429
   18.5573 0.000924723  -0.0081646  -0.0147082 -0.00436745   0.0140798    0.992335
   18.5617 -0.00386897  -0.0097625 -0.00991448 -0.0164524 0.00748797    1.00589
   18.5673 -0.00866266  -0.0113604 -0.00512079  -0.0285374 0.000896175     1.01944
   18.5715 -0.00919529 -0.00390355 -0.00938185  -0.0304905 -0.00435285     1.00759
   18.5773 -0.00972792   0.0035533  -0.0136429  -0.0324436 -0.00960187    0.995753
   18.5815 -0.00227107 0.000890144  -0.0168387   -0.017429 0.000163754    0.986598
   18.5873  0.00518578 -0.00177302  -0.0200345 -0.00241432  0.00992938    0.977443
   18.5915 -0.00120581 -0.00603408  -0.0173713 -0.00632057   0.0106618    0.993312
   18.5973 -0.00759739  -0.0102951  -0.0147082 -0.0102268  0.0113942    1.00918
   18.6016 -0.00919529 -0.00869724  -0.0104471 -0.0240208 0.00272723    1.01333
   18.6073  -0.0107932 -0.00709934 -0.00618605  -0.0378147 -0.00593976     1.01748
   18.6117 -0.00493423 -0.00230565 -0.00884921 -0.0295139  -0.002888    1.00125
   18.6174 0.000924723  0.00248804  -0.0115124  -0.0212131 0.000163753    0.985011
   18.6214  0.00358788 -0.00177302  -0.0131103 -0.0119358 0.00651141   0.987086
   18.6273  0.00625105 -0.00603408  -0.0147082 -0.00265846   0.0128591    0.989162
   18.6315 0.000924724 -0.00709934  -0.0115124 -0.00558815   0.0118825     0.99734
   18.6373  -0.0044016  -0.0081646 -0.00831658 -0.0154758 0.00797625    1.01138
   18.6417 -0.00386897 -0.00443618 -0.00991448  -0.0269505 0.000774105     1.01638
   18.6473  -0.00333633 -0.000707753   -0.0115124  -0.0302464 -0.00459699     1.00772
   18.6515  0.00198999 0.000890144 -0.00991448  -0.0236546 -0.00386457    0.992457
   18.6573  0.00891421 0.000357511 -0.00884922 -0.0120579 0.00150653   0.982692
   18.6618  0.00731631 -0.00496881   -0.012045 -0.00400124  0.00834246    0.985866
   18.6674  -0.0012058 -0.00869724  -0.0125776 -0.00668678   0.0105397     1.00076
   18.6717 -0.00653213  -0.0097625 -0.00884921 -0.0193821 0.00529071     1.0148
   18.6774  -0.0102606 -0.00763197 -0.00778395 -0.0325657 -0.0037425    1.01712
   18.6814  -0.00972792 -0.000707753  -0.00938185  -0.0353733 -0.00899152     1.00601
   18.6873 -0.00120581   0.0035533   -0.012045  -0.0264622 -0.00459699    0.989284
   18.6915 0.000924723  0.00195541  -0.0173713 -0.0115696 0.00553485    0.97964
   18.6973 -0.00120581 -0.00337091  -0.0184366 -0.00180397   0.0138356    0.983913
   18.7019  -0.0059995 -0.00922987  -0.0157734 -0.00522194   0.0146901    0.999415
    18.707 -0.0123911 -0.0113604 -0.0141755 -0.0181614 0.00834246    1.01516
   18.7115  -0.0161195 -0.00869724  -0.0125776  -0.0319553 4.16832e-05     1.01907
   18.7173  -0.0145216 -0.00283828  -0.0125776  -0.0368382 -0.00520734     1.00918
   18.7216 -0.00493423 0.000890144  -0.0104471  -0.0293919 -0.00349836      0.9938
   18.7273 -0.000673173  0.000890144   -0.0141755 -0.0155979 0.00358172   0.982936
   18.7314  0.00145736 -0.00337091  -0.0168387 -0.00509987   0.0101735    0.984645
   18.7372 0.00305525 -0.0097625 -0.0131103 -0.00558815   0.0116384    0.997462
   18.7414 -0.00493423  -0.0108278  -0.0115124 -0.0155979 0.00699969    1.01126
   18.7473 -0.00919529 -0.00763197 -0.00778395   -0.0263401 -0.000812809       1.0159
   18.7516  -0.0028037 -0.00337091 -0.00671869  -0.0302464 -0.00642804     1.00674
   18.7573 0.000924724 0.000357511  -0.0109797  -0.0237766 -0.00532941    0.990626
   18.7615   0.00465315 -0.000175121   -0.0125776 -0.0110813 0.00187274   0.981471
   18.7674  0.00891421 -0.00496881  -0.0109797 -0.00265846   0.0102956    0.985622
    18.772 -0.000673174  -0.00922987   -0.0131103 -0.00607643   0.0120046     1.00076
   18.7772 -0.0113258 -0.0097625 -0.0131103 -0.0198704 0.00529071    1.01565
   18.7814  -0.0123911 -0.00709934 -0.00991448   -0.033176 -0.00410871     1.01748
   18.7873  -0.0107932 -0.00177302  -0.0115124  -0.0356174 -0.00899152     1.00589
   18.7916 -0.00333633  0.00248804  -0.0136429  -0.0265842 -0.00410871    0.989528
    18.797 0.00465315 0.00195541 -0.0157734 -0.0115696 0.00602313   0.979152
   18.8016  0.00145736 -0.00230565  -0.0200345 -0.00143776   0.0134694    0.982448
   18.8073 -0.0059995 -0.0081646 -0.0200345 -0.00412331    0.014446    0.997951
   18.8116 -0.0113258 -0.0113604 -0.0157734 -0.0170628 0.00858661    1.01382
   18.8173 -0.0193153 -0.0081646 -0.0152408   -0.0304905 -8.03871e-05      1.01919
   18.8216  -0.0166521 -0.00230565  -0.0125776  -0.0345188 -0.00532941      1.0104
   18.8273  -0.0044016 0.000890144 -0.00884922 -0.0280491 -0.0037425   0.994655
   18.8317 -0.0012058 0.00142278 -0.0136429 -0.0159641 0.00211688   0.983424
   18.8373 0.000924724 -0.00283828  -0.0157734 -0.00693092  0.00809832    0.984157
   18.8414 -0.000673173  -0.00869724   -0.0131103 -0.00766334   0.0102956    0.996852
   18.8473 -0.00866266 -0.00922987  -0.0115124 -0.0169407 0.00663348    1.01113
   18.8518  -0.0102606 -0.00656671 -0.00778395   -0.0281712 -0.000568668      1.01577
   18.8574 -0.00653213 -0.00230565 -0.00512079  -0.0325657 -0.00581769     1.00686
   18.8613 -0.000673173  0.000890144  -0.00831658   -0.026096 -0.00447492    0.991481
   18.8674   0.00625105 -0.000707753   -0.0115124 -0.0131565 0.00248309   0.981715
   18.8718  0.00678368 -0.00496881  -0.0131103 -0.00412331   0.0107839     0.98611
   18.8773 0.000392091  -0.0097625  -0.0136429 -0.00680885   0.0132253     1.00161
   18.8816 -0.00759739   -0.011893  -0.0109797 -0.0195042 0.00724383    1.01553
   18.8873  -0.0118585  -0.0081646 -0.00831658  -0.0329319 -0.00215558     1.01809
   18.8915 -0.00706476 -0.00283828 -0.00565342  -0.0358616 -0.00740461     1.00747
   18.8973  0.00198999 0.000890144 -0.00778395  -0.026096 -0.0037425   0.990993
   18.9014 0.00252262 0.00195541 -0.0157734 -0.0108372 0.00529071   0.980617
   18.9073 -0.00227107 -0.00177302  -0.0205671 -0.000339126    0.0128591     0.983913
   18.9117 -0.00227107 -0.00869724  -0.0163061 -0.00180397   0.0137136    0.998073
   18.9171 -0.00706476  -0.0108278  -0.0115124 -0.0142551 0.00761004    1.01309
   18.9216  -0.0150542 -0.00709934  -0.0109797   -0.0280491 -0.000812809      1.01785
   18.9274  -0.0123911 -0.00230565 -0.00938185  -0.0329319 -0.00642804     1.00894
   18.9314 -0.00653213  0.00195541  -0.0125776  -0.0271946 -0.00581769    0.994166
   18.9373 -0.00546686  0.00248804  -0.0184366    -0.01572 0.000407894    0.983424
   18.9417 -0.00173844 -0.00177302  -0.0163061 -0.00705299  0.00748797    0.984035
   18.9473 -0.00333633 -0.00763197  -0.0152408 -0.0074192  0.0101735   0.996974
   18.9514  -0.0113258 -0.00922987  -0.0152408 -0.0171848 0.00687762    1.01187
   18.9573  -0.0118585 -0.00656671 -0.00831658  -0.0292698 0.000285824     1.01675
   18.9617 -0.00866266 -0.00230565 -0.00778395   -0.033176 -0.00447492     1.00747
   18.9674 -0.0044016 0.00195541 -0.0136429 -0.026096 -0.002888  0.990871
   18.9717  0.00305525 0.000890144  -0.0141755 -0.0131565 0.00553485   0.981105
   18.9772  0.00678368 -0.00496881  -0.0136429 -0.00326881   0.0142018    0.985499
   18.9815 0.00198999 -0.0102951  -0.012045 -0.00522194   0.0155446     1.00088
   18.9873 -0.00493423   -0.011893 -0.00778395  -0.019138 0.00883075    1.01577
   18.9916 -0.00813002 -0.00869724 -0.00725132  -0.0334202 -0.00142316     1.01895
   18.9973 -0.00546686 -0.00337091 -0.00831658  -0.0369602 -0.00703839     1.00857
   19.0017 0.000924724 0.000890144 -0.00991448  -0.0280491 -0.00435285    0.991725
   19.0072 0.00465315 0.00195541 -0.0141755 -0.0129124 0.00358172    0.98025
   19.0116  0.00305525 -0.00177302  -0.0173713 -0.00217018   0.0116384    0.982448
   19.0173 -0.00227107  -0.0081646  -0.0157734 -0.00314674    0.012737    0.996364
   19.0215 -0.0102606 -0.0108278 -0.0131103 -0.0142551 0.00675555    1.01113
   19.0273   -0.013989 -0.00869724  -0.0115124   -0.0270725 -0.000812809      1.01712
   19.0317 -0.00919529 -0.00390355  -0.0104471  -0.0323215 -0.00655011     1.00967
   19.0371   -0.0044016 -0.000175121   -0.0131103  -0.0273167 -0.00630597    0.994777
   19.0415 -0.000673173 -0.000707753   -0.0136429  -0.0159641 4.16832e-05    0.984035
   19.0473 0.000392091 -0.00390355  -0.0125776 -0.00656471  0.00724383    0.984645
   19.0516 -0.00546686  -0.0081646  -0.0157734 -0.00656471   0.0104177    0.997462
   19.0574  -0.0118585 -0.00922987  -0.0141755 -0.0164524 0.00797625    1.01187
   19.0615  -0.0118585 -0.00603408 -0.00938185 -0.0287815 0.00101825    1.01638
   19.0674 -0.00386897 -0.00177302 -0.00618606 -0.0326878 -0.0049632    1.00735
   19.0719  0.00305525  0.00142278 -0.00831658  -0.0251194 -0.00313215    0.991115
   19.0769  0.00678368 0.000357511  -0.0141755 -0.0116917 0.00468035   0.981349
   19.0815  0.00838158 -0.00443618  -0.0147082 -0.00241432   0.0128591    0.985499
   19.0874 -0.00014054  -0.0102951  -0.0147082 -0.00485573   0.0148122     1.00015
   19.0917 -0.00972792   -0.011893   -0.012045 -0.0184055 0.00773211    1.01541
   19.0974  -0.0123911 -0.00763197 -0.00778395   -0.033054 -0.00276593     1.01956
   19.1014  -0.0102606 -0.00177302 -0.00938185  -0.0373264 -0.00862531     1.00918
   19.1073 -0.0028037 0.00248804 -0.0131103  -0.0292698 -0.00545148    0.992457
   19.1116 0.00412052 0.00248804 -0.0136429 -0.0151096 0.00297137   0.980495
   19.1173  0.00198999 -0.00124039  -0.0163061 -0.00485573   0.0101735    0.981715
   19.1215 -0.00493423 -0.00709934  -0.0184366 -0.00571022   0.0121266    0.995509
   19.1274 -0.0107932 -0.0102951 -0.0141755 -0.0162083 0.00797625    1.01089
   19.1315 -0.0134563 -0.0081646  -0.012045  -0.0287815 0.000652035     1.01687
   19.1373  -0.0118585 -0.00337091   -0.012045  -0.0335423 -0.00459699     1.00955
   19.1415  -0.0059995 0.000357511   -0.012045 -0.0274387 -0.0037425   0.994655
   19.1473 -0.000673173  0.000890144   -0.0131103 -0.0154758 0.00187274   0.984035
   19.1517  0.00145736 -0.00337091  -0.0147082 -0.00571022  0.00858661    0.985133
   19.1574  0.00198999 -0.00922987  -0.0125776 -0.00571022   0.0116384    0.997951
   19.1614 -0.00759739  -0.0102951  -0.0125776 -0.0153538 0.00809832    1.01297
   19.1674  -0.0129237 -0.00709934  -0.0115124  -0.0271946 0.000163754     1.01712
    19.172 -0.00333633 -0.00337091 -0.00565342   -0.031345 -0.00642804     1.00723
   19.1772  0.00412052 0.000357511 -0.00884922  -0.0241428 -0.00508527    0.990748
   19.1815 0.00891421 0.00142278 -0.0131103 -0.0101048 0.00248309    0.98025
   19.1873   0.0105121 -0.00390355   -0.012045 2.70847e-05   0.0107839    0.983424
   19.1915 -0.000140541  -0.00922987   -0.0141755 -0.00278053   0.0133473    0.998805
   19.1973 -0.00866266  -0.0108278  -0.0125776 -0.0159641  0.0073659    1.01492
   19.2014 -0.00866266 -0.00869724 -0.00725132  -0.0303684 -0.00252179     1.01956
   19.2073  -0.0107932 -0.00283828  -0.0109797  -0.0358616 -0.00813703     1.01004
   19.2115 -0.00706476  0.00195541  -0.0147082  -0.0293919 -0.00508527    0.993556
   19.2173 0.00252262 0.00195541 -0.0125776 -0.0160862 0.00260516   0.981471
   19.2217 0.000392091 -0.00283828  -0.0157734 -0.00571022   0.0107839    0.982204
   19.2273 -0.00546686  -0.0081646  -0.0168387 -0.00644264   0.0143239    0.995387
   19.2315  -0.0107932 -0.00922987  -0.0141755 -0.0165745  0.0100514    1.01028
   19.2373  -0.0177174 -0.00656671  -0.0152408 -0.0282932  0.0028493    1.01675
   19.2416  -0.0129237 -0.00283828  -0.0109797  -0.0334202 -0.00215558     1.01016
   19.2474 -0.00386897 0.000890144 -0.00831658  -0.0286594 -0.00191144    0.995509
   19.2514 0.000924723 0.000357511   -0.012045 -0.0173069 0.00358172   0.984279
   19.2573  0.00252262 -0.00443618  -0.0136429 -0.00815163  0.00992938    0.985133
   19.2616 -0.000673173  -0.00922987   -0.0131103 -0.00815163   0.0121266    0.998439
   19.2674 -0.00706476  -0.0113604  -0.0109797 -0.0179173 0.00773211    1.01321
   19.2717  -0.0113258 -0.00763197 -0.00884922  -0.0297581 -0.00130109     1.01699
   19.2773 -0.00493423 -0.00230565 -0.00831658   -0.033176 -0.00838117     1.00613
   19.2817   0.00465315 -0.000175121  -0.00884922  -0.0248753 -0.00606183    0.989284
   19.2873   0.00891421 -0.000175121   -0.0109797 -0.00973854  0.00272723    0.979152
   19.2915  0.00891421 -0.00443618  -0.0141755 0.000881577   0.0111501     0.98318
   19.2973 0.00145736 -0.0108278 -0.0147082 -0.00143776   0.0126149    0.998561
   19.3017 -0.00759739  -0.0129583   -0.012045 -0.0151096 0.00602313    1.01419
   19.3072  -0.0123911 -0.00922987 -0.00938185  -0.0301243 -0.00301007      1.0198
   19.3116  -0.0102606 -0.00283828 -0.00884922  -0.0353733 -0.00874738     1.01052
   19.3173 -0.00493423  0.00195541  -0.0109797 -0.0280491 -0.0061839   0.993922
   19.3215 0.00198999 0.00195541 -0.0131103 -0.0144993 0.00223895   0.981837
   19.3273  0.00252262 -0.00124039  -0.0141755 -0.00461159   0.0104177    0.982448
   19.3317 -0.00546686 -0.00550144  -0.0152408 -0.00448952   0.0135915    0.995631
   19.3372 -0.00919529 -0.00922987  -0.0125776 -0.0143772  0.0102956    1.01101
   19.3415  -0.0123911 -0.00709934  -0.0104471 -0.0276829 0.00358172    1.01773
   19.3473  -0.0118584 -0.00177302 -0.00991448  -0.0340305 -0.00227765     1.01089
   19.3515 -0.00493423 0.000890144 -0.00884922  -0.0295139 -0.00252179    0.995387
   19.3573 0.000924723 0.000890144  -0.0115124 -0.0181614 0.00272723    0.98318
   19.3615 0.000924723 -0.00283828  -0.0141755 -0.00851784  0.00968524    0.984279
   19.3674 -0.00333633 -0.00869724  -0.0152408 -0.00754127   0.0128591    0.997829
   19.3716 -0.00706476  -0.0108278  -0.0115124  -0.017551 0.00748797    1.01284
   19.3774  -0.0107932 -0.00709934 -0.00778395  -0.0306126 -0.00178937      1.0176
   19.3816 -0.00706476 -0.00177302 -0.00725132  -0.0342747 -0.00801496     1.00796
   19.3873  0.00198999  0.00142278 -0.00831658  -0.026096 -0.0061839   0.990748
   19.3917 0.00784894 0.00142278  -0.012045 -0.0109592 0.00297137   0.980006
   19.3972  0.00891421 -0.00390355  -0.0136429 0.000759507   0.0118825    0.983302
   19.4015 0.000924724  -0.0102951  -0.0147082 -0.000461197    0.0135915     0.997218
   19.4073 -0.00972792  -0.0113604  -0.0141755 -0.0137669  0.0073659    1.01284
   19.4116 -0.00972792 -0.00869724 -0.00831658 -0.0285374 -0.0016673    1.01907
   19.4173  -0.0044016 -0.00390355 -0.00512079  -0.0342747 -0.00716047     1.01089
   19.4216 -0.0044016 0.00195541 -0.0115124  -0.0286594 -0.00520734    0.995143
   19.4273 -0.000140541   0.00302067   -0.0147082 -0.0163303 0.00175067   0.983302
   19.4318  0.00145736 -0.00177302  -0.0168387 -0.00632057  0.00919696     0.98318
   19.4373  -0.0059995 -0.00709934  -0.0205671 -0.00583229   0.0117604    0.995387
   19.4415 -0.00866266 -0.00869724  -0.0141755 -0.0149876 0.00822039    1.01016
   19.4473  -0.0118585 -0.00603408  -0.0104471 -0.0274387 0.00199481    1.01614
   19.4518  -0.0129237 -0.00177302  -0.0125776  -0.0336643 -0.00349836     1.00918
   19.4573 -0.00173844 0.000357511 -0.00991448 -0.0287815  -0.002888   0.994166
   19.4616   0.00465315 -0.000707753   -0.0109797 -0.0166965 0.00309344   0.982692
   19.4674 -0.00173844 -0.00443618  -0.0184366 -0.00680885   0.0104177    0.984157
   19.4718 -0.00813002  -0.0102951   -0.017904 -0.00705299   0.0135915    0.998805
   19.4772 -0.0118585 -0.0124257 -0.0131103 -0.0176731 0.00797625    1.01443
   19.4814  -0.0123911 -0.00869724 -0.00884922  -0.0317112 -0.00239972     1.01846
   19.4874 -0.00493423 -0.00390355 -0.00405553  -0.0364719 -0.00886945     1.00808
   19.4918  0.00145736 0.000890144 -0.00778395  -0.0274387 -0.00581769    0.991359
   19.4973 0.00465315 0.00195541  -0.012045 -0.0121799 0.00297137    0.98025
   19.5017  0.00838158 -0.00337091  -0.0104471 -0.000583267    0.0113942     0.982204
   19.5074 -0.000140541  -0.00869724   -0.0141755 -0.00119362   0.0139577    0.996242
   19.5117 -0.0118585 -0.0102951 -0.0163061 -0.0132786 0.00797625    1.01235
   19.5174  -0.0113258  -0.0081646 -0.00991448  -0.0281712 -0.00117902     1.01968
   19.5215 -0.00706476 -0.00283828 -0.00618605   -0.034885 -0.00667218     1.01248
   19.5273 -0.00120581 0.000890144 -0.00618605  -0.0293919 -0.00545148    0.996608
   19.5315  0.00571841 0.000890144 -0.00884921 -0.0169407 0.00101825   0.984035
   19.5373  0.00625105 -0.00230565  -0.0147082 -0.00656471  0.00822039     0.98318
   19.5419  0.00198999 -0.00709934  -0.0163061 -0.00571022   0.0117604    0.994289
   19.5472 -0.0028037 -0.0097625  -0.012045 -0.0143772 0.00931903    1.00881
   19.5515 -0.00706476 -0.00763197 -0.00938185 -0.0267063  0.0028493    1.01614
   19.5574  -0.0059995 -0.00337091 -0.00884922  -0.0329319 -0.00264386     1.01028
   19.5616  -0.00173844 -0.000707753    -0.012045  -0.0286594 -0.00301007    0.995631
   19.5674   0.00145736 -0.000175121   -0.0163061 -0.0166965 0.00248309   0.983546
   19.5718  0.00412052 -0.00337091  -0.0168387 -0.00595436   0.0104177    0.984157
   19.5774 -0.000140541  -0.00922987   -0.0157734 -0.00571022   0.0135915    0.998073
   19.5813 -0.0107932 -0.0113604 -0.0141755 -0.0166965 0.00870868    1.01358
   19.5872  -0.0150542 -0.00763197 -0.00938185   -0.0307346 -0.000934879      1.01834
   19.5915  -0.0129237 -0.00177302 -0.00884922  -0.0358616 -0.00838117     1.00918
   19.5973 -0.0059995 0.00302067  -0.012045  -0.0276829 -0.00642804     0.99258
   19.6019 0.00252262 0.00302067 -0.0125776 -0.0126682 0.00248309   0.980372
   19.6074  0.00465315 -0.00230565  -0.0141755 -0.000827407    0.0109059     0.980983
   19.6116 -0.0012058 -0.0081646 -0.0157734 -0.000583267    0.0131032     0.994533
   19.6174 -0.00653213  -0.0113604  -0.0131103 -0.012302 0.0073659   1.01138
   19.6215 -0.00972792  -0.0097625 -0.00991448   -0.0268284 -0.000690739      1.01858
   19.6273  -0.0129237 -0.00390355  -0.0131103 -0.0337864 -0.0061839    1.01162
   19.6315 -0.000673173  0.000357511  -0.00778395  -0.0291477 -0.00606183     0.99673
   19.6373   0.0105121 0.000357511 -0.00618606  -0.0176731 0.000529964    0.984523
   19.6418  0.00731631 -0.00337091  -0.0141755 -0.00778542  0.00809832    0.983058
   19.6474 0.00358788 -0.0081646 -0.0136429 -0.00656471    0.011028    0.994411
   19.6516 -0.00227107  -0.0102951  -0.0104471 -0.0152317 0.00858661    1.00955
   19.6574  -0.0107932 -0.00763197  -0.0109797 -0.0275608 0.00260516    1.01651
   19.6615 -0.00972792 -0.00230565  -0.0109797  -0.0336643 -0.00313215     1.00943
   19.6674 -0.00227107 0.000890144  -0.0115124  -0.0282932 -0.00362043    0.993678
    19.672 0.000392091 0.000357511  -0.0157734   -0.01572 0.00248309   0.982448
   19.6771 -0.000140541  -0.00390355   -0.0147082 -0.00534401   0.0111501    0.983913
   19.6814  -0.0059995 -0.00922987  -0.0136429 -0.00571022   0.0143239    0.998195
   19.6873 -0.0123911 -0.0113604 -0.0131103  -0.017551 0.00822039    1.01419
   19.6915  -0.0145216 -0.00869724  -0.0104471  -0.0315891 -0.00203351     1.01944
   19.6973 -0.00972792 -0.00230565 -0.00991448  -0.0364719 -0.00874738     1.00979
   19.7016 -0.000673173   0.00142278   -0.0109797  -0.0287815 -0.00716047    0.992702
   19.7073  0.00358788 0.000890144  -0.0147082  -0.014011 0.00138446   0.980617
   19.7116  0.00571841 -0.00230565  -0.0157734 -0.00192604   0.0101735    0.980739
   19.7173 0.00465315 -0.0081646 -0.0136429 -0.00143776   0.0126149    0.993922
   19.7217 -0.00333633  -0.0108278   -0.012045 -0.0121799 0.00797625    1.01028
   19.7273 -0.00972792 -0.00869724  -0.0109797   -0.026218 0.000285824     1.01821
   19.7316 -0.00759739 -0.00443618 -0.00938185  -0.0336643 -0.00557355     1.01211
   19.7374  -0.00227107 -0.000175121  -0.00991448  -0.0292698 -0.00532941     0.99734
   19.7414  0.00252262 0.000890144  -0.0131103   -0.017429 0.000529964    0.985255
   19.7473  0.00412052 -0.00230565  -0.0147082 -0.0074192 0.00761004   0.983668
   19.7518 0.000392091 -0.00709934  -0.0152408 -0.00595436   0.0116384    0.994655
   19.7574 -0.0044016 -0.0102951 -0.0136429 -0.0144993 0.00919696    1.00967
   19.7614 -0.00759739 -0.00869724 -0.00938185 -0.0269505 0.00272723    1.01675
   19.7674 -0.00706476 -0.00337091 -0.00778395  -0.0328098 -0.00301007     1.00979
   19.7721 -0.000140541  0.000890144  -0.00725132  -0.0275608 -0.00325422    0.994289
   19.7772 0.00358788 0.00142278  -0.012045 -0.0149876 0.00321551   0.982204
   19.7815 0.000924724 -0.00283828  -0.0168387 -0.00424538   0.0115163    0.983546
   19.7873 -0.00333633 -0.00922987  -0.0157734 -0.00448952    0.014446    0.998195
   19.7916 -0.0123911 -0.0108278 -0.0141755 -0.0166965 0.00834246    1.01394
   19.7973  -0.0193153 -0.00656671  -0.0136429   -0.031345 -0.00178937     1.01882
   19.8015  -0.0123911 -0.00283828  -0.0104471  -0.0369602 -0.00838117     1.00967
   19.8074  -0.0012058 0.000890144 -0.00831658   -0.029636 -0.00642804    0.993434
   19.8119 0.000924724  0.00248804  -0.0141755 -0.0149876  0.0016286   0.980739
   19.8171  0.00358789 -0.00177302  -0.0163061 -0.00351295   0.0102956    0.980372
   19.8216 -0.00014054 -0.00709934  -0.0173713 -0.00339088   0.0129811    0.993434
   19.8274 -0.00866266  -0.0097625  -0.0163061 -0.0136448 0.00834246    1.00979
   19.8315 -0.00759739 -0.00869724 -0.00831658 -0.0265842 0.00101825    1.01748
   19.8373 -0.00546686 -0.00443618 -0.00512079  -0.0332981 -0.00508527      1.0115
   19.8415  -0.00333633 -0.000707753  -0.00831658 -0.0293919 -0.0049632   0.997462
   19.8472  0.00465315 -0.00124039 -0.00884921  -0.0180393 0.000285824    0.985744
   19.8515  0.00678368 -0.00443618   -0.012045 -0.00754127   0.0073659    0.984401
   19.8574 -0.00173844 -0.00763197  -0.0173713 -0.00583229   0.0117604    0.995387
   19.8617 -0.00493423  -0.0102951  -0.0131103  -0.014011 0.00980731    1.01065
   19.8674 -0.00972792  -0.0081646  -0.0104471 -0.0263401  0.0028493    1.01797
   19.8717  -0.0129237 -0.00230565  -0.0104471  -0.0329319 -0.00435285     1.01016
   19.8773 -0.00546686  0.00195541 -0.00884922  -0.0273167 -0.00484113     0.99319
   19.8816 0.000392091  0.00302067  -0.0152408 -0.0137669 0.00223895   0.981349
   19.8874  0.00145736 -0.00124039  -0.0189692 -0.00265846   0.0115163    0.982692
   19.8916 -0.00227107 -0.00869724  -0.0157734 -0.00314674    0.014568    0.996974
   19.8974 -0.00759739  -0.0124257  -0.0136429 -0.0153538 0.00870868    1.01394
   19.9016  -0.0129237 -0.00922987  -0.0115124   -0.0311008 -0.000934879      1.02017
   19.9072 -0.00919529 -0.00283828 -0.00725132  -0.0380589 -0.00764875     1.01101
   19.9115 0.000924724 0.000890144 -0.00725132  -0.0309788 -0.00655011    0.994044
   19.9174 0.00412052 0.00142278 -0.0131103 -0.0165745 0.00138446   0.981227
   19.9217  0.00625105 -0.00177302  -0.0152408 -0.00448952   0.0104177    0.979884
   19.9274  0.00358788 -0.00709934  -0.0173713 -0.00326881   0.0135915     0.99258
   19.9317 -0.00333633  -0.0102951  -0.0152408 -0.0129124 0.00919696    1.00918
   19.9373 -0.00653213 -0.00869724 -0.00938185 -0.0258518 0.00211688    1.01748
   19.9417 -0.00653213 -0.00390355 -0.00884922  -0.0324436 -0.00337629     1.01248
   19.9475  -0.00386897 -0.000175121  -0.00991448  -0.0285374 -0.00362043    0.997829
   19.9515  0.00198999 0.000357511  -0.0109797   -0.017551 0.000652035    0.985988
   19.9574  0.00305525 -0.00337091  -0.0136429 -0.00802956  0.00748797    0.984523
   19.9617 -0.00333633  -0.0081646  -0.0163061 -0.00680885   0.0121266    0.995265
   19.9674 -0.00813002  -0.0102951  -0.0136429 -0.0146214 0.00907489    1.01065
   19.9716  -0.0134563 -0.00709934  -0.0125776 -0.0267063  0.0016286    1.01712
   19.9773  -0.0107932 -0.00124039  -0.0115124  -0.0328098 -0.00545148     1.00881
   19.9815  -0.0012058  0.00248804 -0.00991448  -0.0274387 -0.00557355    0.992457
   19.9874 0.00198999 0.00195541 -0.0141755 -0.0141331 0.00187274   0.980983
   19.9917 0.000924724 -0.00283828  -0.0152408 -0.00314674   0.0112722    0.982326
   19.9974 -0.00493423  -0.0081646  -0.0141755 -0.00363502   0.0146901     0.99612
   20.0015 -0.0118585 -0.0113604 -0.0131103   -0.01572 0.00870868    1.01272
   20.0074  -0.0161195 -0.00922987  -0.0109797   -0.0312229 -0.000934879      1.01968
   20.0115   -0.013989 -0.00337091 -0.00991448  -0.0374485 -0.00801496     1.01199
   20.0174  -0.0044016 0.000890144 -0.00938185  -0.0309788 -0.00679425    0.995631
   20.0218 0.000924723  0.00248804  -0.0136429  -0.0170628 0.000285824    0.982081
   20.0271  0.00465315 -0.00124039  -0.0152408 -0.00485573  0.00846453    0.980861
   20.0315  0.00198999 -0.00763197  -0.0147082 -0.00314674    0.012737    0.992702
   20.0373 -0.00546686  -0.0097625  -0.0136429 -0.0120579 0.00968524    1.00881
   20.0415 -0.00759739  -0.0081646 -0.00831658 -0.0252415 0.00272723    1.01748
   20.0474  -0.0059995 -0.00496881 -0.00725132  -0.0320774 -0.00398664     1.01223
   20.0518  0.00252262 -0.00124039 -0.00618606  -0.0282932 -0.00484113    0.997462
   20.0574   0.00625105 -0.000175121  -0.00831658  -0.0177952 0.000529964    0.984889
   20.0615  0.00252262 -0.00337091  -0.0152408 -0.00766334  0.00761004     0.98379
   20.0674 0.000392091  -0.0081646  -0.0152408 -0.00571022   0.0115163    0.995387
    20.072 -0.00333633  -0.0108278  -0.0109797 -0.0142551 0.00895282     1.0115
   20.0771 -0.00972792 -0.00869724 -0.00778395 -0.0278049 0.00138446    1.01846
   20.0815 -0.00972792 -0.00230565 -0.00778395 -0.0350071 -0.0061839    1.01028
   20.0874 -0.00227107  0.00195541  -0.0109797  -0.0290257 -0.00655011    0.994166
   20.0916 0.00252262 0.00142278 -0.0157734 -0.0146214 0.00199481   0.982204
   20.0974  0.00198999 -0.00177302  -0.0189692 -0.00253639   0.0116384    0.981959
   20.1015 -0.00386897 -0.00709934  -0.0184366 -0.00180397   0.0146901    0.994655
   20.1073 -0.0123911 -0.0102951 -0.0163061 -0.0137669 0.00907489    1.01174
   20.1118 -0.0161195 -0.0081646 -0.0115124   -0.0293919 -0.000202457      1.01992
   20.1171   -0.013989 -0.00230565 -0.00884922  -0.0368382 -0.00691632     1.01309
   20.1218 -0.00813002  0.00248804 -0.00991448  -0.0318333 -0.00630597    0.996486
   20.1274 -0.00493423  0.00302067  -0.0147082 -0.0182835 0.00101825   0.983058
   20.1315 -0.000140541  -0.00124039   -0.0163061 -0.00607643  0.00834246    0.981227
   20.1374 -0.000140541  -0.00709934   -0.0141755 -0.00363502   0.0120046    0.991847
   20.1417 -0.0059995 -0.0097625 -0.0131103 -0.0120579 0.00968524    1.00772
   20.1474 -0.00706476 -0.00922987 -0.00884921  -0.024387 0.00358172    1.01699
   20.1515 -0.00653213 -0.00496881 -0.00671869  -0.0312229 -0.00203351      1.0126
   20.1574 -0.00173844 0.000357511 -0.00778395  -0.0287815 -0.00349836    0.998073
   20.1616  0.00412052 0.000890144 -0.00991448  -0.0186497 0.000652035    0.985255
   20.1674  0.00412052 -0.00283828  -0.0147082 -0.00802956  0.00809832     0.98379
   20.1718 -0.00014054 -0.00763197  -0.0157734 -0.00546608   0.0122487    0.995509
   20.1774 -0.00333633   -0.011893 -0.00991448 -0.0144993 0.00870868     1.0115
   20.1816 -0.00759739  -0.0108278 -0.00458816  -0.0284153 0.000529964     1.01834
   20.1873  -0.0118585 -0.00337091 -0.00884921  -0.0351292 -0.00703839     1.01016
   20.1915 -0.00546686  0.00195541   -0.012045  -0.0297581 -0.00642804    0.993556
   20.1974 0.00198999 0.00142278 -0.0152408 -0.0148655 0.00175067   0.980617
   20.2017 -0.00014054 -0.00230565  -0.0210998 -0.00204811   0.0113942    0.980617
   20.2074 -0.00227107  -0.0081646   -0.017904 -0.00192604   0.0153005    0.994411
   20.2115 -0.00919529  -0.0113604  -0.0168387 -0.0136448 0.00919696    1.01174
   20.2174  -0.0171848 -0.00869724  -0.0147082   -0.0286594 -8.03871e-05      1.02017
   20.2215  -0.0129237 -0.00443618 -0.00831658  -0.0359837 -0.00642804     1.01333
   20.2274 -0.00706476 0.000357511  -0.0104471   -0.031345 -0.00642804    0.997096
   20.2316 -0.00493423   0.0035533  -0.0168387   -0.0182835 -8.03871e-05      0.98318
   20.2372   0.00412052 -0.000707753   -0.0152408 -0.00644264  0.00846453    0.980861
   20.2414  0.00412052 -0.00709934  -0.0147082 -0.00387917   0.0126149    0.991237
   20.2474 -0.00386897  -0.0102951  -0.0141755 -0.0119358  0.0094411    1.00637
   20.2516  -0.0044016 -0.00922987 -0.00618606 -0.024509 0.0028493    1.0159
   20.2574 -0.00759739 -0.00390355 -0.00618606  -0.0317112 -0.00337629     1.01162
   20.2617 -0.00333633 0.000890144 -0.00884921  -0.0286594 -0.00423078    0.996974
   20.2674  0.00731631 0.000357511 -0.00831658 -0.0173069 0.00126239   0.984401
   20.2717  0.00678368 -0.00390355  -0.0136429 -0.00680885  0.00883075    0.983424
   20.2774 -0.000140541  -0.00869724   -0.0168387 -0.00558815   0.0126149    0.994899
   20.2817 -0.0044016 -0.0124257 -0.0131103 -0.0148655 0.00858661    1.01126
   20.2874 -0.00919529  -0.0108278  -0.0109797  -0.0281712 0.000163754     1.01931
   20.2915  -0.0118585 -0.00390355   -0.012045   -0.034763 -0.00655011      1.0115
   20.2974 -0.00227107  0.00142278 -0.00938185 -0.0291477 -0.0061839   0.994533
   20.3016 0.00252262 0.00248804 -0.0136429 -0.0154758 0.00150653   0.982081
   20.3074 -0.000673173  -0.00124039   -0.0195019 -0.00326881    0.011028    0.981593
   20.3116 -0.00227107 -0.00869724  -0.0147082 -0.00180397   0.0146901    0.992946
   20.3174 -0.0102606 -0.0113604 -0.0147082 -0.0126682  0.0094411     1.0093
   20.3216  -0.0171848 -0.00869724  -0.0136429  -0.0274387 0.000896175     1.01882
   20.3274  -0.0145216 -0.00390355 -0.00831658  -0.0351292 -0.00545148     1.01345
   20.3317 -0.00866266 0.000890144  -0.0104471  -0.0314671 -0.00581769    0.997829
   20.3374 -0.0044016 0.00142278 -0.0141755  -0.0196262 4.16832e-05    0.984523
   20.3415 0.000924724 -0.00230565  -0.0147082 -0.00802956  0.00724383    0.982448
   20.3474  -0.0012058 -0.00656671  -0.0168387 -0.00509987   0.0112722    0.992457
   20.3516 -0.00706476 -0.00869724  -0.0147082 -0.0124241 0.00931903    1.00735
   20.3574 -0.00759739 -0.00869724 -0.00831658  -0.024509 0.00333758    1.01638
   20.3614 -0.00706476 -0.00443618 -0.00778395 -0.0318333  -0.002888     1.0115
   20.3674 -0.00227107 0.000357511 -0.00991448  -0.0291477 -0.00471906    0.996486
    20.372   0.00358788 -0.000175121   -0.0109797   -0.0181614 -8.03873e-05     0.984035
   20.3774  0.00571841 -0.00390355  -0.0131103 -0.00632057  0.00834246    0.983058
    20.382 0.000392091  -0.0081646  -0.0131103 -0.00461159   0.0138356    0.995387
   20.3873 -0.00759739  -0.0108278  -0.0109797 -0.0153538  0.0100514    1.01174
   20.3916  -0.0113258 -0.00922987 -0.00991448   -0.029636 0.000774105     1.01907
   20.3973  -0.0107932 -0.00337091 -0.00884922  -0.0359837 -0.00691632      1.0115
   20.4016 -0.00546686  0.00195541  -0.0109797  -0.0300022 -0.00667218    0.994899
   20.4074 -0.00014054  0.00248804  -0.0157734 -0.0154758 0.00114032   0.981593
   20.4117 0.000392091 -0.00124039  -0.0184366 -0.00217018   0.0106618    0.980617
   20.4172 -0.00333633 -0.00709934  -0.0157734 -0.000583267    0.0146901      0.99319
   20.4216 -0.00866266  -0.0108278  -0.0125776 -0.0110813  0.0101735    1.00967
   20.4274  -0.0155869 -0.00922987  -0.0125776 -0.0259739 0.00187274    1.01882
   20.4316  -0.0161195 -0.00443618  -0.0131103  -0.0345188 -0.00520734     1.01394
   20.4374  -0.00546686 -0.000707753  -0.00884922 -0.0314671 -0.0061839   0.999293
   20.4416 -0.000673173  0.000890144  -0.00991448   -0.0201145 -0.000934879     0.985499
   20.4472  0.00198999 -0.00124039  -0.0147082 -0.00851784  0.00675555    0.981837
   20.4516  0.00305525 -0.00603408  -0.0136429 -0.00522194   0.0112722    0.991359
   20.4574 -0.00493423 -0.00922987  -0.0141755  -0.012302 0.00968524    1.00625
   20.4615 -0.00759739  -0.0097625  -0.0109797 -0.0238987 0.00394793    1.01565
   20.4674  -0.0059995 -0.00603408 -0.00778395 -0.0311008  -0.002888    1.01162
   20.4717  -0.00227107 -0.000175121   -0.0109797  -0.0284153 -0.00447492    0.996974
   20.4773 0.00412052 0.00142278 -0.0136429  -0.0171848 0.000529964    0.983913
   20.4814  0.00838158 -0.00283828  -0.0141755 -0.00595436  0.00895282    0.983058
   20.4874  0.00305525 -0.00869724  -0.0147082 -0.00436745   0.0140798    0.995143
   20.4917 -0.00759739  -0.0113604  -0.0131103 -0.0146214 0.00992938    1.01089
   20.4974  -0.0118585  -0.0097625 -0.00884921   -0.029636 0.000529964      1.0187
   20.5017 -0.00813002 -0.00390355 -0.00565342  -0.0373264 -0.00691632     1.01211
   20.5072  -0.0012058  0.00142278 -0.00884922  -0.0317112 -0.00667218    0.995753
   20.5115 0.00412052 0.00195541 -0.0157734 -0.0173069 0.00101825   0.981471
   20.5175  0.00198999 -0.00124039  -0.0195019 -0.00387917  0.00980731    0.979884
   20.5215 -0.00333633 -0.00656671  -0.0173713 -0.00131569   0.0134694    0.991725
   20.5274 -0.00813002  -0.0097625  -0.0136429 -0.0110813 0.00980731    1.00808
   20.5326  -0.0171848 -0.00763197  -0.0141755 -0.0254856 0.00187274    1.01821
   20.5375  -0.0166521 -0.00283828  -0.0109797 -0.0340305 -0.0049632    1.01419
   20.5418 -0.00493423 0.000357511 -0.00725132  -0.0314671 -0.00569562    0.999171
   20.5474 -0.000140541  0.000890144   -0.0131103   -0.0210911 -8.03872e-05     0.985866
   20.5516  0.00571841 -0.00283828   -0.012045 -0.0094944 0.00724383   0.982326
    20.558  0.00571841 -0.00869724 -0.00938185 -0.00534401   0.0115163    0.991481
   20.5617 -0.00653213  -0.0113604  -0.0136429 -0.0125462 0.00968524    1.00723
   20.5674 -0.00706476  -0.0097625 -0.00831658 -0.0251194 0.00260516    1.01663
   20.5718 -0.00333633 -0.00550144 -0.00458816  -0.0321995 -0.00423078     1.01174
   20.5774   -0.0012058 -0.000175121  -0.00831658  -0.0280491 -0.00569562     0.99612
   20.5814  0.00625105  0.00142278 -0.00991448  -0.0162083 0.000163754     0.98257
   20.5874   0.0110447 -0.00337091   -0.012045 -0.00436745  0.00980731    0.981349
   20.5916  0.00358789 -0.00869724  -0.0152408 -0.00229225    0.014446    0.994166
   20.5974 -0.00813002  -0.0108278  -0.0131103 -0.0134006 0.00992938    1.01101
   20.6017  -0.0134563  -0.0097625 -0.00938185  -0.0289036 0.000163754     1.01944
   20.6074   -0.013989 -0.00496881  -0.0115124  -0.0372044 -0.00764875     1.01333
   20.6116 -0.00866266  0.00142278   -0.012045  -0.0324436 -0.00728254    0.997218
   20.6174 -0.000673173   0.00355331   -0.0125776  -0.0180393 4.16832e-05    0.982692
   20.6217   0.00252262 -0.000707753   -0.0168387 -0.00436745  0.00919696    0.979518
   20.6274 -0.00173844 -0.00656671  -0.0184366 -0.00180397   0.0140798    0.990748
   20.6317 -0.00972792  -0.0097625  -0.0168387 -0.0108372  0.0107839    1.00772
   20.6374  -0.0150542 -0.00922987  -0.0141755 -0.0242649  0.0028493    1.01797
   20.6414  -0.0123911 -0.00603408  -0.0104471   -0.033054 -0.00398664     1.01443
   20.6474 -0.00653213 -0.00177302  -0.0109797  -0.0312229 -0.00545148     1.00027
   20.6519 -0.00173844 0.000357511  -0.0125776  -0.0210911 -0.00105695    0.986476
   20.6572  0.00358788 -0.00230565  -0.0115124 -0.0103489  0.0061452   0.982448
   20.6616 -0.000673173  -0.00709934   -0.0157734 -0.00668678   0.0106618    0.991237
   20.6674  -0.0107932 -0.00922987  -0.0168387 -0.0125462 0.00907489    1.00662
    20.672 -0.0113258 -0.0081646 -0.0104471  -0.024387 0.00309344    1.01638
   20.6772  -0.0107932 -0.00443618 -0.00938185  -0.0324436 -0.00325422     1.01174
   20.6815 -0.00919529  0.00142278  -0.0125776  -0.0295139 -0.00471906    0.996608
   20.6874 0.00252262 0.00302067 -0.0109797  -0.0170628 0.000774105    0.983302
   20.6917  0.00571841 -0.00124039  -0.0136429 -0.00424538  0.00968524    0.982204
   20.6973  0.00145736 -0.00763197  -0.0136429 -0.00217018   0.0140798    0.994533
   20.7014 -0.00333633   -0.011893 -0.00671869 -0.0125462 0.00968524    1.01065
   20.7094  -0.0113258  -0.0102951 -0.00725132  -0.0275608 0.000529964     1.01931
   20.7118 -0.00919529 -0.00550144 -0.00884922  -0.0361057 -0.00716047     1.01358
   20.7172  0.000392091 -0.000175121  -0.00778395  -0.0323215 -0.00764875    0.997462
   20.7215 0.00412052 0.00248804  -0.012045   -0.0190159 -0.000446598     0.982814
   20.7274  0.00784894 -0.00124039  -0.0136429 -0.00571022  0.00919696    0.980006
   20.7316  0.00838158  -0.0081646 -0.00991448 -0.00229225   0.0140798    0.990748
   20.7374 -0.00227107  -0.0108278  -0.0109797 -0.0102268  0.0105397    1.00674
   20.7415 -0.00919529 -0.00869724  -0.0109797 -0.0240208  0.0028493    1.01736
   20.7474 -0.00759739 -0.00443618 -0.00884922 -0.0329319 -0.0037425    1.01455
    20.752  -0.00493423 -0.000175121   -0.0115124  -0.0307346 -0.00545148     1.00076
   20.7574 -0.0012058 0.00142278 -0.0147082   -0.0206028 -0.000934879     0.986842
   20.7617   0.00198999 -0.000707753   -0.0152408 -0.00998268  0.00651141    0.982814
   20.7674 -0.00493423 -0.00496881   -0.017904 -0.00607643   0.0113942    0.991969
   20.7718 -0.00972792  -0.0081646  -0.0152408 -0.0121799 0.00931903    1.00735
   20.7774  -0.0107932 -0.00763197 -0.00938185 -0.0252415 0.00211688    1.01712
   20.7817  -0.0161195 -0.00283828  -0.0131103  -0.0336643 -0.00520734     1.01223
   20.7874 -0.0107932 0.00195541 -0.0157734  -0.0302464 -0.00679425    0.996242
   20.7916 0.00252262 0.00302067 -0.0136429  -0.0171848 4.16832e-05    0.982814
   20.7974   0.00571841 -0.000707753   -0.0157734 -0.00387917  0.00968524    0.981227
   20.8016 0.00252262 -0.0081646 -0.0125776 -0.00143776   0.0139577    0.993312
   20.8074 -0.00546686  -0.0113604 -0.00831658 -0.0113255  0.0101735    1.01065
   20.8115  -0.0145216 -0.00922987  -0.0104471 -0.0268284 0.00187274    1.02005
   20.8174 -0.00919529 -0.00550144 -0.00618605  -0.0367161 -0.00581769     1.01516
    20.822 -0.000673173  0.000357511  -0.00512079  -0.0334202 -0.00740461     0.99966
   20.8275 0.00145736 0.00248804 -0.0141755  -0.0197483 -0.00154523    0.984645
   20.8315  0.00571841 -0.00124039  -0.0157734 -0.00607643  0.00724383     0.98025
   20.8374  0.00731631 -0.00656671  -0.0115124 -0.00229225    0.012737    0.989528
   20.8417 -0.00333633  -0.0097625  -0.0125776 -0.00973854   0.0105397     1.00552
   20.8472  -0.0107932 -0.00869724  -0.0109797 -0.0223118 0.00394793    1.01626
   20.8515 -0.00919529 -0.00496881 -0.00938185  -0.0309788 -0.00264386      1.0137
   20.8574 -0.00866266 -0.00124039  -0.0125776 -0.0300022 -0.0049632    1.00064
    20.862 -0.0059995 0.00142278 -0.0147082   -0.0204807 -0.000690739     0.986964
   20.8674 -0.000140541 -0.000707753   -0.0152408 -0.00937233  0.00638934    0.982692
   20.8716 0.000392091 -0.00656671  -0.0131103 -0.00595436   0.0111501    0.992457
   20.8774 -0.00813002  -0.0097625  -0.0131103 -0.0129124 0.00956317    1.00881
   20.8819  -0.0134563 -0.00869724   -0.012045 -0.0254856 0.00272723    1.01797
   20.8874  -0.0102606 -0.00443618 -0.00778395 -0.0339085 -0.0049632    1.01211
   20.8915 -0.00386897 0.000890144 -0.00884921  -0.0304905 -0.00642804    0.996242
   20.8974 0.00518578 0.00195541 -0.0104471   -0.017429 0.000407894    0.982204
   20.9016   0.0105121 -0.00230565  -0.0109797 -0.00351295  0.00980731    0.980495
   20.9074 0.00358788 -0.0081646 -0.0147082 -0.000949478     0.014446     0.992824
   20.9116 -0.00333633   -0.011893 -0.00938185 -0.0118137   0.011028    1.00967
   20.9175 -0.00706476  -0.0108278 -0.00512079 -0.0275608  0.0028493    1.01968
    20.922  -0.0134563 -0.00496881  -0.0104471  -0.0369602 -0.00557355     1.01541
   20.9271 -0.00759739 0.000357511  -0.0104471  -0.0332981 -0.00752668    0.999415
   20.9316  0.00518578  0.00142278 -0.00831658   -0.0206028 -0.000812809     0.983913
   20.9374   0.00518578 -0.000707753   -0.0136429 -0.00754127  0.00797625     0.98025
   20.9416  0.00198999 -0.00550144  -0.0157734 -0.00326881   0.0129811    0.989894
   20.9474 -0.00493423 -0.00869724  -0.0157734 -0.0102268  0.0109059    1.00491
   20.9515  -0.0145216 -0.00869724   -0.017904 -0.0225559 0.00370379    1.01602
   20.9572  -0.0129237 -0.00550144  -0.0125776  -0.0312229 -0.00301007     1.01419
   20.9615 -0.00653213 -0.00124039 -0.00991448  -0.0302464 -0.00520734     1.00064
   20.9674 -0.00173844 0.000890144  -0.0141755  -0.0201145 -0.00105695    0.986842
    20.972  0.00198999 -0.00124039  -0.0152408 -0.00851784  0.00651141     0.98257
   20.9772 -0.00173844 -0.00656671  -0.0157734 -0.00509987   0.0115163    0.991847
   20.9815  -0.0123911 -0.00922987   -0.017904 -0.0129124 0.00968524    1.00796
   20.9874   -0.013989 -0.00869724  -0.0125776  -0.026096 0.00211688    1.01773
   20.9917 -0.00972792 -0.00443618 -0.00884921  -0.0341526 -0.00569562     1.01272
   20.9974 -0.00546686 0.000890144   -0.012045  -0.0309788 -0.00667218    0.996974
   21.0016 0.00518578 0.00142278 -0.0104471  -0.0177952 0.000285824    0.982936
   21.0074   0.0105121 -0.00177302  -0.0104471 -0.00363502   0.0100514    0.980495
   21.0115  0.00305525 -0.00709934  -0.0152408 -0.000705337    0.0155446     0.991481
   21.0172 -0.0059995 -0.0108278 -0.0147082 -0.0107151  0.0117604     1.0082
   21.0215 -0.0107932 -0.0102951 -0.0115124  -0.026096 0.00272723    1.01895
   21.0274  -0.0107932 -0.00603408 -0.00884921  -0.0362278 -0.00508527     1.01565
   21.0316 -0.00813002 0.000357511  -0.0104471  -0.0341526 -0.00679425     1.00076
   21.0374 -0.00386897  0.00302067  -0.0141755  -0.0220676 -0.00142316    0.985988
   21.0417  0.000392091 -0.000175121   -0.0157734 -0.00863991  0.00651141    0.981227
   21.0474 -0.00227107 -0.00496881  -0.0173713 -0.00387917   0.0113942     0.98965
   21.0517 -0.00546686 -0.00922987  -0.0131103 -0.00986061  0.00968524     1.00479
   21.0574 -0.00972792  -0.0097625  -0.0109797 -0.0220676 0.00382586    1.01528
   21.0615  -0.0134563 -0.00550144   -0.012045  -0.0309788 -0.00264386     1.01345
   21.0674  -0.00546686 -0.000707753  -0.00831658  -0.0297581 -0.00471906     1.00015
   21.0719  0.00305525 0.000890144 -0.00778395   -0.0199924 -0.000202458     0.986476
   21.0774  0.00252262 -0.00230565  -0.0141755 -0.00815163  0.00699969    0.982814
   21.0815 0.00198999 -0.0081646 -0.0147082 -0.00424538   0.0120046     0.99319
   21.0874 -0.00227107  -0.0113604  -0.0104471 -0.0124241 0.00980731    1.00955
   21.0916 -0.00972792 -0.00922987 -0.00938185 -0.0265842 0.00199481    1.01821
   21.0974  -0.0059995 -0.00390355 -0.00725132  -0.0351292 -0.00593976     1.01248
   21.1018  0.00252262 0.000357511 -0.00778395  -0.0315891 -0.00728254    0.996608
   21.1074 0.00678368 0.00142278  -0.012045  -0.0181614 4.16832e-05    0.982814
   21.1115  0.00944684 -0.00177302  -0.0131103 -0.00387917   0.0100514    0.980006
   21.1174 0.00465315 -0.0081646 -0.0136429 -0.000339126    0.0149343     0.990871
   21.1215 -0.00759739  -0.0113604  -0.0168387 -0.0102268  0.0107839    1.00784
   21.1274 -0.0113258 -0.0102951  -0.012045 -0.0263401 0.00150653    1.01895
   21.1318 -0.00866266 -0.00603408 -0.00725132  -0.0364719 -0.00642804     1.01602
   21.1372  -0.00866266 -0.000175121   -0.0115124  -0.0336643 -0.00679425     1.00088
   21.1416 -0.0044016 0.00248804 -0.0136429   -0.0215794 -0.000446598      0.98611
   21.1474 -0.00120581 0.000357511  -0.0168387 -0.00925026  0.00724383    0.981471
   21.1515 -0.00493423 -0.00443618  -0.0200345 -0.00461159   0.0117604    0.989772
   21.1574 -0.00653213  -0.0081646  -0.0147082 -0.00986061   0.0104177     1.00479
   21.1618  -0.0102606 -0.00869724  -0.0115124 -0.0218235 0.00480243    1.01528
   21.1674  -0.0134563 -0.00496881   -0.012045  -0.0308567 -0.00191144     1.01345
   21.1717 -0.00813002 0.000357511  -0.0125776  -0.0300022 -0.00447492     1.00027
   21.1774 -0.00333633  0.00195541  -0.0157734   -0.0201145 -0.000690739      0.98611
   21.1818 -0.000673173 -0.000175121   -0.0184366 -0.0082737 0.00712176   0.982448
   21.1874 -0.00173844 -0.00550144   -0.017904 -0.00473366   0.0124929    0.992091
   21.1915 -0.0113258 -0.0102951 -0.0157734 -0.0126682  0.0100514    1.00808
   21.1974  -0.0129237  -0.0097625 -0.00884921 -0.0264622 0.00236102    1.01846
   21.2018 -0.00972792 -0.00496881 -0.00565342  -0.0352512 -0.00569562     1.01394
   21.2074 -0.00759739 0.000890144 -0.00991448  -0.0321995 -0.00764875    0.998805
   21.2116 0.00145736 0.00302067 -0.0109797   -0.0188938 -0.000202457     0.984035
   21.2174  0.00944684 -0.00124039  -0.0115124 -0.00448952  0.00968524     0.97964
   21.2218  0.00518578 -0.00709934  -0.0157734 -0.000583267    0.0145681     0.990138
    21.227 -0.0028037 -0.0108278 -0.0147082 -0.00912819   0.0117604     1.00674
   21.2319 -0.00546686  -0.0108278 -0.00778395 -0.0238987 0.00321551    1.01773
   21.2374 -0.00653213 -0.00922987 -0.00512079  -0.0319553 -0.00178937      1.0209
   21.2414 -0.00227107 -0.00390355 -0.00565342  -0.0304905 -0.00325422     1.00698
   21.2474  0.00571841 0.000890144 -0.00778395  -0.0218235 -0.00154523     0.98672
   21.2518  0.00625105 -0.00124039  -0.0131103 -0.00973854  0.00553485    0.981227
   21.2575  0.00305525 -0.00283828  -0.0168387 -0.00485573   0.0094411    0.982081
   21.2615 -0.00227107 -0.00709934  -0.0152408 -0.00986061  0.00919696    0.997096
   21.2674  -0.0102606 -0.00922987   -0.012045 -0.0221897 0.00504657    1.01516
   21.2719  -0.0102606 -0.00443618 -0.00991448  -0.0315891 -0.00227765      1.0137
   21.2772  -0.00386897 -0.000175121   -0.0109797  -0.0336643 -0.00569562     1.00918
   21.2816  0.00465315 0.000890144   -0.012045  -0.0231663 -0.00105695    0.994777
   21.2874  0.00731631 -0.00177302  -0.0141755 -0.00754127  0.00785418    0.982326
   21.2917 0.000924723 -0.00709934  -0.0157734 -0.00326881   0.0140798    0.992946
   21.2974 -0.00333633  -0.0102951  -0.0147082 -0.00412331   0.0160329     1.00161
   21.3015 -0.00813002 -0.00922987  -0.0115124 -0.0193821 0.00651141    1.01126
   21.3074  -0.0123911 -0.00443618 -0.00991448  -0.0363499 -0.00593976     1.01467
   21.3118 -0.00653213  0.00142278 -0.00991448  -0.0326878 -0.00740461    0.999049
   21.3175 -0.00120581   0.0035533 -0.00831658  -0.0273167 -0.00593976     0.98965
   21.3215  0.000924723 -0.000175121   -0.0136429 -0.0130344 0.00370379   0.984767
   21.3274  0.00305525 -0.00390355  -0.0189692 0.00124779  0.0133473   0.979884
   21.3316 -0.00493423 -0.00763197   -0.017904 -0.00644264   0.0104177     0.99673
   21.3374 -0.0129237 -0.0113604 -0.0168387 -0.0141331 0.00748797    1.01358
   21.3417  -0.0107932 -0.00709934  -0.0115124  -0.0249973 0.000163754     1.01272
   21.3472 -0.00866266 -0.00283828 -0.00618605  -0.0358616 -0.00716047     1.01187
   21.3515  -0.00333633 -0.000707753  -0.00938185   -0.026096 -0.00301007    0.996852
   21.3574 0.00198999 0.00142278 -0.0125776 -0.0163303 0.00114032   0.981837
   21.3615 -0.00014054 -0.00283828  -0.0147082 -0.0108372 0.00638934   0.989039
   21.3674 -0.00386897 -0.00922987  -0.0152408 -0.010471 0.0100514   1.00357
   21.3719  -0.0059995 -0.00922987  -0.0104471 -0.0220676 0.00504657    1.01492
   21.3774  -0.0059995 -0.00496881 -0.00778395 -0.0306126 -0.0016673    1.01394
   21.3818  -0.00333633 -0.000175121  -0.00938185  -0.0297581 -0.00459699    0.999904
   21.3875 -0.00120581  0.00248804  -0.0104471  -0.0268284 -0.00423078    0.990871
   21.3916   0.00198999 -0.000707753   -0.0131103 -0.0141331 0.00419207   0.987453
   21.3974  0.00518578 -0.00390355  -0.0157734 -0.00143776   0.0126149    0.984035
   21.4016  -0.0028037 -0.00763197  -0.0147082 -0.00973854   0.0104177     1.00039
   21.4074 -0.0107932 -0.0113604 -0.0136429 -0.0180393 0.00822039    1.01675
   21.4116  -0.0129237 -0.00603408  -0.0136429   -0.0284153 -0.000446598      1.01297
   21.4174   -0.0150542 -0.000707753   -0.0136429  -0.0387913 -0.00911359     1.00918
   21.4215 -0.00333634 0.000890144  -0.0125776  -0.0253635 -0.00239972    0.993556
   21.4274 0.00838157 0.00248804 -0.0115124 -0.0119358 0.00431414   0.977931
   21.4316  0.00305525 -0.00283828  -0.0136429 -0.00668678  0.00931903    0.987086
   21.4375 -0.00227107  -0.0081646  -0.0157734 -0.00143776   0.0143239    0.996242
   21.4416 -0.00706476 -0.00869724  -0.0136429 -0.0151096 0.00699969     1.0082
   21.4474  -0.0118585 -0.00922987  -0.0115124   -0.0287815 -0.000324528      1.02017
   21.4516 -0.00546686 -0.00390355 -0.00725132 -0.0284153  -0.002888    1.00735
   21.4574 0.000924723  0.00142278 -0.00299026  -0.0280491 -0.00545148    0.994533
   21.4617   0.00358788 -0.000707753  -0.00725132 -0.0166965 0.00175067   0.988673
   21.4674  0.00625105 -0.00283828  -0.0115124 -0.00534401  0.00895282    0.982814
   21.4716  -0.0012058 -0.00603408  -0.0131103  -0.010593 0.00846453   0.997584
   21.4774 -0.00866266 -0.00922987  -0.0147082 -0.0158421 0.00797625    1.01235
   21.4815 -0.00759739 -0.00656671 -0.00938185  -0.0251194 0.000774105     1.01065
   21.4874 -0.00653213 -0.00390355 -0.00405553  -0.0343967 -0.00642804     1.00894
   21.4916 0.000924723 -0.00124039 -0.00671869   -0.0235325 -0.000934879     0.994411
   21.4974  0.00838157  0.00142278 -0.00938185 -0.0126682 0.00455828   0.979884
   21.5018  0.00145735 -0.00443618  -0.0125776 -0.00839577   0.0101735    0.989894
   21.5075 -0.00546686  -0.0102951  -0.0157734 -0.00412331   0.0157888    0.999904
   21.5115  -0.0107932 -0.00922987  -0.0115124 -0.0197483 0.00638934    1.01113
   21.5174  -0.0161195  -0.0081646 -0.00725132  -0.0353733 -0.00301007     1.02236
   21.5218 -0.00919529 -0.00283828 -0.00831658  -0.0326878 -0.00459699     1.00711
   21.5272 -0.00227107  0.00248804 -0.00938185 -0.0300022 -0.0061839   0.991847
   21.5315  0.00252262 0.000357511  -0.0125776   -0.01572 0.00333758   0.985866
   21.5374  0.00731631 -0.00177302  -0.0157734 -0.00143776   0.0128591    0.979884
   21.5417 -0.00014054 -0.00603408  -0.0141755 -0.00790749   0.0106618    0.995875
   21.5474 -0.00759739  -0.0102951  -0.0125776 -0.0143772 0.00846453    1.01187
   21.5516 -0.00813002 -0.00709934  -0.0104471 -0.0236546 0.00101825    1.01199
   21.5573 -0.00866266 -0.00390355 -0.00831658  -0.0329319 -0.00642804     1.01211
   21.5616 -0.00173844 -0.00177302 -0.00938185  -0.0238987 -0.00239972    0.997462
   21.5674  0.00518578 0.000357511  -0.0104471 -0.0148655  0.0016286   0.982814
   21.5717 -0.000673173  -0.00390355   -0.0152408 -0.0101048 0.00675555   0.990016
   21.5773 -0.00653213  -0.0081646  -0.0200345 -0.00534401   0.0118825    0.997218
   21.5815  -0.0113258 -0.00763197  -0.0157734 -0.0171848 0.00577899    1.00808
   21.5874  -0.0161195 -0.00709934  -0.0115124   -0.0290256 -0.000324528      1.01895
   21.5916 -0.00653213 -0.00177302 -0.00831658  -0.0284153 -0.00313215     1.00454
   21.5974  0.00305525   0.0035533 -0.00512079  -0.0278049 -0.00593976    0.990138
   21.6018   0.00145736 -0.000175121    -0.012045 -0.0138889 0.00370379   0.986476
   21.6074 -0.00014054 -0.00390355  -0.0189692 2.70847e-05   0.0133473    0.982814
   21.6117  -0.0102606 -0.00709934  -0.0189692 -0.00925026   0.0104177     0.99966
   21.6175 -0.0203806 -0.0102951 -0.0189692 -0.0185276 0.00748797    1.01651
   21.6215  -0.0150542 -0.00603408   -0.012045   -0.0290257 -0.000568668       1.0137
   21.6274 -0.00972792 -0.00177302 -0.00512079  -0.0395237 -0.00862531     1.01089
   21.6316  -0.0028037  0.00142278 -0.00991448  -0.0267063 -0.00325422    0.995265
   21.6374 0.00412052 0.00461857 -0.0147082 -0.0138889 0.00211688    0.97964
   21.6417  0.00358788 -0.00230565  -0.0157734 -0.00778542  0.00797625    0.987208
   21.6474  0.00305525 -0.00922987  -0.0168387 -0.0016819  0.0138356   0.994777
   21.6519 0.000392091 -0.00922987 -0.00991448 -0.0149876 0.00724383    1.00686
   21.6574 -0.00227107 -0.00922987 -0.00299026  -0.0282932 0.000652035     1.01895
   21.6617 -0.00014054 -0.00443618 -0.00512079  -0.0284153 -0.00252179     1.00662
   21.6675  0.00198999 0.000357511 -0.00725132  -0.0285374 -0.00569562    0.994289
   21.6719  0.00252262 -0.00124039  -0.0136429 -0.0171848 0.00114032   0.988307
   21.6775  0.00305525 -0.00283828  -0.0200345 -0.00583229  0.00797625    0.982326
   21.6816 -0.00227107 -0.00656671  -0.0163061 -0.0109592 0.00748797   0.997829
   21.6874 -0.00759739  -0.0102951  -0.0125776 -0.0160862 0.00699969    1.01333
   21.6917 -0.00972792 -0.00603408 -0.00991448   -0.0258518 -0.000568668      1.01113
   21.6974  -0.0118585 -0.00177302 -0.00725132  -0.0356174 -0.00813703     1.00894
   21.7017   -0.0044016 -0.000175121  -0.00991448  -0.0240208 -0.00227765    0.993922
   21.7074 0.00305525 0.00142278 -0.0125776 -0.0124241 0.00358172   0.978908
   21.7117 -0.00173844 -0.00390355  -0.0157734 -0.00717506  0.00992938    0.988795
   21.7174 -0.00653213 -0.00922987  -0.0189692 -0.00192604    0.016277    0.998683
   21.7217  -0.0107932 -0.00922987  -0.0136429  -0.017429 0.00773211    1.01089
   21.7274  -0.0150542 -0.00922987 -0.00831658   -0.0329319 -0.000812809       1.0231
   21.7317  -0.0134563 -0.00550144 -0.00831658  -0.0354954 -0.00435285      1.0176
   21.7372  -0.00653213 -0.000707753  -0.00671869  -0.0345188 -0.00667218     1.00296
   21.7417  0.00358788 -0.00124039 -0.00938185 -0.0173069 0.00260516   0.986842
   21.7474  0.00838157 -0.00283828  -0.0136429 -0.00363502   0.0106618    0.979884
   21.7516 0.000924723 -0.00656671  -0.0136429 -0.00375709   0.0118825    0.987086
   21.7574 -0.00653213  -0.0102951  -0.0136429 -0.00851784   0.0105397     1.00222
    21.762 -0.00493423 -0.00763197  -0.0109797 -0.0230442 0.00138446    1.01101
   21.7674 -0.00333633 -0.00496881 -0.00831658  -0.0329319 -0.00520734     1.01187
   21.7716 -0.00227107 -0.00230565 -0.00778395  -0.0303684 -0.00508527     1.00381
   21.7774 -0.00120581  0.00142278  -0.0104471  -0.0214573 -0.00252179    0.988795
   21.7818   0.00145736 -0.000707753   -0.0157734 -0.0101048    0.00407   0.982204
   21.7874  -0.0012058 -0.00603408   -0.017904 -0.00522194  0.00980731    0.990138
   21.7915 -0.00972792 -0.00922987  -0.0168387 -0.0110813 0.00992938    1.00613
   21.7974 -0.0118585 -0.0097625  -0.012045 -0.0236546 0.00394793    1.01748
   21.8016  -0.0118585 -0.00496881 -0.00938185  -0.0335423 -0.00435285     1.01443
   21.8074 -0.00813002  0.00142278  -0.0104471  -0.0326878 -0.00679425    0.999415
   21.8115 -0.00227107  0.00408594  -0.0141755   -0.0202366 -0.000324528     0.984401
   21.8174 0.000924723  0.00142278  -0.0163061 -0.00558815  0.00895282     0.97964
    21.822 -0.000140541  -0.00496881   -0.0147082 -9.49856e-05     0.014446     0.988551
   21.8272 -0.00759739  -0.0102951  -0.0147082 -0.00802956   0.0123708     1.00515
   21.8315 -0.0129237 -0.0113604 -0.0109797 -0.0240208 0.00419207    1.01821
   21.8374  -0.0145216 -0.00656671 -0.00831658  -0.0354954 -0.00423078     1.01748
   21.8417  -0.0102606 -0.00124039 -0.00938185  -0.0343967 -0.00703839     1.00369
   21.8474 -0.00173844  0.00142278  -0.0115124  -0.0232883 -0.00264386    0.988063
   21.8515  0.00198999 0.000890144  -0.0163061 -0.00986061   0.0049245    0.980861
   21.8574  0.00145736 -0.00443618  -0.0173713 -0.00351295   0.0112722    0.987086
   21.8619 -0.00493423 -0.00869724  -0.0141755 -0.0082737  0.0115163     1.0021
   21.8674 -0.0118585 -0.0081646  -0.012045 -0.0199924 0.00553485    1.01455
   21.8717  -0.0129237 -0.00496881  -0.0109797  -0.0300022 -0.00178937     1.01528
   21.8774 -0.00759739 -0.00124039 -0.00991448  -0.0306126 -0.00557355     1.00381
   21.8816 -0.00173844 0.000890144  -0.0104471 -0.0221897  -0.002888   0.989039
   21.8874  -0.00120581 -0.000175121   -0.0157734  -0.010593 0.00455828   0.982692
   21.8919  0.00198999 -0.00550144  -0.0147082 -0.00473366   0.0113942    0.990138
   21.8974 -0.00227107  -0.0102951  -0.0115124 -0.0101048  0.0112722     1.0054
   21.9015  -0.0113258 -0.00922987   -0.012045 -0.0235325 0.00443621    1.01675
   21.9074 -0.00759739 -0.00496881 -0.00512079  -0.0343967 -0.00398664     1.01504
   21.9115  -0.00014054 -0.000175121  -0.00512079   -0.033054 -0.00728254     1.00076
   21.9174 0.00731631 0.00195541 -0.0109797  -0.0207249 -0.00191144    0.985255
   21.9216   0.0137079 -0.00124039  -0.0109797 -0.00607643  0.00712176    0.979518
   21.9274  0.00784894 -0.00603408  -0.0141755 -0.000217056    0.0139577     0.987819
   21.9317 -0.00653213  -0.0102951  -0.0157734 -0.00766334   0.0124929     1.00466
   21.9374 -0.0129237 -0.0108278 -0.0109797 -0.0224339 0.00443621    1.01748
   21.9417  -0.0134563 -0.00550144 -0.00991448  -0.0336643 -0.00362043     1.01748
   21.9474  -0.0113258 0.000357511  -0.0109797  -0.0339085 -0.00667218      1.0043
   21.9517 -0.00333633  0.00195541  -0.0115124  -0.0240208 -0.00276593    0.988673
   21.9574 0.000924723 0.000357511  -0.0152408 -0.0109592 0.00443621   0.981593
   21.9615 -0.000673173  -0.00443618   -0.0163061 -0.00436745   0.0111501    0.987453
   21.9674  -0.0059995 -0.00869724  -0.0147082 -0.0082737  0.0116384     1.0021
    21.972 -0.00919529 -0.00922987  -0.0115124 -0.0197483 0.00553485    1.01394
   21.9775 -0.00813002 -0.00603408 -0.00778395  -0.0297581 -0.00142316     1.01419
   21.9815   -0.0044016 -0.000707753  -0.00725132  -0.0304905 -0.00447492     1.00259
   21.9874  0.00305525 0.000890144 -0.00725132 -0.0214573 -0.0016673   0.987941
   21.9919  0.00571841 -0.00124039  -0.0125776 -0.00925026  0.00529071    0.981593
   21.9974  0.00625105 -0.00656671  -0.0152408 -0.00339088   0.0123708    0.990138
   22.0015 -0.000140541   -0.0113604   -0.0125776 -0.00888405   0.0118825     1.00674
   22.0074 -0.0134563 -0.0108278 -0.0115124 -0.0234104 0.00321551    1.01773
   22.0116  -0.0150542 -0.00550144 -0.00991448  -0.0350071 -0.00569562     1.01528
   22.0174 -0.00546686 0.000890144 -0.00725132 -0.0337864 -0.0082591      1.001
   22.0215 -0.000673173    0.0035533    -0.012045  -0.0217014 -0.00215558    0.984889
   22.0274 -0.00173844  0.00142278  -0.0195019 -0.00693092  0.00761004    0.978297
    22.032 -0.000140541  -0.00550144   -0.0173713 -0.000217056    0.0139577     0.986842
   22.0371 -0.00706476  -0.0113604  -0.0163061 -0.00680885   0.0124929     1.00405
   22.0416 -0.0150542 -0.0102951 -0.0141755 -0.0215794 0.00480243     1.0176
   22.0474  -0.0129237 -0.00550144 -0.00778395  -0.0335423 -0.00410871     1.01809
   22.0516   -0.0118585 -0.000175121   -0.0109797  -0.0343967 -0.00777082      1.0054
   22.0574 -0.00706476  0.00142278  -0.0147082  -0.0247532 -0.00325422    0.990016
   22.0616 -0.000140541 -0.000175121   -0.0136429 -0.0118137 0.00455828   0.981715
   22.0674 -0.000673173  -0.00390355   -0.0157734 -0.00461159   0.0105397    0.986476
   22.0717 -0.00759739  -0.0081646  -0.0173713 -0.00766334   0.0109059     1.00112
   22.0774 -0.00972792 -0.00869724  -0.0136429 -0.0190159 0.00638934    1.01394
   22.0817 -0.00866266 -0.00550144 -0.00991448   -0.0297581 -0.000202458      1.01553
   22.0874  -0.00653213 -0.000175121  -0.00991448  -0.0311008 -0.00435285     1.00393
   22.0915  0.00198999  0.00142278 -0.00991448  -0.0221897 -0.00178937    0.988063
   22.0974  0.00305525 -0.00124039  -0.0157734 -0.00986061  0.00553485    0.980983
   22.1018  0.00198999 -0.00656671  -0.0152408 -0.00387917   0.0121266    0.989162
   22.1074 -0.000673173   -0.0113604  -0.00884922 -0.00986061   0.0115163     1.00576
   22.1116 -0.00866266  -0.0108278 -0.00938185 -0.0240208 0.00382586    1.01736
   22.1174  -0.0107932 -0.00656671 -0.00831658 -0.0343967 -0.0049632    1.01553
   22.1216  -0.00546686 -0.000707753  -0.00671869  -0.0336643 -0.00777082     1.00198
   22.1274 0.000392091  0.00302067  -0.0115124  -0.0221897 -0.00191144    0.986354
   22.1316 0.00305525 0.00142278 -0.0163061 -0.00717506  0.00699969    0.979518
   22.1374 0.000392091 -0.00390355  -0.0163061 -0.000217056    0.0132253     0.987086
   22.1417 -0.00546686 -0.00922987  -0.0152408 -0.00632057    0.012737     1.00332
   22.1474 -0.00972792  -0.0108278  -0.0115124 -0.0207249 0.00565692    1.01675
   22.1517  -0.0113258 -0.00656671 -0.00884922  -0.0323215 -0.00239972     1.01809
   22.1575 -0.00386897 -0.00177302 -0.00725132  -0.0329319 -0.00581769     1.00564
   22.1616  0.00252262 0.000357511 -0.00991448  -0.0241428 -0.00264386     0.98965
   22.1674   0.00305525 -0.000175121   -0.0147082 -0.0119358    0.00407   0.982081
   22.1717  0.00571841 -0.00496881  -0.0109797 -0.00546608   0.0102956    0.987453
   22.1774  0.00252262  -0.0097625 -0.00938185 -0.00912819   0.0111501      1.0021
   22.1817 -0.00759739  -0.0097625  -0.0109797 -0.0199924 0.00626727    1.01455
   22.1874 -0.00706476 -0.00656671 -0.00778395  -0.0301243 -0.00130109      1.0148
   22.1916 -0.00120581 -0.00177302 -0.00831658  -0.0308567 -0.00581769     1.00247
   22.1974 -0.000673173   0.00195541   -0.0136429  -0.0213352 -0.00191144    0.986842
   22.2015   0.00358789 -0.000175121   -0.0152408 -0.00790749  0.00687762    0.980861
   22.2074  0.00252262 -0.00603408  -0.0163061 -0.00229225   0.0137136    0.989528
   22.2119 -0.00706476  -0.0102951  -0.0152408 -0.00937233   0.0124929     1.00576
   22.2173 -0.0150542 -0.0097625 -0.0115124 -0.0238987 0.00382586    1.01821
   22.2215  -0.0177174 -0.00550144  -0.0131103  -0.0353733 -0.00520734     1.01712
   22.2274   -0.0107932 -0.000175121   -0.0136429  -0.0352512 -0.00789289     1.00247
   22.2316 0.000392091  0.00302067   -0.012045  -0.0235325 -0.00264386    0.985866
   22.2374  0.00571841 0.000357511  -0.0141755 -0.00815163  0.00626727    0.978419
   22.2419  0.00145736 -0.00496881  -0.0173713 -0.000461197    0.0132253     0.985622
   22.2472  -0.0044016 -0.00922987  -0.0163061 -0.00583229   0.0126149     1.00198
   22.2516 -0.00919529  -0.0113604  -0.0125776 -0.0193821 0.00553485    1.01492
   22.2574  -0.0118585  -0.0081646 -0.00991448  -0.0309788 -0.00154523     1.01687
   22.2616  -0.0044016 -0.00230565 -0.00778395  -0.0326878 -0.00447492     1.00674
   22.2674   0.00465315 -0.000707753  -0.00991448   -0.024509 -0.00203351    0.991603
   22.2719  0.00838158 -0.00283828  -0.0109797 -0.0131565 0.00370379   0.982448
   22.2771  0.00625105 -0.00603408 -0.00991448 -0.00656471  0.00968524     0.98672
   22.2816  -0.0028037 -0.00922987  -0.0141755 -0.0094944  0.0109059    1.00149
   22.2874 -0.00706476 -0.00922987  -0.0115124 -0.0203587 0.00565692    1.01455
   22.2917 -0.00653213 -0.00603408 -0.00671869 -0.0297581 -0.0016673    1.01504
   22.2974 -0.00493423 -0.00177302 -0.00991448  -0.0304905 -0.00545148     1.00259
   22.3014  0.00305525  0.00195541 -0.00884921  -0.0218235 -0.00191144    0.987086
   22.3074  0.00678368 0.000890144   -0.012045 -0.00876198  0.00638934    0.980983
   22.3118  0.00145736 -0.00550144  -0.0173713 -0.00241432   0.0131032    0.989406
   22.3174 -0.0044016 -0.0113604 -0.0136429 -0.00888405    0.012737     1.00552
   22.3216 -0.00919529  -0.0113604 -0.00831658 -0.0236546 0.00480243    1.01773
   22.3274  -0.0155869 -0.00603408 -0.00884921 -0.0356174 -0.0049632    1.01699
   22.3318   -0.0107932 -0.000707753   -0.0104471  -0.0356174 -0.00850324      1.0032
   22.3371 0.000392091  0.00142278  -0.0115124  -0.0240208 -0.00252179    0.986842
   22.3418  0.00145736 0.000357511  -0.0157734 -0.0094944 0.00675555    0.97903
   22.3474 -0.00173844 -0.00390355  -0.0163061 -0.00204811   0.0123708    0.985744
   22.3516 -0.00706476 -0.00922987  -0.0157734 -0.00656471   0.0118825     1.00186
   22.3574 -0.0123911 -0.0108278 -0.0147082 -0.0195042  0.0061452    1.01492
   22.3617  -0.0150542 -0.00656671  -0.0104471  -0.0307346 -0.00178937     1.01675
   22.3674   -0.0113258 -0.000707753  -0.00991448 -0.0326878 -0.0061839    1.00552
    22.372 -0.0044016 0.00142278 -0.0125776  -0.0248753 -0.00325422    0.990138
   22.3774  0.000924724 -0.000707753   -0.0147082 -0.0126682 0.00345965   0.982326
   22.3818  0.00252262 -0.00550144  -0.0147082 -0.00595436  0.00956317    0.987086
   22.3872  -0.0059995 -0.00922987  -0.0157734 -0.0094944  0.0106618    1.00222
   22.3917 -0.00972792  -0.0097625   -0.012045 -0.0204807 0.00590106     1.0159
   22.3974 -0.00919529 -0.00603408 -0.00831658  -0.0312229 -0.00191144      1.0159
   22.4017  -0.00866266 -0.000175121    -0.012045  -0.0324436 -0.00691632     1.00296
   22.4074 0.00305525 0.00248804 -0.0104471   -0.022678 -0.00252179    0.987086
   22.4116   0.00997947 -0.000175121   -0.0115124 -0.00851784  0.00638934     0.98025
   22.4174  0.00625105 -0.00656671  -0.0131103 -0.00119362   0.0126149    0.987941
   22.4217 0.000924724  -0.0113604 -0.00938185 -0.00754127   0.0121266     1.00393
   22.4274  -0.0059995  -0.0108278 -0.00831658 -0.0229221 0.00419207    1.01724
   22.4316 -0.00972792 -0.00709934 -0.00831658  -0.0354954 -0.00520734     1.01797
   22.4374 -0.00546686 -0.00177302 -0.00725132  -0.0357395 -0.00850324     1.00466
   22.4415 0.000392091  0.00195541 -0.00991448  -0.0246311 -0.00301007    0.988307
   22.4474 0.00145736 0.00142278 -0.0157734 -0.00986061  0.00553485    0.980006
   22.4518 0.000924723 -0.00337091  -0.0152408 -0.00253639   0.0116384    0.984889
   22.4572 -0.00546686 -0.00869724  -0.0141755 -0.00656471   0.0118825    0.999782
   22.4615  -0.0134563 -0.00922987  -0.0152408 -0.0179173 0.00638934     1.0137
   22.4674  -0.0145216 -0.00603408   -0.012045   -0.0291477 -0.000568668      1.01638
   22.4717  -0.0102606 -0.00124039  -0.0104471  -0.0315891 -0.00471906     1.00601
   22.4774 -0.0044016 0.00142278 -0.0125776  -0.0240208 -0.00301007    0.990871
   22.4818  -0.00173844 -0.000175121   -0.0147082 -0.0121799 0.00345965    0.98257
   22.4874 -0.00227107 -0.00443618  -0.0168387 -0.00558815   0.0104177     0.98733
   22.4916 -0.00706476  -0.0081646  -0.0163061 -0.0094944  0.0112722    1.00186
   22.4974  -0.0102606 -0.00869724  -0.0115124 -0.0210911 0.00553485    1.01577
   22.5019  -0.0118585 -0.00550144 -0.00831658  -0.0319553 -0.00239972     1.01614
   22.5075  -0.00813002 -0.000707753  -0.00991448  -0.0328098 -0.00679425     1.00271
   22.5115 0.00358788 0.00142278 -0.0131103  -0.0223118 -0.00264386    0.986964
   22.5174   0.00944684 -0.000707753   -0.0147082 -0.00815163  0.00687762    0.980128
   22.5216  0.00571841 -0.00656671  -0.0131103 -0.00107155   0.0138356    0.987453
   22.5274 -0.00333633  -0.0113604  -0.0131103 -0.00680885    0.012737     1.00369
   22.5317 -0.00919529   -0.011893  -0.0125776 -0.0214573 0.00516864    1.01748
   22.5374 -0.00919529 -0.00763197 -0.00778395   -0.034763 -0.00362043     1.01821
   22.5418  -0.00759739 -0.000707753  -0.00938185  -0.0359837 -0.00764875     1.00527
   22.5472 0.00198999 0.00195541 -0.0115124   -0.024509 -0.00301007    0.988551
   22.5517 0.00465315 0.00142278 -0.0141755  -0.010471 0.00577899   0.980006
   22.5574 -0.00173844 -0.00283828   -0.017904 -0.0029026  0.0121266   0.985255
   22.5616 -0.00386897 -0.00922987  -0.0152408 -0.00656471    0.012737     1.00003
   22.5675 -0.0107932 -0.0097625 -0.0131103 -0.0187717 0.00748797    1.01358
   22.5719  -0.0177174 -0.00550144  -0.0131103    -0.029636 -8.03872e-05      1.01638
   22.5773  -0.0113258 -0.00177302  -0.0115124 -0.0318333 -0.0049632    1.00613
   22.5815  -0.00227107 -0.000175121   -0.0104471   -0.024509 -0.00325422    0.990871
   22.5874  -0.00120581 -0.000707753   -0.0152408 -0.0125462 0.00370379   0.983058
   22.5917 -0.000673173  -0.00496881   -0.0163061 -0.00558815   0.0100514    0.987575
   22.5974 -0.00546686  -0.0097625  -0.0152408 -0.00900612   0.0107839     1.00222
   22.6015 -0.00919529  -0.0108278   -0.012045 -0.0207249 0.00577899    1.01602
   22.6074 -0.00653213 -0.00709934 -0.00405552  -0.0318333 -0.00264386     1.01602
   22.6116  -0.0028037 -0.00124039 -0.00565342  -0.0328098 -0.00740461     1.00296
   22.6181 0.00358789 0.00302067 -0.0109797   -0.022678 -0.00239972    0.987575
   22.6217 0.00838158 0.00195541 -0.0125776 -0.00839577  0.00712176    0.980128
   22.6274  0.00465315 -0.00443618  -0.0152408 -0.0016819  0.0139577   0.987086
   22.6318 -0.00706476 -0.00922987  -0.0163061 -0.00668678   0.0134694     1.00271
   22.6372 -0.0129237 -0.0102951 -0.0115124 -0.0208469 0.00590106    1.01504
   22.6416   -0.013989 -0.00763197 -0.00884921  -0.0342747 -0.00313215     1.01724
   22.6474  -0.0102606 -0.00230565 -0.00938185  -0.0352512 -0.00691632     1.00589
   22.6517  -0.0028037  0.00195541 -0.00938185  -0.0252415 -0.00337629    0.990138
   22.6574 -0.000140541  0.000890144   -0.0147082 -0.0124241 0.00358172   0.982692
   22.6617 -0.000140541  -0.00390355   -0.0173713 -0.00412331   0.0104177    0.985866
   22.6675 -0.00653213 -0.00763197  -0.0157734 -0.00656471   0.0118825    0.998195
   22.6717 -0.0102606 -0.0097625 -0.0141755 -0.0179173 0.00687762    1.01248
   22.6774 -0.00972792 -0.00709934  -0.0125776   -0.0282932 -0.000202458      1.01504
   22.6816 -0.00813002 -0.00177302  -0.0115124  -0.0304905 -0.00508527     1.00442
   22.6874  0.00198999 -0.00124039 -0.00938185  -0.0238987 -0.00349836    0.991481
   22.6916  0.00944684 -0.00337091  -0.0104471 -0.0126682 0.00370379   0.983913
   22.6974  0.00678368 -0.00603408   -0.012045 -0.00448952   0.0106618    0.988185
   22.7015 -0.00227107 -0.00922987  -0.0136429 -0.00766334   0.0112722     1.00332
   22.7074 -0.0107932 -0.0097625 -0.0141755 -0.0207249 0.00468035    1.01614
   22.7117  -0.0129237 -0.00656671   -0.012045  -0.0319553 -0.00410871     1.01602
   22.7174 -0.00759739 -0.00124039  -0.0104471  -0.0329319 -0.00801496      1.0043
   22.7218 -0.0028037 0.00302067  -0.012045  -0.0221897 -0.00264386    0.988185
   22.7275 -0.000673173   0.00195541   -0.0168387 -0.00693092  0.00712176    0.979884
   22.7315  0.00145736 -0.00443618  -0.0168387 -0.000217056    0.0139577     0.986354
   22.7374 -0.00653213 -0.00869724  -0.0163061 -0.00668678   0.0134694     1.00149
   22.7415 -0.0177174 -0.0097625 -0.0152408 -0.0215794 0.00590106    1.01553
   22.7474  -0.0161195 -0.00763197  -0.0104471  -0.0346409 -0.00349836     1.01785
   22.7516 -0.00919529 -0.00177302 -0.00991448  -0.0363499 -0.00764875      1.0065
   22.7574 -0.00546686  0.00195541  -0.0131103  -0.0264622 -0.00447492    0.991359
   22.7619  0.00412052 0.000890144  -0.0125776 -0.0127903  0.0028493   0.982692
   22.7674  0.00518578 -0.00390355  -0.0131103 -0.00473366  0.00992938    0.985377
   22.7717 -0.00333633 -0.00869724  -0.0147082 -0.00705299    0.011028    0.998317
   22.7774 -0.00653213  -0.0108278 -0.00991448 -0.017551 0.0061452   1.01211
   22.7818  -0.0118585 -0.00763197 -0.00831658   -0.0290257 -0.000690739      1.01577
   22.7874  -0.0118585 -0.00177302  -0.0104471  -0.0324436 -0.00520734     1.00686
   22.7917  -0.00333633 -0.000175121   -0.0115124  -0.0251194 -0.00301007    0.991237
   22.7975 -0.000140541 -0.000175121   -0.0168387 -0.0125462    0.00407   0.981349
   22.8014  0.00252262 -0.00496881  -0.0173713 -0.00461159   0.0106618    0.986354
   22.8074 0.000924724   -0.011893  -0.0131103 -0.00815163   0.0118825     1.00222
   22.8116 -0.00706476   -0.011893  -0.0109797 -0.0210911 0.00577899    1.01638
   22.8174 -0.00919529 -0.00709934 -0.00884922  -0.0329319 -0.00313215     1.01773
   22.8219  -0.0028037 -0.00230565 -0.00778395  -0.0337864 -0.00764875     1.00552
   22.8274 0.00252262 0.00142278 -0.0104471  -0.0234104 -0.00313215    0.988795
   22.8317  0.00571841 0.000890144  -0.0141755 -0.00863991  0.00590106     0.97964
   22.8374  0.00838158 -0.00550144  -0.0136429 -0.000217056    0.0132253     0.984889
   22.8418 -0.0028037 -0.0097625 -0.0152408 -0.00546608   0.0132253     1.00051
   22.8473 -0.0113258 -0.0102951  -0.012045 -0.0196262 0.00590106    1.01541
   22.8516  -0.0118585 -0.00763197 -0.00671869  -0.0323215 -0.00239972     1.01834
   22.8574  -0.0118585 -0.00230565  -0.0115124  -0.0351292 -0.00667218     1.00711
   22.8615 -0.00546686  0.00142278  -0.0136429  -0.026218 -0.0037425   0.991481
   22.8674 0.000924723 0.000357511  -0.0136429 -0.0129124 0.00297137   0.981837
   22.8721 -0.000673173  -0.00390355   -0.0173713 -0.00509987  0.00956317    0.985011
   22.8772 -0.00813002 -0.00763197  -0.0173713 -0.00754127   0.0115163    0.999293
   22.8816  -0.0113258 -0.00869724  -0.0131103 -0.0179173 0.00699969    1.01297
   22.8874  -0.0118585 -0.00603408  -0.0104471   -0.0287815 -8.03873e-05      1.01577
   22.8919 -0.00813002 -0.00124039 -0.00991448 -0.0312229 -0.0049632    1.00527
   22.8975 -0.00173844  0.00142278   -0.012045  -0.0236546 -0.00252179    0.989406
   22.9016  -0.0028037 0.000357511  -0.0195019 -0.0113255 0.00541278   0.981105
   22.9074 -0.000140541  -0.00496881   -0.0189692 -0.00387917   0.0126149    0.987208
   22.9117 -0.00120581  -0.0108278  -0.0131103 -0.00851784   0.0132253     1.00296
   22.9174 -0.00866266  -0.0113604 -0.00991448 -0.0221897 0.00565692    1.01687
   22.9214 -0.00706476 -0.00763197 -0.00565342   -0.034885 -0.00398664     1.01785
   22.9274 -0.00227107 -0.00177302 -0.00725132  -0.0361057 -0.00813703     1.00491
   22.9319  0.00305525  0.00248804 -0.00991448  -0.0241428 -0.00349836    0.988673
   22.9373  0.00784894 0.000890144  -0.0115124 -0.00851784  0.00590106    0.980128
   22.9416  0.00678368 -0.00550144  -0.0141755 0.000149155   0.0133473    0.984645
   22.9474 -0.00227107  -0.0097625  -0.0141755 -0.00400124   0.0128591    0.999171
   22.9517 -0.00706476  -0.0113604  -0.0104471 -0.0181614  0.0061452    1.01419
   22.9574  -0.0059995 -0.00922987 -0.00565342  -0.0315891 -0.00130109     1.01821
   22.9616 -0.00706476 -0.00177302 -0.00884922 -0.0345188 -0.0061839    1.00759
   22.9675 -0.00120581  0.00142278  -0.0115124   -0.026096 -0.00398664    0.992091
   22.9721   0.00412052 -0.000707753   -0.0125776 -0.0136448 0.00309344   0.982936
   22.9774 -0.00120581 -0.00337091   -0.017904 -0.00607643  0.00931903    0.986354
   22.9816 -0.00493423  -0.0081646   -0.017904 -0.00778542   0.0109059     1.00039
   22.9874 -0.00919529 -0.00869724  -0.0141755 -0.0173069 0.00699969    1.01248
   22.9916  -0.0134563 -0.00443618  -0.0115124  -0.0284153 0.000163753     1.01431
   22.9974 -0.00972792 -0.00177302  -0.0104471  -0.0319553 -0.00459699     1.00454
   23.0017 -0.000673173 -0.000175121   -0.0115124   -0.024387 -0.00252179    0.988307
   23.0074   0.00518578 -0.000707753   -0.0131103 -0.0114475 0.00504657   0.980495
   23.0117 -0.000673173  -0.00496881   -0.0152408 -0.00375709   0.0122487    0.987941
   23.0174 -0.00919529  -0.0097625  -0.0152408 -0.00790749   0.0129811     1.00357
   23.0216 -0.0155869 -0.0097625 -0.0136429  -0.020969 0.00590106    1.01724
   23.0275  -0.0166521 -0.00603408  -0.0125776  -0.0334202 -0.00313215      1.0187
   23.0316  -0.00972792 -0.000707753  -0.00991448  -0.0352512 -0.00764875     1.00515
   23.0374 0.000392091  0.00248804  -0.0109797  -0.0249973 -0.00447492    0.988063
   23.0417 0.00731631 0.00142278 -0.0136429 -0.0094944 0.00443621   0.980128
   23.0475  0.00465315 -0.00337091  -0.0163061 -0.000461197    0.0124929      0.98611
   23.0517 -0.000673173  -0.00922987   -0.0168387 -0.00412331   0.0129811     1.00125
   23.0575 -0.00546686  -0.0102951  -0.0131103 -0.0170628 0.00651141    1.01431
   23.0616 -0.00919529 -0.00656671  -0.0104471  -0.0298801 -0.00142316     1.01712
   23.0675 -0.00759739 -0.00177302 -0.00991448 -0.0335423 -0.0061839    1.00698
   23.0717 0.000392091 0.000357511 -0.00884921  -0.0271946 -0.00459699    0.991237
   23.0774  0.00412052 0.000357511  -0.0115124 -0.0153538 0.00187274   0.982081
    23.082  0.00252262 -0.00337091  -0.0173713 -0.00644264  0.00931903    0.985255
   23.0875 0.00145736 -0.0081646 -0.0157734 -0.00729713   0.0107839    0.998439
   23.0916 -0.00866266 -0.00869724  -0.0136429 -0.0171848 0.00651141     1.0126
   23.0975   -0.013989 -0.00656671  -0.0109797   -0.0285374 -0.000324528      1.01626
   23.1019 -0.00653213 -0.00230565 -0.00618606  -0.0314671 -0.00557355      1.0054
   23.1074 -0.0028037 0.00195541  -0.012045  -0.0235325 -0.00337629    0.989528
   23.1116 -0.000140541   0.00142278   -0.0173713  -0.010471 0.00468035   0.981593
   23.1174  0.00252262 -0.00443618  -0.0157734 -0.00155983   0.0132253    0.987208
   23.1217 -0.00493423  -0.0102951  -0.0157734 -0.00595436    0.014446      1.0021
   23.1274 -0.0129237 -0.0113604  -0.012045 -0.0207249 0.00724383    1.01626
   23.1317  -0.0102606  -0.0081646 -0.00671869  -0.0339085 -0.00276593     1.01846
   23.1374 -0.00493423 -0.00177302 -0.00725132  -0.0362278 -0.00801496     1.00662
   23.1418 0.000924723  0.00302067 -0.00991448  -0.0269505 -0.00423078    0.990016
   23.1475 0.00571841 0.00142278 -0.0115124 -0.0121799 0.00468035    0.97964
   23.1515  0.00625105 -0.00443618  -0.0147082 -0.00241432   0.0120046    0.983058
   23.1574 0.00252262 -0.0097625 -0.0136429 -0.00485573   0.0122487    0.997829
   23.1617 -0.0059995 -0.0108278 -0.0125776 -0.0169407 0.00687762     1.0126
   23.1675 -0.00866266  -0.0081646  -0.0109797   -0.0290257 -0.000446598      1.01748
   23.1718 -0.00493423 -0.00337091 -0.00618606  -0.0326878 -0.00532941     1.00894
   23.1772 -0.00173844 0.000890144 -0.00618606  -0.0269505 -0.00423078    0.993434
   23.1816 0.000392091 0.000890144  -0.0109797 -0.0158421  0.0016286   0.983302
   23.1874 -0.000140541  -0.00337091   -0.0147082 -0.00717506  0.00846453    0.985133
   23.1918  -0.0028037 -0.00869724  -0.0131103 -0.00790749   0.0116384    0.998195
   23.1973 -0.00866266 -0.00922987  -0.0125776  -0.017551 0.00773211    1.01272
   23.2016  -0.0113258 -0.00550144  -0.0104471   -0.0286594 -0.000202458      1.01638
   23.2074  -0.00919529 -0.000707753   -0.0115124  -0.0319553 -0.00520734     1.00589
   23.2118 -0.00227107  0.00248804  -0.0131103  -0.0242649 -0.00337629    0.989528
   23.2175  0.00145736 0.000357511  -0.0152408  -0.010593 0.00480243   0.980739
   23.2217 0.000392091 -0.00496881   -0.017904 -0.00155983   0.0129811    0.986232
   23.2275 -0.00173844  -0.0102951  -0.0136429 -0.00558815   0.0139577     1.00173
   23.2316 -0.00759739   -0.011893 -0.00991448 -0.0198704 0.00602313    1.01638
   23.2375 -0.00653213  -0.0081646 -0.00512079  -0.0334202 -0.00410871     1.01882
   23.2415 -0.00120581 -0.00177302 -0.00458816   -0.036594 -0.00862531     1.00674
   23.2474 0.000924723  0.00195541   -0.012045  -0.0267063 -0.00471906    0.989894
   23.2518  0.00678368 0.000357511  -0.0136429 -0.0113255 0.00394793   0.979884
   23.2574   0.0131753 -0.00496881 -0.00991448 -0.00253639   0.0112722    0.983058
   23.2618  0.00252262 -0.00869724  -0.0136429 -0.00522194   0.0126149    0.997829
   23.2675 -0.0102606 -0.0097625 -0.0152408 -0.0166965 0.00809832    1.01248
   23.2719 -0.00972792 -0.00763197  -0.0104471  -0.0286594 0.000774105     1.01712
   23.2774 -0.00866266 -0.00177302 -0.00991448  -0.0324436 -0.00471906     1.00881
   23.2816 -0.00493423  0.00142278   -0.012045 -0.026096 -0.002888  0.993556
   23.2875   0.00145736 -0.000175121   -0.0147082  -0.014011 0.00358172   0.983913
   23.2918 -0.00173844 -0.00390355  -0.0200345 -0.00546608  0.00992938    0.986476
   23.2974 -0.00919529  -0.0081646  -0.0184366 -0.00754127   0.0121266     1.00003
   23.3016  -0.0107932 -0.00922987  -0.0109797 -0.0185276 0.00761004    1.01443
   23.3075  -0.0123911 -0.00550144  -0.0104471   -0.0302464 -0.000568668      1.01699
   23.3116   -0.0107932 -0.000175121   -0.0115124  -0.0334202 -0.00691632     1.00515
   23.3174 -0.00014054  0.00195541   -0.012045  -0.0256077 -0.00459699    0.988063
    23.322   0.00571841 -0.000175121   -0.0168387 -0.0107151 0.00504657   0.979152
   23.3273  0.00678368 -0.00496881  -0.0141755 -0.00107155   0.0133473    0.985133
   23.3316 0.000924723  -0.0097625 -0.00938185 -0.00485573   0.0139577     1.00076
   23.3375 -0.00919529  -0.0113604 -0.00991448 -0.0188938 0.00638934    1.01541
   23.3416 -0.00866266 -0.00869724 -0.00618606  -0.0334202 -0.00301007     1.01907
   23.3475  -0.0044016 -0.00283828 -0.00512079  -0.0367161 -0.00752668     1.00845
    23.352  0.00145736  0.00142278 -0.00778395  -0.0276829 -0.00435285    0.991603
   23.3572 0.00678368 0.00142278 -0.0109797 -0.0131565 0.00370379   0.981105
   23.3617  0.00731631 -0.00337091  -0.0141755 -0.00326881   0.0113942     0.98379
   23.3675 -0.000673172   -0.0081646   -0.0163061 -0.00534401   0.0128591    0.997584
   23.3718 -0.00866266 -0.00869724  -0.0136429 -0.0163303 0.00785418    1.01199
   23.3774  -0.0113258 -0.00603408  -0.0109797  -0.0271946 0.000774105     1.01687
   23.3817  -0.0102606 -0.00283828   -0.012045   -0.031345 -0.00435285     1.00918
   23.3874   -0.0059995 -0.000175121   -0.0125776   -0.026096 -0.00349836    0.994044
   23.3916  -0.0028037 0.000890144  -0.0152408 -0.0143772 0.00223895   0.983424
   23.3975 -0.00173844 -0.00390355  -0.0173713 -0.00632057  0.00956317    0.985866
   23.4018 -0.00866266 -0.00922987  -0.0184366 -0.00839577   0.0118825    0.999782
   23.4074 -0.0123911 -0.0097625 -0.0147082   -0.01926 0.00651141    1.01419
   23.4116  -0.0102606 -0.00656671 -0.00725132 -0.0309788 -0.0016673    1.01687
   23.4178 -0.00653213 -0.00177302 -0.00618606  -0.0336643 -0.00691632     1.00527
   23.4219  0.00412052  0.00142278 -0.00831658 -0.0247532 -0.0037425   0.989162
   23.4275   0.0126426 0.000357511 -0.00991448 -0.00998268  0.00529071    0.980617
   23.4316  0.00997947 -0.00496881  -0.0131103 -0.000949478    0.0133473     0.985377
   23.4374 0.00252262 -0.0102951 -0.0115124 -0.00436745   0.0140798     1.00039
   23.4418  -0.0059995   -0.011893 -0.00991448 -0.0182835 0.00687762    1.01541
   23.4472 -0.0118585 -0.0081646 -0.0104471  -0.0328098 -0.00227765     1.01944
   23.4516 -0.00546686 -0.00283828 -0.00725132  -0.0368382 -0.00703839     1.00857
   23.4575  0.00412052 0.000357511 -0.00512079  -0.0280491 -0.00423078    0.991969
   23.4617  0.00305525 0.000890144   -0.012045 -0.0135227 0.00345965   0.981715
   23.4675  0.00358789 -0.00283828  -0.0157734 -0.00412331   0.0111501    0.983668
   23.4719 -0.00227107 -0.00709934  -0.0163061 -0.00522194   0.0126149     0.99673
   23.4773  -0.0118585 -0.00869724  -0.0168387 -0.0158421 0.00761004    1.01138
   23.4816  -0.0123911 -0.00763197  -0.0115124   -0.027927 0.000652035     1.01675
   23.4875  -0.0129237 -0.00283828   -0.012045  -0.0319553 -0.00398664     1.00857
   23.4917 -0.00813002  0.00142278  -0.0136429  -0.0257298 -0.00276593    0.992946
   23.4975 -0.000140541   0.00142278   -0.0131103 -0.0135227 0.00297137    0.98257
   23.5016 -0.000140541  -0.00283828   -0.0152408 -0.00509987  0.00968524    0.985377
   23.5074 -0.00866266 -0.00869724  -0.0173713 -0.00729713   0.0118825    0.999171
   23.5118 -0.0145216 -0.0102951 -0.0147082 -0.0184055 0.00687762    1.01419
   23.5175  -0.0145216 -0.00656671  -0.0104471  -0.0309788 -0.00142316     1.01797
   23.5214   -0.0113258 -0.000707753   -0.0115124  -0.0350071 -0.00703839     1.00674
   23.5274 -0.00227107  0.00302067  -0.0136429  -0.0267063 -0.00459699    0.990016
   23.5318 0.00358788 0.00195541 -0.0147082 -0.0115696 0.00504657   0.979884
   23.5375  0.00465315 -0.00390355  -0.0141755 -0.00143776   0.0135915    0.984035
   23.5415 0.00358788 -0.0108278 -0.0104471 -0.00436745    0.014568    0.999293
   23.5474 -0.00706476  -0.0124257 -0.00991448  -0.017551 0.00748797    1.01431
   23.5516  -0.0118584 -0.00869724  -0.0104471   -0.031345 -0.00203351     1.01907
   23.5574 -0.00386897 -0.00390355 -0.00725132  -0.0356174 -0.00691632      1.0093
   23.5619 0.000924723 0.000357511 -0.00831658  -0.0287815 -0.00484113    0.993312
    23.568 0.00145736 0.00142278 -0.0131103   -0.01572 0.00199481   0.982448
   23.5717  0.00465315 -0.00337091  -0.0141755 -0.00558815   0.0094411    0.983668
   23.5775 -0.00014054  -0.0081646  -0.0152408 -0.00607643   0.0113942    0.996364
   23.5815 -0.00759739 -0.00922987  -0.0131103 -0.0154758 0.00712176    1.01052
   23.5874 -0.00653213 -0.00763197 -0.00725132  -0.0265842 0.000896175     1.01626
   23.5918 -0.00866266 -0.00283828  -0.0104471  -0.0311008 -0.00423078     1.00894
   23.5975 -0.00759739 0.000890144  -0.0163061  -0.0258518 -0.00349836    0.993556
   23.6015 0.000392091 0.000890144  -0.0141755 -0.0138889 0.00248309   0.983302
   23.6074 0.000392091 -0.00230565  -0.0147082 -0.00485573   0.0102956    0.986964
   23.6119 -0.00919529 -0.00656671  -0.0163061 -0.00680885   0.0135915    0.999415
   23.6175 -0.0134563 -0.0081646 -0.0115124 -0.0186497  0.0073659    1.01333
   23.6215  -0.0123911 -0.00656671 -0.00938185  -0.0321995 -0.00252179     1.01809
   23.6273 -0.00919529 -0.00177302 -0.00938185  -0.0350071 -0.00777082     1.00625
   23.6316 0.000392091  0.00195541 -0.00938185  -0.0256077 -0.00484113    0.989894
   23.6375 0.00358788 0.00142278 -0.0147082 -0.0114475 0.00394793   0.981471
   23.6417  0.00358788 -0.00337091   -0.017904 -0.000583267     0.012737     0.984401
   23.6474 0.00252262 -0.0097625 -0.0131103 -0.00253639   0.0143239    0.997462
   23.6519 -0.00653213   -0.011893  -0.0104471 -0.0166965 0.00797625    1.01333
   23.6571  -0.0113258 -0.00922987 -0.00938185   -0.0309788 -0.000324528      1.01931
   23.6618 -0.00706476 -0.00337091 -0.00671869  -0.0352512 -0.00557355     1.00943
   23.6675 -0.000140541  0.000890144  -0.00831658  -0.0286594 -0.00398664    0.994044
   23.6717  0.00465315  0.00142278 -0.00991448 -0.0162083 0.00260516   0.983546
   23.6774  0.00518578 -0.00283828  -0.0125776 -0.00644264  0.00919696    0.984035
   23.6817 -0.000673173  -0.00869724   -0.0163061 -0.00680885   0.0111501     0.99673
   23.6875  -0.0059995 -0.00922987  -0.0125776 -0.0158421  0.0073659    1.01052
   23.6915 -0.00653213 -0.00763197 -0.00778395 -0.0264622 0.00101825    1.01541
   23.6974  -0.0044016 -0.00390355 -0.00884921   -0.031345 -0.00398664     1.00784
   23.7017   0.00412052 -0.000175121  -0.00831658   -0.026218 -0.00325422    0.992091
   23.7074   0.0110447 -0.00124039 -0.00831658 -0.0143772 0.00272723   0.982448
   23.7116  0.00465315 -0.00496881  -0.0152408 -0.0049778  0.0101735   0.986842
   23.7174 -0.00227107 -0.00922987  -0.0152408 -0.0061985  0.0132253    1.00149
   23.7218 -0.00813002  -0.0102951  -0.0104471 -0.0180393 0.00773211    1.01541
   23.7274  -0.0150542 -0.00603408   -0.012045 -0.0319553 -0.0016673    1.01748
   23.7317  -0.0123911 0.000357511  -0.0115124  -0.0363499 -0.00752668     1.00613
   23.7375 -0.00333633  0.00408594  -0.0115124  -0.0274387 -0.00520734    0.989772
   23.7419 0.00305525 0.00248804 -0.0168387 -0.0120579 0.00370379   0.979518
   23.7473  0.00518578 -0.00390355  -0.0173713 -0.00119362   0.0121266    0.983058
   23.7516 -0.00014054  -0.0102951  -0.0168387 -0.0029026  0.0138356   0.998317
   23.7574 -0.0123911 -0.0108278 -0.0173713 -0.0154758 0.00724383    1.01333
   23.7617   -0.013989 -0.00763197  -0.0109797  -0.0292698 -0.00117902     1.01858
   23.7675 -0.00759739 -0.00337091 -0.00778395  -0.0340305 -0.00606183     1.01004
    23.772  -0.00173844 -0.000175121  -0.00938185  -0.0282932 -0.00484113    0.994289
   23.7772   0.00465315 -0.000175121  -0.00991448 -0.0164524  0.0016286   0.984035
   23.7817  0.00571841 -0.00337091   -0.012045 -0.00668678  0.00870868    0.985255
   23.7875 0.000924724 -0.00763197  -0.0141755 -0.00644264   0.0115163    0.997218
   23.7917 -0.00972792 -0.00709934  -0.0168387 -0.0158421 0.00822039    1.01101
   23.7975  -0.0145216 -0.00496881  -0.0152408  -0.0273167 0.000896175     1.01602
   23.8017 -0.00866266 -0.00283828 -0.00884921  -0.0319553 -0.00557355     1.00759
   23.8075 -0.00493423 0.000357511  -0.0109797  -0.0263401 -0.00423078    0.991725
   23.8116  -0.0012058 0.000357511  -0.0157734 -0.0132786 0.00297137   0.981715
   23.8175 0.000924724 -0.00390355  -0.0163061 -0.00339088   0.0109059    0.985255
   23.8218 -0.00653213 -0.00922987  -0.0173713 -0.00534401   0.0137136    0.999904
   23.8275 -0.0113258 -0.0108278 -0.0131103 -0.0181614 0.00748797    1.01553
   23.8318   -0.013989 -0.00709934 -0.00938185  -0.0321995 -0.00252179     1.01968
   23.8373  -0.0161195 -0.00124039   -0.012045  -0.0362278 -0.00850324     1.00869
   23.8416 -0.00386897  0.00195541  -0.0109797  -0.0281712 -0.00532941    0.991725
   23.8475  0.00891421 0.000890144 -0.00831658 -0.0131565 0.00394793   0.979396
   23.8516  0.00465315 -0.00283828  -0.0136429 -0.00131569   0.0124929    0.980983
   23.8575 -0.000673173  -0.00763197   -0.0157734 -0.00241432   0.0140798    0.995631
   23.8617 -0.00227107  -0.0108278  -0.0115124 -0.0147434 0.00858661    1.01162
   23.8675 -0.00866266 -0.00922987  -0.0104471  -0.0287815 0.000163754      1.0187
    23.872 -0.00759739 -0.00443618 -0.00778395  -0.0337864 -0.00545148     1.01162
   23.8775 -0.000673173 -0.000707753  -0.00671869   -0.027927 -0.00447492     0.99612
   23.8816 0.000924724 0.000890144  -0.0125776 -0.0166965 0.00187274   0.984401
   23.8874  0.00465315 -0.00230565  -0.0125776 -0.0074192  0.0094411    0.98379
   23.8919 0.00465315 -0.0081646 -0.0109797 -0.00644264   0.0118825    0.994899
   23.8975 -0.00759739 -0.00922987  -0.0147082 -0.0147434 0.00858661    1.00979
   23.9017  -0.0118584 -0.00656671  -0.0115124 -0.0268284 0.00187274    1.01602
   23.9074  -0.0059995 -0.00230565 -0.00778395  -0.0324436 -0.00423078     1.00845
   23.9117 -0.000673173   0.00248804   -0.0115124  -0.0268284 -0.00423078    0.992335
   23.9175 0.00625105 0.00142278 -0.0125776 -0.0137669 0.00297137   0.981227
   23.9217  0.00358788 -0.00390355  -0.0157734 -0.00400124   0.0121266    0.984645
   23.9275 -0.00866266 -0.00869724  -0.0189692 -0.00595436   0.0146901    0.999171
   23.9316 -0.0123911  -0.011893  -0.012045 -0.0186497 0.00822039    1.01443
   23.9375  -0.0134563 -0.00922987 -0.00938185  -0.0326878 -0.00191144     1.01907
   23.9418  -0.0129237 -0.00230565  -0.0115124  -0.0373264 -0.00801496     1.00906
   23.9476 -0.00227107  0.00248804  -0.0115124  -0.0287815 -0.00545148    0.992457
   23.9518 0.00252262 0.00248804 -0.0147082 -0.0130344 0.00321551   0.980739
   23.9573 -0.00173844 -0.00177302  -0.0184366 -0.00192604   0.0115163    0.981715
   23.9617 -0.00493423 -0.00709934  -0.0163061 -0.00278053   0.0134694    0.995143
   23.9675 -0.00866266 -0.00922987  -0.0115124 -0.0141331 0.00797625    1.01077
   23.9718  -0.0107932 -0.00763197 -0.00938185  -0.0271946 0.000652035     1.01797
   23.9774 -0.00653213 -0.00390355 -0.00725132  -0.0326878 -0.00435285     1.01126
    23.982 -0.000673173 -0.000707753  -0.00991448  -0.0282932 -0.00447492    0.995875
   23.9872   0.00198999 -0.000175121   -0.0152408 -0.0170628 0.00101825   0.984279
   23.9916  0.00305525 -0.00283828  -0.0152408 -0.00705299  0.00809832     0.98379
   23.9975 -0.000140541   -0.0081646   -0.0147082 -0.00607643    0.011028    0.995631
   24.0017 -0.00706476  -0.0102951  -0.0131103 -0.0152317 0.00773211     1.0115
   24.0075  -0.0113258 -0.00709934 -0.00991448 -0.0276829 0.00101825    1.01748
   24.0116 -0.00919529 -0.00283828  -0.0104471  -0.0325657 -0.00569562     1.00857
   24.0175 -0.0028037 0.00142278 -0.0125776  -0.0259739 -0.00471906    0.992091
   24.0217 0.00145736 0.00142278 -0.0147082  -0.012302 0.00382586   0.981105
   24.0275  0.00198999 -0.00337091  -0.0163061 -0.00204811    0.012737    0.984157
   24.0315  -0.0028037 -0.00922987  -0.0147082 -0.00412331   0.0149343    0.998439
   24.0374 -0.0123911 -0.0113604 -0.0125776  -0.017551 0.00809832    1.01358
    24.042  -0.0134563 -0.00869724 -0.00831658  -0.0323215 -0.00142316     1.01846
   24.0475 -0.00759739 -0.00390355 -0.00618606  -0.0372044 -0.00740461     1.00906
   24.0515 -0.00386897  0.00195541  -0.0109797  -0.0291477 -0.00606183     0.99319
   24.0575 0.00252262 0.00248804 -0.0136429 -0.0144993 0.00150653   0.980983
   24.0616  0.00571841 -0.00283828  -0.0147082 -0.00326881   0.0100514    0.981471
   24.0675 -0.00014054  -0.0081646  -0.0163061 -0.00302467   0.0123708    0.994533
   24.0719 -0.00759739  -0.0102951  -0.0136429 -0.0132786 0.00822039    1.00979
   24.0773  -0.0102606 -0.00869724 -0.00884921 -0.0263401 0.00150653    1.01748
   24.0817 -0.00706476 -0.00390355 -0.00565342  -0.0324436 -0.00398664     1.01162
   24.0875  -0.00227107 -0.000175121  -0.00831658  -0.0275608 -0.00386457    0.996364
   24.0917   0.00252262 -0.000175121    -0.012045  -0.0164524 0.000896175    0.984279
   24.0975  0.00465315 -0.00337091  -0.0125776 -0.0074192 0.00797625   0.984035
   24.1017 -0.00014054 -0.00763197  -0.0147082 -0.00717506   0.0115163     0.99612
   24.1075 -0.0044016 -0.0097625 -0.0109797 -0.0160862 0.00785418    1.01174
   24.1119 -0.00493423 -0.00869724 -0.00565342  -0.0281712 0.000285824     1.01748
   24.1174 -0.00493423 -0.00390355 -0.00725132 -0.0329319 -0.0061839    1.00857
   24.1216 -0.000673173   0.00142278  -0.00938185 -0.0258518 -0.0049632   0.991725
   24.1275 0.00358788 0.00195541 -0.0141755  -0.012302 0.00382586   0.981105
   24.1316  0.00305525 -0.00283828  -0.0184366 -0.00192604   0.0122487    0.984401
   24.1374  -0.0012058 -0.00922987  -0.0163061 -0.00326881   0.0143239    0.998317
   24.1417 -0.00919529   -0.011893  -0.0125776 -0.0164524 0.00773211    1.01406
   24.1475  -0.0123911 -0.00922987  -0.0115124  -0.0317112 -0.00191144     1.02029
   24.1517  -0.0107932 -0.00283828  -0.0115124  -0.0370823 -0.00740461     1.01089
   24.1575 -0.00653213  0.00248804  -0.0125776  -0.0293919 -0.00569562    0.993556
   24.1616 -0.000673173   0.00248804   -0.0157734 -0.0154758 0.00223895   0.981227
   24.1675 -0.00120581 -0.00177302  -0.0173713 -0.00436745  0.00992938    0.981349
   24.1719  -0.0028037 -0.00709934  -0.0163061 -0.00351295   0.0122487    0.994411
   24.1775 -0.00653213 -0.00922987  -0.0152408 -0.0134006 0.00858661    1.01004
   24.1815  -0.0118585 -0.00763197   -0.012045  -0.026096 0.00150653    1.01736
   24.1875  -0.0118585 -0.00337091  -0.0104471  -0.0321995 -0.00447492     1.01138
    24.192 -0.00813002 0.000890144   -0.012045  -0.0281712 -0.00447492     0.99673
   24.1973  0.000924724 -0.000175121    -0.012045 -0.0170628 0.00126239   0.984767
   24.2016  0.00518578 -0.00496881  -0.0125776 -0.00729713  0.00858661    0.983668
   24.2075 -0.0028037 -0.0081646 -0.0147082 -0.00656471   0.0120046     0.99612
   24.2119 -0.00866266  -0.0097625  -0.0131103   -0.01572 0.00846453    1.01223
   24.2186 -0.00759739  -0.0081646 -0.00938185  -0.0289036 0.000896175     1.01797
   24.2217 -0.00386897 -0.00337091 -0.00778395   -0.034885 -0.00606183     1.00857
   24.2276  0.00198999  0.00195541 -0.00831658  -0.0285374 -0.00545148    0.992213
   24.2316 0.00518578 0.00302067 -0.0125776 -0.0137669  0.0028493   0.981105
   24.2375  0.00305525 -0.00230565  -0.0163061 -0.00143776   0.0117604    0.983058
   24.2417 -0.000140541  -0.00869724   -0.0141755 -0.00192604   0.0142018    0.997096
   24.2475 -0.00653213   -0.011893  -0.0115124 -0.0151096 0.00846453    1.01272
    24.252 -0.0134563 -0.0097625 -0.0109797   -0.0306126 -0.000812809      1.01944
   24.2576  -0.0123911 -0.00337091  -0.0104471   -0.036594 -0.00789289      1.0115
   24.2616 -0.00653213  0.00195541   -0.012045  -0.0300022 -0.00642804    0.995021
   24.2675 0.00145736 0.00195541 -0.0136429 -0.0165745 0.00126239   0.982448
    24.272  0.00252262 -0.00177302  -0.0152408 -0.00546608  0.00919696    0.981227
   24.2775 -0.00120581 -0.00390355  -0.0168387 -0.0016819  0.0128591   0.984035
   24.2815 -0.00493423 -0.00709934  -0.0141755 -0.0102268  0.0094411   0.999782
   24.2873 -0.0118584 -0.0081646  -0.012045 -0.0246311 0.00223895    1.01614
   24.2916 -0.00972792 -0.00337091 -0.00991448  -0.0308567 -0.00313215     1.01065
   24.2975  0.000392091 -0.000175121  -0.00831658  -0.0270725 -0.00337629     0.99673
   24.3019   0.00358788 -0.000707753   -0.0136429 -0.0163303 0.00101825   0.985133
   24.3073  0.00412052 -0.00443618  -0.0147082 -0.00973854     0.00407    0.981349
   24.3116  0.00305525 -0.00869724  -0.0104471 -0.00973854  0.00809832    0.993922
   24.3175 -0.00493423  -0.0108278 -0.00991448 -0.0166965 0.00834246    1.01321
   24.3219  -0.0113258 -0.00869724 -0.00938185   -0.0295139 -0.000446598      1.01797
   24.3275 -0.00919529 -0.00283828 -0.00778395  -0.0351292 -0.00801496     1.00784
   24.3317 -0.00173844  0.00195541  -0.0115124  -0.0280491 -0.00606183    0.991481
   24.3375 0.00518578 0.00248804 -0.0157734 -0.0132786 0.00321551   0.980128
   24.3418  0.00571841 -0.00230565  -0.0163061 -0.00131569   0.0116384    0.981715
   24.3475  0.00305525 -0.00603408  -0.0168387 0.00271263  0.0153005   0.986476
   24.3516 -0.00333633 -0.00869724  -0.0115124 -0.0102268 0.00980731     1.0032
   24.3575   -0.013989 -0.00869724 -0.00884921   -0.0300022 -0.000324528      1.01992
   24.3618  -0.0166521 -0.00337091  -0.0109797  -0.0362278 -0.00679425     1.01211
   24.3675 -0.00972792 0.000890144  -0.0104471  -0.0301243 -0.00581769    0.995753
    24.372 -0.00173844  0.00195541  -0.0136429  -0.0171848 0.000896175     0.98318
   24.3775 0.000924723 -0.00230565  -0.0163061 -0.00558815  0.00809832    0.981837
   24.3819 0.00145736 -0.0081646 -0.0136429 -0.00387917   0.0113942    0.993312
   24.3875 0.00198999 -0.0102951 -0.0115124 -0.00632057   0.0113942      1.0021
   24.3915 -0.00653213  -0.0081646  -0.0109797 -0.0186497 0.00541278    1.00979
   24.3975  -0.0150542 -0.00603408  -0.0104471   -0.0309788 -0.000568669      1.01748
   24.4016 -0.00493423 -0.00283828 -0.00884921 -0.0269505 -0.0016673    1.00222
   24.4075   0.00305525 -0.000175121   -0.0125776  -0.0163303 0.000896175    0.983546
   24.4117  0.00571841 -0.00390355  -0.0147082 -0.00656471  0.00870868    0.983668
   24.4174   0.0105121 -0.00709934  -0.0115124 -0.00339088   0.0128591    0.987208
   24.4215 0.000392091 -0.00922987  -0.0104471 -0.0134006 0.00870868    1.00332
   24.4275 -0.00866266 -0.00869724 -0.00618606   -0.0295139 -8.03871e-05      1.01821
   24.4319  -0.0059995 -0.00230565 -0.00512079  -0.0357395 -0.00691632     1.00979
   24.4376  -0.0044016  0.00142278 -0.00725132  -0.0358616 -0.00911359     1.00259
   24.4416  0.00252262 0.000890144 -0.00991448  -0.0210911 -0.00105695     0.99026
   24.4475  0.00944684 0.000357511  -0.0125776 -0.00632057  0.00699969    0.977931
   24.4517 -0.000140541  -0.00550144   -0.0157734 -0.00607643   0.0104177    0.990993
   24.4575 -0.0118585 -0.0113604 -0.0152408 -0.0135227 0.00968524    1.01126
   24.4621  -0.0150542 -0.00869724   -0.012045  -0.0284153 0.000529964     1.01919
   24.4675  -0.0161195 -0.00603408  -0.0125776  -0.0356174 -0.00447492     1.01992
   24.4717 -0.00919529 -0.00230565  -0.0115124 -0.0306126 -0.0037425     1.0043
   24.4775 -0.00227107  0.00142278  -0.0104471  -0.0256077 -0.00301007    0.988673
   24.4816 0.000924724 -0.00124039  -0.0125776 -0.0144993 0.00358172   0.986354
   24.4875 -0.00173844 -0.00603408  -0.0163061 -0.00522194   0.0107839    0.992702
   24.4919 -0.00706476 -0.00869724  -0.0131103 -0.0131565 0.00870868     1.0082
   24.4972 -0.00653213 -0.00922987 -0.00831658   -0.01926 0.00602313    1.01504
   24.5016  -0.0059995 -0.00443618 -0.00831658   -0.0254856 -0.000690739      1.00894
   24.5075 -0.00546686 0.000357511 -0.00831658  -0.0317112 -0.00740461     1.00283
   24.5118   0.00305525 -0.000707753  -0.00884922   -0.0203587 -0.000934879     0.991237
   24.5175   0.0115774 -0.00177302 -0.00938185 -0.00900612  0.00553485     0.97964
   24.5215  0.00412052 -0.00709934  -0.0115124 -0.00888405  0.00919696    0.993556
   24.5275 -0.00919529  -0.0113604  -0.0141755 -0.00876198   0.0128591     1.00747
   24.5319 -0.0155869 -0.0081646 -0.0147082 -0.0229221 0.00394793    1.01272
   24.5375  -0.0161195 -0.00603408  -0.0147082 -0.0370823 -0.0049632    1.01797
   24.5417 -0.00706476 -0.00124039  -0.0141755  -0.0301243 -0.00362043     1.00112
   24.5475 0.00198999  0.0035533 -0.0136429  -0.0231663 -0.00227765    0.984279
   24.5515   0.00305525 -0.000707753   -0.0136429 -0.010471 0.0061452  0.984767
   24.5575  0.00412052 -0.00496881  -0.0136429 0.00222435  0.0145681   0.985255
   24.5617 -0.00493423 -0.00869724  -0.0136429 -0.00925026   0.0100514     1.00161
   24.5675  -0.013989 -0.0124257 -0.0136429 -0.0207249 0.00553485    1.01797
   24.5718  -0.0107932 -0.00603408  -0.0109797   -0.0280491 -0.000934879      1.01174
   24.5775 -0.00759739 0.000357511 -0.00831658  -0.0353733 -0.00740461     1.00552
   24.5818 -0.00014054 0.000357511 -0.00884922 -0.0234104 -0.0016673   0.993434
   24.5875  0.00731631 0.000357511 -0.00938185 -0.0114475    0.00407   0.981349
   24.5916  0.00252262 -0.00443618  -0.0115124 -0.00912819  0.00773211    0.991603
   24.5975 -0.00227107 -0.00922987  -0.0136429 -0.00680885   0.0113942     1.00186
   24.6017 -0.00706476  -0.0081646   -0.012045 -0.0187717  0.0049245     1.0093
   24.6075  -0.0118585 -0.00709934  -0.0104471  -0.0307346 -0.00154523     1.01675
   24.6119 -0.00173844 -0.00337091 -0.00725132  -0.0271946 -0.00178937     1.00198
   24.6175  0.00838157 0.000357511 -0.00405553  -0.0236546 -0.00203351    0.987208
   24.6216  0.00571841 -0.00283828 -0.00938185 -0.0125462 0.00602313   0.987697
   24.6275  0.00305525 -0.00603408  -0.0147082 -0.00143776   0.0140798    0.988185
   24.6317 -0.00493423  -0.0081646  -0.0131103 -0.0121799  0.0085866    1.00357
   24.6375 -0.0129237 -0.0102951 -0.0115124 -0.0229221 0.00309344    1.01895
   24.6417 -0.00759739 -0.00496881 -0.00991448 -0.0298801  -0.002888    1.01052
   24.6475 -0.00227107 0.000357511 -0.00831658  -0.0368382 -0.00886945      1.0021
   24.6517 -0.000673173   0.00195541   -0.0141755   -0.0217014 -0.000812809      0.98965
   24.6575 0.000924723   0.0035533  -0.0200345 -0.00656471  0.00724383    0.977199
   24.6615 -0.00493423 -0.00283828  -0.0195019 -0.00546608   0.0102956     0.98965
   24.6675  -0.0107932 -0.00922987  -0.0189692 -0.00436745   0.0133473      1.0021
    24.672 -0.0118585 -0.0081646 -0.0131103 -0.0188938  0.0049245    1.01101
   24.6772  -0.0129237 -0.00709934 -0.00725132  -0.0334202 -0.00349836     1.01992
   24.6817 -0.00813002 -0.00337091 -0.00991448  -0.0292698 -0.00349836     1.00479
   24.6875 -0.00333633 0.000357511  -0.0125776  -0.0251194 -0.00349836     0.98965
   24.6917 -0.000673173  -0.00230565   -0.0152408 -0.0144993 0.00394793   0.987575
   24.6975  0.00198999 -0.00496881   -0.017904 -0.00387917   0.0113942    0.985499
   24.7018 0.000924724 -0.00869724  -0.0109797 -0.0118137 0.00919696    1.00076
   24.7075 -0.00014054  -0.0124257 -0.00405553 -0.0197483 0.00699969    1.01602
   24.7116  -0.0012058 -0.00656671 -0.00512079  -0.0263401 0.000163754     1.00979
   24.7179  -0.00227107 -0.000707753  -0.00618605  -0.0329319 -0.00667218     1.00357
    24.722  0.00305525 -0.00124039  -0.0115124   -0.0201145 -0.000202457     0.991847
   24.7275  0.00838157 -0.00177302  -0.0168387 -0.00729713  0.00626727    0.980128
   24.7316 -0.000673174  -0.00656671   -0.0184366 -0.00717506   0.0104177    0.992457
   24.7375 -0.00972792  -0.0113604  -0.0200345 -0.00705299   0.0145681     1.00479
   24.7417  -0.0118585 -0.00922987  -0.0147082 -0.0220676 0.00468036    1.01187
   24.7475   -0.013989 -0.00709934 -0.00938185  -0.0370823 -0.00520734     1.01895
   24.7517 -0.00866266 -0.00177302  -0.0109797  -0.0306126 -0.00435285     1.00332
   24.7575 -0.00333633   0.0035533  -0.0125776  -0.0241428 -0.00349836    0.987697
   24.7621  -0.00227107 -0.000175121   -0.0152408 -0.0115696 0.00516864   0.985377
   24.7675 -0.00120581 -0.00390355   -0.017904 0.00100365  0.0138356   0.983058
   24.7717 -0.00919529 -0.00656671  -0.0168387 -0.00876198  0.00956317    0.999293
   24.7775  -0.0171848 -0.00922987  -0.0157734 -0.0185276 0.00529071    1.01553
   24.7816  -0.0145216 -0.00550144  -0.0147082    -0.026218 -0.000690739       1.0115
   24.7875  -0.0118585 -0.00177302  -0.0136429  -0.0339085 -0.00667218     1.00747
   24.7917  -0.00493423 -0.000175121   -0.0125776  -0.0230442 -0.00130109    0.994655
   24.7976 0.00198999 0.00142278 -0.0115124 -0.0121799    0.00407   0.981837
   24.8016 -0.000673173  -0.00390355   -0.0131103  -0.010471 0.00773211   0.991481
   24.8075 -0.00333633 -0.00922987  -0.0147082 -0.00876198   0.0113942     1.00112
   24.8117  -0.0113258 -0.00763197  -0.0157734 -0.0198704 0.00529071     1.0093
   24.8175  -0.0193153 -0.00603408  -0.0168387   -0.0309788 -0.000812809      1.01748
   24.8216   -0.0102606 -0.000707753   -0.0131103 -0.0270725 -0.0016673    1.00137
   24.8275 -0.00120581  0.00461857 -0.00938185  -0.0231663 -0.00252179    0.985255
   24.8318   0.00358788 -0.000707753   -0.0109797 -0.0114475  0.0061452    0.98611
   24.8375  0.00838157 -0.00603408  -0.0125776 0.000271225   0.0148122    0.986964
   24.8416 -0.00120581 -0.00922987  -0.0131103 -0.0110813 0.00968524     1.0032
   24.8475 -0.0107932 -0.0124257 -0.0136429 -0.0224339 0.00455828    1.01944
   24.8519 -0.00972792 -0.00922987 -0.00938185   -0.0293919 -0.000690739      1.01931
   24.8573 -0.00813002 -0.00283828 -0.00778395  -0.0370823 -0.00764875     1.01187
   24.8616  0.00625105 0.000357511 -0.00725132  -0.0236546 -0.00142316    0.991481
   24.8675   0.0200995 0.000357511 -0.00405553 -0.0094944 0.00651141   0.978419
   24.8718  0.00784894 -0.00390355  -0.0115124 -0.0049778 0.00992938   0.981471
   24.8775 -0.0044016 -0.0081646 -0.0189692 -0.00241432   0.0132253    0.992824
   24.8818 -0.00706476  -0.0097625  -0.0163061 -0.0109592 0.00992938    1.00808
   24.8873  -0.0134563 -0.00869724  -0.0141755 -0.0242649  0.0028493    1.01773
   24.8917  -0.0161195 -0.00337091  -0.0141755  -0.0326878 -0.00447492     1.01345
   24.8975 -0.00972792 0.000357511  -0.0104471  -0.0303684 -0.00667218    0.997951
   24.9016 -0.00227107 0.000890144  -0.0109797  -0.0195042 -0.00117902    0.984889
   24.9075 0.000924724 -0.00230565  -0.0157734 -0.00863991  0.00699969     0.98257
   24.9116  -0.0012058 -0.00763197  -0.0147082 -0.00595436   0.0115163    0.993678
   24.9175 -0.00919529  -0.0102951  -0.0147082 -0.0135227 0.00919696    1.00979
   24.9217   -0.013989 -0.00869724  -0.0141755 -0.0259739  0.0028493    1.01797
   24.9275  -0.0102606 -0.00337091 -0.00991448   -0.033054 -0.00423078     1.01126
   24.9317 -0.00173844  0.00248804 -0.00884922  -0.0289036 -0.00593976    0.994655
   24.9375 0.00625105 0.00248804 -0.0104471 -0.0159641 0.00114032   0.981837
   24.9419  0.00678368 -0.00283828  -0.0131103 -0.00412331   0.0102956    0.982204
   24.9473 0.000392091  -0.0081646  -0.0147082 -0.00278053   0.0145681    0.995021
   24.9516 -0.00493423   -0.011893   -0.012045 -0.0137669  0.0101735    1.01138
   24.9575  -0.0113258  -0.0102951 -0.00991448  -0.0291477 0.000285824      1.0198
   24.9616  -0.0113258 -0.00443618 -0.00884921  -0.0364719 -0.00764875     1.01284
   24.9675  -0.0012058 0.000890144 -0.00618606  -0.0312229 -0.00728254     0.99673
    24.972 0.00305525 0.00302067 -0.0115124   -0.017551 0.000163754    0.982814
   24.9773  0.00358788 -0.00177302  -0.0157734 -0.00522194  0.00846453    0.980128
   24.9818 -0.000673173  -0.00709934   -0.0157734 -0.00265846   0.0118825    0.991237
   24.9875  -0.0107932 -0.00869724   -0.017904 -0.0108372 0.00907489    1.00735
   24.9917  -0.0123911 -0.00869724  -0.0141755 -0.0235325  0.0028493    1.01699
   24.9975  -0.0102606 -0.00496881  -0.0104471  -0.0311008 -0.00325422     1.01284
   25.0019  -0.00866266 -0.000175121   -0.0131103  -0.0291477 -0.00398664    0.998439
   25.0075 -0.00014054 0.000357511  -0.0141755    -0.01926 0.000529964    0.985988
   25.0117  0.00571841 -0.00337091  -0.0147082 -0.00851784  0.00748797    0.983546
   25.0175 -0.00173844  -0.0081646   -0.017904 -0.00632057   0.0121266    0.993678
   25.0217 -0.00759739  -0.0108278  -0.0141755 -0.0144993 0.00956317    1.00967
   25.0275 -0.00706476  -0.0097625 -0.00831658 -0.0270725 0.00199481     1.0176
   25.0316 -0.00546686 -0.00390355 -0.00725132  -0.0337864 -0.00557355     1.01101
   25.0375  0.00305525  0.00195541 -0.00512079  -0.0286594 -0.00642804    0.994777
   25.0419  0.00784894  0.00195541 -0.00991448 -0.0149876 0.00150653   0.981715
   25.0475  0.00465315 -0.00230565  -0.0173713 -0.00180397   0.0111501    0.982326
   25.0517 0.00305525 -0.0081646 -0.0136429 -0.000461197    0.0148122     0.994533
   25.0577 -0.00386897   -0.011893 -0.00991448 -0.0125462 0.00968524    1.01065
   25.0617  -0.0129237  -0.0097625 -0.00938185  -0.0284153 0.000285824     1.02017
   25.0676  -0.0118584 -0.00443618 -0.00725132   -0.036594 -0.00667218      1.0137
   25.0719  -0.0044016 0.000357511 -0.00884921  -0.0317112 -0.00691632    0.997218
   25.0775 0.00358789 0.00142278 -0.0115124  -0.0182835 4.16832e-05    0.983424
   25.0816  0.00625105 -0.00177302  -0.0131103 -0.00595436  0.00870868    0.980739
   25.0875 0.000392091 -0.00656671  -0.0163061 -0.0029026  0.0128591   0.991115
    25.092 -0.00866266  -0.0097625  -0.0163061 -0.010471 0.0101735   1.00674
   25.0973  -0.0129237 -0.00922987 -0.00991448 -0.0234104 0.00333758    1.01626
   25.1017  -0.0134563 -0.00443618 -0.00884922  -0.0314671 -0.00301007     1.01297
   25.1075 -0.00919529 0.000357511  -0.0115124  -0.0291477 -0.00484113    0.998561
   25.1119 0.000924724 0.000357511  -0.0115124   -0.0188938 -0.000568668     0.985622
   25.1173 0.000924724 -0.00283828  -0.0184366 -0.00802956  0.00712176     0.98379
   25.1216 -0.00546686 -0.00763197  -0.0205671 -0.00571022   0.0118825      0.9938
   25.1275 -0.00972792  -0.0102951  -0.0147082 -0.0136448  0.0094411    1.01016
   25.1318  -0.0123911 -0.00869724  -0.0109797 -0.0269505 0.00175067    1.01882
   25.1375 -0.00919529 -0.00337091 -0.00778395  -0.0352512 -0.00593976     1.01235
   25.1416 0.000924723  0.00195541 -0.00512079 -0.0307346 -0.0061839   0.996486
   25.1475  0.00731631  0.00248804 -0.00991448 -0.0165745 0.00150653   0.981837
   25.1519  0.00465315 -0.00177302  -0.0168387 -0.00326881   0.0104177    0.979762
   25.1576 0.00305525 -0.0081646 -0.0136429 -0.00119362   0.0148122    0.992335
   25.1616 -0.00546686   -0.011893   -0.012045 -0.0119358  0.0109059    1.00967
   25.1675 -0.0113258 -0.0108278 -0.0104471 -0.0276829 0.00199481    1.02066
   25.1718 -0.00706476 -0.00550144 -0.00512079  -0.0364719 -0.00520734     1.01614
   25.1775  -0.0044016 0.000357511 -0.00671869  -0.0325657 -0.00593976     1.00003
   25.1818 -0.00227107  0.00248804   -0.012045   -0.0196262 -0.000202458     0.985011
   25.1875  0.000392091 -0.000707753   -0.0157734 -0.00717506  0.00748797    0.980617
   25.1916 -0.00014054 -0.00603408  -0.0173713 -0.00375709   0.0121266    0.990016
   25.1975 -0.00759739 -0.00869724   -0.017904 -0.0108372  0.0101735    1.00515
   25.2018 -0.0134563 -0.0081646 -0.0147082 -0.0232883 0.00345965     1.0159
   25.2075  -0.0102606 -0.00496881 -0.00884921   -0.031345 -0.00325422     1.01333
   25.2117  -0.00493423 -0.000707753  -0.00778395  -0.0286594 -0.00520734    0.998317
   25.2175 -0.00227107  0.00142278  -0.0125776  -0.0181614 -0.00142316    0.984157
   25.2219  0.00145736 -0.00230565  -0.0168387 -0.00766334  0.00590106    0.982448
   25.2276 -0.000673173  -0.00922987    -0.017904 -0.00546608    0.011028    0.994411
   25.2316 -0.0059995 -0.0124257 -0.0141755  -0.014011 0.00846453    1.01162
   25.2375 -0.00813002  -0.0097625 -0.00725132  -0.0274387 0.000896175     1.02005
   25.2417 -0.00919529 -0.00283828 -0.00618606  -0.0351292 -0.00630597     1.01248
   25.2475  -0.0028037  0.00302067 -0.00884922 -0.0304905 -0.0061839   0.995265
   25.2519 0.00731631 0.00248804 -0.0104471 -0.0164524 0.00248309    0.98025
   25.2575  0.00784894 -0.00177302  -0.0147082 -0.00278053   0.0115163    0.979152
   25.2618  0.00198999 -0.00763197  -0.0163061 -0.000583267    0.0154225     0.992457
   25.2675 -0.0028037  -0.011893  -0.012045 -0.0115696   0.011028    1.01004
    25.272 -0.00706476  -0.0102951 -0.00884922 -0.0273167 0.00114032    1.02053
   25.2773 -0.00759739 -0.00496881 -0.00831658  -0.0362278 -0.00606183     1.01577
   25.2817  -0.0044016 0.000890144 -0.00938185  -0.0328098 -0.00655011     1.00003
   25.2875 -0.0012058 0.00302067 -0.0136429  -0.0201145 -0.00105695    0.985377
   25.2917 -0.00014054 -0.00124039  -0.0173713 -0.0074192 0.00687762   0.980983
   25.2975  -0.0012058 -0.00709934  -0.0163061 -0.00424538   0.0117604     0.99026
    25.302 -0.00706476 -0.00869724  -0.0147082 -0.0114475  0.0100514    1.00564
   25.3074  -0.0118585 -0.00656671  -0.0125776 -0.0236546 0.00431414    1.01541
   25.3116 -0.00919529 -0.00390355  -0.0104471  -0.0315891 -0.00276593      1.0126
   25.3175  -0.00333633 -0.000707753   -0.0109797  -0.0290257 -0.00508527    0.998561
   25.3219  0.00198999 0.000890144  -0.0125776 -0.0185276 4.1683e-05   0.984889
   25.3275  0.00305525 -0.00177302  -0.0141755 -0.0074192 0.00797625   0.982692
   25.3318 -0.00333633 -0.00656671  -0.0147082 -0.00461159   0.0133473    0.993922
   25.3376 -0.0107932 -0.0102951 -0.0125776 -0.0127903  0.0100514    1.01052
   25.3416  -0.0155869 -0.00922987  -0.0115124 -0.0269505 0.00101825    1.01895
   25.3475  -0.0129237 -0.00390355 -0.00938185  -0.0357395 -0.00716047     1.01223
   25.3517 -0.00546686  0.00195541  -0.0104471  -0.0314671 -0.00777082    0.996364
   25.3575 -0.00120581  0.00408594  -0.0168387  -0.0171848 4.16832e-05    0.982081
   25.3619  0.00145736 0.000357511  -0.0173713 -0.00363502  0.00956317    0.979396
   25.3675 -0.000673173  -0.00603408   -0.0163061 -0.00143776    0.014446    0.991481
   25.3718 -0.0059995 -0.0108278 -0.0131103 -0.0108372  0.0112722    1.00808
   25.3775  -0.0113258  -0.0108278 -0.00991448 -0.0253635 0.00297137    1.01821
   25.3818 -0.00972792 -0.00603408 -0.00938185  -0.0346409 -0.00435285     1.01467
   25.3875  -0.0028037 -0.00124039 -0.00778395  -0.0321995 -0.00569562    0.999904
   25.3916  0.00412052 0.000357511 -0.00938185  -0.0208469 -0.00105695     0.98611
   25.3976  0.00678368 -0.00177302  -0.0136429 -0.00876198   0.0061452    0.982081
   25.4016  0.00252262 -0.00656671  -0.0147082 -0.00461159   0.0109059    0.991115
   25.4075 -0.0059995 -0.0097625 -0.0147082 -0.0109592 0.00968524    1.00625
   25.4118  -0.0113258 -0.00869724  -0.0125776 -0.0229221 0.00394793    1.01602
   25.4175 -0.00759739 -0.00443618 -0.00778395  -0.0311008 -0.00276593     1.01321
   25.4216 -0.00333633 0.000357511 -0.00938185  -0.0292698 -0.00471906    0.998561
   25.4275 0.00145736 0.00195541 -0.0136429  -0.0184055 0.000285824    0.984279
   25.4318   0.00412052 -0.000707753   -0.0163061 -0.00656471  0.00870868    0.982326
   25.4375 -0.00173844 -0.00656671   -0.017904 -0.00375709   0.0135915    0.993678
   25.4416 -0.00919529   -0.011893  -0.0136429 -0.0130344 0.00968524    1.01052
   25.4475  -0.0161195  -0.0097625 -0.00991448  -0.0280491 0.000652035     1.01968
   25.4518  -0.0161195 -0.00283828 -0.00991448  -0.0363499 -0.00728254     1.01358
   25.4573 -0.00386897  0.00142278 -0.00938185  -0.0318333 -0.00789289    0.997829
   25.4616 0.00571841 0.00302067 -0.0104471  -0.0181614 4.16832e-05    0.982936
   25.4675  0.00412052 0.000357511  -0.0163061 -0.00400124  0.00968524    0.979518
    25.472  0.00252262 -0.00656671  -0.0157734 0.000393296   0.0138356    0.990138
   25.4773 -0.000673173   -0.0113604   -0.0109797 -0.00925026   0.0111501     1.00637
   25.4817 -0.00653213  -0.0108278  -0.0109797 -0.0247532 0.00345965    1.01773
   25.4875 -0.00386897 -0.00656671 -0.00565342  -0.0341526 -0.00410871     1.01541
   25.4918 0.000392091 -0.00177302 -0.00405552  -0.0321995 -0.00581769     1.00137
   25.4975  0.00305525 0.000890144 -0.00938185 -0.0213352 -0.0016673    0.98733
   25.5016  0.00784894 -0.00124039  -0.0115124 -0.00973854  0.00553485    0.982326
   25.5075  0.00412052 -0.00656671  -0.0136429 -0.00546608   0.0101735    0.990504
   25.5118  -0.0059995 -0.00922987  -0.0168387 -0.0113255 0.00931903    1.00589
   25.5175 -0.00866266  -0.0081646  -0.0131103 -0.0231663 0.00394793    1.01602
   25.5217 -0.00653213 -0.00496881 -0.00778395  -0.0317112 -0.00313215     1.01297
   25.5275   -0.0028037 -0.000175121  -0.00884921  -0.0301243 -0.00532941    0.998195
   25.5317 0.00358789 0.00195541 -0.0104471   -0.0186497 -8.03871e-05      0.98379
   25.5375  0.00465315 -0.00124039  -0.0157734 -0.00583229  0.00846453    0.981105
   25.5419 -0.00173844 -0.00709934  -0.0200345 -0.00363502    0.014568    0.992702
   25.5475 -0.00919529  -0.0108278  -0.0152408 -0.0127903  0.0113942    1.01016
   25.5517 -0.0155869 -0.0081646 -0.0131103 -0.0275608  0.0016286    1.01968
   25.5575  -0.0150542 -0.00230565  -0.0109797  -0.0368382 -0.00630597     1.01419
   25.5616  -0.0044016  0.00142278 -0.00671869  -0.0321995 -0.00716047    0.998195
   25.5675  0.00465315  0.00195541 -0.00991448  -0.0184055 0.000529964    0.983302
   25.5722  0.00412052 -0.00124039  -0.0147082 -0.00473366  0.00931903    0.979762
   25.5772  0.00252262 -0.00656671  -0.0157734 -0.000949478    0.0135915     0.990504
   25.5817 -0.000140541   -0.0108278   -0.0141755 -0.00937233   0.0112722     1.00711
   25.5875 -0.00866266  -0.0102951  -0.0115124 -0.0236546 0.00333758    1.01773
   25.5916 -0.00866266 -0.00496881 -0.00778395  -0.0328098 -0.00423078     1.01492
   25.5975 -0.00173844 0.000357511 -0.00671869  -0.0309788 -0.00581769     1.00064
   25.6019 0.00198999 0.00142278 -0.0104471 -0.0202366 -0.0016673   0.986354
   25.6075  0.00625105 -0.00230565  -0.0136429 -0.00888405   0.0049245    0.981837
   25.6118  0.00358788 -0.00709934  -0.0152408 -0.00522194  0.00992938    0.990748
   25.6175 -0.00493423 -0.00922987  -0.0141755 -0.0113255 0.00870868    1.00637
   25.6219 -0.0113258 -0.0081646  -0.012045 -0.0237766 0.00260516    1.01687
   25.6275  -0.0102606 -0.00443618  -0.0104471  -0.0321995 -0.00410871     1.01333
   25.6316 -0.00813002  0.00142278  -0.0115124  -0.0293919 -0.00557355    0.996608
   25.6375 -0.00493423  0.00408594  -0.0147082  -0.0173069 0.000285824    0.981471
    25.642   0.00145736 -0.000175121   -0.0152408 -0.00485573  0.00870868    0.980006
   25.6475 -0.00120581 -0.00709934  -0.0147082 -0.00229225   0.0143239    0.992457
   25.6517 -0.00919529   -0.011893  -0.0131103 -0.0121799  0.0117604    1.01077
   25.6575 -0.00972792   -0.011893 -0.00725132 -0.0276829 0.00175067    1.02188
   25.6618 -0.00972792 -0.00496881 -0.00512079  -0.0364719 -0.00716047      1.0159
   25.6675 -0.00813002  0.00248804 -0.00884921  -0.0324436 -0.00752668    0.998683
   25.6718 0.00412052 0.00408594 -0.0104471  -0.0195042 0.000285824    0.982692
   25.6775   0.00731631 -0.000175121   -0.0136429 -0.00680885  0.00956317    0.978786
   25.6818  0.00625105 -0.00763197  -0.0136429 -0.00302467   0.0140798    0.990016
   25.6875  0.00412052   -0.011893 -0.00991448 -0.0102268  0.0115163    1.00564
   25.6918 -0.00546686  -0.0102951  -0.0109797 -0.0230442 0.00419207    1.01651
   25.6975 -0.00759739 -0.00550144 -0.00991448  -0.0321995 -0.00337629     1.01492
   25.7017 -0.00173844 -0.00177302 -0.00938185  -0.0308567 -0.00545148     1.00149
   25.7075   0.00252262 -0.000707753   -0.0136429  -0.0203587 -0.00178937    0.988551
   25.7117 0.000924723 -0.00177302   -0.017904 -0.00937233  0.00480243    0.984035
   25.7175 0.000392091 -0.00550144  -0.0157734 -0.00558815   0.0102956    0.991359
   25.7216 -0.00706476  -0.0081646  -0.0147082 -0.0115696 0.00968524    1.00601
   25.7275  -0.0155869 -0.00709934  -0.0131103 -0.0236546 0.00333758    1.01528
   25.7319  -0.0118584 -0.00337091 -0.00831658  -0.0321995 -0.00459699     1.01138
   25.7375 -0.00813002  0.00142278  -0.0141755  -0.0300022 -0.00667218     0.99673
   25.7416 -0.00493423  0.00248804  -0.0184366   -0.017551 0.000163754    0.983546
   25.7475  -0.0012058 -0.00124039  -0.0168387 -0.00424538  0.00907489    0.982326
   25.7519 -0.00546686 -0.00709934  -0.0189692 -0.0016819  0.0134694   0.993434
   25.7575 -0.0118585 -0.0108278 -0.0163061 -0.0116917  0.0106618    1.00955
   25.7617  -0.0107932  -0.0097625 -0.00884921 -0.0273167 0.00114032    1.01919
   25.7675 -0.00866266 -0.00550144 -0.00725132  -0.0369602 -0.00716047     1.01443
   25.7718 -0.00227107 -0.00124039 -0.00725132   -0.033176 -0.00740461    0.999293
   25.7775  0.00731631 0.000890144 -0.00938185   -0.0201145 -0.000568668     0.984401
   25.7819  0.00944684 -0.00124039  -0.0152408 -0.00680885  0.00822039     0.97964
   25.7873  0.00625105 -0.00656671  -0.0157734 -0.00217018   0.0132253    0.989406
   25.7917 -0.00014054  -0.0102951  -0.0125776 -0.00937233   0.0112722     1.00515
   25.7975 -0.00759739  -0.0102951  -0.0104471 -0.0221897 0.00455828    1.01614
   25.8016 -0.00706476 -0.00603408 -0.00725132   -0.031345 -0.00252179     1.01455
   25.8075  -0.00227107 -0.000707753  -0.00831658  -0.0315891 -0.00508527     1.00112
   25.8119 0.000392091 0.000890144  -0.0136429  -0.0225559 -0.00117902    0.987819
   25.8176  0.00252262 -0.00177302  -0.0168387 -0.0102268 0.00602313   0.983058
   25.8216  0.00145736 -0.00656671  -0.0157734 -0.00571022   0.0113942    0.990993
   25.8275 -0.00493423  -0.0097625  -0.0131103 -0.0120579 0.00992938    1.00711
    25.832  -0.0129237 -0.00869724 -0.00991448 -0.0247532 0.00321551    1.01748
   25.8373   -0.013989 -0.00443618 -0.00725132  -0.0336643 -0.00459699     1.01321
   25.8417 -0.00706476 0.000357511 -0.00991448  -0.0308567 -0.00655011    0.997707
   25.8475 0.000924724  0.00248804  -0.0136429  -0.0184055 0.000163754    0.983058
   25.8516   0.00305525 -0.000707753   -0.0173713 -0.00485573  0.00931903    0.980495
   25.8575 -0.00173844 -0.00709934  -0.0184366 -0.00155983   0.0145681    0.992091
   25.8618 -0.00759739  -0.0113604  -0.0131103 -0.0110813  0.0111501    1.00918
   25.8675  -0.0118585  -0.0102951 -0.00938185  -0.026218 0.00248309    1.01931
    25.872  -0.0113258 -0.00496881 -0.00831658  -0.0358616 -0.00520734     1.01443
   25.8772  -0.00493423 -0.000175121  -0.00778395   -0.033054 -0.00679425    0.999049
   25.8819  0.00305525 0.000890144  -0.0109797  -0.0213352 -0.00130109    0.985622
   25.8875  0.00625105 -0.00230565  -0.0131103 -0.00851784  0.00699969    0.982448
   25.8917  0.00252262 -0.00603408  -0.0141755 -0.00339088    0.012737    0.991725
   25.8975  -0.0028037 -0.00869724  -0.0141755 -0.00925026   0.0117604     1.00576
   25.9018 -0.00972792 -0.00869724  -0.0125776 -0.0214573 0.00553485    1.01455
   25.9073  -0.0113258 -0.00443618 -0.00991448  -0.0311008 -0.00142316     1.01272
   25.9117 -0.00493423 -0.00124039 -0.00884921  -0.0309788 -0.00398664     1.00003
   25.9175  0.00145736 -0.00124039  -0.0109797  -0.0220676 -0.00117902     0.98672
   25.9217  0.00465315 -0.00337091  -0.0131103 -0.0107151 0.00516864   0.983302
   25.9275  0.00358788 -0.00763197  -0.0141755 -0.00583229   0.0107839    0.992213
   25.9317 -0.00386897  -0.0108278   -0.012045 -0.0124241 0.00919696    1.00808
   25.9375  -0.0134563 -0.00869724  -0.0109797 -0.0253635 0.00260516    1.01773
   25.9419  -0.0123911 -0.00337091 -0.00991448  -0.0339085 -0.00459699     1.01272
   25.9476 -0.00546686  0.00142278 -0.00938185  -0.0314671 -0.00667218    0.997462
   25.9516 -0.000140541   0.00302067   -0.0125776  -0.0188938 0.000529964    0.982936
   25.9575   0.00305525 -0.000707753   -0.0163061 -0.00436745  0.00992938    0.980372
   25.9619 -0.000140541  -0.00709934   -0.0152408 0.000149155   0.0148122    0.991237
   25.9675 -0.0102606 -0.0108278 -0.0131103 -0.00900612   0.0118825     1.00747
   25.9718  -0.0166521 -0.00922987  -0.0136429 -0.0247532 0.00272723    1.01858
   25.9775  -0.0129237 -0.00443618  -0.0104471  -0.0352512 -0.00569562     1.01528
   25.9817 -0.00759739 0.000890144 -0.00831658  -0.0336643 -0.00703839     1.00051
   25.9875 -0.000140541   0.00195541   -0.0109797  -0.0221897 -0.00105695    0.986598
   25.9919  0.00412052 -0.00124039  -0.0136429 -0.00815163   0.0073659    0.981593
   25.9973 0.000392091 -0.00496881  -0.0152408 -0.00204811   0.0120046     0.98965
   26.0017 -0.00333633 -0.00869724  -0.0131103 -0.0082737  0.0107839    1.00552
   26.0075 -0.00759739  -0.0097625 -0.00991448 -0.0206028 0.00504657    1.01626
   26.0117  -0.0102606 -0.00603408 -0.00884922  -0.0303684 -0.00276593     1.01394
   26.0175  -0.0059995 -0.00124039 -0.00991448  -0.0308567 -0.00545148    0.999782
   26.0216   0.00252262 -0.000175121   -0.0104471  -0.0215794 -0.00142316    0.985744
   26.0275  0.00944684 -0.00283828 -0.00991448 -0.0094944 0.00602313   0.982081
   26.0318  0.00571841 -0.00763197  -0.0125776 -0.00461159   0.0123708    0.991847
   26.0375 -0.00493423  -0.0102951  -0.0136429 -0.0112034  0.0107839    1.00918
   26.0417  -0.0102606 -0.00869724 -0.00938185 -0.0246311 0.00297137    1.01956
   26.0475 -0.00813002 -0.00443618 -0.00671869   -0.034763 -0.00532941     1.01467
   26.0519  -0.0028037 0.000357511 -0.00938185  -0.0335423 -0.00764875    0.998805
   26.0573 0.00252262 0.00302067 -0.0136429   -0.0206028 -0.000446598     0.982448
   26.0617  0.00625105 0.000357511  -0.0168387 -0.00522194  0.00870868    0.977443
   26.0675  0.00252262 -0.00550144  -0.0173713 -0.000705337    0.0140798     0.987941
   26.0718 -0.0059995 -0.0097625 -0.0147082 -0.00937233   0.0111501     1.00564
   26.0775 -0.0123911 -0.0102951 -0.0109797  -0.024387 0.00223895    1.02005
   26.0818  -0.0145216 -0.00550144 -0.00884922 -0.0350071 -0.0049632    1.01944
   26.0875   -0.0113258 -0.000175121   -0.0104471   -0.033176 -0.00679425     1.00369
   26.0917 -0.00227107  0.00142278  -0.0125776  -0.0219456 -0.00142316    0.987086
   26.0975  0.000924724 -0.000175121   -0.0168387 -0.0094944 0.00651141   0.980372
   26.1018 -0.00173844 -0.00496881   -0.017904 -0.00375709   0.0112722    0.987575
   26.1076 -0.00227107  -0.0097625  -0.0115124 -0.00863991   0.0107839     1.00393
   26.1116  -0.0102606 -0.00922987  -0.0109797 -0.0203587 0.00565692    1.01699
   26.1175  -0.0134563 -0.00390355  -0.0115124  -0.0302464 -0.00191144     1.01577
   26.1217 -0.00493423  0.00195541 -0.00938185 -0.0307346 -0.0049632    1.00125
   26.1275 0.00198999 0.00248804 -0.0147082  -0.0214573 -0.00117902    0.985988
   26.1318  0.00944684 -0.00177302  -0.0147082 -0.00937233  0.00638934    0.981349
   26.1375  0.00891421 -0.00763197  -0.0115124 -0.00387917   0.0129811    0.990504
   26.1418 -0.00493423  -0.0113604  -0.0141755 -0.010593 0.0111501   1.00772
   26.1475 -0.0129237 -0.0097625 -0.0115124 -0.0252415 0.00248309    1.01858
   26.1519  -0.0102606 -0.00496881 -0.00671869  -0.0357395 -0.00667218     1.01516
   26.1575 -0.00653213  0.00142278  -0.0104471  -0.0334202 -0.00862531     1.00064
   26.1617 -0.00227107  0.00408594  -0.0157734  -0.0203587 -0.00117902    0.984279
   26.1675  0.00358788 0.000357511  -0.0152408 -0.00509987  0.00846453    0.978419
    26.172 -0.00014054 -0.00496881  -0.0168387 0.000515366   0.0143239    0.987575
   26.1773 -0.00866266 -0.00869724  -0.0141755 -0.00802956   0.0123708     1.00479
   26.1817 -0.0150542 -0.0097625 -0.0109797 -0.0230442 0.00419207    1.01785
   26.1875  -0.0166521 -0.00656671   -0.012045  -0.0341526 -0.00349836      1.0176
   26.1917  -0.0118585 -0.00124039  -0.0104471  -0.0337864 -0.00593976     1.00442
   26.1975 -0.0028037 0.00142278 -0.0104471  -0.0234104 -0.00252179    0.988795
    26.202  0.00465315 -0.00124039  -0.0136429 -0.0103489 0.00468035   0.981471
   26.2074  0.00305525 -0.00550144  -0.0152408 -0.00387917   0.0107839    0.987697
   26.2116 -0.00173844  -0.0081646  -0.0141755 -0.00851784   0.0100514     1.00235
   26.2175  -0.0113258 -0.00869724  -0.0131103 -0.0201145 0.00443621    1.01431
   26.2218  -0.0113258 -0.00603408 -0.00938185  -0.0297581 -0.00203351     1.01492
   26.2275   -0.0044016 -0.000707753  -0.00991448  -0.0303684 -0.00508527     1.00235
   26.2317 -0.00227107  0.00195541  -0.0163061  -0.0212131 -0.00130109     0.98733
   26.2375  0.00412052 -0.00177302  -0.0152408 -0.00863991  0.00651141    0.982081
   26.2417  0.00358788 -0.00656671  -0.0141755 -0.00375709    0.012737    0.990504
   26.2475 -0.00386897  -0.0097625  -0.0125776 -0.0113255  0.0109059     1.0065
   26.2518  -0.0113258 -0.00869724 -0.00831658 -0.0257298  0.0028493     1.0176
   26.2575  -0.0123911 -0.00390355 -0.00884922  -0.0358616 -0.00532941     1.01504
   26.2618   -0.0044016 -0.000175121   -0.0109797  -0.0337864 -0.00777082     1.00039
   26.2675 -0.000673173   0.00302067   -0.0152408  -0.0207249 -0.00117902    0.984889
   26.2718 0.00145736 0.00142278 -0.0173713 -0.00607643  0.00822039    0.979274
   26.2775 0.000924724 -0.00496881  -0.0173713 -0.000583267    0.0142018     0.987819
   26.2816 -0.00813002 -0.00922987  -0.0157734 -0.00802956    0.012737      1.0043
   26.2875 -0.0145216 -0.0097625 -0.0131103  -0.022678 0.00455828    1.01748
   26.2919  -0.0118584 -0.00656671  -0.0104471   -0.033176 -0.00337629     1.01663
   26.2976 -0.00653213 -0.00124039 -0.00938185 -0.0329319 -0.0061839    1.00283
   26.3018  0.00305525 0.000357511 -0.00991448  -0.0237766 -0.00313215    0.988429
   26.3075  0.00891421 -0.00283828  -0.0104471 -0.0115696 0.00419207   0.981837
   26.3117  0.00252262 -0.00656671  -0.0141755 -0.00558815   0.0105397    0.987819
   26.3175 -0.00227107 -0.00922987  -0.0125776 -0.010593 0.0104177   1.00271
   26.3218 -0.00333633  -0.0097625 -0.00778395 -0.0220676 0.00504657     1.0148
   26.3275 -0.00653213 -0.00603408 -0.00884921  -0.0312229 -0.00264386     1.01443
   26.3318   -0.0044016 -0.000175121  -0.00884921 -0.0309788 -0.0061839    1.00112
   26.3375  0.00465315  0.00248804 -0.00884921  -0.0203587 -0.00191144     0.98611
   26.3416   0.00412052 -0.000707753   -0.0152408 -0.00680885  0.00651141    0.982081
   26.3475  -0.0028037 -0.00656671  -0.0168387 -0.00180397   0.0135915    0.990993
   26.3516 -0.0107932 -0.0097625 -0.0157734 -0.00973854   0.0121266     1.00735
   26.3575  -0.0161195 -0.00922987  -0.0163061 -0.0251194 0.00345965    1.01919
   26.3618  -0.0145216 -0.00496881  -0.0104471  -0.0356174 -0.00557355     1.01553
   26.3676 -0.00866266 0.000357511 -0.00938185  -0.0337864 -0.00850324     1.00039
   26.3721 0.000392091  0.00248804  -0.0141755  -0.0215794 -0.00227765    0.984767
   26.3775   0.00252262 -0.000175121   -0.0157734 -0.00693092  0.00761004     0.97903
   26.3821  0.00145736 -0.00550144  -0.0157734 -0.000827407    0.0128591     0.987697
   26.3873 -0.00386897 -0.00922987  -0.0152408 -0.00754127   0.0111501     1.00369
   26.3918 -0.00972792  -0.0097625   -0.012045 -0.0215794 0.00504657    1.01638
   26.3975 -0.00866266 -0.00603408 -0.00831658  -0.0324436 -0.00252179     1.01663
   26.4016  -0.00759739 -0.000175121   -0.0104471  -0.0329319 -0.00581769     1.00381
   26.4075 0.00145736 0.00142278 -0.0104471  -0.0238987 -0.00252179    0.989162
   26.4121  0.00838158 -0.00177302 -0.00991448 -0.0114475 0.00382586   0.982692
   26.4174 -0.00014054 -0.00496881  -0.0152408 -0.00534401  0.00956317    0.988063
   26.4216 -0.00493423 -0.00869724  -0.0141755 -0.00973854   0.0100514     1.00283
   26.4275 -0.00759739  -0.0097625 -0.00991448 -0.0208469 0.00504657    1.01528
   26.4319  -0.0118585 -0.00550144  -0.0109797  -0.0303684 -0.00239972     1.01455
   26.4375  -0.00333633 -0.000707753  -0.00725132  -0.0303684 -0.00606183       1.001
   26.4417  0.00731631  0.00142278 -0.00778395  -0.0203587 -0.00142316    0.985866
   26.4475  0.00944684 -0.00124039  -0.0141755 -0.00729713  0.00699969    0.981349
   26.4517  0.00678368 -0.00763197  -0.0131103 -0.00241432   0.0135915    0.990382
   26.4575 -0.000673173   -0.0124257   -0.0104471 -0.00973854   0.0121266     1.00662
   26.4617 -0.00813002  -0.0108278 -0.00884922  -0.024387 0.00370379     1.0187
   26.4676 -0.00866266 -0.00496881 -0.00778395  -0.0358616 -0.00520734     1.01638
   26.4721 -0.00173844 0.000357511 -0.00725132   -0.034763 -0.00850324     1.00125
   26.4776  0.00571841  0.00248804 -0.00991448  -0.0223118 -0.00227765    0.985377
   26.4817    0.0105121 -0.000175121   -0.0115124 -0.00754127  0.00699969    0.979396
   26.4875  0.00412052 -0.00496881  -0.0147082 -0.000949478    0.0124929     0.987819
   26.4918 -0.00759739 -0.00869724  -0.0173713 -0.00680885   0.0115163     1.00332
   26.4975 -0.0118585 -0.0097625 -0.0125776 -0.0208469  0.0049245    1.01528
   26.5017  -0.0129237 -0.00550144 -0.00938185  -0.0319553 -0.00227765     1.01541
   26.5074  -0.00972792 -0.000175121  -0.00884922  -0.0324436 -0.00508527     1.00271
   26.5116 -0.0028037 0.00195541 -0.0115124  -0.0232883 -0.00154523    0.989039
   26.5175   0.00145736 -0.000707753   -0.0157734 -0.0110813 0.00553485   0.983302
    26.522 -0.00386897 -0.00603408   -0.017904 -0.00534401   0.0111501    0.989284
   26.5274  -0.0102606 -0.00922987  -0.0168387 -0.00961647   0.0107839     1.00418
   26.5316  -0.0150542 -0.00869724   -0.012045  -0.020969 0.00516864    1.01565
   26.5375  -0.0171848 -0.00443618  -0.0109797  -0.0311008 -0.00239972     1.01443
   26.5419  -0.0059995 0.000357511 -0.00884922  -0.0312229 -0.00593976     1.00051
   26.5494 0.00305525 0.00248804 -0.0104471  -0.0203587 -0.00142316    0.984889
   26.5516  0.00838157 -0.00124039  -0.0141755 -0.00656471   0.0073659    0.980617
   26.5575 0.00997947 -0.0081646 -0.0109797 -0.000827407    0.0137136     0.989894
   26.5618 -0.0028037  -0.011893 -0.0115124 -0.00802956   0.0118825     1.00674
   26.5676 -0.00972792  -0.0108278 -0.00991448 -0.0231663 0.00297137    1.01944
   26.5718 -0.00653213 -0.00550144 -0.00565342   -0.034763 -0.00569562     1.01773
   26.5775 -0.00386897 0.000890144 -0.00778395   -0.034885 -0.00838117     1.00332
   26.5818 0.00358788 0.00248804 -0.0115124  -0.0241428 -0.00337629    0.986476
   26.5874    0.0105121 -0.000175121   -0.0136429 -0.00973854  0.00602313    0.979152
   26.5917  0.00518578 -0.00443618  -0.0168387 -0.00241432   0.0126149     0.98611
   26.5975 -0.00333633 -0.00869724  -0.0173713 -0.00729713   0.0122487       1.001
   26.6019 -0.00972792  -0.0097625  -0.0141755 -0.0196262  0.0061452    1.01419
   26.6075  -0.0155869 -0.00656671  -0.0136429  -0.0298801 -0.00105695     1.01638
   26.6117  -0.0107932 -0.00177302  -0.0115124  -0.0314671 -0.00435285     1.00466
   26.6176 -0.00386897 0.000890144  -0.0115124  -0.0241428 -0.00203351    0.989772
   26.6218  -0.00173844 -0.000707753   -0.0157734 -0.0127903 0.00431414   0.983302
   26.6275  -0.0028037 -0.00603408  -0.0157734 -0.00644264   0.0102956    0.989039
   26.6318 -0.00813002 -0.00922987  -0.0152408 -0.010593 0.0102956   1.00442
   26.6375  -0.0145216 -0.00763197  -0.0152408 -0.0224339 0.00529071    1.01663
   26.6416  -0.0150542 -0.00443618   -0.012045  -0.0329319 -0.00178937      1.0148
   26.6475  -0.00546686 -0.000175121  -0.00884922  -0.0320774 -0.00655011    0.999904
    26.652 0.00465315 0.00142278 -0.0104471  -0.0204807 -0.00178937    0.983913
   26.6576   0.0105121 -0.00230565   -0.012045 -0.00632057  0.00797625    0.979152
   26.6616  0.00678368 -0.00656671  -0.0147082 -0.000217056    0.0143239     0.988307
   26.6675 -0.0028037 -0.0102951 -0.0157734 -0.00778542    0.012737     1.00503
    26.672 -0.00653213  -0.0108278 -0.00884922 -0.0230442 0.00394793    1.01846
   26.6773 -0.00813002 -0.00603408 -0.00778395  -0.0345188 -0.00447492     1.01785
   26.6821  -0.0044016 -0.00124039 -0.00831658  -0.0345188 -0.00728254     1.00369
   26.6874 0.000392091  0.00195541  -0.0104471  -0.0240208 -0.00252179    0.987453
   26.6917 -0.00014054 0.000890144  -0.0157734 -0.00998268  0.00663348    0.979884
   26.6975  -0.0012058 -0.00443618  -0.0157734 -0.00241432   0.0128591     0.98672
   26.7018 -0.0059995 -0.0081646 -0.0157734 -0.00656471   0.0121266     1.00198
   26.7075 -0.0134563 -0.0081646 -0.0141755 -0.0203587 0.00638934    1.01553
   26.7119  -0.0145216 -0.00550144  -0.0115124   -0.0315891 -0.000568668      1.01663
   26.7172   -0.0113258 -0.000707753   -0.0109797  -0.0314671 -0.00459699     1.00271
   26.7217 -0.00706476  0.00195541  -0.0131103  -0.0232883 -0.00276593    0.987453
   26.7275 0.000392091 -0.00124039  -0.0157734 -0.0127903    0.00407   0.981837
   26.7319 -0.00227107 -0.00656671  -0.0184366 -0.00680885   0.0111501    0.988795
   26.7375 -0.00759739  -0.0097625  -0.0163061 -0.0102268  0.0111501    1.00466
   26.7415 -0.00653213 -0.00922987 -0.00778395 -0.0221897 0.00480243    1.01651
   26.7475 -0.00919529 -0.00550144 -0.00565342  -0.0323215 -0.00313215     1.01455
    26.752  -0.00386897 -0.000707753  -0.00884922  -0.0321995 -0.00740461       1.001
   26.7575  0.00731631 0.000890144  -0.0109797 -0.0213352  -0.002888   0.985744
   26.7619  0.00838158 -0.00124039  -0.0152408 -0.00656471  0.00699969    0.981105
   26.7675  0.00358788 -0.00656671  -0.0152408 2.70847e-05   0.0148122    0.989772
    26.772 -0.0028037 -0.0102951  -0.012045 -0.00680885   0.0139577      1.0043
   26.7776  -0.0102606 -0.00869724  -0.0109797 -0.0220676 0.00565692    1.01602
   26.7816  -0.0102606 -0.00550144 -0.00725132  -0.0341526 -0.00362043     1.01553
   26.7875  -0.0028037 -0.00124039 -0.00565342   -0.034763 -0.00764875     1.00344
   26.7918 -0.000140541   0.00195541   -0.0125776   -0.024509 -0.00398664    0.989528
   26.7975 -0.000673173  0.000890144   -0.0157734 -0.0109592 0.00431414   0.982936
   26.8018 -0.00386897 -0.00337091  -0.0173713 -0.00387917   0.0112722    0.988185
   26.8075 -0.00866266 -0.00763197  -0.0189692 -0.00778542   0.0116384     1.00112
   26.8119  -0.0113258 -0.00869724  -0.0141755   -0.01926 0.00638934    1.01248
   26.8175  -0.0107932 -0.00603408 -0.00991448   -0.0292698 -0.000690739      1.01406
   26.8216  -0.0044016 -0.00283828 -0.00725132  -0.0304905 -0.00410871     1.00369
   26.8275   0.00198999 -0.000707753  -0.00884921  -0.0230442 -0.00154523     0.99026
   26.8318  0.00731631 -0.00124039  -0.0131103 -0.0119358 0.00480243   0.983668
   26.8375  0.00412052 -0.00550144  -0.0173713 -0.00583229    0.011028    0.989406
   26.8419 -0.00653213 -0.00922987  -0.0168387 -0.0102268  0.0112722    1.00491
   26.8476  -0.0123911 -0.00922987  -0.0115124 -0.0232883 0.00480243     1.0159
   26.8517 -0.00759739 -0.00603408 -0.00618606  -0.0341526 -0.00398664      1.0137
   26.8575 -0.00120581 -0.00124039 -0.00565342   -0.033054 -0.00728254     1.00076
   26.8619 0.00198999 0.00248804 -0.0115124   -0.020969 -0.00117902    0.985744
   26.8675   0.00944684 -0.000175121   -0.0136429 -0.00607643  0.00785418     0.98025
   26.8718  0.00305525 -0.00603408  -0.0168387 0.000393296   0.0142018    0.988307
   26.8775 -0.00972792 -0.00922987   -0.017904 -0.00595436   0.0132253     1.00369
   26.8816  -0.013989 -0.0097625 -0.0109797 -0.0214573 0.00553485    1.01699
   26.8875  -0.0129237 -0.00656671 -0.00778395  -0.0342747 -0.00362043     1.01773
    26.892 -0.00706476 -0.00177302 -0.00884922   -0.034763 -0.00838117     1.00491
   26.8973 -0.0012058 0.00142278 -0.0109797  -0.0252415 -0.00410871    0.989162
   26.9017 -0.00014054 0.000890144  -0.0152408 -0.0125462 0.00431414   0.980617
   26.9075 -0.000673173  -0.00443618    -0.017904 -0.00485573   0.0107839     0.98611
   26.9117  -0.0028037 -0.00869724  -0.0152408 -0.0074192  0.0113942    1.00051
   26.9175 -0.00972792  -0.0081646 -0.00991448 -0.0185276  0.0061452    1.01248
   26.9219  -0.0123911 -0.00550144 -0.00938185   -0.0292698 -0.000690739      1.01516
   26.9275 -0.00919529 -0.00230565 -0.00991448   -0.031345 -0.00386457     1.00466
   26.9315 -0.00386897 0.000357511  -0.0104471  -0.0234104 -0.00154523    0.989772
   26.9375  0.00198999 0.000357511  -0.0141755 -0.0112034 0.00480243    0.98257
   26.9419 0.000924723 -0.00390355  -0.0173713 -0.00485573   0.0116384    0.988185
   26.9475 -0.00546686 -0.00869724  -0.0152408 -0.00961647   0.0121266     1.00369
   26.9517 -0.00813002  -0.0097625 -0.00991448 -0.0228001 0.00529071    1.01638
   26.9576 -0.00813002 -0.00656671 -0.00778395  -0.0341526 -0.00386457     1.01565
   26.9618 -0.00173844 -0.00124039 -0.00725132  -0.0345188 -0.00789289     1.00222
   26.9676  0.00571841  0.00248804 -0.00991448  -0.0230442 -0.00239972    0.986354
   26.9721 0.00571841 0.00142278 -0.0136429 -0.00754127  0.00699969    0.979396
   26.9773  0.00198999 -0.00496881  -0.0152408 0.000393296   0.0135915    0.986598
   26.9819 -0.00227107  -0.0108278  -0.0147082 -0.00509987    0.012737     1.00259
   26.9873 -0.00972792  -0.0113604  -0.0109797 -0.0202366 0.00504657    1.01663
   26.9917  -0.0166521 -0.00656671  -0.0131103  -0.0329319 -0.00301007     1.01797
   26.9975   -0.0118585 -0.000707753    -0.012045 -0.0339085 -0.0061839    1.00601
   27.0017  -0.0044016  0.00248804 -0.00938185  -0.0247532 -0.00313215    0.990993
   27.0075 -0.00120581 0.000890144  -0.0141755 -0.0125462 0.00382586   0.982204
   27.0118 -0.00120581 -0.00550144  -0.0157734 -0.00546608   0.0101735    0.986354
   27.0174 -0.00493423  -0.0097625  -0.0152408 -0.0082737   0.011028    1.00051
   27.0217  -0.0107932 -0.00922987  -0.0131103 -0.0186497 0.00602313    1.01309
   27.0275  -0.0155869 -0.00603408   -0.012045   -0.0291477 -0.000812809      1.01553
   27.0318  -0.0102606 -0.00124039  -0.0104471  -0.0308567 -0.00471906     1.00491
   27.0375 -0.00493423  0.00142278  -0.0125776  -0.0225559 -0.00239972    0.989162
   27.0417  0.000392091 -0.000175121   -0.0152408 -0.0102268 0.00529071   0.981715
   27.0475  0.00412052 -0.00603408  -0.0131103 -0.00351295   0.0123708    0.988307
   27.0519 -0.0044016 -0.0108278 -0.0152408 -0.00851784   0.0122487     1.00466
   27.0575 -0.0102606 -0.0102951  -0.012045 -0.0224339 0.00431414    1.01724
   27.0617  -0.0107932 -0.00550144 -0.00778395  -0.0346409 -0.00520734     1.01602
   27.0676  -0.00653213 -0.000175121  -0.00991448   -0.034763 -0.00862531     1.00344
    27.072 0.00571841 0.00195541 -0.0104471  -0.0231663 -0.00264386    0.987575
   27.0774  0.00997947 0.000890144  -0.0131103 -0.00754127  0.00712176    0.979152
   27.0816  0.00678368 -0.00496881  -0.0141755 0.000515366   0.0139577    0.985866
   27.0875 0.000392091  -0.0108278  -0.0141755 -0.0049778  0.0135915    1.00186
   27.0917 -0.00813002  -0.0113604   -0.012045  -0.019138 0.00590106    1.01553
   27.0975  -0.0102606 -0.00709934 -0.00831658  -0.0320774 -0.00276593     1.01748
   27.1019 -0.00493423 -0.00230565 -0.00938185  -0.0343967 -0.00667218     1.00625
   27.1073   0.00305525 -0.000707753  -0.00884921  -0.0257298 -0.00386457    0.991115
   27.1117  0.00465315 -0.00124039  -0.0115124 -0.0132786 0.00333758   0.981959
   27.1175  0.00518578 -0.00550144  -0.0147082 -0.00595436  0.00956317    0.985866
   27.1217  0.00305525 -0.00922987  -0.0115124 -0.00888405   0.0102956     0.99966
   27.1275  -0.0028037 -0.00922987 -0.00831658 -0.0190159  0.0061452    1.01235
   27.1317 -0.00759739 -0.00603408 -0.00938185   -0.0292698 -0.000812809      1.01553
   27.1375  -0.00546686 -0.000707753  -0.00991448  -0.0315891 -0.00520734     1.00479
   27.1418 0.00145736 0.00142278 -0.0109797  -0.0232883 -0.00227765    0.988551
   27.1476   0.00198999 -0.000707753   -0.0157734 -0.0103489  0.0049245   0.981471
   27.1517 0.000392091 -0.00550144  -0.0168387 -0.00265846   0.0116384    0.988185
   27.1575 -0.00759739 -0.00922987  -0.0163061 -0.00754127   0.0117604     1.00418
   27.1619 -0.0171848 -0.0097625 -0.0157734 -0.0215794 0.00431414    1.01736
   27.1676  -0.0123911 -0.00656671 -0.00831658  -0.0342747 -0.00471906     1.01663
   27.1718 -0.00493423 -0.00124039 -0.00725132  -0.0356174 -0.00838117     1.00332
   27.1775 -0.00227107  0.00195541  -0.0141755   -0.024387 -0.00325422    0.986842
   27.1816 0.000392091 0.000357511  -0.0168387 -0.00888405   0.0061452    0.978664
   27.1875  0.00358788 -0.00603408  -0.0163061 -0.000583267    0.0128591     0.985133
   27.1919 -0.0028037 -0.0108278 -0.0157734 -0.00534401    0.012737     1.00064
   27.1973 -0.0123911 -0.0102951 -0.0131103 -0.0185276 0.00638934    1.01467
   27.2018 -0.00972792 -0.00709934 -0.00831658  -0.0311008 -0.00142316     1.01724
   27.2075 -0.00227107 -0.00337091 -0.00512079  -0.0341526 -0.00557355      1.0065
   27.2118   0.00305525 -0.000175121  -0.00671869  -0.0259739 -0.00362043    0.991725
   27.2175   0.00518578 -0.000175121   -0.0136429 -0.0130344 0.00272723   0.982814
   27.2219  0.00465315 -0.00550144  -0.0157734 -0.00546608  0.00931903    0.986598
   27.2275 -0.00386897 -0.00922987  -0.0163061 -0.00815163   0.0106618     1.00088
   27.2317  -0.0113258 -0.00922987  -0.0136429 -0.0187717 0.00638934     1.0137
   27.2375  -0.0107932 -0.00656671 -0.00671869   -0.0295139 -0.000812809      1.01553
   27.2416 -0.00919529 -0.00124039 -0.00991448  -0.0317112 -0.00557355      1.0043
   27.2475 -0.0044016 0.00195541 -0.0152408  -0.0230442 -0.00264386    0.988429
   27.2517 0.000392091 0.000890144  -0.0168387 -0.00937233  0.00602313    0.981349
   27.2575 -0.000140541  -0.00496881   -0.0200345 -0.00204811   0.0134694    0.987819
    27.262 -0.00546686  -0.0108278  -0.0168387 -0.00766334    0.012737      1.0043
   27.2675 -0.00972792   -0.011893  -0.0104471 -0.0224339 0.00468035    1.01834
   27.2718  -0.0107932  -0.0081646 -0.00884922  -0.0352512 -0.00471906     1.01821
   27.2774  -0.0044016 -0.00177302 -0.00831658  -0.0359837 -0.00862531     1.00527
   27.2818  0.00358788  0.00248804 -0.00938185   -0.024509 -0.00337629    0.988551
   27.2875  0.00731631 0.000890144  -0.0136429 -0.00961647  0.00590106    0.979518
   27.2917  0.00891421 -0.00496881  -0.0147082 -0.00107155   0.0124929    0.985255
   27.2975 0.000392092  -0.0102951  -0.0152408 -0.00436745   0.0128591     1.00015
   27.3018 -0.0102606 -0.0108278 -0.0147082 -0.0173069 0.00663348    1.01394
   27.3075   -0.013989 -0.00656671  -0.0104471  -0.0300022 -0.00130109     1.01687
    27.312 -0.00866266 -0.00177302 -0.00831658  -0.0329319 -0.00557355      1.0065
   27.3174 -0.00333633  0.00142278  -0.0104471  -0.0257298 -0.00362043    0.992091
   27.3217 -0.00173844 0.000890144  -0.0147082 -0.0137669 0.00260516   0.983302
   27.3275 -0.00173844 -0.00337091  -0.0152408 -0.00656471  0.00907489    0.986354
    27.332 -0.0059995 -0.0081646 -0.0141755 -0.0094944  0.0109059    1.00051
   27.3376  -0.0113258 -0.00869724  -0.0141755 -0.0198704 0.00651141    1.01406
   27.3417  -0.0134563 -0.00496881   -0.012045 -0.0302464 -0.0016673    1.01577
   27.3475  -0.0044016 -0.00124039 -0.00618606  -0.0317112 -0.00642804     1.00393
   27.3516  0.00305525 0.000890144 -0.00884922  -0.0229221 -0.00252179    0.987453
   27.3575  0.00678368 -0.00124039  -0.0141755 -0.00888405   0.0061452    0.980495
   27.3617  0.00997947 -0.00709934  -0.0115124 -0.00119362   0.0137136    0.987819
   27.3676 -0.000673174   -0.0108278   -0.0125776 -0.00705299   0.0132253      1.0043
   27.3721 -0.00919529  -0.0113604 -0.00991448 -0.0215794 0.00480243    1.01809
   27.3775 -0.00706476  -0.0081646 -0.00405553  -0.0346409 -0.00484113     1.01809
   27.3818  -0.0044016 -0.00177302 -0.00778395  -0.0358616 -0.00886945     1.00491
   27.3876 0.00145736 0.00248804  -0.012045 -0.0247532 -0.0037425   0.988429
   27.3918 0.00678368 0.00142278 -0.0125776 -0.00973854  0.00516864    0.978908
   27.3975  0.00252262 -0.00390355  -0.0168387 -0.00143776   0.0120046    0.983913
   27.4018  -0.0028037 -0.00922987  -0.0163061 -0.00522194   0.0128591     0.99966
   27.4076 -0.00866266  -0.0102951   -0.012045 -0.0177952 0.00663348    1.01419
   27.4117  -0.0150542 -0.00603408  -0.0125776  -0.0295139 -0.00142316     1.01736
   27.4175 -0.00866266 -0.00124039 -0.00991448  -0.0324436 -0.00520734     1.00686
   27.4218 -0.000140541  0.000890144  -0.00831658  -0.0256077 -0.00313215    0.992091
   27.4275 -0.000673173  0.000357511   -0.0152408 -0.0137669 0.00309344   0.983058
   27.4317  -0.0012058 -0.00390355  -0.0163061 -0.00632057   0.0100514     0.98611
   27.4375  -0.0044016 -0.00922987  -0.0131103 -0.00876198   0.0117604     1.00076
   27.4418 -0.0129237 -0.0097625 -0.0131103 -0.0197483 0.00663348    1.01455
   27.4475  -0.0145216 -0.00603408  -0.0109797  -0.0304905 -0.00191144     1.01553
   27.4518  -0.00706476 -0.000707753  -0.00831658  -0.0323215 -0.00703839      1.0032
   27.4575 0.000392091  0.00248804  -0.0109797 -0.0232883  -0.002888   0.987086
   27.4617   0.00891421 -0.000175121    -0.012045 -0.00900612  0.00626727    0.980006
   27.4676  0.00891421 -0.00656671   -0.012045 -0.00131569   0.0133473    0.986476
   27.4719 -0.00493423  -0.0113604  -0.0157734 -0.00607643   0.0128591     1.00198
   27.4776 -0.00919529   -0.011893  -0.0109797 -0.0204807 0.00529071    1.01675
   27.4819 -0.00759739  -0.0081646 -0.00725132  -0.0335423 -0.00349836     1.01846
   27.4874 -0.00653213 -0.00177302 -0.00991448  -0.0375706 -0.00764875     1.01455
   27.4917  0.00198999  0.00195541 -0.00938185  -0.0289036 -0.00410871    0.998195
   27.4976  0.00784894 0.000890144   -0.012045   -0.0202366 -0.000568669     0.981837
   27.5017  0.00412052 -0.00337091  -0.0163061  -0.010593 0.00602313    0.98611
   27.5075 -0.00014054 -0.00603408  -0.0168387 -0.000949478    0.0126149     0.990382
   27.5117 -0.00653213 -0.00709934  -0.0147082 -0.0125462 0.00846453    1.00418
   27.5175  -0.0150542 -0.00603408   -0.012045  -0.0287815 0.000407894     1.01638
   27.5221  -0.0123911 -0.00124039  -0.0109797  -0.0319553 -0.00423078     1.00674
   27.5276 -0.00759739  0.00142278  -0.0104471 -0.0304905 -0.0049632   0.998683
   27.5317   -0.0044016 -0.000707753   -0.0136429  -0.0188938 0.000896175     0.99026
   27.5375 -0.00333633 -0.00443618  -0.0157734 -0.00558815  0.00980731    0.987208
    27.542 -0.0059995 -0.0081646 -0.0136429 -0.00802956   0.0120046      1.0021
   27.5475 -0.00653213  -0.0102951  -0.0125776 -0.0121799  0.0111501    1.01162
   27.5517  -0.0102606 -0.00709934  -0.0115124 -0.0241428 0.00199481     1.0126
   27.5575   -0.013989 -0.00390355  -0.0104471  -0.0361057 -0.00716047     1.01358
   27.5618   -0.0044016 -0.000707753   -0.0125776  -0.0263401 -0.00337629    0.996242
   27.5676  0.00838158 0.000357511  -0.0152408 -0.00912819  0.00553485    0.979396
   27.5719  0.00944684 -0.00550144  -0.0141755 -0.000583267    0.0135915      0.98611
   27.5776  0.00731631 -0.00922987  -0.0125776 0.000515366   0.0165212    0.992335
   27.5818  -0.0012058  -0.0102951 -0.00831658 -0.0142551  0.0085866    1.00759
   27.5875 -0.00972792  -0.0113604 -0.00405553  -0.0290256 0.000652035     1.02285
   27.5918 -0.00493423 -0.00603408 -0.00512079  -0.0314671 -0.00423078     1.01089
   27.5976  -0.00014054 -0.000707753  -0.00618605  -0.0339085 -0.00911359    0.998927
   27.6017   0.00358789 -0.000707753  -0.00991448     -0.01926 -0.000690739     0.988307
   27.6076   0.00731631 -0.000707753   -0.0136429 -0.00461159  0.00773211    0.977687
   27.6115  0.00465315 -0.00550144  -0.0131103 -0.00668678  0.00956317    0.992213
   27.6174 0.00198999 -0.0102951 -0.0125776 -0.00876198   0.0113942     1.00674
   27.6216 -0.00227107 -0.00763197 -0.00831658  -0.020969 0.00358172    1.01113
   27.6275 -0.00653213 -0.00496881 -0.00405553   -0.033176 -0.00423078     1.01553
   27.6319 -0.00386897 -0.00177302  -0.0104471 -0.0264622  -0.002888    1.00039
   27.6374 -0.00120581  0.00142278  -0.0168387  -0.0197483 -0.00154523    0.985255
   27.6417  0.00412052 -0.00390355  -0.0147082 -0.0115696 0.00541278   0.988551
   27.6475 -0.00120581  -0.0097625  -0.0157734 -0.00754127   0.0113942       1.001
   27.6521 -0.0145216 -0.0097625 -0.0152408 -0.0195042 0.00651141     1.0148
   27.6574  -0.0171848 -0.00922987  -0.0115124 -0.0273167 0.00260516    1.01944
   27.6616   -0.013989 -0.00390355  -0.0131103 -0.0291477  -0.002888    1.00784
   27.6676 -0.00493423  0.00248804  -0.0125776  -0.0309788 -0.00838117    0.996242
    27.672 0.00198999 0.00142278 -0.0131103  -0.0166965 0.000652035    0.988063
   27.6774   0.00305525 -0.000707753   -0.0157734 -0.00241432  0.00968524    0.979884
   27.6816 -0.00227107 -0.00656671  -0.0147082 -0.00656471   0.0107839    0.994166
   27.6875 -0.00759739  -0.0124257  -0.0136429 -0.0107151  0.0118825    1.00845
    27.692  -0.0113258 -0.00763197  -0.0125776 -0.0237766 0.00297137    1.01174
   27.6974  -0.0150542 -0.00283828  -0.0115124  -0.0368382 -0.00593976     1.01504
   27.7017 -0.00546686 -0.00177302  -0.0115124  -0.0287815 -0.00349836     1.00015
   27.7076   0.00412052 -0.000707753   -0.0115124  -0.0207249 -0.00105695    0.985255
   27.7119  0.00465315 -0.00337091   -0.012045 -0.0115696 0.00541278    0.98733
   27.7176  0.00518578 -0.00603408  -0.0125776 -0.00241432   0.0118825    0.989406
   27.7216 -0.00173844 -0.00763197  -0.0115124 -0.0127903 0.00822039    1.00369
   27.7275 -0.00866266 -0.00922987  -0.0104471 -0.0231663 0.00455828    1.01797
    27.732  -0.0059995 -0.00390355 -0.00991448   -0.026218 4.16832e-05     1.00796
   27.7375 -0.00333633  0.00142278 -0.00938185  -0.0292698 -0.00447492    0.997951
   27.7418  0.000392091 -0.000175121   -0.0125776 -0.0182835 0.00114032   0.990138
   27.7476  0.00412052 -0.00177302  -0.0157734 -0.00729713  0.00675555    0.982326
   27.7517  -0.0044016 -0.00603408  -0.0157734 -0.00973854  0.00883075    0.997218
   27.7576 -0.0129237 -0.0102951 -0.0157734 -0.0121799  0.0109059    1.01211
   27.7621  -0.0145216 -0.00709934  -0.0136429  -0.024509 0.00126239    1.01211
   27.7676  -0.0161195 -0.00390355  -0.0115124  -0.0368382 -0.00838117     1.01211
   27.7718 -0.00866266 0.000357512  -0.0136429  -0.0268284 -0.00423078     0.99673
   27.7775 -0.00120581  0.00461857  -0.0157734   -0.0168186 -8.03873e-05     0.981349
   27.7817  -0.00120581 -0.000707753   -0.0163061 -0.00815163  0.00785418    0.986354
   27.7875 -0.00120581 -0.00603408  -0.0168387 0.000515366   0.0157888    0.991359
    27.792 -0.00546686 -0.00869724  -0.0136429 -0.0127903 0.00907489    1.00576
   27.7977 -0.00972792  -0.0113604  -0.0104471  -0.026096 0.00236102    1.02017
   27.8017 -0.00866266 -0.00603408  -0.0115124  -0.0302464 -0.00239972      1.0104
   27.8075  -0.00759739 -0.000707753   -0.0125776  -0.0343967 -0.00716047     1.00064
   27.8118 -0.000673173 -0.000707753    -0.012045   -0.0210911 -0.000324528     0.990138
   27.8175   0.00625105 -0.000707753   -0.0115124 -0.00778542  0.00651141     0.97964
   27.8219  0.00198999 -0.00496881   -0.012045 -0.00839577  0.00846453    0.992335
   27.8274 -0.00227107 -0.00922987  -0.0125776 -0.00900612   0.0104177     1.00503
   27.8317 -0.00493423 -0.00709934 -0.00991448 -0.0206028 0.00345965    1.01004
   27.8376 -0.00759739 -0.00496881 -0.00725132  -0.0321995 -0.00349836     1.01504
    27.842  0.00252262 -0.00283828 -0.00618606  -0.0259739 -0.00227765     0.99966
   27.8476    0.0126426 -0.000707753  -0.00512079  -0.0197483 -0.00105695    0.984279
   27.8516  0.00678368 -0.00443618  -0.0104471 -0.0112034 0.00663348   0.988551
   27.8575 0.000924723  -0.0081646  -0.0157734 -0.00265846   0.0143239    0.992824
   27.8619 -0.00972792  -0.0081646  -0.0152408 -0.0151096 0.00846453    1.00711
   27.8676 -0.0203806 -0.0081646 -0.0147082 -0.0275608 0.00260516    1.02139
    27.872  -0.0171848 -0.00550144  -0.0104471  -0.0319553 -0.00264386     1.01773
   27.8773   -0.0102606 -0.000707753  -0.00938185  -0.0346409 -0.00886945      1.0054
   27.8818 -0.00014054 0.000890144  -0.0136429   -0.0171848 -0.000324528      0.98733
   27.8875  0.00625105 0.000357511  -0.0147082 -0.00143776  0.00919696    0.977931
   27.8917 -0.00227107 -0.00550144  -0.0163061 -0.00485573   0.0100514    0.992702
   27.8975 -0.0107932 -0.0113604  -0.017904 -0.0082737  0.0109059    1.00747
   27.9019  -0.0113258 -0.00763197  -0.0125776 -0.0224339 0.00272723    1.01199
   27.9076  -0.0118585 -0.00390355 -0.00725132   -0.036594 -0.00545148     1.01651
   27.9117  -0.0028037 -0.00124039 -0.00565342 -0.0297581 -0.0037425    1.00088
   27.9175  0.00625105  0.00142278 -0.00405553  -0.0229221 -0.00203351    0.985255
   27.9219  0.00465315 -0.00283828  -0.0104471 -0.0131565 0.00468035   0.987453
   27.9276  0.00305525 -0.00709934  -0.0168387 -0.00339088   0.0113942     0.98965
   27.9317 -0.00333633 -0.00869724  -0.0141755 -0.0132786 0.00773211    1.00344
   27.9375 -0.00972792  -0.0102951  -0.0115124 -0.0231663    0.00407    1.01724
   27.9419 -0.00333633 -0.00496881 -0.00778395   -0.0269505 -0.000934879      1.00796
   27.9475  0.00305525 0.000357511 -0.00405553  -0.0307346 -0.00593976    0.998683
   27.9518  0.00145736 0.000357511  -0.0104471 -0.0176731 0.00126239   0.989528
   27.9575 -0.00014054 0.000357511  -0.0168387 -0.00461159  0.00846453    0.980372
   27.9617 -0.00493423 -0.00550144   -0.017904 -0.00778542  0.00980731    0.995509
   27.9676 -0.00972792  -0.0113604  -0.0189692 -0.0109592  0.0111501    1.01065
   27.9721 -0.0123911 -0.0108278 -0.0152408 -0.0193821  0.0061452    1.01614
   27.9774  -0.0171848 -0.00763197  -0.0109797  -0.0329319 -0.00325422     1.01858
   27.9817 -0.00706476 -0.00124039  -0.0115124  -0.0357395 -0.00850324     1.00686
   27.9875 0.00518578 0.00248804 -0.0125776  -0.0263401 -0.00459699    0.989772
   27.9917  0.00571841 -0.00177302  -0.0125776 -0.0110813 0.00431414   0.979396
   27.9975  0.00625105 -0.00603408  -0.0125776 -0.000705337    0.0117604      0.98257
   28.0021 0.00145736 -0.0081646 -0.0131103 -0.00314674   0.0134694    0.997096
   28.0073 -0.0044016 -0.0113604 -0.0115124 -0.0158421 0.00773211    1.01297
   28.0117 -0.00546686  -0.0097625 -0.00778395   -0.0293919 -0.000568668      1.01821
   28.0175  -0.0044016 -0.00390355 -0.00671869  -0.0336643 -0.00569562      1.0093
   28.0217  0.000392091 -0.000175121  -0.00831658  -0.0274387 -0.00410871    0.994411
   28.0276   0.00571841 -0.000707753   -0.0115124 -0.0158421 0.00187274   0.984035
    28.032  0.00571841 -0.00443618  -0.0147082 -0.00705299  0.00834246    0.984645
   28.0377 0.00198999 -0.0081646 -0.0141755 -0.00766334   0.0109059     0.99673
   28.0416  -0.0028037 -0.00922987  -0.0104471 -0.0165745 0.00748797    1.01101
   28.0475 -0.00493423 -0.00763197 -0.00618606  -0.0275608 0.000529964     1.01687
   28.0519 -0.00386897 -0.00283828 -0.00671869  -0.0314671 -0.00484113     1.00857
   28.0576 0.000392091 0.000890144  -0.0104471  -0.0246311 -0.00276593    0.992457
   28.0618  0.00305525 0.000357511  -0.0141755 -0.0120579 0.00394793    0.98257
   28.0676 -0.00014054 -0.00390355   -0.017904 -0.00302467    0.011028    0.985133
   28.0718 -0.00706476 -0.00922987  -0.0184366 -0.00534401   0.0124929    0.998561
   28.0776 -0.0134563 -0.0113604 -0.0147082 -0.0187717 0.00541278     1.0137
   28.0818   -0.013989 -0.00869724 -0.00991448  -0.0329319 -0.00362043     1.01785
   28.0876  -0.0102606 -0.00230565  -0.0104471  -0.0363499 -0.00850324     1.00772
   28.0919 -0.0044016 0.00195541 -0.0136429  -0.0270725 -0.00471906    0.991847
   28.0973 -0.00227107  0.00248804  -0.0184366 -0.0110813 0.00431414   0.981105
   28.1018  0.00145736 -0.00177302  -0.0173713 -0.000583267    0.0121266     0.983913
   28.1075  -0.0012058 -0.00763197  -0.0136429 -0.00339088   0.0133473    0.997829
   28.1118 -0.00919529  -0.0097625  -0.0115124 -0.0164524 0.00809832    1.01333
   28.1176 -0.00866266  -0.0081646 -0.00725132  -0.0297581 0.000774105     1.01882
   28.1218 -0.00866266 -0.00230565 -0.00778395  -0.0337864 -0.00508527     1.00808
   28.1276 -0.00386897  0.00195541 -0.00831658 -0.0280491 -0.0049632   0.993434
   28.1317   0.00571841 -0.000707753  -0.00831658 -0.0162083 0.00138446    0.98379
   28.1376  0.00358788 -0.00443618  -0.0136429 -0.00632057  0.00834246    0.983546
   28.1418 -0.00227107 -0.00763197  -0.0147082 -0.00717506   0.0106618    0.997951
   28.1476 -0.0044016 -0.0102951 -0.0104471 -0.0171848  0.0073659    1.01309
   28.1516 -0.00653213 -0.00709934 -0.00671869   -0.0284153 -0.000690739      1.01577
   28.1576 -0.00386897 -0.00177302 -0.00725132   -0.033054 -0.00691632     1.00711
   28.1619  0.00305525 0.000890144 -0.00938185   -0.026218 -0.00447492    0.990382
   28.1676  0.00358789 0.000890144  -0.0136429 -0.0118137    0.00407   0.979396
   28.1718 -0.000673173  -0.00337091   -0.0184366 -0.00192604   0.0126149    0.984279
   28.1776 -0.0044016 -0.0102951 -0.0152408 -0.00485573   0.0143239     1.00015
   28.1818  -0.013989  -0.011893 -0.0147082 -0.0184055  0.0073659    1.01602
   28.1875    -0.01825 -0.00709934  -0.0125776  -0.0329319 -0.00252179      1.0198
   28.1917 -0.00866266 -0.00230565 -0.00618606  -0.0369602 -0.00862531     1.00857
   28.1975 -0.00227107  0.00195541  -0.0109797  -0.0276829 -0.00593976    0.990993
   28.2017 -0.00227107  0.00195541  -0.0184366 -0.0126682 0.00297137   0.980372
   28.2076  0.00145736 -0.00337091  -0.0173713 -0.00204811   0.0107839    0.983302
    28.212 -0.000673173   -0.0081646   -0.0163061 -0.00314674   0.0129811    0.997096
   28.2173 -0.00706476  -0.0102951  -0.0136429 -0.0144993 0.00846453     1.0126
   28.2218 -0.00866266 -0.00763197 -0.00831658 -0.0273167 0.00126239    1.01785
   28.2275 -0.00919529 -0.00230565 -0.00671869 -0.0326878 -0.0037425    1.00857
   28.2317  -0.0012058 0.000357511 -0.00671869  -0.0278049 -0.00386457    0.993678
   28.2376   0.00838158 -0.000707753  -0.00831658 -0.0173069 0.00150653   0.983302
   28.2418  0.00358788 -0.00443618  -0.0147082 -0.00790749  0.00858661    0.984523
   28.2476 -0.00333633 -0.00922987  -0.0173713 -0.00766334   0.0112722    0.998439
   28.2518 -0.0107932 -0.0108278 -0.0141755 -0.0179173 0.00748797    1.01358
   28.2576  -0.0134563 -0.00709934 -0.00831658   -0.0293919 -8.03871e-05      1.01724
   28.2619 -0.00653213 -0.00124039 -0.00671869  -0.0334202 -0.00655011     1.00662
   28.2676 0.00198999 0.00195541 -0.0104471  -0.0264622 -0.00459699    0.989894
    28.272  0.00784894 0.000357511  -0.0131103 -0.0116917 0.00394793   0.979884
   28.2774  0.00678368 -0.00496881  -0.0168387 -0.00119362   0.0122487    0.984401
   28.2817 0.00145736 -0.0102951  -0.017904 -0.00412331   0.0140798    0.999904
   28.2875 -0.00813002  -0.0113604  -0.0141755 -0.0181614  0.0073659    1.01565
   28.2918  -0.0123911  -0.0081646 -0.00725132  -0.0325657 -0.00215558     1.01907
   28.2976  -0.0059995 -0.00337091 -0.00405553  -0.0370823 -0.00850324     1.00833
   28.3019  0.00252262  0.00142278 -0.00884922  -0.0291477 -0.00557355    0.992946
   28.3074  0.00784894 0.000890144  -0.0125776 -0.0147434 0.00309344   0.981715
   28.3118  0.00412052 -0.00337091  -0.0163061 -0.00412331   0.0105397    0.982936
   28.3176  -0.0044016 -0.00656671  -0.0189692 -0.00436745   0.0131032    0.995387
   28.3217 -0.00813002  -0.0097625  -0.0147082 -0.0146214 0.00870868     1.0093
   28.3276 -0.0102606 -0.0097625 -0.0115124 -0.0271946 0.00101825    1.01626
    28.332  -0.0107932 -0.00443618  -0.0109797  -0.0324436 -0.00423078     1.01052
   28.3374 -0.00493423 0.000357511  -0.0115124 -0.0270725 -0.0037425   0.996486
   28.3417 -0.0012058 0.00142278 -0.0147082   -0.01572 0.00150653   0.984889
   28.3476 -0.00333633 -0.00177302  -0.0184366 -0.00668678  0.00846453    0.984279
   28.3518 -0.0044016 -0.0081646 -0.0173713 -0.0074192  0.0112722   0.996852
   28.3576 -0.0102606 -0.0102951 -0.0131103 -0.0171848  0.0073659    1.01199
   28.3617   -0.013989 -0.00709934  -0.0104471   -0.0292698 -0.000690739      1.01663
   28.3676 -0.00706476 -0.00177302 -0.00725132  -0.0334202 -0.00691632     1.00735
   28.3723 0.000392091  0.00248804 -0.00831658   -0.026096 -0.00459699    0.990871
   28.3776 0.00465315 0.00142278 -0.0136429 -0.0120579 0.00394793   0.980983
   28.3819  0.00625105 -0.00337091  -0.0136429 -0.00119362    0.012737    0.984157
   28.3874 0.000392091 -0.00922987  -0.0125776 -0.0029026  0.0148122   0.998073
   28.3919 -0.00759739  -0.0113604  -0.0125776 -0.0164524 0.00773211    1.01419
   28.3976 -0.00759739 -0.00922987 -0.00778395  -0.0319553 -0.00117902     1.01992
   28.4017 -0.00813002 -0.00337091 -0.00618606  -0.0373264 -0.00642804     1.01089
   28.4076 -0.00546686  0.00195541 -0.00991448  -0.0301243 -0.00471906    0.994533
   28.4118 0.00465315 0.00142278 -0.0109797 -0.0160862 0.00297137   0.982204
   28.4176  0.00518578 -0.00337091  -0.0147082 -0.00522194   0.0104177    0.982326
    28.422 -0.00227107  -0.0081646  -0.0173713 -0.00473366   0.0123708    0.994533
   28.4276 -0.00653213  -0.0097625  -0.0125776 -0.0141331 0.00907489     1.0093
   28.4318  -0.0107932 -0.00763197   -0.012045  -0.026096 0.00211688    1.01675
   28.4376  -0.0102606 -0.00337091   -0.012045  -0.0312229 -0.00398664     1.00967
   28.4418  -0.00493423 -0.000707753   -0.0109797  -0.026218 -0.0037425   0.994533
   28.4476  -0.0044016 0.000357511  -0.0163061 -0.0149876 0.00175067   0.984035
   28.4517 -0.00493423 -0.00283828  -0.0184366 -0.0061985 0.00883075   0.984889
   28.4576 -0.00386897 -0.00869724  -0.0141755 -0.00668678   0.0113942    0.998561
   28.4616 -0.00706476  -0.0108278  -0.0104471 -0.0177952 0.00724383    1.01358
   28.4676  -0.0118585 -0.00763197 -0.00831658  -0.0311008 -0.00105695     1.01712
   28.4721 -0.00759739 -0.00177302 -0.00618606  -0.0353733 -0.00789289     1.00674
   28.4774  0.00145736  0.00248804 -0.00938185  -0.0273167 -0.00557355    0.989772
   28.4818 0.00518578 0.00248804 -0.0147082  -0.012302 0.00443621    0.97964
   28.4876 0.000924723 -0.00177302   -0.017904 -0.00143776   0.0137136    0.983546
   28.4918 -0.00386897 -0.00869724  -0.0157734 -0.00314674   0.0148122    0.998073
   28.4976 -0.00919529   -0.011893 -0.00991448 -0.0166965 0.00797625    1.01406
   28.5017  -0.0145216  -0.0081646 -0.00938185   -0.0317112 -0.000690739      1.02029
   28.5076  -0.0118584 -0.00283828 -0.00938185  -0.0368382 -0.00691632     1.01138
   28.5119 -0.00386897 0.000890144  -0.0115124  -0.0291477 -0.00545148    0.995021
   28.5174 -0.000140541   0.00142278   -0.0163061 -0.0153538 0.00248309    0.98257
   28.5218 0.000392091 -0.00283828   -0.017904 -0.00534401  0.00968524    0.982081
   28.5276 -0.00386897 -0.00656671   -0.017904 -0.00448952   0.0118825    0.994166
   28.5318  -0.0118585 -0.00763197  -0.0157734 -0.0134006 0.00834246     1.0093
   28.5376  -0.0107932 -0.00763197  -0.0109797 -0.0254856 0.00150653    1.01675
   28.5418 -0.00759739 -0.00443618 -0.00938185  -0.0306126 -0.00410871     1.01028
   28.5476 -0.00653213 0.000357511  -0.0141755  -0.0263401 -0.00398664    0.995143
   28.5518 -0.00227107 0.000890144   -0.017904 -0.0153538 0.00126239   0.983546
   28.5576 -0.00227107 -0.00337091  -0.0184366 -0.00595436  0.00846453    0.984401
   28.5617 -0.0059995 -0.0081646 -0.0157734 -0.00668678   0.0111501    0.998195
   28.5677 -0.00706476  -0.0108278 -0.00991448 -0.0173069 0.00712176    1.01333
    28.572  -0.0107932 -0.00869724 -0.00778395  -0.0309788 -0.00105695     1.01785
   28.5774 -0.00759739 -0.00283828 -0.00671869  -0.0361057 -0.00789289     1.00857
   28.5817  0.00198999  0.00195541 -0.00778395 -0.0280491 -0.0049632   0.991603
   28.5876 0.00571841 0.00195541 -0.0131103 -0.0132786 0.00358172   0.980006
   28.5919  0.00678368 -0.00337091  -0.0152408 -0.00192604    0.011028     0.98257
   28.5973 0.00252262 -0.0097625 -0.0125776 -0.0029026  0.0138356   0.996486
   28.6018  -0.0059995   -0.011893 -0.00991448   -0.01572 0.00919696    1.01248
   28.6076 -0.00972792 -0.00922987 -0.00884922  -0.0302464 0.000407894     1.01907
    28.612 -0.00972792 -0.00390355 -0.00831658  -0.0357395 -0.00593976     1.01101
   28.6176 -0.00759739  0.00142278  -0.0125776   -0.029636 -0.00532941    0.995387
   28.6216 -0.00120581  0.00195541  -0.0168387 -0.0168186 0.00138446   0.983302
   28.6276  0.00465315 -0.00230565  -0.0157734 -0.00632057  0.00858661    0.983546
   28.6321  -0.0012058 -0.00603408   -0.017904 -0.00546608    0.011028    0.995509
   28.6374 -0.00919529 -0.00763197  -0.0157734 -0.0142551 0.00834246    1.00967
   28.6418 -0.00972792 -0.00656671 -0.00831658  -0.026218 0.00138446    1.01675
   28.6476  -0.0113258 -0.00230565 -0.00831658  -0.0318333 -0.00520734     1.00967
    28.652  -0.0059995 0.000357511  -0.0104471  -0.0268284 -0.00508527    0.993556
   28.6576   0.00412052 -0.000707753   -0.0125776 -0.0148655  0.0016286   0.982814
   28.6618  0.00412052 -0.00443618  -0.0157734 -0.00546608   0.0102956    0.984523
   28.6676 -0.00386897 -0.00869724  -0.0157734 -0.00595436   0.0132253    0.998561
   28.6719 -0.00972792  -0.0102951  -0.0115124 -0.0173069 0.00785418    1.01419
   28.6776  -0.0123911  -0.0081646 -0.00884922  -0.0314671 -0.00178937     1.01821
   28.6816 -0.00972792 -0.00230565 -0.00884922  -0.0361057 -0.00801496     1.00869
   28.6876 -0.000673173   0.00302067  -0.00884922  -0.0285374 -0.00520734    0.991603
   28.6921 0.00678368 0.00302067 -0.0115124  -0.014011 0.00370379   0.979884
   28.6976  0.00838158 -0.00230565  -0.0147082 -0.00241432   0.0124929    0.982692
   28.7018 0.000392092  -0.0081646  -0.0163061 -0.00265846   0.0146901    0.995753
   28.7076 -0.00972792  -0.0108278  -0.0147082 -0.0142551 0.00870868    1.01052
   28.7118  -0.0134563 -0.00922987  -0.0104471  -0.0289036 4.16832e-05     1.01773
   28.7176  -0.0107932 -0.00443618 -0.00938185  -0.0350071 -0.00606183     1.01126
   28.7218 -0.00546686 0.000357511  -0.0125776  -0.0293919 -0.00593976    0.997096
   28.7276 0.000924723  0.00142278   -0.012045  -0.0176731 0.000285824    0.985744
   28.7317  0.00412052 -0.00124039  -0.0125776 -0.00668678  0.00834246    0.984767
   28.7376 -0.00227107 -0.00550144   -0.017904 -0.00509987   0.0120046    0.994533
   28.7421 -0.00706476 -0.00869724  -0.0147082 -0.0137669 0.00931903    1.00796
   28.7474  -0.0102606 -0.00709934 -0.00991448 -0.0251194 0.00297137    1.01553
   28.7517  -0.0134563 -0.00230565  -0.0131103 -0.0304905  -0.002888    1.00906
   28.7576 -0.00759739 0.000890144  -0.0136429   -0.026096 -0.00337629    0.993678
   28.7622  -0.0012058 0.000357511  -0.0152408 -0.0142551 0.00175067   0.983302
   28.7676 -0.00227107 -0.00337091  -0.0200345 -0.00375709  0.00968524    0.985011
   28.7718  -0.0044016 -0.00869724  -0.0163061 -0.00400124   0.0132253    0.998683
   28.7776 -0.0102606 -0.0108278 -0.0125776 -0.0152317 0.00809832    1.01455
   28.7818  -0.0166521 -0.00763197  -0.0115124  -0.0300022 -0.00130109     1.01956
   28.7876 -0.00866266 -0.00283828 -0.00512079  -0.0359837 -0.00752668     1.01016
   28.7917  0.00145736  0.00142278 -0.00565342  -0.0286594 -0.00484113    0.992702
   28.7976 0.00198999 0.00302067 -0.0152408 -0.0142551 0.00382586   0.980006
   28.8019  0.00625105 -0.00177302  -0.0157734 -0.00314674   0.0124929    0.981105
   28.8074 0.00625105 -0.0081646 -0.0115124 -0.0029026  0.0149343   0.994777
   28.8117 -0.00493423  -0.0108278  -0.0115124 -0.0138889 0.00895282    1.01126
   28.8176 -0.00759739  -0.0097625 -0.00725132  -0.0284153 0.000529964     1.01882
   28.8219 -0.00546686 -0.00496881 -0.00725132  -0.0351292 -0.00508527     1.01223
   28.8276  -0.00386897 -0.000175121   -0.0115124  -0.0303684 -0.00508527    0.996974
   28.8317   0.00412052 -0.000175121    -0.012045  -0.0182835 0.000652035    0.984157
   28.8376  0.00518578 -0.00390355  -0.0157734 -0.00754127  0.00834246    0.982936
   28.8418  -0.0028037 -0.00763197  -0.0184366 -0.00583229   0.0113942    0.995143
   28.8476 -0.00813002 -0.00922987  -0.0152408 -0.0147434 0.00858661    1.01004
   28.8518 -0.0107932 -0.0081646 -0.0115124 -0.0270725 0.00211688    1.01687
   28.8576  -0.0102606 -0.00337091 -0.00991448  -0.0324436 -0.00435285     1.00943
   28.8618 -0.00546686 0.000890144  -0.0109797  -0.0270725 -0.00484113     0.99258
   28.8676 -0.00014054 0.000357511  -0.0157734 -0.0143772 0.00199481   0.981227
   28.8721 0.000924724 -0.00337091  -0.0173713 -0.00326881   0.0111501    0.983302
   28.8775  -0.0044016 -0.00922987  -0.0147082 -0.00363502   0.0142018    0.998317
   28.8817 -0.00866266   -0.011893 -0.00938185 -0.0160862 0.00822039     1.0148
   28.8876  -0.0123911 -0.00869724 -0.00671869  -0.0303684 -0.00130109     1.01931
   28.8918  -0.0134563 -0.00230565 -0.00778395  -0.0361057 -0.00777082     1.01004
   28.8976 -0.000673173   0.00195541  -0.00778395  -0.0295139 -0.00581769    0.993434
    28.902 0.00891421 0.00195541 -0.0115124 -0.0147434  0.0028493   0.980495
   28.9076  0.00784894 -0.00230565  -0.0152408 -0.0029026   0.011028   0.981105
   28.9118  0.00518578 -0.00922987  -0.0136429 -0.00253639   0.0137136    0.994044
   28.9176 -0.0044016  -0.011893 -0.0125776 -0.0129124 0.00919696    1.01004
   28.9218  -0.0118585 -0.00869724  -0.0115124 -0.0267063 0.00138446    1.01846
   28.9276 -0.00919529 -0.00390355 -0.00991448  -0.0335423 -0.00423078     1.01199
   28.9319  -0.00386897 -0.000707753   -0.0115124  -0.0290257 -0.00471906    0.996974
   28.9373 0.000392091 0.000890144  -0.0141755  -0.0179173 0.000163753    0.985133
   28.9417  0.00358788 -0.00177302  -0.0147082 -0.00851784   0.0073659     0.98379
   28.9476 -0.000673173  -0.00709934   -0.0157734 -0.0074192  0.0105397   0.994777
    28.952  -0.0107932 -0.00922987  -0.0168387 -0.0153538 0.00785418     1.0093
   28.9576  -0.0145216 -0.00763197   -0.012045 -0.0265842 0.00150653    1.01687
   28.9616  -0.0134563 -0.00230565 -0.00938185 -0.0325657 -0.0049632    1.01004
   28.9676 -0.00706476  0.00195541  -0.0115124  -0.0271946 -0.00447492     0.99319
   28.9721 0.00198999 0.00142278 -0.0125776 -0.0135227  0.0028493   0.981471
   28.9776  0.00412052 -0.00283828  -0.0147082 -0.00265846   0.0116384    0.983302
   28.9819 -0.00333633 -0.00869724  -0.0152408 -0.00339088   0.0146901    0.997218
   28.9874 -0.00813002   -0.011893 -0.00778395   -0.01572 0.00870868    1.01333
   28.9917  -0.0118584 -0.00869724 -0.00565342  -0.0308567 -0.00117902     1.01931
   28.9976  -0.0118584 -0.00230565 -0.00884922  -0.0373264 -0.00850324     1.01089
   29.0017 0.000924723  0.00142278 -0.00671869  -0.0308567 -0.00642804    0.994411
   29.0076  0.00731631  0.00195541 -0.00991448 -0.0160862 0.00211688   0.980983
   29.0119  0.00731631 -0.00283828  -0.0147082 -0.00351295   0.0104177    0.981227
   29.0174  0.00465315 -0.00869724  -0.0141755 -0.0029026  0.0137136     0.9938
   29.0218 -0.0044016 -0.0108278 -0.0141755 -0.0135227 0.00931903     1.0093
   29.0276 -0.00653213  -0.0097625 -0.00938185 -0.0268284 0.00175067    1.01821
   29.0319 -0.00546686 -0.00496881 -0.00565342 -0.0334202 -0.0037425    1.01199
   29.0376 -0.00706476 0.000890144  -0.0109797  -0.0291477 -0.00398664    0.997096
   29.0417 -0.000673173   0.00248804   -0.0136429  -0.0177952 0.000529964    0.985744
   29.0476  0.00625105 -0.00230565  -0.0125776 -0.00778542  0.00761004     0.98379
   29.0519 -0.00173844 -0.00763197  -0.0157734 -0.00632057   0.0115163    0.994533
   29.0576 -0.0129237 -0.0081646 -0.0163061 -0.0147434 0.00895282    1.01004
    29.062  -0.0145216 -0.00550144  -0.0104471 -0.0269505 0.00150653    1.01724
   29.0676  -0.0134563 -0.00230565  -0.0115124  -0.0332981 -0.00581769     1.00991
   29.0718 -0.00866266  0.00142278  -0.0141755  -0.0278049 -0.00569562    0.993434
   29.0776 0.000392091  0.00248804  -0.0131103 -0.0141331 0.00199481   0.981837
   29.0819  0.00465315 -0.00230565  -0.0157734 -0.00241432   0.0113942    0.982814
   29.0876 -0.000673173  -0.00922987   -0.0163061 -0.00241432   0.0146901    0.995875
   29.0918 -0.00759739  -0.0124257   -0.012045 -0.0148655 0.00846453    1.01297
   29.0976  -0.0129237  -0.0102951 -0.00938185  -0.0302464 -0.00105695     1.02029
   29.1018  -0.0107932 -0.00496881 -0.00884922  -0.0373264 -0.00740461     1.01223
   29.1076 -0.000673173  0.000357511  -0.00884922  -0.0311008 -0.00667218    0.995998
    29.112 0.00465315 0.00142278 -0.0109797  -0.0168186 0.000896175    0.982204
   29.1174  0.00465315 -0.00177302  -0.0141755 -0.00461159   0.0094411    0.980983
   29.1217 0.000924724 -0.00656671  -0.0152408 -0.00326881   0.0134694    0.992702
   29.1276 -0.00386897  -0.0102951  -0.0125776 -0.0124241  0.0100514    1.00784
   29.1319 -0.00759739 -0.00869724 -0.00938185 -0.0248753 0.00272723    1.01712
   29.1376 -0.00919529 -0.00283828 -0.00884922 -0.0319553 -0.0037425    1.01211
   29.1419 -0.00386897 0.000890144  -0.0104471  -0.0282932 -0.00447492    0.997584
   29.1476 -0.000140541  0.000890144   -0.0131103  -0.0171848 0.000652035    0.985622
   29.1516 -0.000673173  -0.00230565   -0.0141755 -0.00705299  0.00797625    0.983668
   29.1576  -0.0044016 -0.00763197  -0.0157734 -0.00595436   0.0120046    0.995021
   29.1619 -0.0123911 -0.0102951 -0.0163061 -0.0151096 0.00846453    1.01016
   29.1676 -0.0155869 -0.0081646 -0.0115124  -0.0280491 0.000407894     1.01699
    29.172  -0.0107932 -0.00283828 -0.00884922  -0.0335423 -0.00667218     1.00943
   29.1773 -0.00333633  0.00195541   -0.012045  -0.0273167 -0.00569562    0.992946
   29.1818 0.00305525 0.00142278 -0.0152408 -0.0135227 0.00223895   0.981227
   29.1876  0.00784894 -0.00337091  -0.0141755 -0.00180397   0.0109059    0.982326
   29.1919 0.000392091  -0.0081646  -0.0152408 -0.00180397   0.0142018    0.995998
   29.1974 -0.00866266  -0.0113604  -0.0131103 -0.0136448  0.0085866    1.01272
   29.2019  -0.0113258  -0.0097625 -0.00565342   -0.0295139 -0.000324528      1.02005
   29.2076  -0.0123911 -0.00390355 -0.00725132  -0.0369602 -0.00691632     1.01248
   29.2118  -0.0028037 0.000890144  -0.0104471  -0.0314671 -0.00593976    0.996608
   29.2176 0.00731631 0.00142278 -0.0115124  -0.017551 0.00126239   0.983058
   29.2217  0.00784894 -0.00177302  -0.0147082 -0.0049778 0.00870868   0.981349
   29.2276  0.00412052 -0.00763197  -0.0147082 -0.00314674   0.0126149     0.99258
   29.2319 -0.00386897  -0.0108278  -0.0125776 -0.0121799  0.0102956    1.00796
   29.2377 -0.0118585 -0.0081646 -0.0115124 -0.0252415 0.00370379    1.01724
   29.2417 -0.00919529 -0.00390355 -0.00938185  -0.0323215 -0.00276593     1.01235
   29.2476  -0.00173844 -0.000707753  -0.00884921  -0.0286594 -0.00423078    0.997707
   29.2519 0.000924723 0.000357511  -0.0131103   -0.0180393 -0.000324528     0.985255
   29.2576  0.00252262 -0.00230565  -0.0157734 -0.00778542  0.00748797     0.98318
   29.2617  -0.0012058 -0.00763197  -0.0152408 -0.00583229   0.0121266    0.995021
   29.2676 -0.0123911 -0.0102951 -0.0147082 -0.0147434 0.00919696     1.0115
   29.2722  -0.0166521 -0.00869724  -0.0109797  -0.027927 0.00101825    1.01846
   29.2773   -0.013989 -0.00283828 -0.00938185  -0.0343967 -0.00703839     1.01077
   29.2817 -0.00653213  0.00195541   -0.012045  -0.0289036 -0.00630597    0.993922
   29.2876  0.00412052 0.000890144  -0.0141755 -0.0147434 0.00248309   0.981593
    29.292  0.00571841 -0.00230565  -0.0168387 -0.00253639   0.0115163    0.981715
   29.2977 -0.00333633 -0.00709934  -0.0173713 -0.0016819  0.0146901   0.994411
   29.3017 -0.00919529  -0.0113604  -0.0131103 -0.0127903 0.00968524     1.0115
   29.3076  -0.0102606  -0.0097625 -0.00938185  -0.0286594 0.000407894     1.01956
   29.3118 -0.00972792 -0.00390355 -0.00991448  -0.0363499 -0.00703839     1.01321
   29.3176 0.000392091 0.000357511 -0.00618606  -0.0309788 -0.00691632    0.997584
    29.322  0.00731631  0.00142278 -0.00725132  -0.0180393 0.000163754    0.983913
   29.3277  0.00784894 -0.00124039  -0.0136429 -0.00595436  0.00761004    0.981715
   29.3316  0.00784894 -0.00656671   -0.012045 -0.00448952   0.0115163    0.992213
   29.3376 -0.0012058 -0.0097625  -0.012045 -0.0129124 0.00931903    1.00698
   29.3417 -0.00919529 -0.00869724  -0.0115124  -0.024387 0.00260516     1.0159
   29.3476 -0.00653213 -0.00337091 -0.00778395  -0.0312229 -0.00349836      1.0115
   29.3517 -0.000673173  0.000890144  -0.00991448  -0.0280491 -0.00471906     0.99673
   29.3576   0.00198999 -0.000175121   -0.0141755   -0.0171848 -0.000324528     0.984401
   29.3618  0.00305525 -0.00337091  -0.0152408 -0.00705299   0.0073659    0.983302
   29.3676 -0.00227107  -0.0081646  -0.0157734 -0.00632057   0.0122487    0.995998
   29.3721 -0.0123911 -0.0113604 -0.0157734 -0.0152317 0.00931903    1.01248
   29.3776 -0.0155869 -0.0081646 -0.0109797  -0.0282932 0.000774105     1.01895
    29.382    -0.013989 -0.000707753   -0.0104471  -0.0352512 -0.00703839     1.01089
   29.3874 -0.00546686  0.00302067   -0.012045  -0.0291477 -0.00642804    0.993922
   29.3917 0.00305525 0.00248804 -0.0104471 -0.0143772 0.00248309   0.980861
   29.3976  0.00358788 -0.00177302  -0.0136429 -0.00204811   0.0117604    0.980617
   29.4017 -0.00333633  -0.0081646   -0.017904 -0.00143776   0.0146901    0.993312
   29.4076 -0.0107932 -0.0108278 -0.0157734 -0.0125462 0.00968524    1.01065
    29.412  -0.0113258 -0.00922987  -0.0115124  -0.0278049 0.000529964      1.0198
   29.4174  -0.0107932 -0.00443618 -0.00938185  -0.0357395 -0.00667218     1.01382
   29.4218  -0.00333633 -0.000175121  -0.00671869 -0.0312229 -0.0061839   0.998439
   29.4276  0.00571841 0.000890144 -0.00831658  -0.0190159 0.000285824    0.984645
   29.4318  0.00625105 -0.00177302  -0.0125776 -0.00705299  0.00748797    0.982081
   29.4376  0.00571841 -0.00709934   -0.012045 -0.00412331    0.011028    0.992702
   29.4418 -0.0028037 -0.0097625 -0.0131103 -0.0121799 0.00919696    1.00723
   29.4476 -0.00972792 -0.00709934   -0.012045  -0.024387 0.00321551    1.01602
   29.4518 -0.00546686 -0.00337091 -0.00725132  -0.0314671 -0.00276593     1.01199
   29.4576   -0.0028037 -0.000175121   -0.0104471  -0.0289036 -0.00435285     0.99734
   29.4618  0.00412052 0.000357511  -0.0131103   -0.0177952 -0.000202458     0.984645
   29.4676  0.00838158 -0.00337091   -0.012045 -0.00656471  0.00785418    0.983302
    29.472 0.00198999 -0.0081646 -0.0136429 -0.00473366   0.0126149    0.995387
   29.4776 -0.0044016 -0.0108278  -0.012045 -0.0142551 0.00931903    1.01174
    29.482 -0.00919529 -0.00922987 -0.00831658  -0.0287815 4.16832e-05      1.0187
   29.4876  -0.0107932 -0.00390355 -0.00884921  -0.0356174 -0.00777082     1.01138
   29.4918 -0.0044016 0.00195541 -0.0125776  -0.0303684 -0.00703839    0.994533
   29.4976 0.00358788 0.00302067 -0.0136429 -0.0170628 0.00101825   0.981349
   29.5017   0.00252262 -0.000707753   -0.0157734 -0.00412331   0.0105397    0.981105
   29.5076 -0.00333633 -0.00656671  -0.0163061 -0.00143776   0.0149343    0.991847
   29.5118 -0.00919529  -0.0108278   -0.012045 -0.0115696 0.00992938    1.00796
   29.5176 -0.0166521 -0.0097625  -0.012045 -0.0268284 0.00101825     1.0187
   29.5218  -0.0155869 -0.00550144  -0.0104471   -0.034763 -0.00593976     1.01455
   29.5276  -0.00706476 -0.000707753  -0.00831658  -0.0306126 -0.00703839    0.999782
    29.532 -0.000673173   0.00142278   -0.0125776   -0.0186497 -0.000812809     0.985744
   29.5374   0.00305525 -0.000707753   -0.0147082 -0.00729713  0.00712176    0.981715
   29.5418  0.00358788 -0.00550144   -0.012045 -0.00461159   0.0111501    0.990871
   29.5476 -0.00333633  -0.0097625   -0.012045  -0.012302 0.00931903    1.00625
   29.5519  -0.0059995  -0.0097625 -0.00938185 -0.0247532 0.00358172    1.01651
   29.5576  -0.0044016 -0.00496881 -0.00725132  -0.0324436 -0.00301007     1.01187
   29.5617 -0.00386897 0.000357511  -0.0115124  -0.0291477 -0.00435285    0.995875
   29.5676 0.00412052 0.00195541 -0.0131103  -0.017551 0.00126239   0.982814
   29.5722  0.00465315 -0.00177302  -0.0163061 -0.00656471  0.00931903    0.981593
   29.5775  -0.0012058 -0.00922987  -0.0168387 -0.00473366   0.0137136    0.995265
   29.5817 -0.00972792  -0.0124257  -0.0147082 -0.0146214 0.00956317     1.0137
   29.5876  -0.0161195 -0.00922987  -0.0115124  -0.0295139 0.000407894     1.02127
    29.592  -0.0113258 -0.00390355 -0.00725132  -0.0370823 -0.00716047     1.01333
   29.5977 -0.00653213  0.00195541  -0.0109797  -0.0315891 -0.00667218    0.995265
   29.6017 -0.0028037 0.00355331 -0.0163061 -0.0165745 0.00114032   0.980006
   29.6076  0.00358789 -0.00177302  -0.0173713 -0.00278053   0.0102956    0.978786
   29.6118 0.00198999 -0.0081646 -0.0173713 -0.000949478    0.0138356     0.991359
   29.6176 -0.00546686  -0.0108278  -0.0141755 -0.0113255 0.00919696    1.00857
    29.622 -0.00759739  -0.0097625 -0.00725132  -0.026218 0.00187274    1.01919
   29.6274 -0.00706476 -0.00496881 -0.00618606  -0.0343967 -0.00410871     1.01467
   29.6317 -0.000673173 -0.000175121  -0.00618606  -0.0311008 -0.00569562    0.999171
   29.6376   0.00678368 -0.000175121  -0.00671869   -0.0203587 -0.000934879     0.984645
   29.6419  0.00625105 -0.00390355  -0.0141755 -0.00900612  0.00651141    0.981837
   29.6476  0.00252262 -0.00763197  -0.0173713 -0.00583229   0.0109059    0.992702
   29.6517  -0.0028037 -0.00922987  -0.0136429 -0.0124241  0.0102956    1.00796
   29.6576 -0.00759739 -0.00709934  -0.0115124 -0.0237766 0.00419207    1.01663
   29.6619 -0.00653213 -0.00283828 -0.00831658  -0.0314671 -0.00337629     1.01077
   29.6676 0.000392091 0.000890144 -0.00725132  -0.0285374 -0.00484113    0.995143
    29.672  0.00625105 0.000890144  -0.0125776 -0.0171848 0.00114032   0.983302
   29.6774  0.00625105 -0.00283828  -0.0157734 -0.00571022  0.00992938    0.983546
   29.6818 0.000392091 -0.00763197  -0.0152408 -0.00363502   0.0135915    0.996364
   29.6876 -0.0123911 -0.0108278 -0.0168387 -0.0134006 0.00895282    1.01248
   29.6918  -0.0155869 -0.00922987  -0.0125776  -0.0275608 0.000285824     1.01907
   29.6976 -0.00919529 -0.00337091 -0.00725132  -0.0353733 -0.00728254     1.01162
    29.702 -0.00386897  0.00195541 -0.00991448  -0.0304905 -0.00752668    0.995387
   29.7074 0.00198999 0.00248804 -0.0109797  -0.0166965 0.000285824    0.981837
   29.7119  0.00358788 -0.00177302  -0.0136429 -0.00436745  0.00968524    0.981105
   29.7175  0.00145736 -0.00763197  -0.0152408 -0.00229225   0.0140798    0.992824
   29.7218 -0.0044016 -0.0102951 -0.0131103 -0.0115696  0.0109059    1.00894
   29.7276 -0.00706476  -0.0102951 -0.00938185 -0.0252415 0.00345965    1.01834
   29.7318 -0.00653213 -0.00709934 -0.00778395  -0.0334202 -0.00398664     1.01358
   29.7376 -0.00173844 -0.00124039 -0.00938185  -0.0309788 -0.00569562    0.999415
   29.7422 0.00625105 0.00142278 -0.0104471   -0.0198704 -0.000202458     0.985866
   29.7475  0.00465315 -0.00124039  -0.0157734 -0.00876198  0.00699969    0.982448
   29.7518 0.000924723 -0.00656671  -0.0163061 -0.00607643   0.0109059    0.992457
   29.7576 -0.00333633  -0.0097625  -0.0141755 -0.0129124 0.00919696    1.00723
   29.7621 -0.00919529  -0.0081646  -0.0125776 -0.0247532 0.00309344    1.01614
   29.7676  -0.0102606 -0.00283828 -0.00938185  -0.0323215 -0.00386457     1.01187
    29.772 -0.00546686 0.000890144 -0.00938185  -0.0292698 -0.00532941    0.996364
   29.7776 0.000924723  0.00142278   -0.012045  -0.0169407 0.000652035     0.98318
   29.7817  0.00145736 -0.00230565  -0.0163061 -0.00448952  0.00968524    0.981837
   29.7876 -0.00333633 -0.00869724  -0.0173713 -0.00229225   0.0140798    0.994044
   29.7918 -0.00866266  -0.0113604  -0.0136429 -0.0132786  0.0094411    1.01126
   29.7976  -0.0155869 -0.00922987  -0.0109797  -0.0292698 0.000529964     1.01944
   29.8017  -0.0150542 -0.00390355  -0.0104471  -0.0372044 -0.00716047     1.01309
   29.8076 -0.00546686  0.00195541  -0.0104471  -0.0320774 -0.00740461    0.996974
   29.8118 -0.000673173   0.00355331   -0.0147082  -0.0184055 0.000285824    0.982326
   29.8176  0.00465315 -0.00124039  -0.0152408 -0.00571022  0.00907489    0.979762
   29.8218  0.00518578 -0.00656671   -0.012045 -0.00241432   0.0137136    0.990871
   29.8276 -0.00493423 -0.00922987  -0.0136429 -0.0102268   0.011028    1.00698
   29.8318 -0.00866266  -0.0097625  -0.0109797 -0.0236546 0.00370379    1.01724
   29.8377 -0.00653213 -0.00603408 -0.00778395 -0.0325657  -0.002888    1.01419
   29.8417  -0.0044016 -0.00124039  -0.0109797 -0.0302464 -0.0049632    1.00051
   29.8476   0.00305525 -0.000175121   -0.0115124  -0.0201145 -0.00130109    0.986842
   29.8521  0.00518578 -0.00230565  -0.0109797 -0.00973854  0.00590106     0.98318
   29.8574  -0.0012058 -0.00656671  -0.0131103 -0.00607643   0.0109059    0.993068
   29.8618 -0.00653213  -0.0097625  -0.0125776 -0.0121799 0.00919696    1.00833
   29.8676 -0.0123911 -0.0081646 -0.0104471  -0.024509 0.00260516    1.01712
   29.8722   -0.013989 -0.00230565   -0.012045  -0.0319553 -0.00459699     1.01138
   29.8774 -0.0059995 0.00195541  -0.012045  -0.0281712 -0.00581769    0.994899
   29.8817 -0.0012058 0.00248804 -0.0157734 -0.0164524 0.00114032   0.982081
   29.8876  -0.00333633 -0.000707753   -0.0210998 -0.00461159   0.0101735    0.981715
   29.8918 -0.00386897 -0.00763197  -0.0157734 -0.00253639   0.0145681    0.994289
   29.8976 -0.00759739   -0.011893  -0.0109797 -0.0126682  0.0106618    1.01162
   29.9017  -0.0155869 -0.00922987  -0.0115124  -0.0284153 0.000896175     1.02029
   29.9076  -0.0129237 -0.00390355 -0.00831658  -0.0369602 -0.00777082     1.01394
   29.9119  -0.0044016 0.000890144 -0.00831658  -0.0323215 -0.00813703    0.997707
   29.9175 0.000392091  0.00302067  -0.0141755   -0.0186497 -0.000446598     0.982814
   29.9218   0.00465315 -0.000707753   -0.0157734 -0.00534401  0.00858661    0.979762
   29.9276 0.000924724 -0.00656671  -0.0163061 -0.00241432   0.0137136    0.990993
   29.9319 -0.0059995 -0.0108278 -0.0157734 -0.0103489  0.0116384    1.00723
   29.9376 -0.00759739  -0.0097625 -0.00831658 -0.0234104 0.00394793    1.01736
   29.9417 -0.00972792 -0.00443618 -0.00565342  -0.0328098 -0.00276593     1.01406
   29.9476  -0.00706476 -0.000175121  -0.00938185  -0.0308567 -0.00398664    0.999782
   29.9521  0.00252262 0.000890144 -0.00991448   -0.0201145 -0.000446598     0.985133
   29.9576  0.00198999 -0.00177302  -0.0152408 -0.00900612  0.00638934    0.980617
   29.9618 -0.000673173  -0.00709934   -0.0173713 -0.00558815    0.011028    0.991359
   29.9677 -0.0028037 -0.0108278  -0.012045 -0.0125462 0.00907489    1.00833
   29.9722 -0.00919529  -0.0097625 -0.00938185 -0.0251194 0.00211688    1.01858
   29.9776 -0.00813002 -0.00496881 -0.00778395   -0.033176 -0.00545148     1.01443
   29.9817 -0.000673173   0.00142278  -0.00671869  -0.0295139 -0.00630597    0.997584
   29.9876 0.00305525 0.00355331 -0.0115124  -0.0162083 0.000529964    0.981837
   29.9919  0.00198999 -0.00124039  -0.0184366 -0.00339088  0.00992938    0.979152
   29.9976  0.00198999 -0.00922987  -0.0173713 -0.00119362   0.0146901    0.990748
   30.0016 -0.00493423  -0.0129583  -0.0131103 -0.0110813  0.0101735    1.00869
   30.0076 -0.0118585 -0.0102951 -0.0104471 -0.0263401 0.00114032    1.02053
   30.0117 -0.00919529 -0.00550144 -0.00671869  -0.0353733 -0.00606183     1.01724
   30.0176 -0.00759739 0.000890144  -0.0109797  -0.0321995 -0.00728254     1.00125
   30.0218 -0.00386897  0.00355331  -0.0152408  -0.0198704 -0.00105695    0.984401
   30.0276  0.00145736 0.000357511  -0.0141755 -0.00729713  0.00712176    0.978419
   30.0319  -0.0028037 -0.00550144  -0.0195019 -0.00314674   0.0120046    0.987575
   30.0376 -0.00866266  -0.0097625  -0.0200345 -0.00973854   0.0111501      1.0043
   30.0419 -0.00866266 -0.00922987  -0.0131103 -0.0223118 0.00480243    1.01663
   30.0476 -0.00972792 -0.00550144 -0.00938185  -0.0311008 -0.00215558      1.0148
   30.0517 -0.00706476 -0.00124039  -0.0104471  -0.0298801 -0.00471906       1.001
   30.0576 -0.000673173  0.000890144   -0.0115124   -0.0201145 -0.000446598     0.986842
   30.0621  -0.0028037 -0.00124039  -0.0168387 -0.00912819  0.00724383    0.981715
   30.0676 0.000392092 -0.00763197  -0.0163061 -0.00607643   0.0120046    0.991725
   30.0719  0.00198999  -0.0113604 -0.00938185 -0.0131565 0.00980731    1.00894
   30.0776 -0.00759739 -0.00922987 -0.00991448 -0.0258518 0.00175067     1.0187
   30.0818 -0.00813002 -0.00496881 -0.00884921  -0.0343967 -0.00593976     1.01358
   30.0876  -0.00014054 -0.000175121  -0.00725132  -0.0307346 -0.00642804    0.996486
   30.0919 0.00465315 0.00248804  -0.012045 -0.0168186 0.00101825   0.981837
   30.0974   0.00465315 -0.000175121   -0.0163061 -0.00278053   0.0104177    0.979762
   30.1018  0.00252262 -0.00656671  -0.0136429 2.70847e-05   0.0150563    0.990871
   30.1076 -0.00546686  -0.0113604  -0.0136429 -0.0110813  0.0107839    1.00857
   30.1118 -0.0118585 -0.0102951 -0.0115124 -0.0273167  0.0016286    1.01992
   30.1176  -0.0123911 -0.00496881 -0.00618605  -0.0362278 -0.00606183      1.0159
    30.122  -0.0113258 0.000890144  -0.0104471  -0.0328098 -0.00728254     1.00015
   30.1277 -0.0044016 0.00302067 -0.0141755  -0.0203587 -0.00105695    0.984889
   30.1318   0.00358788 -0.000707753   -0.0147082 -0.00778542   0.0073659     0.98025
   30.1376  0.00252262 -0.00603408  -0.0168387 -0.00375709   0.0121266    0.989162
    30.142  -0.0059995 -0.00869724  -0.0147082 -0.0102268  0.0106618    1.00442
   30.1476  -0.0123911 -0.00763197  -0.0125776 -0.0225559 0.00443621     1.0159
   30.1518  -0.0145216 -0.00443618  -0.0125776  -0.0312229 -0.00252179     1.01431
   30.1575 -0.00972792 -0.00124039  -0.0115124 -0.0301243 -0.0049632    1.00064
   30.1618  -0.0012058 0.000357511   -0.012045  -0.0208469 -0.00130109     0.98733
   30.1676 -0.00014054 -0.00124039  -0.0157734 -0.00986061  0.00638934    0.983302
   30.1722 -0.00014054 -0.00656671  -0.0152408 -0.00571022   0.0118825    0.991969
   30.1772 -0.0028037 -0.0108278 -0.0115124 -0.0130344  0.0104177    1.00747
   30.1819 -0.00759739 -0.00922987 -0.00884921 -0.0268284  0.0028493    1.01724
   30.1876  -0.0044016 -0.00443618 -0.00299026  -0.0356174 -0.00581769     1.01309
    30.192 -0.000140541  0.000890144  -0.00618606  -0.0318333 -0.00691632    0.997707
   30.1977 0.00198999 0.00248804 -0.0152408  -0.0177952 4.16832e-05    0.983302
   30.2017  0.00465315 -0.00124039  -0.0168387 -0.00400124  0.00907489     0.98025
   30.2076  0.00358788 -0.00763197  -0.0141755 -0.000583267    0.0140798     0.990748
   30.2118 -0.0059995  -0.011893  -0.012045 -0.0102268  0.0109059    1.00796
   30.2175  -0.0129237  -0.0108278 -0.00938185 -0.0256077 0.00223895    1.01919
    30.222  -0.0123911 -0.00603408 -0.00831658  -0.0345188 -0.00593976     1.01565
   30.2277  -0.0107932 0.000357511   -0.012045  -0.0319553 -0.00728254       1.001
   30.2317 -0.00759739  0.00302067  -0.0168387  -0.0208469 -0.00117902    0.986598
   30.2376  -0.00120581 -0.000175121   -0.0173713 -0.00863991  0.00638934    0.981471
   30.2418 -0.000140541  -0.00550144   -0.0163061 -0.00448952   0.0112722    0.989162
   30.2476 -0.00813002 -0.00869724  -0.0157734 -0.00998268   0.0104177     1.00393
   30.2521  -0.0123911 -0.00869724   -0.012045 -0.0213352    0.00407    1.01541
   30.2577  -0.0113258 -0.00496881 -0.00938185  -0.0304905 -0.00276593     1.01406
   30.2617 -0.00919529 0.000890144  -0.0125776  -0.0290257 -0.00471906     1.00015
   30.2676  0.00252262  0.00195541 -0.00991448   -0.0186497 -0.000324528     0.986476
   30.2721  0.00678368 -0.00124039  -0.0115124 -0.00754127  0.00724383    0.982936
   30.2776 -0.00120581 -0.00603408  -0.0157734 -0.00461159   0.0126149    0.992824
   30.2817 -0.00546686  -0.0102951  -0.0104471 -0.0129124  0.0104177    1.00918
   30.2876 -0.00866266  -0.0097625 -0.00725132 -0.0271946 0.00223895    1.01821
   30.2919 -0.00919529 -0.00496881 -0.00884921  -0.0363499 -0.00642804     1.01321
   30.2976 -0.0044016 0.00142278  -0.012045  -0.0328098 -0.00716047    0.997584
   30.3018 0.00145736 0.00355331 -0.0131103  -0.0185276 0.000407894    0.982936
   30.3076   0.00358788 -0.000175121   -0.0147082 -0.00363502  0.00931903     0.98025
   30.3119  0.00252262 -0.00603408  -0.0125776 -9.49856e-05    0.0143239     0.990748
   30.3176 -0.00706476  -0.0097625  -0.0115124 -0.00973854   0.0104177     1.00698
   30.3218  -0.0161195 -0.00922987  -0.0125776 -0.0257298 0.00248309    1.01919
   30.3276  -0.0166521 -0.00550144  -0.0104471  -0.0354954 -0.00447492      1.0159
   30.3318   -0.0118585 -0.000175121   -0.0131103  -0.0324436 -0.00691632    0.999538
   30.3376 -0.00546686  0.00195541  -0.0157734  -0.0214573 -0.00239972    0.985377
   30.3418 -0.000140541 -0.000707753   -0.0152408 -0.0103489 0.00541278   0.981715
   30.3476 -0.000140541  -0.00496881    -0.017904 -0.00509987   0.0107839    0.989894
   30.3517 -0.00813002  -0.0081646  -0.0173713 -0.00998268   0.0094411     1.00442
   30.3576  -0.0113258 -0.00922987  -0.0104471 -0.0220676 0.00382586     1.0159
   30.3619  -0.0134563 -0.00496881  -0.0104471  -0.0311008 -0.00227765     1.01431
   30.3677  -0.0123911 0.000890144  -0.0147082  -0.0293919 -0.00459699    0.999904
    30.372  0.00198999 0.000890144   -0.012045   -0.0188938 -0.000568668     0.985377
   30.3776  0.00678368 -0.00230565  -0.0141755 -0.00729713   0.0073659    0.981227
   30.3819  0.00305525 -0.00922987  -0.0147082 -0.00363502   0.0128591    0.992457
   30.3876 0.000392091  -0.0145562 -0.00884921 -0.0129124  0.0107839    1.01089
   30.3918 -0.00919529  -0.0108278 -0.00884921 -0.0273167 0.00260516    1.01944
   30.3976 -0.00972792 -0.00390355 -0.00618606 -0.0357395 -0.0061839    1.01309
    30.402 0.000392091 0.000890144  -0.0035229 -0.0323215 -0.0082591    0.99673
   30.4076 0.00571841 0.00195541 -0.0109797  -0.0190159 -0.00130109    0.981593
   30.4118  0.00784894 -0.00177302  -0.0157734 -0.00509987  0.00883075    0.979762
   30.4176  0.00678368 -0.00763197  -0.0131103 -0.000461197     0.014446     0.990993
   30.4218 -0.00493423  -0.0102951  -0.0136429 -0.00863991   0.0115163     1.00711
   30.4276  -0.0134563 -0.00869724  -0.0141755 -0.0234104 0.00370379    1.01785
   30.4321  -0.0150542 -0.00390355  -0.0131103  -0.0334202 -0.00349836      1.0148
   30.4373  -0.0123911 0.000890144  -0.0141755  -0.0324436 -0.00593976     1.00039
   30.4418 -0.0044016 0.00195541 -0.0136429 -0.0220676 -0.0016673   0.986232
   30.4476 -0.000140541  -0.00177302   -0.0141755 -0.00973854  0.00577899    0.982448
   30.4518 -0.00173844 -0.00656671  -0.0168387 -0.00461159   0.0111501    0.990748
   30.4576 -0.00919529 -0.00869724  -0.0168387 -0.0102268  0.0105397    1.00515
   30.4618 -0.0134563 -0.0081646 -0.0136429 -0.0223118 0.00443621     1.0159
   30.4676  -0.0118585 -0.00390355 -0.00991448  -0.0308567 -0.00239972     1.01284
    30.472 -0.00759739  0.00142278 -0.00938185  -0.0292698 -0.00508527    0.997829
   30.4776 0.00252262 0.00142278 -0.0109797   -0.0190159 -0.000446598     0.984645
   30.4818   0.0115774 -0.00283828  -0.0104471 -0.00656471  0.00822039    0.982081
   30.4876  0.00571841 -0.00709934  -0.0109797 -0.00241432   0.0135915     0.99258
    30.492 -0.00546686  -0.0102951  -0.0115124 -0.0113255  0.0109059    1.00918
   30.4974 -0.00866266  -0.0102951 -0.00938185 -0.0263401 0.00199481    1.01895
   30.5017 -0.00972792 -0.00603408 -0.00884922  -0.0363499 -0.00667218     1.01467
   30.5076 -0.00493423 0.000357511 -0.00938185  -0.0340305 -0.00813703    0.998561
   30.5119  0.00571841  0.00248804 -0.00831658   -0.0202366 -0.000812809     0.983302
   30.5175   0.00518578 -0.000707753   -0.0141755 -0.00546608  0.00858661     0.97964
   30.5219 -0.000673173  -0.00603408   -0.0173713 -0.00119362   0.0137136    0.989162
   30.5276 -0.00493423  -0.0102951  -0.0141755 -0.00839577   0.0115163     1.00515
   30.5318 -0.0118584 -0.0102951 -0.0136429 -0.0220676 0.00480243    1.01712
   30.5376  -0.0150542 -0.00550144  -0.0115124   -0.033054 -0.00215558     1.01504
   30.5418   -0.0113258 -0.000175121   -0.0109797  -0.0323215 -0.00581769     1.00186
   30.5477 -0.00546686  0.00142278  -0.0131103 -0.0285374 -0.0061839   0.994533
   30.5517 -0.00120581 -0.00124039  -0.0147082 -0.0171848  0.0016286   0.988673
   30.5576 -0.00173844 -0.00550144  -0.0157734 -0.00583229   0.0106618    0.989772
   30.5619 -0.00706476 -0.00869724  -0.0152408 -0.0107151 0.00992938    1.00442
   30.5676  -0.0118585 -0.00869724  -0.0131103 -0.0218235 0.00443621    1.01565
   30.5721  -0.0118585 -0.00443618 -0.00991448  -0.0314671 -0.00276593     1.01406
   30.5775 -0.00972792 -0.00177302 -0.00725132   -0.034885 -0.00642804     1.00894
   30.5818   -0.0028037 -0.000707753   -0.0125776 -0.0232883 -0.0016673   0.993678
   30.5876  0.00358788 -0.00177302  -0.0157734 -0.0061985 0.00773211   0.980006
   30.5921 0.000924723 -0.00763197  -0.0136429 -0.00180397   0.0133473     0.99026
   30.5976 -0.00386897  -0.0129583   -0.012045 -0.010593 0.0106618   1.00845
   30.6019  -0.0113258  -0.0124257 -0.00991448  -0.026096 0.00199481    1.01968
   30.6076  -0.0129237 -0.00656671 -0.00938185  -0.0362278 -0.00606183     1.01614
   30.6121 -0.00759739 0.000357511  -0.0115124  -0.0343967 -0.00728254       1.001
   30.6177 -0.00546686   0.0035533  -0.0136429  -0.0302464 -0.00545148    0.991115
   30.6217  0.00145735 0.000890144  -0.0147082 -0.0148655 0.00394793   0.985622
   30.6276  0.00465315 -0.00550144  -0.0168387 -0.000461197    0.0140798     0.987453
   30.6319 -0.00386897  -0.0097625  -0.0152408 -0.00790749   0.0121266     1.00369
   30.6376 -0.00813002  -0.0102951 -0.00831658 -0.0218235 0.00577899    1.01675
    30.642 -0.00706476 -0.00709934 -0.00512079  -0.0325657 -0.00178937     1.01565
   30.6476 -0.00653213 -0.00390355 -0.00618605  -0.0358616 -0.00569562      1.0104
   30.6518 -0.000673173  -0.00124039  -0.00991448  -0.0258518 -0.00203351    0.995875
   30.6576 0.00518578 0.00142278 -0.0136429 -0.0158421  0.0016286   0.981349
   30.6618  0.00252262 -0.00283828  -0.0147082 -0.0108372 0.00675555   0.988917
   30.6677 -0.00227107 -0.00922987   -0.012045 -0.0107151  0.0100514    1.00491
    30.672 -0.0102606 -0.0097625 -0.0104471  -0.022678 0.00419207    1.01663
   30.6775 -0.0161195 -0.0081646 -0.0125776  -0.0297581 0.000163753     1.01992
   30.6817 -0.00919529 -0.00230565  -0.0115124 -0.0289036  -0.002888    1.00466
   30.6876 -0.00227107   0.0035533  -0.0104471  -0.0280491 -0.00593976    0.989406
   30.6919  0.00145736 0.000357511  -0.0136429 -0.014011   0.00407  0.985866
   30.6976 -0.000673173  -0.00496881   -0.0173713 -0.00107155   0.0149343    0.990504
    30.702 -0.00919529 -0.00922987  -0.0152408 -0.0094944  0.0113942    1.00735
   30.7076 -0.0118585 -0.0113604 -0.0125776 -0.0168186 0.00699969    1.01602
   30.7118  -0.0129237 -0.00709934  -0.0115124  -0.0275608 -0.00117902     1.01321
   30.7176   -0.013989 -0.00283828  -0.0104471   -0.038303 -0.00935773      1.0104
   30.7218  -0.0044016 0.000357511  -0.0131103   -0.026096 -0.00362043    0.995143
   30.7276 0.00518578  0.0035533 -0.0157734 -0.0138889 0.00211688   0.979884
    30.732  0.00518578 -0.00283828  -0.0147082 -0.00815163  0.00870868     0.98733
   30.7375  0.00518578 -0.00922987  -0.0136429 -0.00241432   0.0153005    0.994777
   30.7419 -0.00173844 -0.00869724   -0.012045 -0.0147434 0.00895282    1.00686
   30.7476 -0.00866266  -0.0081646  -0.0104471 -0.0270725 0.00260516    1.01895
   30.7519 -0.00866266 -0.00443618  -0.0115124  -0.0281712 -0.00117902     1.00784
   30.7576  -0.00866266 -0.000707753   -0.0125776 -0.0292698 -0.0049632    0.99673
   30.7619 -0.00173844 -0.00177302  -0.0109797 -0.0182835 0.00175067   0.990871
   30.7676 -0.000673173  -0.00496881   -0.0136429 -0.00680885   0.0101735    0.990382
   30.7722 -0.00866266 -0.00763197  -0.0163061 -0.0114475  0.0101735     1.0032
   30.7774 -0.0107932 -0.0081646 -0.0147082 -0.0165745 0.00846453    1.01065
   30.7817  -0.0113258 -0.00550144  -0.0141755  -0.0257298 0.000407894     1.00881
   30.7876  -0.0118585 -0.00283828  -0.0136429   -0.034885 -0.00764875     1.00698
   30.7918  -0.00173844 -0.000707753   -0.0125776  -0.0230442 -0.00264386    0.993922
   30.7977 0.00838157 0.00142278 -0.0115124 -0.0112034 0.00236102   0.980861
   30.8017  0.00198999 -0.00390355  -0.0131103 -0.00680885  0.00907489    0.990016
   30.8076  -0.0044016 -0.00922987  -0.0147082 -0.00241432   0.0157888    0.999171
   30.8121 -0.00866266 -0.00869724   -0.012045 -0.0176731 0.00712176    1.00991
   30.8174  -0.0129237  -0.0081646 -0.00938185  -0.0329319 -0.00154523     1.02066
   30.8219 -0.00706476 -0.00230565  -0.0109797  -0.0312229 -0.00349836     1.00674
   30.8276 -0.00120581   0.0035533  -0.0125776  -0.0295139 -0.00545148    0.992824
   30.8317  0.00145736 0.000890144  -0.0125776 -0.0166965  0.0028493   0.988307
   30.8376  0.00412052 -0.00177302  -0.0125776 -0.00387917   0.0111501     0.98379
   30.8417 -0.00227107 -0.00603408  -0.0141755 -0.00851784   0.0105397    0.996364
   30.8476 -0.00866266  -0.0102951  -0.0157734 -0.0131565 0.00992938    1.00894
   30.8522 -0.00866266 -0.00656671  -0.0131103 -0.0232883 0.00272723    1.00918
   30.8577 -0.00866266 -0.00283828  -0.0104471  -0.0334202 -0.00447492     1.00943
   30.8618  -0.00333633 -0.000707753   -0.0125776  -0.0249973 -0.00191144    0.997218
   30.8677 0.00198999 0.00142278 -0.0147082  -0.0165745 0.000652035    0.985011
   30.8722 -0.00173844 -0.00337091  -0.0157734 -0.0109592 0.00675555   0.991847
   30.8777 -0.00546686  -0.0081646  -0.0168387 -0.00534401   0.0128591    0.998683
   30.8818  -0.0102606 -0.00709934  -0.0147082 -0.0180393 0.00626727     1.0082
   30.8876  -0.0150542 -0.00603408  -0.0125776   -0.0307346 -0.000324528      1.01773
   30.8919 -0.00759739 -0.00230565  -0.0109797  -0.0292698 -0.00301007     1.00369
   30.8977 -0.00014054  0.00142278 -0.00938185  -0.0278049 -0.00569562     0.98965
   30.9017  0.00518578 -0.00124039  -0.0109797 -0.0137669 0.00358172   0.985866
   30.9076   0.0105121 -0.00390355  -0.0125776 0.000271225   0.0128591    0.982081
    30.912 0.00252262 -0.0081646 -0.0115124 -0.00766334   0.0104177    0.998073
   30.9176 -0.00546686  -0.0124257  -0.0104471 -0.0155979 0.00797625    1.01406
   30.9218 -0.00759739  -0.0081646 -0.00884921   -0.0267063 -0.000446598      1.01272
   30.9276 -0.00972792 -0.00390355 -0.00725132  -0.0378147 -0.00886945     1.01138
   30.9319 -0.000140541  -0.00124039  -0.00778395  -0.0269505 -0.00362043    0.996364
   30.9376  0.00944684  0.00142278 -0.00831658 -0.0160862  0.0016286   0.981349
   30.9419  0.00412052 -0.00337091  -0.0131103  -0.010471 0.00724383   0.988063
   30.9474 -0.00120581  -0.0081646   -0.017904 -0.00485573   0.0128591    0.994777
   30.9518  -0.0102606 -0.00709934  -0.0163061   -0.01572 0.00724383    1.00637
   30.9576  -0.0193153 -0.00603408  -0.0147082 -0.0265842  0.0016286    1.01797
   30.9621  -0.0118585 -0.00337091  -0.0109797  -0.0268284 -0.00191144      1.0065
   30.9677   -0.0044016 -0.000707753  -0.00725132  -0.0270725 -0.00545148    0.995021
    30.972 -0.00333633 -0.00177302   -0.012045 -0.0159641 0.00211688   0.989039
   30.9776 -0.00227107 -0.00283828  -0.0168387 -0.00485573  0.00968524    0.983058
   30.9821 -0.00706476 -0.00656671  -0.0163061 -0.0110813 0.00895282   0.998805
   30.9875 -0.0118585 -0.0102951 -0.0157734 -0.0173069 0.00822039    1.01455
   30.9918 -0.00759739 -0.00656671 -0.00884922   -0.0273167 -0.000568668       1.0115
   30.9976 -0.00333633 -0.00283828   -0.001925  -0.0373264 -0.00935773     1.00845
   31.0018  0.00571841 -0.00124039 -0.00565342   -0.024387 -0.00325422    0.992824
   31.0076   0.0147732 0.000357511 -0.00938185 -0.0114475  0.0028493   0.977199
   31.0118  0.00784894 -0.00443618  -0.0136429 -0.0061985 0.00907489   0.986842
   31.0176 0.000924723 -0.00922987   -0.017904 -0.000949478    0.0153005     0.996486
   31.0221 -0.00333633  -0.0113604  -0.0157734 -0.00766334   0.0115163     1.00564
   31.0273 -0.00759739   -0.011893  -0.0104471 -0.0229221 0.00333758    1.01809
   31.0318  -0.0044016 -0.00443618 -0.00778395 -0.0315891 -0.0037425    1.00845
   31.0376 -0.00120581  0.00142278 -0.00831658  -0.0317112 -0.00642804    0.995509
   31.0419 -0.00227107 0.000357511  -0.0136429 -0.0180393 0.00138446   0.988185
   31.0476  -0.00333633 -0.000707753   -0.0189692 -0.00436745  0.00919696    0.980861
   31.0518 -0.00386897 -0.00443618  -0.0163061 -0.00412331   0.0112722    0.987575
   31.0576 -0.0044016 -0.0081646 -0.0136429 -0.0082737  0.0116384    1.00198
   31.0618 -0.00546686 -0.00550144  -0.0109797 -0.0225559 0.00309344     1.0104
   31.0677 -0.00653213 -0.00283828 -0.00831658 -0.0324436 -0.0037425    1.01113
    31.072  -0.00386897 -0.000707753   -0.0125776  -0.0297581 -0.00447492     1.00296
   31.0777 -0.00120581  0.00142278  -0.0168387  -0.0208469 -0.00203351    0.989039
   31.0817 -0.00386897 -0.00283828   -0.017904 -0.00973854  0.00773211    0.990871
   31.0876 -0.00653213 -0.00709934  -0.0189692 -0.00485573   0.0143239    0.998439
    31.092  -0.0118584 -0.00922987  -0.0195019 -0.0107151  0.0116384    1.00662
   31.0977 -0.0166521 -0.0097625 -0.0152408 -0.0242649 0.00419207    1.01663
   31.1017  -0.0107932 -0.00337091  -0.0115124  -0.0351292 -0.00471906     1.01333
   31.1076 -0.00546686  0.00142278  -0.0125776  -0.0340305 -0.00752668    0.999049
   31.1119 0.000392091 0.000890144  -0.0125776  -0.0214573 -0.00203351    0.984401
   31.1175   0.00252262 -0.000175121   -0.0163061 -0.00668678  0.00712176    0.980128
   31.1219 -0.00493423 -0.00443618  -0.0210998 -0.000217056    0.0143239     0.989039
   31.1276 -0.00759739  -0.0097625  -0.0168387 -0.00693092   0.0132253      1.0054
   31.1318 -0.00866266  -0.0097625 -0.00991448 -0.0215794  0.0049245    1.01687
   31.1377  -0.0107932 -0.00603408 -0.00831658  -0.0329319 -0.00362043     1.01614
    31.142  -0.0044016 -0.00230565 -0.00512079  -0.0335423 -0.00679425     1.00491
   31.1476  0.00465315 0.000357511 -0.00512079  -0.0240208 -0.00239972     0.99026
   31.1518   0.00518578 -0.000707753   -0.0115124 -0.0113255  0.0049245    0.98257
   31.1576  0.00305525 -0.00443618  -0.0125776 -0.00436745   0.0105397    0.988307
   31.1618 -0.000673173   -0.0081646    -0.012045 -0.00815163   0.0109059       1.001
   31.1677 -0.00813002 -0.00869724  -0.0125776 -0.0195042 0.00541278    1.01187
   31.1723 -0.00493423 -0.00550144 -0.00565342  -0.0297581 -0.00154523     1.01358
   31.1774  0.00305525 -0.00283828   -0.001925  -0.0307346 -0.00520734     1.00271
   31.1818   0.00198999 -0.000175121   -0.0115124  -0.0218235 -0.00239972    0.988673
   31.1876   0.00518578 -0.000707753   -0.0147082 -0.00973854   0.0049245    0.982326
    31.192  0.00305525 -0.00496881  -0.0147082 -0.00339088   0.0120046     0.99026
   31.1977 -0.00759739 -0.00922987  -0.0168387 -0.00876198   0.0118825     1.00662
    31.202 -0.0123911 -0.0102951 -0.0109797 -0.0235325 0.00370379    1.01724
   31.2077  -0.0155869 -0.00603408  -0.0109797  -0.0356174 -0.00545148     1.01565
   31.2117  -0.0118584 0.000357511  -0.0147082  -0.0350071 -0.00801496     1.00296
   31.2176 -0.00014054   0.0035533   -0.012045  -0.0231663 -0.00203351    0.987208
   31.2218 0.00198999 0.00195541 -0.0147082 -0.00802956  0.00773211    0.979518
   31.2276 -0.00493423 -0.00337091  -0.0195019 -0.00119362    0.014446    0.985377
   31.2319 -0.00653213  -0.0102951  -0.0152408 -0.00717506   0.0124929       1.001
   31.2374 -0.00972792   -0.011893  -0.0109797 -0.0210911 0.00504657    1.01553
   31.2418 -0.0123911 -0.0081646 -0.0104471 -0.0325657  -0.002888    1.01736
   31.2476 -0.00653213 -0.00390355 -0.00831658  -0.0334202 -0.00691632     1.00625
    31.252   -0.0028037 -0.000175121   -0.0104471  -0.0242649 -0.00362043    0.991481
   31.2576  0.000392091 -0.000175121   -0.0147082 -0.0121799 0.00358172    0.98257
   31.2617  0.00625105 -0.00496881  -0.0104471 -0.00583229  0.00992938     0.98672
   31.2677 -0.000673174  -0.00869724   -0.0115124 -0.00876198    0.011028     1.00003
   31.2721 -0.0113258 -0.0081646 -0.0147082 -0.019138 0.0061452    1.0126
   31.2776  -0.0113258 -0.00550144  -0.0104471   -0.0292698 -0.000568669      1.01516
   31.2819 -0.00653213 -0.00177302 -0.00991448   -0.031345 -0.00508527     1.00418
   31.2877  0.00252262 0.000890144  -0.0109797  -0.0231663 -0.00264386    0.988917
   31.2918   0.00997947 -0.000707753   -0.0109797 -0.0101048 0.00590106   0.981593
   31.2976  0.00198999 -0.00496881  -0.0157734 -0.00375709   0.0123708    0.988185
   31.3021 -0.00493423 -0.00922987  -0.0136429 -0.00998268   0.0111501      1.0043
   31.3077 -0.00493423  -0.0108278 -0.00671869 -0.0240208 0.00333758    1.01687
   31.3117  -0.0129237 -0.00709934 -0.00938185  -0.0351292 -0.00593976     1.01651
   31.3176   -0.0107932 -0.000175121   -0.0104471  -0.0343967 -0.00923566     1.00369
   31.3218 -0.000140541   0.00408594   -0.0104471  -0.0228001 -0.00349836    0.987453
   31.3277 0.00198999 0.00248804 -0.0163061 -0.00802956  0.00651141    0.979396
    31.332 -0.00227107 -0.00337091  -0.0189692 -0.000461197    0.0132253     0.985377
   31.3377 -0.00653213 -0.00922987  -0.0157734 -0.00607643   0.0120046     1.00125
   31.3417 -0.0118585 -0.0108278 -0.0136429 -0.0203587 0.00529071    1.01541
   31.3476  -0.0150542 -0.00709934  -0.0104471  -0.0320774 -0.00239972     1.01699
   31.3519 -0.00813002 -0.00177302 -0.00671869  -0.0332981 -0.00557355     1.00589
   31.3578  0.00252262 0.000357511 -0.00831658   -0.024387 -0.00227765    0.990748
    31.362   0.00465315 -0.000707753   -0.0136429 -0.0118137 0.00431414   0.981837
   31.3677  0.00358788 -0.00550144  -0.0147082 -0.00509987   0.0104177    0.986842
    31.372 0.00145736 -0.0108278 -0.0125776 -0.00839577   0.0113942     1.00137
   31.3776 -0.00653213  -0.0108278  -0.0115124 -0.0195042 0.00626727    1.01431
    31.382  -0.0102606 -0.00603408 -0.00991448  -0.0304905 -0.00154523     1.01541
   31.3876  -0.00386897 -0.000707753  -0.00778395  -0.0317112 -0.00593976     1.00271
   31.3918 0.000924724  0.00248804  -0.0115124  -0.0221897 -0.00227765    0.987086
   31.3976 0.00145736 0.00142278  -0.017904 -0.00888405  0.00602313    0.980372
   31.4019  0.00252262 -0.00603408  -0.0163061 -0.00217018   0.0128591    0.988307
   31.4076 -0.00759739  -0.0113604  -0.0163061 -0.00876198   0.0124929     1.00503
   31.4119 -0.0177174 -0.0102951 -0.0141755 -0.0242649 0.00455828     1.0176
   31.4176  -0.0155869 -0.00709934 -0.00831658  -0.0359837 -0.00532941     1.01724
    31.422  -0.0113258 -0.00124039   -0.012045  -0.0353733 -0.00850324     1.00369
   31.4276 -0.0044016 0.00355331 -0.0157734  -0.0234104 -0.00191144    0.987086
   31.4318 0.00465315 0.00195541 -0.0152408 -0.0082737 0.00687762   0.979152
   31.4376  0.00412052 -0.00390355   -0.017904 -0.000949478    0.0132253     0.985377
   31.4419  -0.0028037 -0.00922987  -0.0168387 -0.00583229   0.0129811     1.00125
   31.4478 -0.00866266  -0.0108278  -0.0109797 -0.0186497  0.0061452    1.01516
   31.4518  -0.0107932 -0.00709934 -0.00778395  -0.0297581 -0.00142316     1.01675
   31.4576 -0.00386897 -0.00230565 -0.00512079  -0.0314671 -0.00508527     1.00589
   31.4618  0.00465315 0.000357511 -0.00458816  -0.0234104 -0.00239972    0.991725
   31.4677   0.00412052 -0.000707753   -0.0115124 -0.0120579 0.00382586   0.983302
   31.4722  0.00305525 -0.00550144  -0.0131103 -0.00558815  0.00968524    0.987819
   31.4774 0.000392091 -0.00869724 -0.00991448 -0.00876198   0.0106618     1.00198
   31.4818 -0.00919529 -0.00869724   -0.012045 -0.0206028 0.00553485    1.01528
   31.4877  -0.0118585 -0.00496881  -0.0115124  -0.0309788 -0.00191144     1.01516
   31.4921 -0.00653213 0.000357511 -0.00938185  -0.0315891 -0.00557355     1.00003
   31.4976 -0.00120581  0.00248804  -0.0141755  -0.0223118 -0.00191144    0.984157
   31.5017   0.00252262 -0.000175121   -0.0173713 -0.00863991  0.00638934    0.979518
   31.5076  0.00145736 -0.00656671  -0.0157734 -0.00241432   0.0133473    0.989528
    31.512 -0.00813002  -0.0108278   -0.017904 -0.00888405   0.0123708     1.00723
   31.5177 -0.0155869 -0.0097625 -0.0147082 -0.0231663 0.00443621    1.01944
   31.5217  -0.0155869 -0.00496881  -0.0109797  -0.0346409 -0.00484113     1.01724
   31.5276   -0.0118584 -0.000175121   -0.0136429  -0.0343967 -0.00789289     1.00296
   31.5319 -0.00493423  0.00195541  -0.0136429  -0.0230442 -0.00239972    0.986964
   31.5376   0.00145736 -0.000175121   -0.0136429 -0.00851784  0.00577899    0.980006
    31.542  0.00305525 -0.00603408  -0.0147082 -0.00131569   0.0123708    0.987086
   31.5477 -0.0028037 -0.0097625 -0.0131103 -0.00595436   0.0123708     1.00222
   31.5518 -0.00866266  -0.0097625 -0.00991448 -0.0188938 0.00638934    1.01406
   31.5577 -0.00972792 -0.00603408 -0.00725132   -0.0302464 -0.000934879       1.0148
   31.5617  -0.0059995 -0.00177302 -0.00725132  -0.0317112 -0.00532941     1.00442
   31.5677   0.00198999 -0.000707753  -0.00938185   -0.024387 -0.00325422    0.991725
   31.5721  0.00358788 -0.00177302  -0.0131103 -0.0130344  0.0028493   0.985499
   31.5777 0.000392091 -0.00443618  -0.0157734 -0.00571022  0.00858661    0.990504
   31.5817 -0.00227107 -0.00709934  -0.0136429 -0.00912819   0.0104177     1.00308
   31.5876  -0.0102606 -0.00763197   -0.012045 -0.0210911 0.00577899    1.01394
   31.5919  -0.0134563 -0.00443618 -0.00991448  -0.0324436 -0.00264386     1.01406
   31.5976  -0.00386897 -0.000175121  -0.00725132   -0.033054 -0.00679425     1.00125
    31.602 0.00305525 0.00142278 -0.0131103  -0.0229221 -0.00276593    0.986232
   31.6077   0.00145736 -0.000707753   -0.0200345 -0.00851784  0.00626727    0.980739
   31.6119 0.000392091 -0.00656671   -0.017904 -0.000949478    0.0139577     0.988429
   31.6177 -0.00706476  -0.0102951  -0.0147082 -0.00705299   0.0131032     1.00418
   31.6218  -0.0166521 -0.00922987  -0.0131103 -0.0220676  0.0049245    1.01675
   31.6276  -0.0155869 -0.00656671 -0.00884921  -0.0345188 -0.00435285     1.01712
    31.632 -0.00919529 -0.00230565 -0.00831658   -0.034763 -0.00813703     1.00466
   31.6373 -0.00333633  0.00142278  -0.0136429 -0.024509 -0.002888  0.989162
   31.6419  0.00145736 0.000357511  -0.0152408 -0.0103489 0.00504657   0.981837
   31.6476  0.00145736 -0.00390355  -0.0157734 -0.00265846   0.0113942     0.98672
   31.6518 -0.00546686 -0.00763197  -0.0163061 -0.00595436   0.0121266     1.00027
   31.6576  -0.0113258 -0.00869724   -0.012045  -0.017429 0.00675555    1.01309
   31.6618  -0.0129237 -0.00603408 -0.00938185   -0.0291477 -0.000202458      1.01504
   31.6677 -0.00866266 -0.00230565 -0.00938185  -0.0315891 -0.00508527     1.00491
    31.672   0.00252262 -0.000707753  -0.00778395   -0.024387 -0.00349836    0.991481
   31.6775  0.00518578 -0.00124039  -0.0104471 -0.0125462 0.00333758   0.983546
   31.6817 0.000392091 -0.00496881  -0.0157734 -0.00583229  0.00992938    0.988307
   31.6877  -0.0012058 -0.00922987  -0.0147082 -0.00925026   0.0106618     1.00283
   31.6917 -0.00866266 -0.00922987  -0.0115124 -0.0210911 0.00480243    1.01528
   31.6976  -0.0107932 -0.00496881 -0.00831658  -0.0321995 -0.00398664     1.01528
    31.702  -0.0012058 0.000357511 -0.00671869  -0.0326878 -0.00764875     1.00173
   31.7077 0.00571841 0.00248804 -0.0115124  -0.0221897 -0.00239972     0.98611
   31.7118  0.00625105 0.000890144  -0.0184366 -0.0074192 0.00638934    0.98025
   31.7176  0.00465315 -0.00443618  -0.0173713 -0.000217056    0.0133473     0.987819
    31.722 -0.00227107  -0.0097625   -0.012045 -0.00680885   0.0126149     1.00393
   31.7277 -0.0107932 -0.0108278 -0.0104471 -0.0218235 0.00529071    1.01748
   31.7318  -0.0118585 -0.00763197 -0.00991448  -0.0343967 -0.00337629     1.01809
   31.7376  -0.0059995 -0.00230565 -0.00778395  -0.0353733 -0.00752668     1.00527
   31.7419  0.00198999  0.00142278 -0.00938185  -0.0251194 -0.00337629    0.988307
   31.7476  0.00571841 0.000890144  -0.0147082 -0.0118137 0.00443621   0.979762
   31.7521  0.00731631 -0.00390355  -0.0157734 -0.00351295   0.0107839    0.985011
   31.7576  0.00145735 -0.00922987  -0.0141755 -0.00558815   0.0117604    0.999293
   31.7618  -0.0113258 -0.00922987  -0.0152408 -0.0170628 0.00675555    1.01297
   31.7677  -0.0118584 -0.00550144   -0.012045   -0.0292698 -0.000446598       1.0159
   31.7722 -0.00493423 -0.00177302 -0.00618606  -0.0318333 -0.00484113     1.00589
   31.7775 -0.00173844  0.00142278 -0.00884922  -0.0246311 -0.00362043    0.990871
   31.7818  0.00198999 0.000357511  -0.0136429 -0.0129124 0.00321551   0.982081
   31.7876  0.00145736 -0.00496881  -0.0168387 -0.0049778  0.0106618   0.986842
   31.7919  -0.0044016 -0.00922987  -0.0184366 -0.00839577   0.0112722     1.00235
   31.7976 -0.0102606 -0.0097625 -0.0136429 -0.0203587 0.00541278    1.01577
   31.8018   -0.013989 -0.00603408  -0.0109797  -0.0319553 -0.00264386     1.01638
   31.8077  -0.00919529 -0.000175121   -0.0115124  -0.0336643 -0.00752668     1.00308
   31.8121  0.00305525  0.00195541 -0.00991448  -0.0235325 -0.00325422     0.98672
   31.8177  0.00625105 0.000357511  -0.0141755 -0.00863991  0.00638934    0.979518
   31.8218  0.00252262 -0.00443618  -0.0173713 -0.000705337    0.0134694     0.985622
   31.8276 -0.00386897  -0.0102951  -0.0157734 -0.00595436   0.0128591     1.00186
   31.8319 -0.0134563 -0.0113604 -0.0131103 -0.0203587 0.00553485    1.01614
   31.8376  -0.0155869 -0.00709934  -0.0109797  -0.0332981 -0.00325422     1.01773
    31.842 -0.00759739 -0.00177302 -0.00831658  -0.0353733 -0.00801496     1.00613
   31.8477 -0.000140541   0.00142278  -0.00884922  -0.0267063 -0.00471906    0.990138
   31.8518  0.00305525 0.000890144  -0.0115124 -0.0131565 0.00297137   0.980861
   31.8576  0.00731631 -0.00443618 -0.00938185 -0.00448952   0.0094411    0.985011
    31.862  0.00198999 -0.00922987  -0.0131103 -0.00656471   0.0104177    0.999171
   31.8677 -0.00813002  -0.0097625  -0.0147082  -0.017429 0.00602313    1.01321
    31.872 -0.00919529 -0.00709934 -0.00991448   -0.0285374 -0.000446598      1.01638
   31.8777  -0.0044016 -0.00283828  -0.0104471  -0.0312229 -0.00484113     1.00576
   31.8819 0.000924723 0.000357511  -0.0115124  -0.0237766 -0.00252179    0.990504
   31.8877  0.00465315 -0.00124039  -0.0115124 -0.0116917 0.00455828   0.981837
   31.8918  0.00198999 -0.00603408  -0.0147082 -0.00461159   0.0111501     0.98733
   31.8976 -0.00546686  -0.0097625  -0.0152408 -0.00876198   0.0122487     1.00344
   31.9019 -0.0113258 -0.0097625 -0.0104471 -0.0213352 0.00602313    1.01687
   31.9075  -0.0150542 -0.00496881 -0.00991448  -0.0326878 -0.00362043     1.01724
   31.9118  -0.0113258 0.000357511  -0.0136429   -0.034763 -0.00789289     1.00357
   31.9181 -0.00173844  0.00248804  -0.0136429  -0.0247532 -0.00264386    0.986598
    31.922  0.00625105 0.000357511  -0.0131103 -0.00888405  0.00712176    0.978908
   31.9277  0.00518578 -0.00550144  -0.0136429 0.000271225   0.0143239    0.985622
   31.9317 -0.00120581  -0.0108278  -0.0141755 -0.00436745   0.0135915     1.00198
   31.9376 -0.0059995 -0.0124257 -0.0115124 -0.0186497 0.00675555    1.01626
   31.9419  -0.0107932 -0.00869724 -0.00938185  -0.0320774 -0.00191144      1.0187
   31.9477  -0.0059995 -0.00230565 -0.00831658   -0.034763 -0.00691632     1.00747
   31.9519  0.00305525 0.000357511 -0.00938185   -0.026096 -0.00398664    0.990871
   31.9576   0.00412052 -0.000175121   -0.0147082 -0.0136448 0.00297137   0.981105
   31.9622  0.00412052 -0.00337091  -0.0157734 -0.00534401  0.00931903    0.984767
   31.9677 0.000924723 -0.00869724  -0.0157734 -0.00693092   0.0113942    0.998073
   31.9719 -0.0059995 -0.0102951 -0.0115124 -0.0170628  0.0073659    1.01174
   31.9777 -0.00972792 -0.00656671 -0.00884921  -0.0282932 0.000163753     1.01541
   31.9821 -0.00653213 -0.00283828  -0.0104471  -0.0317112 -0.00459699     1.00552
   31.9877   -0.0012058 -0.000175121   -0.0115124  -0.0247532 -0.00313215    0.990382
   31.9919  0.00198999 0.000357511  -0.0147082 -0.0126682    0.00407   0.981349
   31.9976  0.00198999 -0.00443618  -0.0147082 -0.00473366   0.0116384    0.986354
   32.0019 -0.00653213  -0.0097625  -0.0157734 -0.00839577    0.012737     1.00271
   32.0076 -0.0145216 -0.0102951 -0.0136429 -0.0213352 0.00638934    1.01663
   32.0119  -0.0145216 -0.00656671 -0.00831658  -0.0335423 -0.00325422     1.01748
   32.0177   -0.0107932 -0.000175121  -0.00991448  -0.0351292 -0.00740461     1.00466
    32.022 -0.0044016  0.0035533 -0.0136429  -0.0242649 -0.00264386    0.987697
   32.0277  0.00625105 0.000357511  -0.0136429 -0.00851784  0.00553485    0.979152
   32.0319  0.00465315 -0.00496881  -0.0163061 0.000271225    0.012737    0.984767
   32.0377 -0.00227107  -0.0097625  -0.0152408 -0.00375709   0.0131032     1.00015
   32.0418  -0.0044016  -0.0113604 -0.00778395 -0.0177952 0.00651141    1.01455
   32.0477 -0.00813002 -0.00763197 -0.00725132  -0.0317112 -0.00117902     1.01797
    32.052 -0.00333633 -0.00230565 -0.00725132 -0.0345188 -0.0061839    1.00796
   32.0575  0.00465315  0.00142278 -0.00671869  -0.0265842 -0.00398664    0.992457
   32.0618  0.00571841 0.000890144   -0.012045 -0.0143772 0.00248309   0.982326
   32.0677  0.00198999 -0.00337091  -0.0152408 -0.00607643  0.00883075    0.985377
   32.0723 -0.00173844 -0.00763197  -0.0136429 -0.00802956   0.0115163    0.998805
   32.0775 -0.00866266 -0.00922987  -0.0147082 -0.0184055 0.00724383    1.01187
   32.0818  -0.0145216 -0.00550144  -0.0125776 -0.0292698 4.1683e-05    1.01504
   32.0877  -0.00972792 -0.000175121  -0.00778395  -0.0317112 -0.00459699     1.00491
   32.0921 -0.00014054 0.000890144 -0.00831658  -0.0236546 -0.00276593    0.989772
   32.0976  0.00358788 -0.00124039  -0.0147082  -0.010593 0.00455828   0.981593
   32.1019  0.00198999 -0.00550144   -0.017904 -0.00265846   0.0123708    0.987575
   32.1077 -0.000140541   -0.0108278   -0.0104471 -0.00680885   0.0132253     1.00357
   32.1117  -0.0107932  -0.0108278 -0.00884922 -0.0207249 0.00553485    1.01663
   32.1176  -0.0161195 -0.00496881 -0.00991448  -0.0340305 -0.00423078     1.01736
   32.1219 -0.00706476 0.000890144 -0.00831658  -0.0358616 -0.00838117     1.00479
   32.1277 0.00145736 0.00408594  -0.012045 -0.0252415 -0.0037425   0.988185
   32.1321 0.00784894 0.00195541 -0.0136429 -0.00998268  0.00468035    0.979152
   32.1374  0.00731631 -0.00390355  -0.0131103 -0.000705337    0.0117604     0.984279
   32.1419 -0.00173844  -0.0097625  -0.0147082 -0.00424538   0.0126149     0.99966
   32.1477 -0.0102606 -0.0108278 -0.0141755 -0.0179173 0.00651141    1.01419
   32.1518  -0.0129237 -0.00656671  -0.0104471  -0.0308567 -0.00142316     1.01736
   32.1577  -0.0118585 -0.00230565  -0.0125776  -0.0334202 -0.00630597     1.00747
   32.1618 -0.00386897 0.000357511  -0.0141755   -0.026096 -0.00447492    0.992946
   32.1679  0.00518578 0.000357511 -0.00991448 -0.0142551 0.00223895   0.983302
   32.1723  0.00252262 -0.00390355  -0.0136429 -0.00607643  0.00895282    0.985622
   32.1777 -0.00333633 -0.00869724  -0.0152408 -0.00802956   0.0111501    0.998195
   32.1818 -0.00919529 -0.00922987   -0.012045 -0.0180393 0.00748797    1.01174
   32.1876  -0.0155869 -0.00496881  -0.0141755  -0.0284153 0.000529964     1.01541
   32.1919  -0.0129237 0.000357511  -0.0125776  -0.0308567 -0.00447492     1.00527
   32.1976 -0.00546686  0.00248804  -0.0131103  -0.0240208 -0.00301007    0.990016
    32.202  -0.0028037 0.000890144  -0.0189692 -0.0118137  0.0049245   0.981593
   32.2077 -0.00227107 -0.00443618  -0.0189692 -0.00314674   0.0133473    0.987086
   32.2119 -0.0028037 -0.0102951 -0.0152408 -0.00693092   0.0138356     1.00296
   32.2177 -0.0118585 -0.0108278  -0.012045 -0.0210911 0.00651141    1.01651
   32.2218  -0.0145216 -0.00763197 -0.00778395  -0.0341526 -0.00362043     1.01821
   32.2277 -0.00759739 -0.00177302 -0.00831658  -0.0358616 -0.00838117     1.00637
   32.2318 -0.00493423  0.00355331  -0.0168387  -0.0258518 -0.00398664    0.989162
   32.2377 0.00465315 0.00195541 -0.0152408  -0.010471 0.00419207    0.97964
   32.2419  0.00891421 -0.00390355   -0.012045 -0.00143776   0.0116384    0.983913
   32.2477 -0.000673173  -0.00869724   -0.0136429 -0.00534401   0.0128591    0.998683
   32.2519  -0.0044016  -0.0113604 -0.00671869 -0.0176731 0.00663348    1.01358
   32.2576  -0.0059995  -0.0097625 -0.00405553  -0.0302464 -0.00130109     1.01736
    32.262 -0.00813002 -0.00390355 -0.00831658  -0.0337864 -0.00593976     1.00784
   32.2677 -0.00227107 0.000357511  -0.0104471  -0.026218 -0.0037425   0.993068
   32.2719   0.00518578 -0.000175121   -0.0125776 -0.0137669 0.00309344   0.983302
   32.2777  0.00252262 -0.00443618  -0.0163061 -0.00522194  0.00980731    0.985744
   32.2821 -0.000673173   -0.0097625   -0.0136429 -0.00705299   0.0116384    0.999049
   32.2877 -0.00653213  -0.0108278  -0.0109797  -0.017551 0.00712176    1.01309
   32.2918  -0.0150542 -0.00656671  -0.0125776   -0.0292698 -0.000568668      1.01638
   32.2977 -0.00972792 -0.00124039 -0.00991448  -0.0325657 -0.00606183     1.00515
   32.3021 -0.00493423  0.00248804  -0.0125776  -0.0246311 -0.00423078    0.988795
   32.3078 -0.0028037 0.00142278 -0.0195019 -0.0107151 0.00443621   0.980372
   32.3118 0.000392091 -0.00443618  -0.0184366 -0.00204811   0.0132253    0.986232
   32.3177 -0.00493423  -0.0102951  -0.0152408 -0.00644264   0.0134694     1.00247
    32.322 -0.0145216 -0.0108278 -0.0141755 -0.0198704 0.00565692    1.01675
   32.3277   -0.013989 -0.00763197 -0.00884922  -0.0334202 -0.00386457     1.01882
   32.3318 -0.00706476 -0.00230565 -0.00725132  -0.0363499 -0.00813703     1.00747
   32.3377 -0.00173844  0.00302067  -0.0115124  -0.0269505 -0.00410871    0.990504
    32.342 0.00731631 0.00195541 -0.0109797 -0.0119358    0.00407    0.98025
   32.3475  0.00518578 -0.00390355  -0.0141755 -0.00217018   0.0115163    0.983424
   32.3518  -0.0012058 -0.00922987  -0.0157734 -0.00473366   0.0134694    0.997584
   32.3577 -0.00173844  -0.0113604 -0.00831658 -0.0160862 0.00858661    1.01297
    32.362 -0.00866266  -0.0081646 -0.00831658 -0.0280491 0.00101825     1.0176
   32.3677 -0.00972792 -0.00283828 -0.00938185  -0.0323215 -0.00435285     1.00857
   32.3721 -0.000140541  0.000357511  -0.00618605  -0.0264622 -0.00349836    0.993434
   32.3776   0.00678368 -0.000707753   -0.0104471 -0.0149876 0.00211688   0.982814
   32.3821  0.00465315 -0.00443618  -0.0147082 -0.00680885  0.00883075    0.985133
   32.3877 -0.00173844 -0.00763197  -0.0131103 -0.00778542   0.0116384    0.999049
   32.3919 -0.00866266  -0.0081646  -0.0115124 -0.0180393 0.00724383    1.01309
   32.3975  -0.0129237 -0.00550144 -0.00991448  -0.0298801 -0.00117902     1.01638
   32.4017  -0.00813002 -0.000707753  -0.00778395  -0.0329319 -0.00655011      1.0054
   32.4077 -0.00386897  0.00355331  -0.0136429   -0.024387 -0.00313215    0.989162
   32.4122 -0.0012058 0.00248804 -0.0189692 -0.00986061  0.00516864    0.980495
   32.4177  0.00252262 -0.00443618  -0.0152408 -0.00119362   0.0124929    0.985499
   32.4218 -0.00706476  -0.0097625  -0.0157734 -0.00534401   0.0134694     1.00161
   32.4277 -0.0177174 -0.0102951 -0.0136429 -0.0196262 0.00675555    1.01638
    32.432    -0.01825 -0.00763197 -0.00991448  -0.0336643 -0.00252179     1.01882
   32.4374  -0.0134563 -0.00177302   -0.012045  -0.0364719 -0.00764875     1.00772
   32.4421 -0.0044016 0.00248804  -0.012045  -0.0270725 -0.00471906    0.990748
   32.4477 0.00678368 0.00142278  -0.012045  -0.012302 0.00333758   0.980372
   32.4519  0.00944684 -0.00390355  -0.0141755 -0.00265846   0.0109059    0.983424
   32.4577  0.00252262 -0.00922987  -0.0136429 -0.00473366   0.0131032    0.996852
   32.4619 -0.0028037 -0.0108278 -0.0104471 -0.0165745 0.00822039    1.01187
   32.4677 -0.00706476 -0.00763197 -0.00991448  -0.0287815 0.000407894     1.01736
   32.4722 -0.00546686 -0.00283828 -0.00778395  -0.0326878 -0.00435285     1.00918
   32.4775 0.000392091 0.000890144 -0.00778395  -0.0267063 -0.00349836      0.9938
   32.4818   0.00838157 -0.000175121   -0.0109797 -0.0149876 0.00199481   0.982936
   32.4877  0.00678368 -0.00496881  -0.0147082 -0.00656471  0.00846453    0.984889
   32.4921 -0.00173844 -0.00869724  -0.0157734 -0.00802956   0.0116384    0.998683
   32.4977 -0.00759739  -0.0102951  -0.0115124 -0.0186497 0.00797625    1.01345
   32.5019  -0.0150542 -0.00656671  -0.0109797   -0.0304905 -0.000446598      1.01724
   32.5077   -0.0113258 -0.000707753   -0.0109797 -0.0336643 -0.0061839    1.00637
   32.5119 -0.00173844  0.00248804  -0.0115124  -0.0249973 -0.00337629    0.989528
   32.5176 0.00145736 0.00248804 -0.0157734 -0.0102268 0.00529071   0.980617
   32.5218 -0.00014054 -0.00283828  -0.0168387 -0.000583267    0.0131032     0.985133
   32.5277 -0.0059995 -0.0097625 -0.0152408 -0.00375709   0.0138356     1.00003
    32.532 -0.0161195 -0.0113604 -0.0157734 -0.0179173 0.00651141    1.01504
   32.5377  -0.0177174 -0.00869724  -0.0141755  -0.0326878 -0.00276593     1.01944
   32.5418  -0.0059995 -0.00443618 -0.00671869  -0.0362278 -0.00789289     1.01004
   32.5477 0.000924723 0.000890144 -0.00831658  -0.0274387 -0.00508527    0.992946
   32.5519 0.00518578 0.00195541 -0.0131103 -0.0138889 0.00248309   0.980861
   32.5575  0.00784894 -0.00283828  -0.0125776 -0.00424538   0.0101735     0.98257
   32.5637  0.00145736 -0.00763197  -0.0141755 -0.00485573    0.012737    0.995875
   32.5677  -0.0044016 -0.00869724  -0.0115124 -0.0152317 0.00797625    1.01101
    32.572 -0.00546686 -0.00709934 -0.00778395 -0.0270725 0.00114032    1.01651
   32.5777 -0.00706476 -0.00337091 -0.00991448  -0.0315891 -0.00410871     1.00808
   32.5819 -0.00173844 0.000357511  -0.0109797  -0.0254856 -0.00349836    0.992702
   32.5877   0.00571841 -0.000707753   -0.0109797 -0.0137669 0.00223895   0.982326
   32.5917 -0.000673173  -0.00550144   -0.0157734 -0.00632057  0.00907489    0.985377
   32.5977 -0.00813002  -0.0097625  -0.0157734 -0.00851784   0.0123708    0.999904
   32.6021 -0.0118584 -0.0102951  -0.012045 -0.0190159 0.00797625    1.01455
   32.6077  -0.0155869 -0.00656671  -0.0104471  -0.0311008 -0.00117902     1.01797
   32.6119   -0.0113258 -0.000707753  -0.00938185  -0.0343967 -0.00716047     1.00625
   32.6177 0.000392092  0.00302067  -0.0109797  -0.0249973 -0.00386457    0.988917
   32.6219 0.00731631 0.00142278 -0.0141755 -0.00998268  0.00553485    0.979884
   32.6277  0.00305525 -0.00443618  -0.0157734 -0.000461197    0.0138356     0.984157
   32.6319 -0.00333633  -0.0108278  -0.0141755 -0.00351295   0.0138356    0.999293
   32.6377 -0.00919529   -0.011893  -0.0125776 -0.0180393 0.00675555    1.01504
   32.6418  -0.0113258  -0.0081646 -0.00884922  -0.0324436 -0.00191144     1.01956
   32.6477  -0.0059995 -0.00337091 -0.00618606  -0.0359837 -0.00801496     1.00979
   32.6521  0.00305525 0.000357511 -0.00778395  -0.0284153 -0.00606183    0.992702
   32.6575   0.00731631 -0.000175121   -0.0104471 -0.0144993 0.00187274   0.981349
   32.6618  0.00465315 -0.00390355  -0.0147082 -0.00412331  0.00980731    0.983302
   32.6677 0.000924723 -0.00763197  -0.0147082 -0.00509987   0.0124929    0.995875
    32.672 -0.00493423  -0.0081646  -0.0109797 -0.0152317 0.00834246    1.01052
   32.6775 -0.00706476 -0.00603408 -0.00778395 -0.0269505 0.00126239    1.01626
   32.6819 -0.00493423 -0.00230565 -0.00725132  -0.0319553 -0.00423078     1.00808
   32.6877 -0.000673173  0.000890144  -0.00991448  -0.0268284 -0.00398664    0.992946
   32.6919   0.00571841 -0.000175121   -0.0125776 -0.0153538 0.00223895   0.982814
   32.6977  0.00252262 -0.00496881  -0.0163061 -0.00583229  0.00956317    0.985622
   32.7019  -0.0059995 -0.00869724  -0.0173713 -0.00705299   0.0124929     1.00003
   32.7077  -0.0123911 -0.00922987  -0.0152408 -0.0184055 0.00761004    1.01443
    32.712  -0.0171848 -0.00656671  -0.0136429  -0.0314671 -0.00178937      1.0176
   32.7175   -0.0134563 -0.000707753    -0.012045  -0.0356174 -0.00691632     1.00637
   32.7218 -0.0044016 0.00355331 -0.0131103  -0.0268284 -0.00398664    0.989528
   32.7277 0.00145736 0.00248804 -0.0168387 -0.0118137    0.00407   0.980128
    32.732 -0.000140541  -0.00283828    -0.017904 -0.0016819  0.0126149   0.983668
   32.7375 -0.00706476  -0.0081646  -0.0168387 -0.00424538   0.0146901    0.998439
    32.742 -0.0134563 -0.0102951 -0.0141755 -0.0176731 0.00797625    1.01419
   32.7475  -0.0145216 -0.00763197  -0.0104471  -0.0317112 -0.00130109     1.01895
   32.7518 -0.00813002 -0.00283828 -0.00831658  -0.0358616 -0.00777082     1.00979
   32.7577  0.00145736 0.000357511 -0.00831658 -0.0284153 -0.0061839   0.993922
    32.762   0.00784894 -0.000175121   -0.0109797 -0.0152317 0.00187274    0.98257
   32.7677  0.00784894 -0.00443618  -0.0125776 -0.00583229  0.00907489    0.984035
   32.7721 0.00198999 -0.0081646 -0.0131103 -0.00607643   0.0113942    0.996364
   32.7775 -0.00493423  -0.0097625  -0.0115124 -0.0154758 0.00822039     1.0104
   32.7818 -0.00653213 -0.00869724 -0.00565342 -0.0273167 0.00138446    1.01614
   32.7877 -0.00333633 -0.00443618 -0.00245763  -0.0314671 -0.00484113     1.00784
   32.7917 -0.000673173 -0.000175121  -0.00884921  -0.0253635 -0.00423078     0.99258
   32.7977   0.00625105 -0.000707753   -0.0131103 -0.0134006 0.00297137   0.982692
   32.8019  0.00412052 -0.00496881  -0.0152408 -0.00400124   0.0106618    0.985622
   32.8077 -0.00919529 -0.00869724  -0.0189692 -0.00607643   0.0121266     1.00027
    32.812  -0.0145216 -0.00922987  -0.0147082 -0.0186497 0.00626727    1.01516
   32.8177    -0.01825 -0.00603408  -0.0115124  -0.0321995 -0.00301007     1.01809
   32.8219   -0.0161195 -0.000707753   -0.0125776  -0.0361057 -0.00899152     1.00662
   32.8277 -0.00386897  0.00248804  -0.0104471  -0.0271946 -0.00532941    0.989772
   32.8318 0.000924723  0.00195541  -0.0141755 -0.0118137 0.00419207   0.979274
   32.8377 -0.00386897 -0.00177302  -0.0195019 -0.00131569    0.012737    0.981593
   32.8419  -0.0044016 -0.00922987  -0.0147082 -0.00326881    0.014568    0.996486
   32.8477 -0.0059995 -0.0129583 -0.0104471 -0.0160862 0.00895282     1.0137
   32.8519  -0.0102606 -0.00922987 -0.00938185  -0.0302464 0.000285824     1.01968
   32.8577  -0.0059995 -0.00390355 -0.00618606  -0.0351292 -0.00569562     1.01065
   32.8619 -0.000673173  0.000357511  -0.00778395  -0.0291477 -0.00423078    0.994655
   32.8677 0.00252262 0.00142278 -0.0109797 -0.0169407 0.00211688   0.982692
    32.872  0.00944684 -0.00337091 -0.00938185 -0.00693092  0.00907489    0.982814
   32.8777  0.00678368 -0.00922987  -0.0115124 -0.00656471   0.0117604    0.995143
   32.8819 -0.00386897  -0.0108278  -0.0131103 -0.0151096 0.00858661    1.01052
   32.8877 -0.00972792 -0.00763197 -0.00991448 -0.0267063 0.00248309    1.01699
   32.8918 -0.00813002 -0.00283828 -0.00725132  -0.0319553 -0.00325422     1.00869
   32.8977 -0.000673173  0.000357511  -0.00884921  -0.0257298 -0.00362043    0.992702
   32.9019  0.00465315 0.000890144  -0.0125776 -0.0137669  0.0028493   0.982448
   32.9078  0.00305525 -0.00390355  -0.0141755 -0.0049778  0.0109059   0.985133
   32.9119 -0.00227107  -0.0102951  -0.0141755 -0.00632057   0.0134694    0.999415
   32.9177 -0.00706476  -0.0113604  -0.0109797 -0.0176731 0.00822039    1.01504
   32.9222  -0.0113258  -0.0081646 -0.00778395  -0.0312229 -0.00154523     1.01834
   32.9277 -0.00866266 -0.00283828 -0.00831658  -0.0358616 -0.00862531     1.00686
   32.9319 0.000392091  0.00142278 -0.00938185  -0.0271946 -0.00581769    0.990138
   32.9377 0.00625105 0.00142278 -0.0125776 -0.0121799 0.00370379    0.97964
   32.9419  0.00731631 -0.00337091  -0.0131103 -0.00119362   0.0120046    0.982448
   32.9477  -0.0012058 -0.00922987  -0.0136429 -0.00229225   0.0137136    0.997462
   32.9518 -0.0123911 -0.0108278 -0.0147082 -0.0144993 0.00809832    1.01345
   32.9577   -0.013989  -0.0081646 -0.00991448  -0.0286594 0.000163753     1.01882
   32.9619  -0.0102606 -0.00337091 -0.00831658  -0.0343967 -0.00581769      1.0104
   32.9677 -0.00546686  0.00142278  -0.0109797  -0.0286594 -0.00484113    0.995021
   32.9723 -0.000673173   0.00142278   -0.0141755 -0.0163303 0.00150653   0.983424
   32.9774 0.000392091 -0.00283828  -0.0168387 -0.00705299  0.00797625    0.983668
    32.982 -0.00493423 -0.00763197  -0.0184366 -0.00717506    0.011028    0.995753
   32.9877 -0.00866266  -0.0097625  -0.0157734 -0.0158421 0.00834246    1.01065
   32.9919  -0.0107932 -0.00656671 -0.00938185 -0.0273167  0.0016286    1.01699
   32.9977 -0.00972792 -0.00124039 -0.00725132  -0.0321995 -0.00471906     1.00857
   33.0018 0.000392092  0.00142278 -0.00831658  -0.0268284 -0.00423078    0.992702
   33.0077  0.00784894 0.000357511  -0.0109797 -0.0136448 0.00297137   0.981837
   33.0119  0.00412052 -0.00337091  -0.0152408 -0.0029026  0.0112722   0.984157
   33.0177 -0.000673173  -0.00922987   -0.0131103 -0.00448952   0.0139577    0.999415
   33.0219 -0.00706476  -0.0124257 -0.00991448  -0.017429 0.00834246    1.01492
   33.0277  -0.0145216 -0.00922987 -0.00991448  -0.0315891 -0.00178937     1.01919
   33.0319  -0.0059995 -0.00230565 -0.00565342  -0.0362278 -0.00850324      1.0093
   33.0375  0.00571841  0.00195541 -0.00405553  -0.0285374 -0.00545148    0.992213
   33.0418 0.00518578 0.00195541 -0.0125776 -0.0132786 0.00309344   0.979884
   33.0477  0.00465315 -0.00177302  -0.0157734 -0.00192604   0.0111501    0.980617
   33.0519 -0.00227107 -0.00763197  -0.0157734 -0.00265846   0.0132253    0.994655
   33.0577  -0.013989 -0.0097625 -0.0173713 -0.0138889 0.00797625    1.01126
   33.0618  -0.0155869 -0.00763197  -0.0115124  -0.0274387 0.000652035     1.01846
   33.0677  -0.0113258 -0.00337091 -0.00884921  -0.0334202 -0.00471906     1.01126
   33.0724   -0.0059995 -0.000175121    -0.012045  -0.0286594 -0.00447492     0.99612
   33.0778  0.000924723 -0.000175121   -0.0141755  -0.0171848 0.000896175    0.983913
   33.0819 0.000392091 -0.00230565  -0.0168387 -0.00766334  0.00761004    0.983424
   33.0877 -0.00813002 -0.00656671  -0.0189692 -0.00754127    0.011028    0.995387
   33.0921 -0.00972792  -0.0097625  -0.0136429 -0.0164524 0.00834246    1.01052
   33.0977 -0.00919529 -0.00763197 -0.00725132  -0.027927 0.00126239    1.01699
   33.1019 -0.00866266 -0.00230565 -0.00618605  -0.0324436 -0.00447492     1.00833
   33.1077  -0.0012058 0.000357511 -0.00618605 -0.0257298 -0.0037425   0.991969
   33.1119   0.00518578 -0.000175121   -0.0104471 -0.0126682 0.00358172   0.981227
   33.1177  0.00358788 -0.00443618  -0.0163061 -0.00302467   0.0122487    0.983913
   33.1218 -0.00227107  -0.0102951  -0.0157734 -0.0049778  0.0142018   0.999049
   33.1277 -0.00866266  -0.0124257  -0.0125776 -0.0176731 0.00809832    1.01492
   33.1321  -0.0134563 -0.00869724 -0.00884921  -0.0326878 -0.00130109     1.01919
   33.1377  -0.0118584 -0.00230565 -0.00725132  -0.0384251 -0.00789289     1.00881
   33.1419 -0.00333633 0.000890144 -0.00938185  -0.0298801 -0.00606183    0.992091
   33.1477 0.00252262 0.00142278 -0.0141755 -0.0142551 0.00248309   0.981105
    33.152 -0.00120581 -0.00124039  -0.0200345 -0.00326881   0.0107839    0.982448
   33.1577 -0.00227107 -0.00763197   -0.017904 -0.00339088   0.0129811    0.995875
    33.162 -0.00706476  -0.0108278  -0.0131103 -0.0134006 0.00834246     1.0115
   33.1677  -0.0166521 -0.00763197   -0.012045 -0.0264622 0.00101825    1.01797
   33.1719  -0.0107932 -0.00337091 -0.00831658  -0.0329319 -0.00459699     1.01089
   33.1777   -0.0028037 -0.000175121  -0.00778395 -0.0281712 -0.0037425   0.995875
   33.1821 -0.00333633 0.000890144  -0.0136429 -0.0158421 0.00187274   0.984035
   33.1877 -0.00014054 -0.00337091  -0.0157734 -0.00632057  0.00785418    0.984035
   33.1918  -0.0012058 -0.00922987  -0.0163061 -0.0061985  0.0109059   0.996974
   33.1977 -0.00866266  -0.0097625  -0.0136429 -0.0153538 0.00761004    1.01211
   33.2021 -0.00866266 -0.00709934 -0.00671869  -0.0278049 0.000896175      1.0176
   33.2077 -0.00546686 -0.00337091 -0.00618606   -0.033176 -0.00520734     1.00808
   33.2119 -0.00173844 0.000890144  -0.0115124  -0.0264622 -0.00435285    0.991359
   33.2177  0.00678368 0.000357511  -0.0125776 -0.0121799 0.00370379   0.980983
   33.2219  0.00784894 -0.00337091  -0.0131103 -0.00217018   0.0123708    0.983546
   33.2277 -0.00333633  -0.0081646  -0.0163061 -0.00436745   0.0146901    0.998561
   33.2319 -0.00972792  -0.0113604  -0.0115124 -0.0171848 0.00846453    1.01467
   33.2377  -0.0113258  -0.0081646 -0.00778395   -0.0319553 -0.000934879      1.01944
   33.2421  -0.0107932 -0.00283828  -0.0115124  -0.0373264 -0.00752668     1.01016
   33.2474 -0.00386897  0.00142278  -0.0115124  -0.0297581 -0.00569562    0.993678
    33.252 0.00252262 0.00195541 -0.0136429 -0.0158421 0.00211688   0.981105
   33.2578 0.000924724 -0.00177302  -0.0173713 -0.00485573  0.00992938    0.981471
   33.2619 -0.00173844 -0.00763197  -0.0141755 -0.00351295   0.0126149    0.994166
   33.2677 -0.00706476  -0.0108278  -0.0131103 -0.0126682 0.00870868    1.00955
   33.2721 -0.0123911 -0.0081646 -0.0115124 -0.0254856 0.00175067    1.01712
   33.2775 -0.00653213 -0.00443618 -0.00725132  -0.0314671 -0.00398664     1.01126
   33.2819 -0.00227107 -0.00124039 -0.00991448  -0.0271946 -0.00435285    0.996608
   33.2877  -0.00173844 -0.000175121   -0.0141755 -0.0160862 0.00114032   0.984645
   33.2919 0.000924724 -0.00337091  -0.0147082 -0.00656471  0.00822039    0.984401
   33.2977 -0.000673173   -0.0081646   -0.0152408 -0.00668678    0.011028     0.99673
   33.3019 -0.00759739  -0.0097625  -0.0131103 -0.0162083  0.0073659    1.01199
   33.3077 -0.00919529 -0.00763197 -0.00671869  -0.0284153 4.16832e-05     1.01748
   33.3121  -0.0044016 -0.00337091 -0.00671869  -0.0334202 -0.00606183     1.00796
   33.3178 -0.000673173  0.000890144   -0.0125776  -0.0265842 -0.00508527    0.991115
   33.3218 0.00571841 0.00142278 -0.0136429 -0.0120579 0.00297137   0.980495
   33.3277  0.00678368 -0.00390355  -0.0141755 -0.00131569   0.0118825     0.98318
    33.332 0.000392091  -0.0102951  -0.0136429 -0.00326881   0.0143239    0.997829
   33.3375 -0.00653213   -0.011893 -0.00938185 -0.0162083 0.00822039    1.01419
   33.3419  -0.0118585 -0.00869724 -0.00884921   -0.031345 -0.00130109     1.01992
   33.3477 -0.00919529 -0.00337091 -0.00884921  -0.0376926 -0.00752668     1.01113
   33.3519  -0.0028037  0.00142278 -0.00991448  -0.0308567 -0.00569562    0.994533
   33.3577 -0.00014054  0.00248804  -0.0163061 -0.0164524 0.00223895   0.981715
   33.3619 -0.000673173  -0.00177302   -0.0189692 -0.00473366   0.0101735    0.981471
   33.3677 -0.00227107 -0.00763197  -0.0157734 -0.00363502    0.012737    0.993678
   33.3722 -0.00813002  -0.0097625  -0.0136429 -0.0129124 0.00870868    1.00967
   33.3777 -0.0129237 -0.0081646 -0.0104471 -0.0254856 0.00211688     1.0176
   33.3821  -0.0107932 -0.00390355 -0.00884921  -0.0319553 -0.00349836     1.01126
   33.3877 -0.00972792 0.000890144  -0.0141755  -0.0276829 -0.00447492    0.996364
    33.392 -0.00386897 0.000890144  -0.0157734  -0.0165745 0.000529964     0.98379
   33.3977  0.00358788 -0.00390355  -0.0141755 -0.00632057  0.00797625    0.983302
   33.4017 -0.0028037 -0.0081646 -0.0152408 -0.00546608   0.0113942    0.996364
   33.4077 -0.0102606 -0.0097625 -0.0109797   -0.01572 0.00748797    1.01199
    33.412 -0.00972792  -0.0081646 -0.00458816   -0.0286594 -0.000446598      1.01785
   33.4177 -0.00706476 -0.00230565 -0.00512079  -0.0343967 -0.00667218     1.00894
    33.422 -0.00227107  0.00302067 -0.00938185  -0.0282932 -0.00569562    0.991969
   33.4277 0.00465315 0.00248804 -0.0136429 -0.0130344 0.00248309   0.980372
   33.4318  0.00571841 -0.00337091  -0.0173713 -0.000949478    0.0116384     0.982204
   33.4377 0.00198999 -0.0102951 -0.0147082 -0.00192604   0.0138356    0.995998
   33.4418 -0.00227107  -0.0124257 -0.00884921 -0.0146214 0.00858661    1.01199
   33.4477 -0.00866266 -0.00922987 -0.00884921  -0.0298801 0.000163754     1.01944
   33.4522 -0.00972792 -0.00337091 -0.00991448  -0.0367161 -0.00667218     1.01223
   33.4574 -0.00386897  0.00142278 -0.00938185  -0.0311008 -0.00593976    0.995875
    33.462  0.00145736 0.000890144   -0.012045 -0.0179173 0.00150653   0.983546
   33.4677  0.00198999 -0.00230565  -0.0168387 -0.00656471  0.00919696    0.982814
   33.4721 -0.000673173  -0.00656671   -0.0168387 -0.00473366   0.0121266    0.993312
   33.4777 -0.00386897  -0.0097625  -0.0115124 -0.0135227 0.00907489    1.00857
   33.4818 -0.00972792 -0.00763197 -0.00991448 -0.0258518 0.00272723    1.01699
   33.4877  -0.0118585 -0.00283828  -0.0115124  -0.0318333 -0.00325422     1.01113
   33.4918 -0.00653213  0.00142278  -0.0115124  -0.0278049 -0.00435285     0.99612
   33.4977 -0.00227107  0.00195541  -0.0136429  -0.0164524 0.000652035     0.98379
   33.5021  0.00145736 -0.00337091  -0.0147082 -0.0061985 0.00846453   0.983913
   33.5075 -0.000673173  -0.00922987   -0.0152408 -0.00583229   0.0123708     0.99673
   33.5119 -0.0107932 -0.0102951 -0.0147082 -0.0158421 0.00822039    1.01211
   33.5177  -0.0129237 -0.00763197 -0.00725132   -0.0295139 -0.000568668      1.01834
   33.5222  -0.0059995 -0.00230565 -0.00405553  -0.0353733 -0.00740461     1.00979
   33.5277  -0.0012058  0.00302067 -0.00938185  -0.0275608 -0.00557355    0.991969
   33.5317 0.00625105 0.00302067 -0.0131103  -0.012302 0.00297137   0.979884
   33.5377  0.00784894 -0.00177302  -0.0147082 -0.000827407    0.0117604     0.981715
    33.542 0.000392091 -0.00709934  -0.0152408 -0.00119362    0.014568    0.995021
   33.5474 -0.0028037 -0.0102951 -0.0115124 -0.0132786 0.00895282    1.01174
   33.5522 -0.00866266  -0.0097625 -0.00991448  -0.0285374 0.000285824     1.01992
   33.5577  -0.0107932 -0.00443618  -0.0109797  -0.0356174 -0.00593976     1.01321
   33.5619  -0.0028037 0.000890144 -0.00991448  -0.0302464 -0.00508527    0.997462
   33.5678 0.00358788 0.00142278 -0.0115124  -0.017429 0.00175067   0.983913
   33.5722  0.00412052 -0.00230565  -0.0152408 -0.00607643  0.00858661    0.981593
   33.5777  0.00198999 -0.00709934  -0.0157734 -0.00448952   0.0116384     0.99258
    33.582 -0.00333633  -0.0102951  -0.0125776 -0.0129124  0.0094411    1.00833
   33.5877 -0.00919529 -0.00922987  -0.0115124 -0.0248753 0.00297137    1.01699
   33.5918 -0.00919529 -0.00390355  -0.0125776   -0.031345 -0.00325422     1.01174
   33.5977  -0.0028037 0.000890144  -0.0104471  -0.0278049 -0.00398664    0.996852
   33.6021  0.00252262 0.000890144  -0.0115124 -0.0165745 0.00101825   0.983913
   33.6077  0.00252262 -0.00390355  -0.0163061 -0.00644264  0.00895282    0.983546
   33.6118  -0.0044016 -0.00869724  -0.0163061 -0.00583229   0.0131032    0.996974
   33.6177 -0.0123911 -0.0108278 -0.0115124   -0.01572 0.00858661    1.01309
    33.622  -0.0123911  -0.0097625 -0.00831658   -0.0293919 -8.03871e-05      1.01968
   33.6277 -0.00972792 -0.00390355 -0.00938185  -0.0357395 -0.00691632     1.01077
    33.632 -0.00493423  0.00248804   -0.012045  -0.0295139 -0.00642804    0.993556
   33.6375 0.000924723  0.00248804  -0.0147082 -0.0146214 0.00199481   0.980983
   33.6419  0.00412052 -0.00283828  -0.0157734 -0.00241432   0.0112722    0.980739
   33.6477 0.000924723 -0.00869724  -0.0152408 -0.00241432   0.0139577    0.993678
   33.6519 -0.00493423   -0.011893  -0.0109797  -0.014011 0.00870868     1.0104
   33.6577  -0.0107932  -0.0097625 -0.00831658  -0.0285374 0.000774105     1.01919
    33.662  -0.0113258 -0.00390355 -0.00938185  -0.0352512 -0.00545148     1.01297
   33.6677 -0.00173844 0.000357511 -0.00884922  -0.0302464 -0.00581769    0.997218
   33.6721 0.00358788 0.00142278 -0.0131103 -0.0184055 4.1683e-05   0.984401
   33.6778 0.00305525 0.00142278  -0.017904 -0.0116917 0.00382586   0.979884
   33.6818  0.00305525 -0.00496881  -0.0131103 -0.00961647  0.00773211    0.990504
   33.6877 -0.00493423  -0.0102951   -0.012045 -0.0135227 0.00883075    1.00833
    33.692 -0.0161195 -0.0081646 -0.0147082 -0.0254856 0.00199481    1.01699
   33.6977  -0.0193153 -0.00709934  -0.0136429  -0.0314671 -0.00203351     1.01846
   33.7018  -0.0123911 -0.00283828  -0.0152408  -0.0271946 -0.00252179     1.00259
   33.7077 -0.00173844 0.000357511  -0.0173713  -0.0158421 0.000896175    0.982692
   33.7121  0.00145736 -0.00337091  -0.0157734 -0.00522194  0.00919696    0.982936
   33.7177 0.000924723 -0.00603408  -0.0136429 -0.0016819  0.0135915   0.987208
   33.7217  -0.0059995 -0.00869724   -0.012045 -0.0126682 0.00907489    1.00344
   33.7277  -0.0134563 -0.00869724 -0.00884921   -0.0306126 -0.000690739      1.01956
   33.7321  -0.0113258 -0.00283828 -0.00884921  -0.0368382 -0.00777082     1.01162
   33.7378 -0.00866266 0.000357511  -0.0104471  -0.0361057 -0.00960187     1.00381
   33.7418 0.000924724  0.00142278  -0.0125776  -0.0213352 -0.00154523    0.990626
   33.7477  0.00997947 -0.00177302  -0.0147082 -0.00656471  0.00651141    0.977443
    33.752 0.000392091 -0.00763197  -0.0163061 -0.00534401   0.0104177    0.989894
   33.7577 -0.0113258 -0.0097625 -0.0157734 -0.0121799 0.00992938    1.00991
   33.7621  -0.0107932  -0.0097625 -0.00938185 -0.0264622 0.00126239    1.01858
   33.7677  -0.0107932 -0.00550144 -0.00884922  -0.0326878 -0.00301007     1.01968
    33.772 -0.00972792 0.000890144  -0.0125776  -0.0290257 -0.00349836     1.00442
   33.7777 -0.00546686   0.0035533  -0.0125776  -0.0253635 -0.00398664    0.989162
   33.7818 -0.00227107 -0.00124039  -0.0152408 -0.0151096 0.00358172   0.987453
   33.7877 0.000924723 -0.00603408   -0.017904 -0.00485573   0.0111501    0.985744
    33.792  -0.0059995 -0.00763197  -0.0147082 -0.0120579 0.00907489   0.999904
   33.7978  -0.0129237 -0.00922987  -0.0115124   -0.01926 0.00699969    1.01406
   33.8017 -0.00972792 -0.00443618 -0.00938185  -0.0256077 0.000285824      1.0093
   33.8077 -0.00653213 0.000357511 -0.00725132  -0.0319553 -0.00642804     1.00454
    33.812 -0.00333633 0.000890144  -0.0104471   -0.0204807 -0.000568668     0.991969
   33.8177 -0.00014054  0.00142278  -0.0136429 -0.00900612  0.00529071    0.979396
   33.8219 -0.00386897 -0.00390355  -0.0141755 -0.00778542  0.00919696    0.992702
   33.8276 -0.00759739 -0.00922987  -0.0147082 -0.00656471   0.0131032     1.00601
   33.8318  -0.0118585 -0.00869724   -0.012045 -0.0217014 0.00358172    1.01199
   33.8377  -0.0102606 -0.00443618 -0.00725132  -0.0367161 -0.00764875     1.01101
   33.8421 -0.00386897  0.00195541 -0.00938185  -0.0302464 -0.00642804    0.994777
   33.8477 -0.00333633  0.00461857  -0.0136429  -0.0238987 -0.00349836    0.985499
   33.8518  0.00252262 -0.00017512  -0.0136429 -0.0112034 0.00541278   0.984645
   33.8577  0.00838157 -0.00496881  -0.0136429 0.00149193  0.0143239    0.98379
   33.8619 0.00198999 -0.0081646 -0.0115124 -0.00961647   0.0100514     1.00039
   33.8677  -0.0044016  -0.0113604 -0.00938185 -0.0207249 0.00577899    1.01699
   33.8721 -0.00653213 -0.00709934 -0.00938185    -0.027927 -0.000812809       1.0115
   33.8775 -0.00866266 -0.00283828 -0.00938185  -0.0351292 -0.00740461     1.00601
   33.8818  -0.0012058 -0.00177302 -0.00991448  -0.0236546 -0.00227765    0.993312
   33.8877   0.00625105 -0.000707753   -0.0104471 -0.0121799  0.0028493   0.980617
    33.892  0.00252262 -0.00550144  -0.0125776 -0.00973854  0.00773211    0.990748
   33.8978 -0.00120581  -0.0102951  -0.0147082 -0.00729713   0.0126149     1.00088
   33.9017  -0.0107932 -0.00763197  -0.0147082 -0.0198704 0.00577899    1.00967
   33.9077  -0.0203806 -0.00496881  -0.0147082  -0.0324436 -0.00105695     1.01846
   33.9118  -0.0123911 -0.00124039  -0.0131103  -0.0282932 -0.00215558     1.00198
   33.9177 -0.0044016 0.00248804 -0.0115124  -0.0241428 -0.00325422    0.985499
   33.9221 -0.000673173  -0.00230565   -0.0125776 -0.0120579 0.00529071   0.986354
   33.9277  0.00305525 -0.00709934  -0.0136429 2.70847e-05   0.0138356    0.987208
    33.932 -0.00813003 -0.00869724  -0.0131103 -0.0112034  0.0094411     1.0032
   33.9377 -0.0193153 -0.0102951 -0.0125776 -0.0224339 0.00504657    1.01919
   33.9418  -0.0118585 -0.00603408 -0.00884922  -0.0293919 -0.00264386     1.01199
   33.9477  -0.0044016 -0.00177302 -0.00512079 -0.0363499 -0.0103343    1.00479
   33.9519   0.00465315 -0.000707753  -0.00725132  -0.0225559 -0.00215558    0.990626
   33.9577   0.0137079 0.000357511 -0.00938185 -0.00876198  0.00602313    0.976466
   33.9618  0.00465315 -0.00496881  -0.0125776 -0.00607643  0.00968524    0.988673
   33.9682 -0.0044016 -0.0102951 -0.0157734 -0.00339088   0.0133473     1.00088
   33.9723 -0.00813002 -0.00922987  -0.0131103 -0.017429 0.0061452   1.01016
   33.9775 -0.0118585 -0.0081646 -0.0104471  -0.0314671 -0.00105695     1.01944
   33.9819  -0.0059995 -0.00390355  -0.0104471  -0.0290257 -0.00227765     1.00515
   33.9877 -0.00014054 0.000357511  -0.0104471  -0.0265842 -0.00349836    0.990871
   33.9919 -0.000673173  -0.00230565   -0.0131103 -0.0162083 0.00370379   0.988307
   33.9977 -0.00120581 -0.00496881  -0.0157734 -0.00583229   0.0109059    0.985744
   34.0018 -0.00706476 -0.00656671  -0.0147082 -0.0129124 0.00895282    1.00112
   34.0077 -0.0129237 -0.0081646 -0.0136429 -0.0199924 0.00699969    1.01651
    34.012 -0.00866266 -0.00390355  -0.0104471  -0.0264622 0.000285824     1.00991
   34.0177  -0.0044016 0.000357511 -0.00725132  -0.0329319 -0.00642804     1.00332
   34.0219 -0.00386897 0.000890144  -0.0152408   -0.0206028 -0.000324528     0.990626
   34.0277 -0.00333633  0.00142278  -0.0232303 -0.0082737 0.00577899   0.977931
   34.0321 -0.00546686 -0.00443618  -0.0195019 -0.00717506   0.0104177    0.991237
   34.0378 -0.00759739  -0.0102951  -0.0157734 -0.00607643   0.0150563     1.00454
   34.0418  -0.0123911 -0.00922987  -0.0115124 -0.0212132 0.00504657    1.01272
   34.0477  -0.0171848  -0.0081646 -0.00725132 -0.0363499 -0.0049632     1.0209
   34.0521  -0.0113258 -0.00230565 -0.00938185 -0.0312229 -0.0049632    1.00393
   34.0575 -0.00546686   0.0035533  -0.0115124  -0.026096 -0.0049632   0.986964
    34.062 -0.00386897 0.000357511  -0.0152408 -0.0127903    0.00407   0.984767
   34.0677 -0.00227107 -0.00283828  -0.0189692 0.000515366   0.0131032     0.98257
    34.072 -0.00493423 -0.00709934  -0.0141755 -0.0082737 0.00956317   0.999171
   34.0777 -0.00759739  -0.0113604 -0.00938185 -0.0170628 0.00602313    1.01577
    34.082 -0.00866266 -0.00603408 -0.00884922   -0.0256077 -0.000324528      1.01162
   34.0875  -0.00972792 -0.000707753  -0.00831658  -0.0341526 -0.00667218     1.00747
   34.0919 -0.00706476 0.000357511  -0.0147082  -0.0238987 -0.00191144    0.994411
   34.0977 -0.0044016 0.00142278 -0.0210998 -0.0136448  0.0028493   0.981349
    34.102  -0.0028037 -0.00496881  -0.0168387 -0.0108372 0.00761004   0.990748
   34.1077 -0.00120581  -0.0113604  -0.0125776 -0.00802956   0.0123708     1.00015
   34.1119  -0.0044016 -0.00869724 -0.00938185 -0.0204807 0.00529071    1.00906
   34.1177 -0.00759739 -0.00603408 -0.00618605  -0.0329319 -0.00178937     1.01797
    34.122 -0.00493423 -0.00177302 -0.00938185  -0.0282932 -0.00264386     1.00222
   34.1277 -0.00227107  0.00248804  -0.0125776  -0.0236546 -0.00349836    0.986476
    34.132  0.00305525 -0.00230565  -0.0136429 -0.0113255 0.00590106   0.985988
   34.1377  0.00838157 -0.00709934  -0.0147082 0.00100365  0.0153005   0.985499
   34.1421 0.000924723 -0.00922987  -0.0136429 -0.0101048  0.0109059     1.0021
   34.1477 -0.00653213  -0.0113604  -0.0125776 -0.0212131 0.00651141     1.0187
   34.1518  -0.0107932 -0.00550144  -0.0131103  -0.0293919 -0.00154523     1.01333
   34.1577  -0.0150542 0.000357511  -0.0136429  -0.0375706 -0.00960187     1.00796
   34.1619 -0.00706476 0.000890144  -0.0141755   -0.024387 -0.00239972    0.993434
   34.1677 0.000924723  0.00142278  -0.0147082 -0.0112034 0.00480243   0.978908
   34.1721 -0.00120581 -0.00283828  -0.0147082 -0.00778542  0.00846453    0.988307
   34.1777 -0.00333633 -0.00709934  -0.0147082 -0.00436745   0.0121266    0.997706
   34.1822 -0.00972792 -0.00656671  -0.0136429 -0.0169407 0.00638934    1.00784
   34.1877  -0.0161195 -0.00603408  -0.0125776  -0.0295139 0.000652035     1.01797
   34.1919 -0.00759739 -0.00283828 -0.00938185  -0.0273167 -0.00105695     1.00418
   34.1977 0.000924723 0.000357511 -0.00618605  -0.0251194 -0.00276593    0.990382
   34.2022  0.00518578 -0.00283828 -0.00938185    -0.019138 -8.03873e-05     0.985744
   34.2077  0.00944684 -0.00603408  -0.0125776 -0.00888405  0.00675555    0.983546
   34.2119 0.00358788 -0.0081646 -0.0109797 -0.00644264   0.0113942    0.994044
   34.2177 -0.00227107  -0.0102951 -0.00938185 -0.0141331 0.00968524    1.00991
   34.2219  -0.0044016 -0.00922987 -0.00671869 -0.0268284 0.00236102    1.01834
   34.2277  -0.0059995 -0.00390355 -0.00565342  -0.0346409 -0.00606183     1.01138
   34.2319 -0.00227107  0.00142278 -0.00938185  -0.0298801 -0.00642804    0.994777
   34.2377 0.00145736 0.00142278 -0.0136429 -0.0158421 0.00175067   0.981837
    34.242  0.00358788 -0.00230565  -0.0163061 -0.00241432   0.0111501    0.981349
   34.2477 -0.00227107 -0.00709934  -0.0184366 -0.000583267    0.0145681       0.9938
    34.252 -0.0123911 -0.0097625 -0.0163061 -0.012302 0.0101735   1.01065
   34.2577 -0.0155869 -0.0081646 -0.0115124 -0.0285374  0.0016286     1.0198
   34.2619   -0.013989 -0.00337091  -0.0104471  -0.0368382 -0.00691632     1.01406
   34.2677 -0.00866266  0.00142278  -0.0109797 -0.0324436 -0.0082591   0.997584
   34.2721 -0.0028037 0.00248804 -0.0141755  -0.0196262 -0.00142316    0.983546
   34.2775   0.00305525 -0.000707753   -0.0136429 -0.00656471  0.00724383    0.980617
   34.2819 -0.00014054 -0.00550144  -0.0125776 -0.00278053   0.0117604    0.990504
   34.2877 -0.00866266  -0.0097625  -0.0157734 -0.00986061  0.00956317     1.00589
   34.2922 -0.0107932 -0.0097625 -0.0131103 -0.0225559 0.00370379    1.01577
   34.2976 -0.00972792 -0.00443618 -0.00938185  -0.0307346 -0.00276593     1.01321
   34.3019  -0.00333633 -0.000175121  -0.00778395  -0.0285374 -0.00471906    0.999293
   34.3077   0.00412052 -0.000175121  -0.00884921  -0.0181614 0.000407894    0.985744
   34.3121  0.00625105 -0.00337091  -0.0125776 -0.00680885  0.00797625    0.983058
   34.3177  0.00358788 -0.00869724  -0.0131103 -0.00473366   0.0122487    0.994899
   34.3218 -0.00120581   -0.011893 -0.00938185 -0.0134006  0.0104177    1.01162
   34.3277 -0.00653213 -0.00922987 -0.00725132 -0.0268284 0.00248309    1.01907
   34.3318 -0.00813002 -0.00283828 -0.00884922  -0.0352512 -0.00581769     1.01077
   34.3377 -0.00014054  0.00195541 -0.00884922  -0.0315891 -0.00606183    0.993434
   34.3419 0.00625105 0.00248804  -0.012045 -0.0176731 0.00175067   0.981105
   34.3477  0.00571841 -0.00177302  -0.0157734 -0.00424538    0.011028    0.982204
   34.3522 -0.00386897 -0.00656671  -0.0173713 -0.00204811   0.0151784    0.995265
   34.3574 -0.0161195 -0.0081646 -0.0173713 -0.0121799  0.0112722    1.01101
    34.362  -0.0177174 -0.00709934   -0.012045 -0.0273167 0.00248309    1.01931
   34.3678   -0.013989 -0.00337091 -0.00831658  -0.0357395 -0.00557355     1.01309
   34.3721 -0.00919529 0.000890144  -0.0125776  -0.0321995 -0.00642804    0.997829
   34.3777 -0.00014054 0.000357511  -0.0147082   -0.0201145 -0.000446598     0.984767
   34.3819  0.00465315 -0.00283828  -0.0125776 -0.00790749  0.00675555    0.982204
   34.3877 -0.00386897 -0.00550144  -0.0147082 -0.00424538    0.011028     0.99258
    34.392 -0.00813002 -0.00763197  -0.0125776 -0.0113255 0.00992938    1.00784
   34.3977 -0.00972792 -0.00709934 -0.00938185 -0.0234104    0.00407    1.01687
    34.402  -0.0134563 -0.00337091  -0.0136429 -0.0307346  -0.002888     1.0126
   34.4077 -0.00386897 0.000357511  -0.0109797  -0.0284153 -0.00435285    0.998439
    34.412  0.00412052 0.000357511  -0.0104471   -0.0180393 -8.03873e-05     0.985133
   34.4177  0.00145736 -0.00283828  -0.0163061 -0.00693092   0.0073659    0.982692
    34.422 -0.00227107 -0.00763197  -0.0152408 -0.00461159   0.0129811    0.994411
   34.4277 -0.00706476  -0.0108278  -0.0104471 -0.0138889  0.0105397    1.01138
   34.4319  -0.0155869 -0.00869724 -0.00991448 -0.0285374  0.0016286    1.02017
   34.4377  -0.0166521 -0.00177302  -0.0109797  -0.0363499 -0.00679425     1.01321
   34.4419 -0.00866266  0.00408594  -0.0104471  -0.0304905 -0.00716047    0.995021
   34.4477 -0.000673173   0.00408594   -0.0141755  -0.0162083 0.000285824    0.980495
    34.452   0.00198999 -0.000175121   -0.0184366 -0.00278053   0.0101735    0.979152
   34.4577 -0.00227107 -0.00603408  -0.0200345 -9.49856e-05    0.0151784     0.991481
   34.4619 -0.00759739  -0.0113604  -0.0157734 -0.0094944  0.0115163    1.01272
   34.4677 -0.0129237 -0.0129583  -0.012045 -0.0217014 0.00651141    1.02993
   34.4722  -0.0177174 -0.00283828 -0.00938185  -0.0307346 -0.00142316     1.02114
   34.4776  -0.0166521  0.00887963 -0.00725132  -0.0306126 -0.00838117    0.994289
   34.4819 -0.00120581   0.0051512 -0.00938185  -0.0210911 -0.00410871    0.974391
   34.4877   0.0110447 -0.00390355  -0.0115124 -0.00937233  0.00504657     0.96902
   34.4919 0.00625105 -0.0097625 -0.0147082 -0.00509987   0.0101735    0.984157
   34.4977 0.000924723  -0.0129583  -0.0131103 -0.0134006 0.00834246    1.00784
   34.5021 -0.00653213  -0.0113604  -0.0104471 -0.0265842 0.00138446    1.02285
   34.5077  -0.0118585 -0.00496881  -0.0109797  -0.0336643 -0.00642804     1.02005
   34.5117 -0.00173844  0.00302067 -0.00565342  -0.0309788 -0.00813703    0.999415
   34.5177  0.00838158  0.00408594 -0.00671869  -0.0203587 -0.00191144    0.978419
   34.5221  0.00997947 -0.00230565  -0.0131103 -0.00802956  0.00675555    0.975123
   34.5277 0.00305525 -0.0081646 -0.0141755 -0.00509987   0.0120046    0.990748
    34.532 -0.00493423  -0.0124257  -0.0131103 -0.0136448  0.0104177    1.01211
   34.5377 -0.00866266  -0.0124257 -0.00938185 -0.0268284 0.00321551    1.02346
    34.542 -0.00866266 -0.00550144 -0.00778395  -0.0343967 -0.00410871     1.01687
   34.5477 -0.0028037 0.00248804 -0.0109797  -0.0297581 -0.00398664    0.998317
   34.5519 0.000924723   0.0051512  -0.0157734 -0.0158421 0.00345965   0.980617
   34.5577  0.00252262 -0.00017512  -0.0163061 -0.00253639   0.0113942    0.976466
   34.5621 -0.00014054  -0.0081646  -0.0157734 -0.000217056    0.0149343      0.99026
   34.5678 -0.00866266   -0.011893  -0.0147082 -0.00986061   0.0105397     1.01028
   34.5721  -0.0166521 -0.00922987  -0.0131103 -0.0247532 0.00187274    1.02151
   34.5778  -0.0155869 -0.00337091  -0.0104471  -0.0346409 -0.00655011     1.01699
   34.5819 -0.00813002 0.000357511 -0.00778395  -0.0326878 -0.00935773     1.00003
   34.5877 -0.0028037 0.00195541 -0.0109797  -0.0213352 -0.00423078     0.98257
   34.5919  0.00252262 -0.00177302  -0.0136429 -0.00998268  0.00370379    0.977687
   34.5975 0.000392091  -0.0081646  -0.0163061 -0.00571022   0.0094411    0.988917
   34.6019 -0.00546686  -0.0108278  -0.0157734 -0.0109592 0.00846453     1.0065
   34.6077 -0.00759739  -0.0097625  -0.0109797 -0.0229221 0.00223895    1.01846
    34.612  -0.0059995 -0.00550144 -0.00831658  -0.0309788 -0.00410871     1.01565
   34.6177 -0.000673173 -0.000175121  -0.00831658   -0.027927 -0.00459699    0.999171
   34.6218  0.00678368  0.00195541 -0.00991448 -0.0165745 0.00138446   0.982936
   34.6277  0.00731631 -0.00124039  -0.0141755 -0.00485573   0.0102956     0.98025
   34.6323  -0.0028037 -0.00763197  -0.0184366 -0.00229225   0.0157888    0.992824
   34.6378 -0.00866266  -0.0129583  -0.0141755 -0.0127903  0.0126149    1.01126
   34.6418 -0.0129237 -0.0113604 -0.0104471 -0.0285374 0.00370379    1.02114
   34.6477  -0.0129237 -0.00443618 -0.00991448  -0.0378147 -0.00606183     1.01504
   34.6521 -0.00546686  0.00248804 -0.00778395  -0.0342747 -0.00777082    0.998561
   34.6576 -0.00333633  0.00461857  -0.0147082   -0.0208469 -0.000202457     0.982448
    34.662 -0.00227107 0.000890144  -0.0189692 -0.00778542  0.00858661    0.977809
   34.6677 -0.00014054 -0.00603408  -0.0147082 -0.00448952   0.0124929    0.988063
   34.6721 -0.00546686  -0.0113604  -0.0141755 -0.0126682 0.00980731     1.0054
   34.6775 -0.0118585 -0.0102951 -0.0136429 -0.0259739 0.00345965    1.01736
   34.6818 -0.00919529 -0.00603408 -0.00831658  -0.0342747 -0.00349836     1.01553
   34.6877 -0.00653213 -0.00124039 -0.00671869   -0.031345 -0.00532941     1.00222
   34.6922 -0.00493423  0.00142278  -0.0115124   -0.0202366 -0.000690739     0.988063
   34.6978 0.000392091 -0.00124039  -0.0157734 -0.00851784  0.00651141    0.983058
   34.7018 -0.00120581 -0.00603408  -0.0168387 -0.00387917   0.0120046    0.990993
   34.7077 -0.00813002 -0.00869724  -0.0147082 -0.0094944   0.011028    1.00576
    34.712  -0.0113258  -0.0081646 -0.00991448 -0.0212131    0.00407    1.01638
   34.7177  -0.0113258 -0.00390355 -0.00884921   -0.029636 -0.00349836     1.01333
   34.7219  -0.00386897 -0.000175121   -0.0109797  -0.0273167 -0.00630597    0.997707
   34.7277   0.00465315 -0.000175121   -0.0109797  -0.0165745 -0.00142316    0.983058
    34.732  0.00518578 -0.00230565  -0.0131103 -0.00509987  0.00748797    0.980372
   34.7377  0.00198999 -0.00763197  -0.0136429 -0.00241432   0.0124929    0.991969
    34.742 -0.0044016  -0.011893 -0.0115124 -0.0127903 0.00895282    1.00979
   34.7477  -0.0107932  -0.0097625 -0.00831658   -0.0289036 -8.03871e-05       1.0198
   34.7519  -0.0107932 -0.00390355 -0.00831658  -0.0385471 -0.00813703     1.01431
   34.7577 -0.00386897  0.00142278  -0.0104471 -0.0351292 -0.0082591   0.998195
   34.7619 0.00412052 0.00302067 -0.0136429   -0.0210911 -0.000568668     0.983058
   34.7677   0.00784894 -0.000707753   -0.0163061 -0.0061985 0.00883075   0.979274
   34.7723  0.00252262 -0.00656671  -0.0157734 -0.00217018   0.0140798    0.989772
   34.7775 -0.00919529  -0.0102951  -0.0163061 -0.0101048  0.0118825    1.00686
    34.782 -0.0134563 -0.0097625 -0.0125776 -0.0230442 0.00480243    1.01858
   34.7877  -0.0118585 -0.00603408 -0.00991448  -0.0320774 -0.00301007     1.01614
   34.7918   -0.0107932 -0.000175121   -0.0125776  -0.0311008 -0.00545148      1.0021
   34.7977 -0.0044016 0.00302067 -0.0141755  -0.0213352 -0.00142316    0.987208
   34.8021   0.00252262 -0.000175121   -0.0157734 -0.0094944 0.00553485   0.981349
   34.8077  -0.0012058 -0.00496881  -0.0173713 -0.00509987   0.0102956    0.989528
   34.8119 -0.00653213 -0.00869724  -0.0131103 -0.0116917 0.00809832    1.00552
   34.8177 -0.00706476 -0.00869724 -0.00671869 -0.0240208 0.00175067    1.01675
    34.822 -0.00813002 -0.00443618 -0.00565342  -0.0329319 -0.00545148     1.01345
   34.8277 -0.000673172 -0.000175121  -0.00405553  -0.0304905 -0.00813703    0.998073
    34.832  0.00784894 0.000890144 -0.00725132  -0.0179173 -0.00215558    0.983546
   34.8377  0.00571841 -0.00177302  -0.0168387 -0.00546608  0.00834246    0.980983
    34.842  0.00252262 -0.00709934  -0.0168387 -0.00229225   0.0149343    0.991969
   34.8477 -0.00173844  -0.0108278  -0.0115124 -0.0113255  0.0111501    1.00869
    34.852  -0.0102606  -0.0124257 -0.00884921  -0.026218 0.00211688     1.0159
   34.8577  -0.0177174  -0.0156215 -0.00831658  -0.0350071 -0.00252179     1.00625
   34.8622 -0.0171848 -0.0268067 -0.0141755  -0.0312229 -0.00117902    0.989039
   34.8677 -0.0123911  -0.048112  -0.028024 -0.0158421 0.00297137   0.979152
   34.8721 -0.00813002  -0.0635584  -0.0397419 0.00320091  0.0139577   0.981471
   34.8778 -0.0150542 -0.0699499  -0.058384 0.0165066 0.0239675  0.991969
   34.8818 -0.0289027 -0.0662215 -0.0924725 -0.00412331    0.016155     1.00589
   34.8877 -0.0523385 -0.0646236 -0.0988641  -0.0361057 4.16832e-05    0.999415
    34.892  -0.054469 -0.0699499 -0.0940704  -0.0306126 -0.00471906     1.01687
   34.8977 -0.00173844  -0.0454489   -0.108451  -0.0126682 -0.00337629      1.0281
   34.9019    0.01211 -0.0172194  -0.094603  -0.0195042 -0.00593976    0.998561
   34.9077 -0.00173844 -0.00709934  -0.0594493  -0.0221897 -0.00532941    0.996486
   34.9121 0.00891421 0.00248804 -0.0413398 -0.0155979 -0.0016673   0.998439
   34.9177 0.00465315  0.0035533  -0.032285   -0.0206028 -8.03873e-05     0.996242
   34.9219 -0.000673173 -0.000707753   -0.0253608  -0.0263401 -0.00130109     1.00686
   34.9277 0.000392091 -0.00283828  -0.0248282 -0.0297581 -0.0016673    1.00796
   34.9321 -0.00386897 -0.00390355  -0.0370787 -0.0203587    0.00407   0.994777
   34.9377 -0.00493423  -0.0081646  -0.0546556 -0.00461159   0.0100514     0.98672
   34.9418 -0.00227107  -0.0145562  -0.0605145 -0.00107155  0.00883075    0.988551
   34.9477 -0.00653213  -0.0161541  -0.0535903 -0.0094944 0.00309344   0.994411
    34.952 -0.00653213  -0.0140236  -0.0397419  -0.0143772 -0.00191144       1.001
   34.9576 -0.0012058 -0.0150888 -0.0264261  -0.0273167 -0.00215558      1.0104
   34.9619 -0.00227107   -0.011893  -0.0210998   -0.0351292 -0.000568669      1.01162
   34.9678  -0.0107932 -0.00922987  -0.0136429   -0.0253635 -0.000690739       1.0021
    34.972  -0.0209132  -0.0134909 -0.00991448 -0.0148655 0.00101825   0.990748
   34.9777 -0.0219785 -0.0225457 -0.0168387 -0.00583229  0.00394793    0.982814
   34.9819 -0.0171848 -0.0300025 -0.0189692 -0.00461159  0.00529071    0.986476
   34.9878 -0.0118584  -0.027872 -0.0152408 -0.00937233  0.00236102     1.00161
   34.9918 -0.0102606  -0.017752 -0.0131103  -0.0188938 -0.00203351     1.01504
   34.9977 -0.0059995 -0.0081646 -0.0109797  -0.0270725 -0.00471906     1.01602
    35.002  0.00305525 -0.00390355 -0.00778395  -0.0263401 -0.00545148     1.00979
   35.0077   0.00518578 -0.000707753   -0.0125776  -0.0182835 -0.00227765    0.996974
    35.012  0.00944684 -0.00283828  -0.0136429 -0.00888405  0.00309344    0.983424
   35.0177  0.00944684 -0.00656671  -0.0136429 -0.0049778 0.00651141   0.983424
    35.022 0.00358788 -0.0081646 -0.0184366 -0.0108372  0.0049245   0.997462
   35.0277  0.00412052 -0.00496881  -0.0136429  -0.0217014 0.000529964     1.01663
    35.032  0.00571841  0.00302067 -0.00778395  -0.0269505 -0.00093488     1.01956
   35.0377  0.00465315  0.00248804 -0.00991448 -0.0238987 0.00187274    1.00051
    35.042 0.000924723 -0.00443618  -0.0168387 -0.0135227 0.00455828   0.984645
   35.0477 0.000924723  -0.0081646  -0.0269587 -0.00400124  0.00516864    0.985011
   35.0519  -0.0028037 -0.00922987   -0.042405   -0.0029026 -0.000812809     0.994289
   35.0577 -0.00493423  -0.0102951  -0.0493293 -0.0074192 -0.0127757   0.999904
   35.0619 -0.00227107  -0.0097625  -0.0525251 -0.0148655 -0.0154612    0.99966
   35.0678 -0.00227107 -0.00603408  -0.0690367  -0.0218235 -0.00874738     1.00015
   35.0721   0.00145736 -0.000707753    -0.094603  -0.0217014 -0.00581769     1.00589
   35.0778 0.00412052 0.00355331  -0.143073 -0.00656471  -0.0253489     1.01052
    35.082 0.00518578 0.00461857  -0.219239  0.0171169 -0.0678294    1.00894
   35.0877  0.0115774 0.00408594  -0.303927 0.0221218 -0.100056    1.0021
   35.0919     0.017969 -0.000707753     -0.39341 0.0105251 -0.106526  0.992213
   35.0977 0.0163711 -0.011893 -0.481294  0.0028347 -0.0843089   0.987086
   35.1018  0.0216974 -0.0204151  -0.539884 -0.00485573  -0.0459788    0.993556
   35.1077  0.0206321 -0.0193499  -0.578766 -0.00876198  -0.0319407     1.00064
   35.1119 0.00305525 -0.0156215  -0.635757 -0.00253639  -0.0504954     1.00186
   35.1177 -0.0059995 -0.0156215   -0.71725 -0.00180397  -0.0839427    0.999171
   35.1221 -0.0113258 -0.0156215  -0.819515 -0.0107151  -0.112995   0.994289
   35.1277 -0.0145216 -0.0124257   -0.92764 -0.0218235   -0.11739   0.992702
    35.132  -0.0129237 -0.00869724    -1.02831 -0.0309788 -0.0979808   0.997707
   35.1377  -0.0161195 -0.00656671    -1.13057 -0.0328098 -0.0716136     1.0065
    35.142  -0.0209132 -0.00443618    -1.22538 -0.0317112 -0.0542796    1.01162
   35.1477 -0.0214458 0.00142278   -1.30261 -0.0342747 -0.0562327    1.00881
    35.152 -0.0161195 0.00941226   -1.36813 -0.0389133 -0.0695384   0.991969
   35.1577 -0.0145216  0.0152712   -1.41287 -0.0461155 -0.0736888    0.98257
   35.1618 -0.0187827  0.0200649   -1.44589 -0.0536839 -0.0699046   0.987819
   35.1678 -0.0171848  0.0221954   -1.49116 -0.0561253 -0.0616038    1.00125
   35.1723 -0.013989 0.0237933  -1.54443 -0.0509983 -0.0542796    1.01443
   35.1778 -0.013989 0.0301849   -1.5945 -0.0419651 -0.0555003    1.01809
   35.1819 -0.00866266   0.0371091    -1.63338 -0.0280491 -0.0648997     1.0126
   35.1877 -0.00386897   0.0429681    -1.64936 -0.00888405  -0.0843089    0.995509
    35.192 -0.0012058  0.0658713   -1.66107 -0.000583267   -0.0946849     0.991969
   35.1977 -0.00919529    0.102623     -1.6893 -0.000827407   -0.0901683      1.00112
    35.202 -0.0161195   0.130852   -1.73032 -0.00155983  -0.0823558     1.00637
   35.2077 -0.0102606   0.144701   -1.76867 -0.00571022  -0.0667308     1.01309
    35.212 -0.00813002    0.145766     -1.7969 0.00747337 -0.0528148    1.01199
   35.2177 -0.00014054    0.139907    -1.82086   0.043362 -0.0476878    1.00308
    35.222 0.00731631   0.138842   -1.85815 0.0758327 -0.046223  0.993678
   35.2277 0.0169037  0.155354  -1.91727  0.0879177 -0.0397532   0.993434
   35.2319 0.0307521   0.19317  -1.97799  0.0830349 -0.0227855    1.00662
   35.2377 0.0238279  0.246434  -2.02167 0.0691189 0.0116384   1.03689
   35.2421 0.0126426   0.31248  -2.05309 0.0632595 0.0453298   1.06655
   35.2477 0.0195669   0.38332  -2.09357 0.0685085 0.0261647   1.04568
    35.252 0.0200995  0.436051  -2.14204  0.0677761 -0.0421946   0.990504
   35.2577 0.0105121  0.466411  -2.20596  0.060574 -0.100788  0.969752
    35.262 0.0216974   0.48239  -2.29491 0.0439724 -0.118122  0.998439
   35.2678 0.0355458  0.480259  -2.38865 0.0122341 -0.115071   1.01992
   35.2723 0.0376763  0.457356  -2.45736 -0.0169407  -0.102619    1.01541
   35.2778 0.0531227  0.423268  -2.48559 -0.0312229 -0.0874827   0.996364
   35.2818 0.0632427  0.384385  -2.47866 -0.0376926 -0.0766185   0.972926
   35.2877 0.0632427  0.340177  -2.45203 -0.0372044 -0.0727122   0.960841
   35.2922 0.0627101   0.29224  -2.41688  -0.045261 -0.0716136   0.964137
   35.2977 0.0541879  0.241107  -2.37374 -0.0601536 -0.0623362   0.976955
   35.3019 0.0472637  0.192105  -2.33752 -0.0649143 -0.0495189   0.988429
   35.3077 0.0419374  0.154821  -2.31515 -0.0686985 -0.0351146   0.997829
    35.312 0.038209 0.138309 -2.30183 -0.0708958 -0.0279124   0.996486
   35.3178 0.0334153  0.144701  -2.30556  -0.062595 -0.0290111   0.987575
   35.3219 0.0339479  0.166006  -2.32154 -0.0497776 -0.0233958   0.995021
   35.3277 0.038209 0.204888 -2.35616 -0.0425755 -0.0196116    1.01113
    35.332 0.0355458  0.252825  -2.39078 -0.0501438 -0.0200999    1.02456
   35.3377 0.00838158   0.269337   -2.41794 -0.0292698 -0.0490306    1.00674
    35.342 -0.0326311   0.271467   -2.49305 -0.0049778 -0.0530589    1.00015
   35.3477 -0.0129237   0.319404   -2.59957  -0.0224339 0.000407893     1.02761
   35.3521 0.0675038  0.400897  -2.66775 -0.0363499  0.0309255    1.02859
   35.3578 0.109582 0.470139 -2.69651 -0.0276829  0.0116384     1.0021
   35.3618 0.0840154  0.518609  -2.71143 -0.0170628 -0.0146068   0.994289
   35.3678 0.0430027  0.554295  -2.71728   -0.031345 -0.00996808     1.02236
    35.372 0.00731631   0.577731    -2.7077 -0.0474583 -0.0104564    1.03213
   35.3777 -0.0454143   0.584122   -2.69172 -0.0456272 -0.0259593    1.01101
    35.382 -0.114124  0.567078  -2.68053 -0.0409885 -0.0332835   0.984279
   35.3877 -0.181235  0.528196  -2.66668 -0.0463596 -0.0260814   0.972682
   35.3921 -0.241956  0.482922  -2.64325 -0.0638157 -0.0211986   0.969752
   35.3978 -0.285631  0.439779  -2.60224  -0.08176 -0.021931  0.976344
   35.4021 -0.308535  0.410484  -2.57667 -0.0905491 -0.0221751    0.99673
   35.4077 -0.301078  0.408354  -2.58626  -0.102146 -0.0230296    1.01052
   35.4119 -0.274446  0.420072  -2.59584  -0.118381 -0.0244945    1.00381
   35.4178 -0.24888 0.426996 -2.58785 -0.119236  -0.03072  0.981349
    35.422 -0.215857  0.432855  -2.57987  -0.106296 -0.0347484   0.969997
   35.4277 -0.155669  0.434985   -2.5756 -0.100193 -0.025471  0.985255
    35.432 -0.0832312   0.424333   -2.57241 -0.0970188 -0.0231517   0.991359
   35.4377 -0.0273048   0.417941   -2.56655  -0.105564 -0.0214427    0.99258
    35.442 0.017969 0.416876 -2.53086  -0.127903 -0.0192454    0.99612
   35.4477 0.028089 0.414213 -2.48186   -0.13303 -0.0274241   0.983058
    35.452 0.0312848  0.414213  -2.44085   -0.130954 -0.00789289     1.00198
   35.4577 0.0563185  0.409419  -2.41475   -0.125217 -0.00972394     1.00051
   35.4621 0.0430027  0.400897  -2.40037 -0.119114 -0.037678  0.972438
   35.4678 -0.0161195   0.380657   -2.37107  -0.119236 -0.0458568   0.977443
    35.472 -0.090688  0.337514  -2.32101  -0.119846 -0.0485423   0.986842
   35.4777 -0.159398   0.28212  -2.26082 -0.124118 -0.041096  0.999904
   35.4821 -0.221716    0.2214  -2.20702  -0.125705 -0.0365794   0.997584
   35.4877 -0.287762  0.169735  -2.17293  -0.119724 -0.0406077   0.970729
   35.4921 -0.34209 0.136179 -2.16388  -0.108371 -0.0364573     0.9584
   35.4977 -0.37032 0.119135 -2.17773 -0.0998264 -0.0318187   0.962916
    35.502 -0.364461  0.121265  -2.19957  -0.104343 -0.0216868   0.975123
   35.5077 -0.308002  0.142038  -2.21075 -0.118625 0.0028493   1.00479
   35.5119 -0.232368  0.171332  -2.22886  -0.122287 0.00138446    1.01309
   35.5177 -0.18017 0.197431 -2.26881  -0.113254 -0.0203441   0.997951
   35.5219 -0.143951  0.222465  -2.31461 -0.103244 -0.030598  0.983913
   35.5277 -0.118918  0.254956  -2.38119 -0.0888401 -0.0326732    0.97549
   35.5321 -0.0816333   0.293838   -2.45044 -0.0933567 -0.0110667   0.996608
   35.5377 -0.0225111   0.341775   -2.48985  -0.114231 0.00541278    1.01113
   35.5419 0.0185016  0.408354    -2.525  -0.133274 0.00834246    1.02066
   35.5477 0.0334153  0.463748   -2.5543   -0.15134 0.00968524    1.03164
    35.552 0.0275563  0.491977  -2.56548  -0.164646 0.00529071    1.01748
   35.5577 0.0105121  0.503162   -2.5543 -0.181858 0.0123708   1.00759
   35.5621 -0.000673173     0.488249     -2.50317 -0.186252 0.0104177  0.987941
   35.5678 -0.024109  0.457356  -2.44085   -0.18613 -0.0037425   0.952052
   35.5721 -0.0565996   0.433388    -2.3977 -0.199924 -0.002888  0.951198
   35.5776 -0.0539364   0.424333   -2.37427   -0.216159 0.000896175    0.980128
   35.5818 -0.00919529    0.433388    -2.37267 -0.234714 -0.011555  0.994533
   35.5877 0.0472637  0.460019  -2.37693  -0.245578 -0.0273021   0.990993
    35.592 0.102657 0.486118 -2.36894  -0.246677 -0.0382884   0.981349
   35.5977 0.155388 0.496238 -2.34391  -0.232151 -0.0592845   0.960841
   35.6024 0.182552 0.488781 -2.32367 -0.200168 -0.091511  0.940211
   35.6077 0.183085 0.464813 -2.32101 -0.171482 -0.118855  0.938747
    35.612 0.156986 0.428061 -2.34284 -0.13718 -0.14095 0.930446
   35.6178 0.110647 0.391842 -2.39824 -0.111667 -0.140705  0.931911
   35.6219  0.10106  0.36095 -2.46641    -0.103 -0.118122  0.957667
   35.6277 0.142072 0.317274  -2.5298 -0.0949436   -0.10738   0.962184
    35.632 0.199597 0.261347 -2.57028 -0.0922581  -0.106404    0.95547
   35.6377 0.257121 0.210747 -2.56868 -0.102146 -0.103108  0.956569
   35.6419 0.311449 0.171865 -2.52713  -0.117038 -0.0989573   0.967189
   35.6477 0.351929 0.143636 -2.46535   -0.12717 -0.0933421   0.987575
   35.6521 0.365778 0.124993  -2.4025  -0.151828 -0.0812571    1.00393
   35.6578 0.358854 0.109014 -2.34018   -0.17136 -0.0701487    1.00149
    35.662  0.330624 0.0988945  -2.27573   -0.18906 -0.0646556   0.986354
   35.6678   0.28322 0.0930355  -2.22353  -0.196384 -0.0630687   0.973414
   35.6722   0.23262 0.0877092  -2.19477  -0.187351 -0.0638011    0.96902
   35.6776  0.20226 0.103156 -2.18945  -0.190281 -0.0563548   0.988063
   35.6818 0.197999 0.152158 -2.22407  -0.197361 -0.0525706    1.01223
   35.6877 0.216641 0.228857 -2.29171  -0.205051 -0.0600169    1.02749
   35.6924 0.259784 0.310882 -2.37374  -0.195285 -0.0732005    1.03274
   35.6976 0.315178 0.365211 -2.48346  -0.153171 -0.0880931    1.01675
   35.7018 0.385485   0.3732 -2.61555  -0.12302 -0.108479   0.98318
   35.7092 0.463782 0.352427 -2.71622 -0.137546 -0.132649  0.967189
   35.7121 0.533557 0.331122  -2.7551  -0.15549 -0.152058  0.974635
   35.7178  0.59694 0.314078 -2.74232 -0.163181  -0.15511   0.97903
   35.7218 0.633159  0.30236 -2.65603 -0.216648 -0.124958  0.980861
   35.7277 0.603864 0.261347 -2.45949  -0.24924 -0.108235  0.972072
    35.732 0.510121 0.173463 -2.23472   -0.2457 -0.116047  0.950099
   35.7378   0.39667 0.0690671  -2.11861  -0.239353 -0.0999339   0.942164
    35.742   0.298134 0.00461857   -2.07759 -0.252536 -0.067097  0.949122
   35.7477   0.230489 -0.0140236   -2.00089  -0.274143 -0.0701487    0.97964
   35.7521  0.185215 -0.022013  -1.91354  -0.228366 -0.0978587    1.00576
   35.7577   0.154323 -0.0140236    -1.8704  -0.15427 -0.104939   1.00479
   35.7619    0.156986 0.000357511     -1.8443 -0.116916 -0.102986  0.998195
   35.7678  0.180954 0.0174017  -1.81394  -0.116184 -0.0970042   0.990626
   35.7721  0.204923 0.0296523  -1.78571   -0.11301 -0.0957835   0.982814
   35.7776   0.22463 0.0200649  -1.75642  -0.107029 -0.0937083   0.971095
   35.7822    0.253925 -0.00922987    -1.74576 -0.0997044 -0.0889476    0.96902
   35.7874   0.309319 -0.0209478   -1.78038  -0.107761 -0.0885814    1.00051
    35.792    0.387083 -0.00283828    -1.82086 -0.123264 -0.093098   1.02566
   35.7977  0.471772 0.0275218  -1.83951  -0.119846 -0.0967601    1.01687
    35.802  0.545275 0.0568165  -1.84856  -0.112888 -0.0893138    1.00027
   35.8078  0.604397 0.0759913  -1.84057  -0.112522 -0.0823558   0.987208
   35.8122  0.639018 0.0818502  -1.81501  -0.104831 -0.0871165   0.984523
   35.8177  0.637953 0.0759913  -1.78997  -0.102878 -0.0907786    0.98257
   35.8219  0.614517 0.0557513  -1.75269  -0.108249 -0.0962718   0.985255
   35.8277   0.56658 0.0189996   -1.6957 -0.115696 -0.104084  0.985499
   35.8319  0.502132 -0.027872  -1.62912 -0.122287  -0.10384  0.976955
   35.8377 0.432357 -0.09019 -1.54549 -0.126682 -0.104451  0.956935
    35.842 0.339679 -0.17115 -1.44696 -0.126438 -0.103962  0.934474
   35.8477  0.234218 -0.263295  -1.34363 -0.121189 -0.103474   0.93008
   35.8521  0.138344 -0.358637  -1.23337 -0.116306 -0.109089  0.943019
   35.8577 0.0461985 -0.450249  -1.12738 -0.113132 -0.114094   0.95901
   35.8619 -0.0320985  -0.529612   -1.03523   -0.1124 -0.112263  0.972926
   35.8678 -0.064589 -0.590332 -0.956402 -0.114841 -0.102253  0.982692
   35.8722 -0.0592627  -0.615898  -0.893019  -0.109836 -0.0961497   0.993922
   35.8776 -0.034229 -0.586603 -0.826972 -0.0943333  -0.105183    1.01004
   35.8818 0.00412052  -0.532807  -0.741219 -0.0888401  -0.109944    1.00711
   35.8877 0.0142405 -0.491795 -0.644279 -0.0873753  -0.112385   0.998561
   35.8919 -0.00813002   -0.466228   -0.540416 -0.0829807   -0.12032    1.00589
   35.8977 -0.0336964  -0.449184  -0.430694 -0.0842014  -0.122029    1.01504
   35.9019 -0.0693827  -0.436401  -0.323102 -0.0846897  -0.120686    1.01235
   35.9077 -0.096547 -0.399649 -0.238414 -0.0735813  -0.103352    1.01467
   35.9121 -0.0874922  -0.326679  -0.184618 -0.0705296 -0.0934642    1.01614
   35.9177 -0.0731112  -0.263295  -0.120702 -0.0697971  -0.102375    1.00247
    35.922 -0.0635238  -0.213761 -0.0509272 -0.0605198 -0.0935862    1.01077
   35.9278 -0.0299679  -0.151443 -0.0274913 -0.0632053 -0.0804026     1.0325
   35.9321  0.0211647 -0.0864615 -0.0349482 -0.0674778 -0.0823558     1.0325
   35.9377  0.0701669 -0.0385246 -0.0365461 -0.0682102 -0.0884593    1.01785
   35.9418    0.117039 -0.00656671  -0.0349482 -0.0680882 -0.0851634    1.00149
   35.9477   0.171367  0.0189996 -0.0317524 -0.0669895  -0.077473   0.986476
    35.952   0.229424  0.0408376 -0.0312198 -0.0667454 -0.0721019   0.983546
   35.9577   0.284818  0.0562839 -0.0338829 -0.0673557 -0.0721019   0.995143
    35.962   0.328494   0.064806 -0.0370787 -0.0700413 -0.0753978    1.00784
   35.9678   0.357788  0.0664039 -0.0392093 -0.0737034 -0.0784495    1.01138
   35.9724   0.371104  0.0637407 -0.0402745 -0.0754124 -0.0777171    1.00613
   35.9775   0.371104  0.0594797 -0.0397419 -0.0734592 -0.0710032   0.992946
   35.9819   0.369506  0.0568165 -0.0354808 -0.0700413 -0.0620921   0.981959
   35.9878   0.367908  0.0562839 -0.0264261 -0.0684544 -0.0552562   0.981715
   35.9922    0.35619  0.0536207 -0.0184366 -0.0700413 -0.0541575   0.989039
   35.9975   0.338081  0.0520228 -0.0131103 -0.0737034 -0.0578196    1.00039
    36.002    0.327428   0.0552186 -0.00458816 -0.0767551 -0.0635569    1.00833
   36.0078    0.312515   0.0642734 0.000205532 -0.0772434 -0.0664866    1.00613
   36.0118   0.299731  0.0775892 0.00766238 -0.0749241 -0.0629466    0.99673
   36.0177   0.29334 0.0898397 0.0193803 -0.0723606 -0.0544017   0.987575
   36.0221  0.277893 0.0956987 0.0279024 -0.0715061 -0.0476878   0.985499
   36.0278  0.253925 0.0956987 0.0385551 -0.0732151 -0.0456126   0.992946
    36.032    0.2225  0.095166 0.0449466 -0.0768772 -0.0484202    1.00466
   36.0377  0.185748 0.0956987 0.0465445  -0.080051 -0.0555003    1.00991
    36.042  0.147931 0.0935681 0.0598603 -0.0815159  -0.061848    1.00271
   36.0477  0.105321 0.0775892 0.0875572 -0.0818821 -0.0600169   0.982814
    36.052 0.0414048 0.0339133  0.126972 -0.0829807 -0.0586741   0.950709
   36.0577 -0.0464795 -0.0262741   0.174909  -0.088596 -0.0534251   0.941798
   36.0621 -0.161528 -0.101908  0.267054 -0.0916477 -0.0805247   0.948146
   36.0678 -0.305871 -0.203108  0.416724 -0.085178 -0.101643  0.947291
   36.0726  -0.42891 -0.290992  0.532305 -0.0818821 -0.0719798   0.977443
   36.0778 -0.504543 -0.342658  0.589829 -0.0812717 -0.0648997   0.994533
   36.0821 -0.584971 -0.404443  0.660137 -0.0776096 -0.0738109   0.967189
   36.0878 -0.703215 -0.500317  0.752282 -0.0694309 -0.0617259   0.946803
    36.092 -0.832645 -0.600452  0.802882 -0.0616184 -0.0287669   0.952785
   36.0978 -0.956748 -0.685673  0.792762 -0.0652805 -0.0231517   0.980006
   36.1019  -1.07286 -0.749589  0.770392 -0.0562473 -0.0408519     1.0126
   36.1078  -1.13145 -0.770894  0.756543 -0.0356174 -0.0331614    1.05911
   36.1119   -1.0457 -0.719229  0.719792   -0.01926 -0.0165599    1.10525
   36.1178  -0.82359 -0.532807  0.627646 -0.00571022  -0.0165599     1.08071
   36.1218 -0.559937  -0.22974  0.484368 -0.0253635  -0.072346    1.02481
   36.1278 -0.309067 0.0472292  0.327242 -0.0623508  -0.130574   0.998805
   36.1322 -0.0933512   0.189975   0.203138 -0.071262 -0.124958   0.98672
   36.1378 0.0754932   0.19317  0.114189 -0.0667454  -0.101277   0.981715
    36.142  0.207586  0.142038 0.0263045 -0.0705296 -0.0943187   0.995387
   36.1478   0.298133   0.095166 -0.0429377 -0.0652805 -0.0935862    1.00088
    36.152   0.329559  0.0530881 -0.0530577 -0.0536839 -0.0874827   0.987697
   36.1578   0.322635  0.0275218 -0.0376114  -0.052219 -0.0783275    0.98257
    36.162    0.29547  0.0200649 -0.0386766 -0.0538059  -0.070637   0.978908
   36.1678   0.242207 0.00834699 -0.0360135 -0.0553928 -0.0742991   0.982448
   36.1724   0.167106 -0.0150888 -0.0226977 -0.0582005 -0.0817454    0.99673
   36.1773  0.0967985 -0.0241436 -0.0163061  -0.060886 -0.0867503    1.01223
   36.1822   0.0536553  -0.0124257 0.000205534 -0.0571018  -0.094929    1.01675
   36.1878 0.0461985 0.0136733 0.0193803 -0.0529514 -0.0874827    1.01065
   36.1919  0.0706995  0.0610776 0.00926028 -0.0523411 -0.0741771   0.997096
   36.1977  0.0904069   0.085046 0.00819501 -0.0507542 -0.0747874   0.979518
   36.2021 0.0877438 0.0653386 0.0225761 -0.0536839 -0.0727122   0.978297
   36.2078  0.0765585  0.0376418 0.00926028 -0.0589329  -0.070637   0.990626
   36.2124  0.0701669  0.0131407 -0.0115124 -0.0617405 -0.0752757    1.00173
   36.2176  0.0616448 -0.0081646 -0.0200345 -0.0619846 -0.0796702    1.00198
   36.2219  0.0334153  -0.027872 -0.0237629 -0.0596653 -0.0777171   0.989284
   36.2277 -0.0044016 -0.0449162 -0.0195019 -0.0561253 -0.0716136   0.978908
    36.232 -0.0459469 -0.0566341 -0.0125776 -0.0536839 -0.0678294   0.977443
   36.2377 -0.0917533 -0.0598299 -0.0115124 -0.0546604 -0.0708812   0.987819
   36.2421  -0.129038 -0.0523731 -0.0109797 -0.0568577 -0.0786937    1.00491
   36.2477   -0.159398  -0.0454489 -0.00458816 -0.0583225 -0.0856517    1.01406
    36.252    -0.179638   -0.0411878 -0.000327099  -0.057468 -0.0851634    1.01358
   36.2578   -0.184964  -0.0358615 0.000738166 -0.0534397 -0.0800364    1.00064
    36.262  -0.176974 -0.0331983 0.00286869 -0.0494114 -0.0738109    0.98318
   36.2678  -0.155137 -0.0316004 0.00393396 -0.0483128 -0.0717357    0.97671
   36.2723  -0.132766 -0.0310678 0.00393396 -0.0500217 -0.0788157   0.980861
   36.2778  -0.104004 -0.0257415 0.00659712 -0.0541721 -0.0880931   0.994899
   36.2819 -0.0736438 -0.0108278 0.00606449 -0.0580784 -0.0952952    1.01113
   36.2878 -0.0597953 0.00195541 0.00180343 -0.0584446 -0.0957835    1.01321
   36.2919 -0.0470122  0.0115428 0.00127079 -0.0560032 -0.0887034    1.00112
   36.2978  -0.0368922   0.0174017 0.000205532 -0.0520969 -0.0808909    0.98672
   36.3021  -0.0395553   0.0110102 -0.00085973 -0.0506321 -0.0763743   0.978786
   36.3078   -0.040088 0.000890144 -0.00299026 -0.0523411 -0.0777171   0.982936
   36.3119  -0.0427511 -0.00869724 -0.00565342 -0.0552708 -0.0854075   0.994533
   36.3178  -0.0480774  -0.0262741 -0.00352289 -0.0588108  -0.091511    1.00308
   36.3222  -0.0368922  -0.0395899 -0.00671869 -0.0589329 -0.0907786    1.00381
   36.3276  -0.013989 -0.0390573 -0.0157734 -0.0542942 -0.0876048   0.995753
   36.3319  0.0147732  -0.033731 -0.0136429 -0.0492893 -0.0836985   0.982448
   36.3377  0.0446006 -0.0230783 -0.0136429 -0.0485569 -0.0807689   0.978908
    36.342  0.0627101 -0.0097625 -0.0205671 -0.0512424 -0.0828441   0.987086
   36.3478   0.0621774 -0.00443618  -0.0210998 -0.0563694 -0.0884593   0.999415
   36.3521    0.048329 -0.00763197  -0.0184366 -0.0600315 -0.0929759    1.01272
   36.3578   0.0275563 -0.00869724  -0.0136429 -0.0571018   -0.08968    1.01028
   36.3619 0.00252262 -0.0129583 -0.0136429 -0.0571018 -0.0819896   0.995509
   36.3678 -0.0209132 -0.0262741  -0.017904 -0.0519749  -0.075886   0.983302
   36.3721 -0.0358269 -0.0305352 -0.0147082 -0.0451389 -0.0728343   0.979152
   36.3778 -0.0384901 -0.0262741  -0.012045 -0.0447727 -0.0767405   0.981837
    36.382 -0.0257069 -0.0294699 -0.0115124 -0.0492893 -0.0868724   0.990016
   36.3876  0.0163711 -0.0358615 -0.0168387 -0.0614964 -0.0970042    1.00381
    36.392  0.0840153 -0.0369267 -0.0306871 -0.0618626 -0.0990794    1.00735
   36.3976    0.15166 -0.0321331 -0.0370787 -0.0527073 -0.0918773   0.996974
   36.4019   0.206521 -0.0300025 -0.0386766 -0.0500217 -0.0815013   0.984157
   36.4078   0.241675 -0.0385246 -0.0456008 -0.0514866 -0.0746653   0.979762
   36.4118   0.247001 -0.0507752 -0.0573188 -0.0533176 -0.0752757   0.986232
   36.4178   0.235816 -0.0598299 -0.0599819 -0.0547825 -0.0805247    0.99966
   36.4219   0.224098 -0.0678194 -0.0535903 -0.0558811 -0.0834544    1.00857
   36.4278   0.208651 -0.0758089 -0.0535903  -0.055759 -0.0829661    1.00808
   36.4321   0.192672 -0.0822005 -0.0546556 -0.0523411 -0.0782054   0.996852
   36.4378   0.177759 -0.0960489 -0.0376114  -0.048679 -0.0735667   0.978664
   36.4419   0.159116  -0.115224 -0.0285566 -0.0498997 -0.0668528   0.975123
   36.4477   0.14367 -0.118952 -0.042405 -0.0508762 -0.0659984   0.987208
   36.4521   0.119169  -0.111495 -0.0440029  -0.048679 -0.0772288    1.00088
   36.4578  0.0760259  -0.100843 -0.0285566 -0.0479465 -0.0854075    1.01577
   36.4619   0.0408721  -0.0731457 -0.00991448 -0.0470921 -0.0821116    1.02127
   36.4678    0.028089  -0.0246762 -0.00085973 -0.0424534  -0.072346    1.01394
   36.4722   0.0190342   0.0301849 0.000738166 -0.0380589 -0.0652659    1.00161
   36.4775 0.00678368  0.0759913 0.00926028 -0.0389133 -0.0646556   0.990748
   36.4822 -0.00014054    0.106884   0.0135213 -0.0395237 -0.0767405   0.987575
   36.4879  -0.0161195    0.115939 -0.00245763 -0.0136448  -0.140583   0.980617
   36.4919 -0.0768396  0.0855787  -0.054123 0.0140652  -0.22823  0.988063
   36.4978 -0.189758  0.034446 -0.137214 0.0168728 -0.276203   1.00967
    36.502  -0.308535 0.00355331  -0.240544 0.0116238 -0.291096   1.01577
   36.5078  -0.384168 0.00408594  -0.347071 -0.00131569   -0.272541     1.00479
    36.512 -0.392691 0.0259239   -0.4259 -0.0177952  -0.215779   0.987575
   36.5178 -0.343156 0.0557513 -0.469043 -0.0324436  -0.149983   0.981959
   36.5219 -0.274446 0.0770566 -0.490881 -0.0356174  -0.117756   0.992457
   36.5278 -0.225977 0.0738608 -0.512719 -0.0368382  -0.129841    1.00784
   36.5321  -0.22065 0.0552186 -0.534557 -0.0185276  -0.161701    1.01406
   36.5377 -0.240358 0.0333807  -0.55746 0.0213894 -0.192219  0.999171
   36.5419 -0.241956 0.0264565  -0.57557 0.0462917 -0.210285  0.981715
   36.5478 -0.229172 0.0392397 -0.620844 0.0584988  -0.22237  0.977077
   36.5519 -0.238227 0.0568165 -0.699673 0.0361599 -0.224812   0.98904
   36.5578 -0.284034 0.0690671 -0.754534 -0.0116917   -0.21468    1.01394
   36.5621 -0.370853 0.0674692  -0.79608 -0.0415989  -0.205036    1.03128
   36.5678 -0.476846 0.0600123 -0.850941 -0.0649143  -0.190266     1.0353
   36.5722 -0.572188 0.0536207  -0.89728 -0.0838352  -0.180867    1.01882
   36.5776 -0.659539 0.0419028 -0.923911 -0.0855442   -0.18636   0.994655
   36.5819  -0.74476 0.0211302 -0.951608 -0.0815159  -0.195515   0.981227
   36.5878   -0.816133 -0.00390355   -0.951076 -0.104587 -0.190998  0.983668
    36.592   -0.86407 -0.0241436  -0.898345 -0.126804 -0.190022  0.992824
   36.5978   -0.90455 -0.0268067  -0.847745  -0.12656 -0.205036  0.987697
   36.6019   -0.933312 -0.00390355    -0.82857 -0.121189 -0.212483  0.975612
   36.6077 -0.920529 0.0429681 -0.839223 -0.108371 -0.201008   0.97549
   36.6121 -0.865668  0.109547 -0.871181 -0.0914036  -0.183186   0.973048
   36.6178 -0.787371  0.188377 -0.905802 -0.0743137  -0.182331   0.955958
    36.622 -0.729314  0.265608 -0.941488 -0.0624729   -0.20699    0.94192
   36.6277 -0.715998   0.31248 -0.996882 -0.0509983  -0.238484   0.947414
    36.632 -0.731445  0.299164  -1.06559 -0.0474583   -0.25362    0.95486
   36.6378 -0.778849  0.234183  -1.12791 -0.0566135  -0.243367   0.942775
   36.6421 -0.839569  0.148429  -1.17691 -0.0655247  -0.214802    0.93008
   36.6478 -0.869396  0.060545  -1.20088 -0.064426 -0.190022  0.931056
    36.652  -0.863537 -0.0108278   -1.22911 -0.0423313  -0.190388   0.933497
   36.6578  -0.822525 -0.0571668    -1.2893 -0.0164524  -0.203327   0.940455
   36.6621  -0.758076 -0.0784721   -1.34789 -0.0164524  -0.210041   0.946071
   36.6678  -0.682975 -0.0811352    -1.3873 -0.0223118   -0.19466   0.972926
   36.6721  -0.564198 -0.0837984   -1.42192 -0.0212131  -0.161579    1.01321
   36.6778   -0.42891 -0.0646236   -1.46879 -0.0199924  -0.163899   0.972072
   36.6819   -0.334101 -0.00869724    -1.52046 -0.0287815  -0.144367   0.942409
   36.6878 -0.223313 0.0413702  -1.53164 -0.0380589  -0.103352   0.975368
   36.6922 -0.105602 0.0823829  -1.51407 -0.0380589  -0.122395   0.964992
   36.6975 -0.0454143   0.126591   -1.50395 -0.0479465  -0.139607    0.96487
    36.702 0.0110447  0.147364  -1.48051 -0.0680882  -0.124104    1.00247
   36.7078 0.0675038  0.140972  -1.45068 -0.0844456  -0.121784    1.00747
    36.712 0.105853 0.113808 -1.42459 -0.0967747  -0.109455    1.00576
   36.7178  0.164443 0.0759913  -1.38624  -0.101291 -0.0905345    1.00772
   36.7221  0.211314 0.0584144  -1.35321 -0.0965305  -0.105427    0.97903
   36.7278   0.23262 0.0653386  -1.31646 -0.0928684  -0.112141   0.984157
   36.7319  0.253925 0.0759913  -1.26799 -0.0861546  -0.117634    1.00393
   36.7378  0.248599 0.0871766  -1.23444 -0.0804173   -0.13155    1.00344
   36.7421  0.229424 0.0941008  -1.20354 -0.0820042  -0.125935     1.0065
   36.7478  0.210782 0.0887745  -1.16466 -0.085178 -0.112141  0.996974
    36.752  0.186813 0.0695997  -1.12578 -0.0850559 -0.0971263   0.984401
   36.7578  0.181487 0.0371091  -1.07624   -0.08176 -0.0813792   0.984767
    36.762   0.193205 0.00728173   -1.01765 -0.0759007 -0.0767405   0.989894
   36.7678    0.199064 -0.00656671   -0.965989 -0.0677219 -0.0772288   0.999538
   36.7722  0.215043 0.0120754 -0.915922 -0.0649143 -0.0652659    1.01821
   36.7776  0.245403 0.0557513 -0.863724 -0.0658909 -0.0569652    1.01797
    36.782  0.267773 0.0983618 -0.813657 -0.0610081 -0.0504954    1.00589
   36.7878  0.282155  0.121798 -0.754534 -0.0519749 -0.0396312   0.995143
    36.792  0.290677  0.107417 -0.682629 -0.0453831 -0.0286448    0.99319
   36.7978  0.293872 0.0898397 -0.644279 -0.0434299 -0.0215648   0.999171
   36.8019  0.286416 0.0509576  -0.57557 -0.0478245 -0.0144847     1.0115
   36.8078  0.281089 0.0136733 -0.473305  -0.0551487 -0.00227765     1.02822
    36.812  0.287481 0.0179344 -0.400334 -0.0568577 0.00333758    1.02883
   36.8178  0.303992 0.0211302 -0.321504 -0.0525852  0.0016286    1.01626
   36.8222  0.330091 0.0211302 -0.247468  -0.0455051 -0.00886945    0.998195
   36.8278   0.35406 0.0205975 -0.188346 -0.0385471 -0.0318187   0.987941
    36.832  0.360451 0.0200649 -0.143073 -0.0291477 -0.0802806    0.98672
   36.8378  0.356723 0.0195323   -0.1223 -0.022678 -0.114094  0.986476
   36.8419    0.303992 -0.00017512   -0.111115 -0.0212131  -0.140461    1.00564
   36.8478   0.236348 -0.0145562 -0.0924725 -0.0206028  -0.160969    1.01626
   36.8522   0.207053 0.00195541 -0.0860809 -0.0236546  -0.151203    0.99612
   36.8578   0.192672  0.0131407 -0.0871462 -0.0258518  -0.147297   0.984523
    36.862  0.208651 0.0237933 -0.078624 -0.0230442  -0.152912   0.975246
   36.8678   0.231022   0.034446 -0.0759609 -0.0177952  -0.162678    0.96841
   36.8724   0.248599  0.0349786 -0.0828851 -0.0152317   -0.16573   0.980861
   36.8778   0.259784  0.0355112 -0.0839504 -0.0151096  -0.164631   0.990871
   36.8819   0.281622  0.0530881 -0.0882114 -0.0207249  -0.155964   0.994533
   36.8878    0.30346   0.070665 -0.0924725 -0.0263401  -0.147297   0.998195
    36.892   0.324765  0.0754587 -0.0951356 -0.027927 -0.140827  0.985988
   36.8978    0.34607  0.0802523 -0.0977988 -0.0295139  -0.134358   0.973781
    36.902  0.347136 0.0664039 -0.104723 -0.0229221  -0.134846   0.981227
   36.9078  0.348201 0.0525555 -0.111647 -0.0163303  -0.135334   0.988673
   36.9121  0.333287 0.0301849 -0.116974 -0.0234104  -0.141072   0.995753
   36.9178   0.318374 0.00781436    -0.1223 -0.0304905  -0.146809    1.00283
    36.922    0.303992 -0.00177302   -0.110582 -0.0320774  -0.136677   0.995143
   36.9278   0.289611 -0.0113604 -0.0988641 -0.0336643  -0.126545   0.987453
   36.9321    0.26511 -0.0081646  -0.103125 -0.0276829  -0.125935   0.988185
   36.9378    0.240609 -0.00496881   -0.107386 -0.0217014  -0.125325   0.988917
    36.942   0.183085 -0.0102951 -0.0914072 -0.0149876  -0.128743    1.00235
   36.9478   0.125561 -0.0156215 -0.0754282 -0.0082737   -0.13216    1.01577
    36.952  0.0611122 -0.0161541 -0.0519924 -0.0144993  -0.129719    1.01467
   36.9578 -0.00333633  -0.0166867  -0.0285566 -0.0207249  -0.127278    1.01358
   36.9622 -0.0491427  0.0195323 -0.0141755 -0.0215794  -0.121662   0.995998
   36.9678  -0.0949491   0.0557513 0.000205532 -0.0224339  -0.116047   0.978419
   36.9721 -0.115189 0.0834481  0.014054 -0.0134006   -0.12386   0.985133
   36.9778 -0.135429  0.111145 0.0279024 -0.00436745   -0.131672    0.991847
    36.982 -0.167387  0.128189 0.0369572 -0.00668678   -0.130207     1.00808
   36.9878 -0.199345  0.145233 0.0460119 -0.00900612   -0.128743     1.02432
   36.9921 -0.226509  0.134048 0.0555993 0.00576439  -0.106648    1.01699
   36.9979 -0.253673  0.122863 0.0651867 0.0205349 -0.084553   1.00967
    37.002 -0.284566  0.114341 0.0614582  0.0299343 -0.0865062    1.00393
   37.0078 -0.315459  0.105819 0.0577298  0.0393337 -0.0884593   0.998195
    37.012  -0.285099   0.163876 -0.0567861  0.0642361 -0.0713694    1.00991
   37.0178  -0.22065  0.272533 -0.227228   0.103054 -0.0380443    1.03311
   37.0223 -0.136494  0.338579 -0.312982   0.142117 -0.0161937     1.0458
   37.0278 -0.086427  0.354025  -0.34281   0.167263 -0.0105784    1.04702
   37.0319 -0.0198479   0.325796  -0.483425   0.176785 0.00333758    1.00698
   37.0378 0.0467311  0.297566 -0.624039  0.186306 0.0172536  0.966945
   37.0422 0.0627101  0.256554 -0.662389  0.157742 0.0238454  0.969142
   37.0479  0.078689  0.215541 -0.700738  0.129177 0.0304372  0.971339
   37.0519  0.105321  0.181985 -0.751871  0.067532 0.0485036  0.989406
   37.0578  0.131952  0.148429 -0.803004 0.00588646    0.06657    1.00747
   37.0621  0.176693   0.13245 -0.752936 -0.0306126  0.0715749   0.999782
   37.0678  0.221434  0.116471 -0.702869 -0.0671116  0.0765798   0.992091
    37.072  0.277361  0.134048 -0.660791 -0.0823704  0.0686452   0.980372
   37.0778  0.333287  0.151625 -0.618713 -0.0976292  0.0607106   0.968654
   37.0822  0.364713  0.190507 -0.557993 -0.103244 0.0414235  0.970485
   37.0876  0.396138  0.229389 -0.497273  -0.10886 0.0221364  0.972316
   37.0919  0.391344  0.235248 -0.455728 -0.115329 0.0016286  0.982326
   37.0978   0.38655  0.241107 -0.414182  -0.121799 -0.0188792   0.992335
   37.1021  0.373767    0.2214 -0.366778  -0.138401 -0.0221751    1.00503
   37.1078  0.360984  0.201693 -0.319374 -0.155002 -0.025471   1.01773
   37.1119  0.342875  0.193703 -0.258121  -0.153537 -0.0485423    1.02041
   37.1178  0.324765  0.185714 -0.196868  -0.152073 -0.0716136     1.0231
   37.1223  0.314112  0.199562 -0.164378  -0.147312 -0.0778392    1.02676
   37.1278   0.30346   0.21341 -0.131887  -0.142551 -0.0840648    1.03042
    37.132  0.310917  0.287446 -0.142007 -0.140476 -0.104206   1.01528
   37.1378  0.318374  0.361482 -0.152127 -0.138401 -0.124348   1.00015
   37.1421  0.332222   0.43392 -0.185683 -0.144504 -0.137043   0.99026
   37.1478   0.34607  0.506358 -0.219239 -0.150608 -0.149739  0.980372
   37.1519  0.328494  0.551099 -0.228294 -0.164157 -0.159993  0.980983
   37.1578  0.310917   0.59584 -0.237348 -0.177707 -0.170246  0.981593
    37.162  0.284285  0.609689 -0.222435 -0.182956 -0.170368  0.983668
   37.1678  0.257653  0.623537 -0.207521 -0.188205 -0.170491  0.985744
   37.1723  0.253392   0.58572 -0.163313 -0.199924 -0.170613  0.965724
   37.1776  0.249131  0.547903 -0.119104 -0.211643 -0.170735  0.945705
   37.1819  0.207053  0.523402 -0.113778 -0.201267 -0.200642  0.940822
   37.1878  0.164975  0.498901 -0.108451 -0.190891 -0.230549  0.935939
   37.1919   0.144735   0.482922 -0.0898093 -0.196994 -0.233235  0.968776
   37.1978   0.124495   0.466943 -0.0711672 -0.203098  -0.23592   1.00161
   37.2021   0.117571   0.475998 -0.0748956 -0.197239 -0.236042  0.986476
   37.2078  0.110647  0.485053 -0.078624 -0.191379 -0.236164  0.971339
   37.2121   0.107984   0.509554 -0.0818198 -0.165866 -0.244099  0.971339
   37.2178   0.105321   0.534055 -0.0850156 -0.140354 -0.252034  0.971339
   37.2218 0.0941354  0.570274 -0.131355 -0.142307 -0.232014  0.998927
   37.2278 0.0829501  0.606493 -0.177694  -0.14426 -0.211994   1.02652
   37.2321 0.0552532  0.584655   -0.1223 -0.158786 -0.201985   1.00442
   37.2378  0.0275563   0.562817 -0.0669061 -0.173313 -0.191975  0.982326
    37.242  0.0211647   0.479727 -0.0573188 -0.160495 -0.183552  0.978908
   37.2478  0.0147732   0.396636 -0.0477314 -0.147678 -0.175129   0.97549
   37.2521  0.0248932   0.336981 -0.0392093 -0.131809 -0.175251  0.983668
   37.2578  0.0350132   0.277326 -0.0306871  -0.11594 -0.175373  0.991847
   37.2621  0.0440679   0.237379 -0.0285566 -0.108127 -0.168415  0.995143
   37.2678  0.0531227   0.197431 -0.0264261 -0.100315 -0.161457  0.998439
   37.2722  0.0632427   0.153756 -0.0338829 -0.0918919  -0.159993   0.988673
   37.2778  0.0733627    0.11008 -0.0413398 -0.083469 -0.158528  0.978908
   37.2819  0.0712322   0.100492 -0.0493293 -0.0832249  -0.150105   0.979884
   37.2878  0.0691016   0.090905 -0.0573188 -0.0829807  -0.141682   0.980861
   37.2923  0.0760259   0.103156 -0.0631777 -0.0878635  -0.137654   0.988551
   37.2975   0.088809   0.133516 -0.0738304 -0.100681 -0.129475   1.00283
   37.3021   0.101592     0.1708 -0.0770261 -0.109958 -0.121662   1.01431
   37.3079   0.114375   0.199029 -0.0780914 -0.111423 -0.110798   1.01687
    37.312   0.138344   0.212878 -0.0589166  -0.111423 -0.0977366    1.00064
   37.3178   0.156453   0.217671 -0.0370787  -0.102756 -0.0918773   0.981837
   37.3218   0.183085   0.191572 -0.0386766 -0.0865208 -0.0957835     0.9761
   37.3278   0.209717   0.165474 -0.0402745 -0.0739475  -0.102986   0.973659
   37.3319   0.221967   0.148429 -0.0456008 -0.0628391  -0.111286   0.977931
   37.3378   0.240609   0.117004 -0.0706346 -0.0524632  -0.117146   0.990626
   37.3421  0.266176 0.0813176 -0.120169 -0.048801 -0.113728   0.99673
   37.3478   0.28535 0.0600123 -0.149997 -0.0530735  -0.103352   0.988551
   37.3519  0.292275 0.0408376 -0.151062 -0.0564915  -0.098347   0.968288
   37.3578   0.302395 -0.0156215  -0.153725 -0.0514866  -0.102742   0.955104
   37.3621   0.314112 -0.0933858  -0.157454 -0.0483128  -0.110676   0.953761
   37.3678   0.33382 -0.175944  -0.15479 -0.0461155  -0.123616   0.958644
   37.3721  0.348734 -0.264361 -0.147334 -0.040134 -0.139363  0.969264
   37.3778  0.364713 -0.351712 -0.144138 -0.0380589  -0.147175   0.971828
   37.3822  0.393475 -0.427879 -0.146801 -0.0390354  -0.145344   0.966701
   37.3876    0.4249 -0.489132 -0.155856 -0.0368382  -0.143147   0.961452
    37.392  0.463782 -0.524285 -0.184085 -0.0168186   -0.14449    0.96963
   37.3978   0.51385 -0.535471 -0.246936 0.00124779   -0.14095   0.990748
   37.4018  0.559123 -0.535471 -0.290612 -0.0168186  -0.133992    0.99966
   37.4078  0.589483 -0.525883 -0.278894 -0.0479465  -0.134602    1.00601
    37.412  0.618245 -0.499252 -0.242142 -0.062595 -0.132893   1.02468
   37.4178  0.672574 -0.442793 -0.225098 -0.0623508  -0.108357    1.03994
   37.4223  0.748208   -0.3613 -0.237881 -0.0621067 -0.0795482    1.03421
   37.4278  0.820646 -0.283535 -0.243207 -0.0646702 -0.0680735    1.02151
   37.4319  0.879235 -0.228142 -0.235218 -0.0685764 -0.0642894     1.0176
   37.4378  0.925042 -0.194053 -0.229892 -0.0741917  -0.056721    1.02041
   37.4419  0.964456 -0.177009 -0.230957 -0.0806614  -0.053303    1.01968
   37.4478  0.974576 -0.177542 -0.224033 -0.0839573 -0.0540355    1.01004
   37.4521  0.948477 -0.195651 -0.200597   -0.08176 -0.0434153   0.997707
   37.4578  0.902138 -0.225479 -0.178226 -0.0756565 -0.0221751   0.983668
   37.4621  0.831298 -0.264893 -0.182487  -0.0772434 -0.00142316    0.967311
   37.4678  0.699738 -0.316559 -0.176628  -0.0942112 -0.00972394    0.936915
   37.4723  0.507458 -0.374616 -0.124963 -0.0981174 -0.0199778   0.929469
   37.4776   0.318906  -0.420955 -0.0807546 -0.0876194 -0.0070384   0.955226
    37.482   0.168171  -0.448119 -0.0738303 -0.0807835 0.00333758   0.971828
   37.4878  0.0637753  -0.468359 -0.0871462 -0.0760227  0.0101735   0.975001
   37.4921 0.00678368  -0.497121   -0.11431 -0.074802 0.0113942  0.967311
   37.4978 -0.0171848  -0.542927  -0.135616 -0.0738255 0.00370379   0.957179
    37.502 -0.0203806  -0.596723  -0.150529 -0.0624729 0.00468035   0.964503
   37.5076 -0.0193153   -0.63454  -0.180357 -0.0627171 0.00175067   0.981715
   37.5121 -0.0470122  -0.635605  -0.189944 -0.0756565 -0.0158275   0.997218
   37.5178 -0.0901554  -0.592995  -0.158519 -0.0708958 -0.0252269    1.02713
    37.522 -0.096547 -0.512567 -0.120169 -0.0531956 -0.0266917    1.05642
   37.5278  -0.054469  -0.423085 -0.0977988 -0.0501438 -0.0257152    1.04458
   37.5323 -0.00653213   -0.345853  -0.0791567 -0.0509983 -0.0230296    1.02676
   37.5378 0.0200995 -0.261165 -0.054123 -0.0441624 -0.0214427    1.03018
   37.5419  0.0286216  -0.166356 -0.0344156 -0.0419651 -0.0183909    1.03091
   37.5478  0.0206321 -0.0875268 -0.0237629 -0.0468479 -0.0169261    1.02859
   37.5521  0.0105121 -0.0390573  -0.028024  -0.0494114 -0.00984601     1.02505
   37.5578 0.00997947 -0.0257415 -0.0418724 -0.0560032 -0.0109446    1.00076
    37.562 -0.00493423  -0.0363941  -0.0264261 -0.0622288  -0.022053   0.975123
   37.5678  -0.0209132  -0.0454489 -0.00139237 -0.0461155 -0.0148509   0.981349
   37.5722  -0.0123911  -0.0443836 -0.00139237  -0.038303 -0.0108226   0.988917
   37.5778 -0.00813002  -0.0390573   0.0012708  -0.045261 -0.0174144   0.997218
    37.582 -0.0118585 -0.0342636  0.0113908 -0.0552708  -0.020222    1.00943
   37.5878 -0.00813002  -0.0358615   0.0145866 -0.0583225 -0.0138743    1.01614
    37.592 0.00518578  -0.043851 0.00180343  -0.0569798 -0.00886945      1.0093
   37.5978     0.01211  -0.0619605 -0.00725132 -0.0579563 -0.0116771   0.988185
   37.6019    0.0153058   -0.0896573 -0.000327099  -0.0497776 -0.00972394    0.976222
   37.6079  0.0227626  -0.120017 0.00926028 -0.0444065 -0.0108226   0.972438
   37.6119 0.0270237 -0.153573 0.0113908 -0.0440403 -0.0124095   0.982326
   37.6178  0.0355458  -0.180737 0.00446659 -0.0463596 -0.0111888    1.00076
    37.622  0.0344806  -0.189792 0.00233606 -0.0528294 -0.0122874    1.00979
   37.6278  0.0190342  -0.183933 0.00446659  -0.053928 -0.0109446    1.00833
   37.6319 0.00944684  -0.167422 0.00446659  -0.0466038 -0.00703839     1.00173
   37.6378 0.00252262  -0.143986 0.00233606  -0.0380589 -0.00532941    0.993922
   37.6422 -0.00759739   -0.126942  0.00233606  -0.0336643 -0.00777082    0.988429
   37.6479 -0.034229 -0.155171 0.0305656 -0.0483128 -0.0208323   0.968654
   37.6519 -0.0597954  -0.227076  0.0651867 -0.0564915 -0.0204661   0.977565
   37.6578 -0.0486101  -0.274481  0.0486751  -0.0466038 -0.00606183     1.01211
   37.6621 -0.0384901  -0.275013  0.0209782  -0.0440403 -0.00532941     1.01077
   37.6678 -0.0608606  -0.234533  0.0145866   -0.033054 -0.00410871     1.00759
   37.6721 -0.0922859  -0.160497 0.00606449  -0.0215794 -0.00398664     1.00955
   37.6778  -0.113059 -0.0907226  0.0119234 -0.0213352 -0.0105784     1.0043
   37.6821  -0.127972 -0.0475794  0.0236414 -0.0270725 -0.0147288    1.00735
   37.6878  -0.134364 -0.0310678  0.0295003 -0.0411106 -0.0221751     1.0126
   37.6921  -0.125842 -0.0326657  0.0428161 -0.0470921 -0.0247386     1.0148
   37.6978  -0.108798 -0.0347962  0.0454793 -0.0441624 -0.0192454    1.01174
   37.7021 -0.0976122 -0.0284046   0.034294 -0.0336643 -0.0122874    1.00015
   37.7078 -0.101341 -0.022013  0.024174   -0.027927 -0.00642804    0.984645
   37.7119  -0.132766 -0.0252088  0.0231087  -0.0278049 -0.00789289    0.975123
   37.7178   -0.18816 -0.0294699  0.0300329 -0.0295139 -0.0135081   0.989162
    37.722  -0.233966 -0.0252088  0.0412182 -0.0376926 -0.0203441    1.00857
   37.7278 -0.263793 -0.011893 0.0540014 -0.0407444 -0.0273021    1.01858
   37.7319 -0.273914 0.0163365 0.0635888 -0.0345188 -0.0291331    1.01931
   37.7378 -0.257935 0.0520228 0.0715782 -0.0300022 -0.0238841    1.00735
   37.7421 -0.239825 0.0743934 0.0699804 -0.0312229 -0.0186351    0.99026
   37.7478 -0.239292  0.074926 0.0667846 -0.0341526 -0.0186351   0.982204
   37.7521 -0.254206 0.0589471 0.0721109 -0.0378147 -0.0216868   0.990382
   37.7578 -0.277642 0.0381744 0.0689151 -0.0387913 -0.0251048    1.00491
    37.762 -0.300545 0.0152712 0.0550667 -0.0425755 -0.0308421    1.00918
   37.7678   -0.315991 -0.00869724   0.0518709 -0.0395237  -0.032429   0.999782
   37.7724   -0.32984 -0.0209478  0.0561319 -0.0351292 -0.0301097   0.989284
   37.7776  -0.348482 -0.0166867  0.0625235  -0.034885 -0.0294993    0.98379
    37.782  -0.369787 0.00781436  0.0854267 -0.0342747 -0.0353587   0.993068
   37.7878 -0.409202 0.0568165  0.112591 -0.0314671 -0.0401195    1.01211
   37.7919 -0.460867  0.110612  0.126972 -0.0287815 -0.0401195     1.0231
   37.7978 -0.509337  0.135646  0.131233 -0.0325657 -0.0439036    1.01516
   37.8022 -0.550882  0.127657  0.117917 -0.0403782 -0.0418284    1.00332
   37.8076 -0.594558  0.090905  0.104601 -0.0451389  -0.039387    0.98025
    37.812 -0.645691 0.0280544  0.108863 -0.0457493 -0.0373118   0.960109
   37.8178  -0.679779 -0.0358615   0.108863 -0.0458714  -0.037556   0.973048
    37.822  -0.699487 -0.0816679  0.0960793 -0.0431858 -0.0496409   0.991969
   37.8278 -0.713335 -0.105104 0.0886225 -0.0390354 -0.0634349    1.00564
   37.8321 -0.714933 -0.113093 0.0928835 -0.0380589 -0.0725901    1.01089
   37.8378 -0.704813 -0.114691 0.0976772 -0.0398899 -0.0729564    1.00173
    37.842 -0.680845 -0.115224 0.0971446 -0.0423313 -0.0675853   0.989894
   37.8478 -0.640897 -0.118419 0.0912856 -0.0426975 -0.0644114   0.984767
   37.8521 -0.594558 -0.123213 0.0801004 -0.0389133 -0.0697825   0.989284
   37.8578 -0.549284 -0.126409 0.0641214 -0.0326878 -0.0808909    1.00296
   37.8621 -0.493891 -0.125344 0.0571972 -0.0282932 -0.0907786     1.0148
   37.8678 -0.435301 -0.117887 0.0540014 -0.0287815 -0.0957835    1.01467
   37.8722 -0.375114 -0.104038 0.0476098 -0.0334202 -0.0938304     1.0032
   37.8778  -0.303741 -0.0848636  0.0412182 -0.0380589 -0.0880931   0.987697
   37.8819  -0.228107 -0.0619605  0.0247066 -0.0385471 -0.0830882   0.978908
   37.8878    -0.1578 -0.0427857  0.0119234 -0.0336643   -0.08614   0.982326
   37.8922 -0.0912207 -0.0294699  0.0129887 -0.0273167 -0.0941966   0.996242
   37.8976 -0.0273048  -0.011893 0.00979291 -0.0241428  -0.100788    1.01174
    37.902  0.0334153 0.00781436 0.00233606 -0.0252415  -0.103474    1.01431
   37.9078 0.0914722 0.0221954 -0.001925 -0.0326878 -0.0985911    1.00442
    37.912   0.13142 0.0360439 0.0028687 -0.0525852   -0.09322   0.976466
   37.9178  0.139409 0.0269891 0.0108582 -0.0516087 -0.0901683   0.972682
   37.9219    0.120767 -0.00283828  0.00926028 -0.0340305 -0.0833323   0.989406
   37.9278  0.0850806 -0.0214804 0.00393395 -0.0315891 -0.0808909   0.998073
    37.932  0.0376763 -0.0417204  0.0135213 -0.0309788 -0.0902903    1.01321
   37.9378 -0.0113258 -0.0529057   0.024174 -0.0298801 -0.0960276    1.01345
    37.942 -0.0480774 -0.0331983   0.014054 -0.0307346 -0.0926097   0.999171
   37.9478  -0.0736438 -0.00869724  0.00819502 -0.0339085 -0.0880931    0.97903
    37.952 -0.0869596 0.00248804  0.0204456 -0.034885 -0.084553  0.973414
   37.9578 -0.0885575  0.0110102   0.028435 -0.0318333  -0.084553   0.987697
   37.9621 -0.0848291  0.0205975  0.0236414 -0.0284153 -0.0889476    1.00735
   37.9678 -0.0661869  0.0301849   0.018315 -0.0265842 -0.0948069    1.02163
   37.9722 -0.0416859  0.0456313 0.00979291 -0.0278049 -0.0973704    1.02017
   37.9778 -0.0118584  0.0653386 0.00286869 -0.0320774 -0.0952952    1.00247
   37.9822   0.028089  0.0813176 0.00393396 -0.0368382 -0.0898021    0.97964
   37.9878   0.0632427   0.0887745 -0.00245763 -0.0398899 -0.0840648   0.971705
    37.992   0.0962659   0.0877092 -0.00884921 -0.0390354 -0.0824778   0.980006
   37.9978   0.130354  0.0839808 -0.0104471 -0.0356174 -0.0855296    0.99673
   38.0019   0.156986  0.0813176 -0.0173713 -0.0346409 -0.0918773    1.01162
   38.0078  0.174563 0.0802523 -0.022165 -0.0362278 -0.0961497    1.01162
    38.012    0.18415  0.0786544 -0.0210998 -0.0381809 -0.0948069   0.998683
   38.0179  0.184683 0.0733281 -0.017904 -0.0391575 -0.0883372   0.982692
   38.0222   0.183085  0.0642734 -0.0157734 -0.0381809 -0.0788157   0.977077
   38.0278   0.175628  0.0514902 -0.0210998 -0.0376926 -0.0735667   0.984523
   38.0322   0.153258  0.0328481 -0.0317524 -0.0381809 -0.0756419   0.995998
   38.0378   0.124495  0.0126081 -0.0306871 -0.0389133 -0.0821116    1.00637
    38.042    0.0914722 -0.000175121   -0.0216324  -0.040012 -0.0856517    1.00747
   38.0478   0.0557858 -0.00709934  -0.0173713  -0.040134 -0.0838206   0.996364
    38.052  0.0211647 -0.0124257 -0.0157734 -0.0390354 -0.0789378   0.981227
   38.0578  -0.0129237  -0.0241436 -0.00831658 -0.0428196 -0.0764964   0.969752
   38.0621 -0.0390227 -0.0417204 -0.0035229 -0.0450169 -0.0739329   0.978419
   38.0678  -0.0555343  -0.0550362 -0.00991448 -0.0408665 -0.0747874   0.998317
   38.0724 -0.0789701 -0.0678194 -0.0109797 -0.0387913 -0.0840648    1.01126
   38.0776  -0.0981449   -0.074211 -0.00884921 -0.0362278 -0.0874827    1.01919
    38.082  -0.100275 -0.0672868 -0.0104471 -0.0341526 -0.0855296    1.00881
   38.0879  -0.0976122  -0.0571668 -0.00618606 -0.0353733 -0.0824778   0.986964
   38.0921 -0.0890901 -0.0475794 -0.0035229 -0.0364719 -0.0769847    0.97671
   38.0977  -0.0747091  -0.0390573 -0.00618606 -0.0373264 -0.0755198   0.980372
   38.1021  -0.0592627  -0.0363941 -0.00671869 -0.0381809 -0.0802806    0.99258
   38.1077  -0.0470122  -0.0369267 -0.00618605 -0.0374485 -0.0874827    1.00772
   38.1121   -0.040088  -0.0342636 -0.00831658 -0.0362278 -0.0927318    1.01235
   38.1178 -0.0320985 -0.0289373 -0.0104471 -0.0356174 -0.0926097    1.00369
    38.122  -0.0187827  -0.0188172 -0.00458816 -0.0324436 -0.0898021   0.992824
   38.1278 -0.000140541  -0.00177302   0.00393395 -0.0321995 -0.0829661   0.981471
   38.1324   0.0200995   0.0110102 0.000205532 -0.0358616 -0.0780833   0.984645
   38.1378   0.0312848   0.0136733 -0.00938185 -0.0351292 -0.0800364   0.999293
   38.1419 0.0227626 0.0131407 -0.012045 -0.0342747 -0.0835765    1.00759
   38.1478 -0.00386897  0.00887963  -0.0109797 -0.0364719   -0.08614    1.00967
   38.1521  -0.0411532 -0.00283828 -0.00565342 -0.0380589 -0.0860179   0.998927
   38.1578 -0.0928186 -0.0145562  0.0124561 -0.0375706 -0.0855296   0.981105
   38.1619  -0.159398 -0.0161541  0.0396203 -0.0379368 -0.0824778   0.974391
   38.1678  -0.223846 -0.0134909  0.0582624 -0.0385471 -0.0779612    0.98379
   38.1723  -0.278175 -0.0198825  0.0689151 -0.0357395 -0.0794261   0.996242
   38.1779  -0.323448 -0.0363941  0.0832962 -0.0329319 -0.0887034    1.00674
   38.1819 -0.359667 -0.053971 0.0944814  -0.033176 -0.0959056    1.01077
   38.1878 -0.381505 -0.064091 0.0998078 -0.0351292 -0.0935862    1.00222
   38.1923  -0.384701 -0.0614278  0.0987425 -0.0386692 -0.0880931   0.988917
   38.1975  -0.385766 -0.0491773  0.0960793 -0.0395237  -0.086262   0.978786
    38.202  -0.396952 -0.0342636   0.110993 -0.0346409 -0.0895579   0.981471
   38.2078  -0.417724 -0.0166867   0.133364 -0.0281712 -0.0974925   0.996486
   38.2121  -0.451813 -0.0198825   0.188757 -0.0337864  -0.104939    1.00576
   38.2181 -0.521588 -0.104038   0.40181 -0.0523411  -0.112507   0.990871
    38.222 -0.637701 -0.287797  0.799154 -0.0541721  -0.120808   0.973292
   38.2278 -0.726651 -0.468892   1.19383 -0.0407444  -0.112751   0.976588
   38.2322 -0.726651 -0.524285   1.40209 -0.0158421  -0.101033   0.993556
   38.2377 -0.657941 -0.438531   1.41914 -0.0116917  -0.107991    1.00137
   38.2421   -0.5626 -0.255839   1.35309 -0.0228001  -0.135701    1.01577
   38.2478 -0.482705 -0.048112   1.26734 -0.0237766  -0.171955    1.02883
   38.2521 -0.425714  0.138309   1.14963 -0.040012 -0.184895   1.02542
   38.2578 -0.384168  0.289044   1.00901 -0.0542942  -0.170368     1.0104
   38.2621 -0.357537  0.391842  0.873722 -0.0531956  -0.146809   0.987453
   38.2678 -0.350613   0.47227  0.745358 -0.0514866  -0.132527   0.981349
   38.2721 -0.359667  0.543642  0.626581 -0.0373264   -0.12862   0.995509
   38.2778 -0.38044  0.59371 0.540827 -0.0186497  -0.127156    1.00601
   38.2821 -0.416126   0.61608  0.494488 -0.0129124  -0.123493    1.01052
   38.2879 -0.448617  0.630461  0.485966 -0.0147434  -0.125202    1.01748
   38.2919 -0.466194   0.66668  0.498749 -0.0341526  -0.133869    1.01455
   38.2978 -0.466194  0.734857   0.50088 -0.0550266  -0.142414    1.00943
   38.3021 -0.452878  0.829666  0.494488 -0.0627171  -0.156941    1.00491
   38.3078 -0.447552  0.936725  0.487564 -0.0606419  -0.180989    1.00601
   38.3121 -0.468324   1.04432  0.465194 -0.050388 -0.202351   1.01333
   38.3178 -0.502413   1.15404  0.435366 -0.0569798  -0.202107    1.03714
   38.3221 -0.54023  1.24778 0.417257 -0.0768772  -0.205281    1.04666
   38.3278 -0.606809    1.3101  0.405006 -0.0878635  -0.212849    1.02175
   38.3318 -0.689367   1.34366  0.410865 -0.0929905  -0.199787   0.997096
   38.3378 -0.766598   1.34259  0.434301 -0.0905491  -0.190266   0.974025
   38.3419 -0.852885   1.31809  0.463596 -0.0951878   -0.19466   0.957667
   38.3478 -0.937041   1.30371  0.477977 -0.120823 -0.188313  0.975734
   38.3521 -0.986575   1.30903  0.471585 -0.142429 -0.174763   1.00564
   38.3578 -1.00841  1.32608 0.467857 -0.145237 -0.176106   1.00527
    38.362 -1.03504  1.35484 0.467857 -0.139988 -0.182453  0.990138
   38.3678 -1.07073  1.38467 0.480107 -0.129245 -0.187214  0.977809
   38.3724 -1.10642  1.41237 0.508337 -0.118869 -0.200276  0.968165
   38.3778 -1.14423  1.44379 0.539762 -0.116428 -0.217732  0.980372
   38.3822 -1.20549  1.46456 0.570122 -0.125705 -0.243977   1.00637
   38.3878 -1.31414   1.4603 0.585036 -0.131565 -0.286335   1.00735
    38.392 -1.46541  1.44752 0.557871 -0.130588 -0.311726  0.995387
   38.3978 -1.61135  1.44645 0.503543 -0.127781 -0.301594  0.997707
   38.4021  -1.7051  1.45977 0.459335 -0.114597 -0.282795    1.0115
   38.4078 -1.73812  1.48054 0.424713 -0.0906712  -0.272908     1.0364
   38.4119 -1.71362  1.50238 0.391158 -0.0671116  -0.279377    1.06094
   38.4178 -1.65609  1.52741 0.358134 -0.0544163  -0.296589    1.07827
   38.4221  -1.5975  1.55298 0.324579 -0.0613743  -0.310261    1.09182
   38.4279 -1.54904  1.57269 0.299545 -0.0900608  -0.315754    1.09744
   38.4318 -1.51282  1.59133 0.289425 -0.128513 -0.315754   1.09451
   38.4376 -1.49258   1.6121 0.294219 -0.170749 -0.316487   1.08511
    38.442 -1.48938  1.63128 0.315524 -0.202488 -0.327717    1.0784
   38.4478 -1.49258  1.64726 0.347482 -0.218479 -0.351155   1.08108
   38.4521 -1.49417  1.65897 0.377842 -0.225925 -0.376301   1.09622
   38.4578 -1.47713  1.66324 0.400212 -0.232273 -0.394978    1.1199
   38.4621 -1.41641   1.6659 0.426311 -0.257175  -0.40157   1.13345
   38.4678 -1.31841  1.67016   0.4604 -0.292331 -0.402058    1.1293
   38.4722 -1.18791  1.66537 0.494488 -0.303928 -0.403645   1.13308
   38.4779 -1.00202  1.62489 0.525914 -0.296115 -0.397908   1.16275
   38.4819 -0.755413   1.52582  0.555208 -0.278904 -0.387409   1.21182
   38.4878 -0.454476    1.3607  0.566926 -0.229465 -0.379475   1.28762
   38.4922 -0.104004   1.12421  0.529109 -0.125583 -0.369343   1.38235
   38.4978 0.282687 0.761489 0.427377 0.0483669 -0.333699   1.52273
   38.5021 0.691749 0.227791  0.29049 0.117703 -0.26656  1.66177
   38.5079   1.09921 -0.310167  0.153604 -0.0238987  -0.206745    1.64492
   38.5119   1.48963 -0.703782 0.0769046 -0.160251  -0.20699    1.5397
   38.5178  1.87473 -1.00792 0.054534 -0.181003 -0.269734    1.4656
    38.522    2.25023   -1.24121 0.00446659 -0.184665 -0.323689   1.40066
   38.5278   2.59857  -1.36691 -0.064243 -0.222019 -0.336872   1.33523
   38.5322    2.9091  -1.39461 -0.113778 -0.259983 -0.336262   1.26199
   38.5378   3.15624  -1.36584 -0.142007 -0.279392 -0.338093   1.17984
    38.542   3.31017  -1.31258 -0.159052 -0.282688  -0.34676   1.09317
   38.5478   3.36077  -1.24281 -0.177694 -0.279392 -0.356404    1.0082
    38.552   3.31922  -1.15652 -0.200064 -0.279636 -0.353962  0.939845
   38.5578   3.19885  -1.05638 -0.216576 -0.285251 -0.339558  0.891505
    38.562   3.00976 -0.947195 -0.219772 -0.291721 -0.321492  0.855983
   38.5678   2.77221 -0.837473 -0.207521 -0.294162 -0.299275  0.826564
   38.5723   2.50802 -0.729881 -0.188879  -0.28989 -0.271199  0.801539
   38.5779   2.24544 -0.620159 -0.166508 -0.279514 -0.241658  0.784205
   38.5819   2.00149 -0.504578 -0.148931 -0.268161 -0.213581  0.778224
   38.5878   1.77992 -0.382605 -0.139877 -0.259006 -0.190388  0.784205
   38.5922   1.58231 -0.256904 -0.128691 -0.251926 -0.173909   0.79629
   38.5978   1.39589 -0.134398  -0.11218  -0.24863 -0.161091  0.805934
   38.6021       1.21 -0.0188172 -0.0892767 -0.246189 -0.146687   0.80862
   38.6078    1.01932  0.0845134 -0.0663735 -0.240085 -0.128987  0.805202
   38.6122   0.830233   0.169202 -0.0413398 -0.231418 -0.112629  0.799342
   38.6175  0.643279  0.236846 -0.017904 -0.219089 -0.104206  0.800807
   38.6221     0.45526    0.286914 -0.00618606 -0.206272 -0.102742  0.817409
   38.6278   0.285883   0.323665 0.00340133  -0.198581 -0.0982249   0.850978
   38.6321   0.143138   0.351895 0.00872765  -0.195774 -0.0871165   0.893703
   38.6378  0.0408721     0.3732 0.00340133  -0.196506 -0.0725901   0.931544
   38.6424 -0.00919529    0.394505  -0.0131103  -0.194919 -0.0552562   0.961452
   38.6477 -0.0123911   0.414745  -0.048264  -0.186496 -0.0364573   0.985866
   38.6519  0.0350132    0.42167 -0.0892767 -0.173435 -0.022053   1.00906
   38.6578  0.117039  0.404093 -0.131355  -0.161838 -0.0153392    1.03579
    38.662  0.224098  0.354558 -0.184618  -0.156711 -0.0117991    1.06277
   38.6679  0.357788  0.276261 -0.239479   -0.157932 -0.00996808     1.08035
   38.6723  0.494142  0.182518 -0.298069   -0.164646 -0.00777082      1.0823
   38.6776  0.619311 0.0839808 -0.360386  -0.175876 0.00114032    1.07278
   38.6821   0.745545 -0.0140236  -0.415248 -0.184787 0.0104177   1.05667
   38.6878  0.872311 -0.106169 -0.463185 -0.187107 0.0126149   1.04031
    38.692  0.980435 -0.186596 -0.508991  -0.188449 0.00809832    1.03115
   38.6978   1.07897 -0.256371 -0.548406   -0.19553 0.00223895    1.03018
   38.7022   1.17059 -0.318689 -0.584625   -0.207981 0.000774105     1.03128
   38.7077   1.24782 -0.377811 -0.620311 -0.220432   0.00407   1.02664
    38.712   1.32079 -0.441195 -0.649606 -0.227268 0.0101735   1.01309
   38.7178    1.3847 -0.509372 -0.677303 -0.229343 0.0159108  0.990748
    38.722    1.4385 -0.575418 -0.698608 -0.229831 0.0193288  0.968043
   38.7278   1.47259 -0.634007 -0.715652 -0.229343 0.0174977  0.951808
   38.7321   1.48644 -0.684075 -0.724174 -0.231174 0.0133473  0.942409
   38.7377   1.47365 -0.724555 -0.725772 -0.234714  0.012737  0.937038
    38.742   1.44063 -0.757578 -0.727903 -0.237278 0.0176198  0.929103
   38.7478   1.40335 -0.787406 -0.730033 -0.235202 0.0257985  0.915187
   38.7521   1.35488 -0.810841 -0.735892 -0.231296 0.0351979  0.899196
   38.7578   1.30534 -0.831081 -0.736957 -0.228244 0.0415456  0.890651
   38.7619   1.26273 -0.857713 -0.733762 -0.224948 0.0403249  0.893336
   38.7678   1.22119 -0.888073 -0.731631 -0.225803 0.0359304   0.89883
   38.7723   1.17272 -0.910976 -0.733229 -0.231907 0.0310475  0.897487
   38.7779   1.12105 -0.912574 -0.739088 -0.239719 0.0279958   0.88174
   38.7819   1.06299 -0.883812 -0.746012 -0.245456 0.0294606  0.852565
   38.7878  0.992153 -0.825222  -0.75773 -0.246189 0.0316579   0.81985
   38.7923  0.921313 -0.741067  -0.76572 -0.243137 0.0292165  0.791164
   38.7976  0.841951 -0.631877 -0.773709 -0.241184 0.0217702  0.774074
    38.802  0.747142 -0.502447 -0.783296 -0.243747 0.0149343  0.771266
   38.8078  0.650203 -0.367159 -0.782231 -0.248996 0.0135915  0.779567
   38.8122   0.55433 -0.237196  -0.77584 -0.252414 0.0172536  0.791774
   38.8178   0.46325 -0.120017 -0.763056  -0.25217 0.0226247   0.79983
   38.8221   0.380159 -0.0230783  -0.740153 -0.246067 0.0260427   0.80215
   38.8279  0.303992 0.0530881 -0.712456 -0.234836 0.0262868  0.805934
   38.8319   0.23262  0.113808 -0.689021 -0.225437 0.0246999  0.817531
   38.8378 0.173498 0.158549 -0.66665 -0.224216  0.021404  0.837062
   38.8421  0.128756  0.188377 -0.643747 -0.228855 0.0184743  0.859279
   38.8478 0.0983964  0.204356 -0.628833 -0.233371 0.0193288  0.874904
    38.852 0.0930701   0.20329 -0.620311 -0.235935 0.0233571  0.878566
   38.8578  0.101592  0.193703 -0.614985 -0.236057 0.0250661  0.870387
   38.8618  0.113843   0.18305 -0.612854 -0.233371  0.019695  0.860255
   38.8679   0.13142  0.169735 -0.615517  -0.230198 0.00980731   0.859889
   38.8722 0.150062 0.156951 -0.62617    -0.232517 -0.000202457     0.868068
   38.8778  0.170834  0.150027 -0.641084   -0.243137 -0.00630597     0.87881
   38.8822  0.19427 0.149495 -0.65653   -0.257297 -0.00545148    0.886134
   38.8879  0.226761  0.147897 -0.664519   -0.267795 -0.00105695    0.887843
   38.8919  0.266176  0.138309 -0.673042   -0.270481 0.000529964    0.886989
   38.8978  0.310384  0.118602 -0.685292   -0.268161 0.000529964    0.887111
   38.9019  0.357256 0.0898397 -0.692749    -0.266086 -0.000812809     0.892116
   38.9078  0.398268 0.0530881 -0.695412  -0.266452 -0.0094798   0.899928
   38.9122  0.426498 0.0110102 -0.692749  -0.268772 -0.0211986   0.904811
   38.9178   0.436618 -0.0326657  -0.691684  -0.272922 -0.0252269   0.904811
    38.922   0.443009 -0.0763415   -0.68689  -0.277073 -0.0204661   0.898341
   38.9278  0.450999 -0.117887 -0.671976   -0.27695 -0.0152171   0.886256
    38.932  0.451532 -0.156236  -0.65653  -0.271579 -0.0139964   0.876735
   38.9378  0.449934 -0.196184 -0.643214  -0.263034 -0.0159495   0.876857
   38.9423  0.453662  -0.24199 -0.630964  -0.258884 -0.0179027   0.886378
   38.9478  0.454195 -0.289927 -0.621376  -0.261814 -0.0181468   0.897487
   38.9521  0.454727 -0.336266 -0.609658 -0.267307 -0.014973  0.903102
   38.9578  0.459521 -0.380475 -0.595277   -0.272434 -0.00740461    0.903712
   38.9621   0.46325 -0.419889 -0.584092   -0.27219 0.00138446    0.90005
   38.9678  0.471772 -0.457174 -0.569711  -0.263523 0.00687762   0.896876
   38.9723  0.477631 -0.494458 -0.554797  -0.257297 0.00834246   0.899562
   38.9779  0.471239 -0.524285 -0.536155  -0.259006 0.00712176   0.906886
    38.982  0.452597 -0.544525 -0.511654  -0.260837 0.00553485    0.91714
   38.9878  0.436618 -0.559972 -0.497806 -0.262424 0.0111501  0.925685
    38.992  0.436618 -0.574353  -0.49461 -0.265598 0.0244557  0.929591
   38.9978  0.450466 -0.588734 -0.497806 -0.264621 0.0378835  0.926295
   39.0023  0.477631 -0.603647  -0.49674 -0.254612 0.0443532  0.916408
   39.0075  0.504795 -0.621224 -0.488751 -0.241794 0.0403249  0.909205
    39.012  0.511186 -0.637736 -0.483957 -0.236179  0.031902  0.909938
   39.0178   0.49574 -0.649986 -0.483425 -0.239841 0.0312917  0.916896
   39.0221  0.473902 -0.660106 -0.480761 -0.247898 0.0382497  0.920924
   39.0278  0.449934 -0.663302 -0.475435   -0.2551 0.0455739  0.915797
   39.0321  0.434487 -0.647856 -0.463185 -0.270847 0.0321462  0.928248
   39.0376  0.446738 -0.590864 -0.420041  -0.294773 -0.0136302   0.949977
   39.0419   0.44514 -0.504578 -0.371572  -0.316257 -0.0397532   0.942897
   39.0478  0.426498 -0.426281 -0.337483   -0.331028 -0.00777082    0.943996
   39.0522  0.441412 -0.360235 -0.312982 -0.329074 0.0101735  0.952418
   39.0578  0.461119 -0.305906 -0.290079 -0.326389 -0.016804   0.93777
   39.0621  0.478696  -0.25211 -0.257056  -0.326389 -0.0247386   0.929469
   39.0679  0.479761 -0.187662 -0.227228  -0.313572 -0.0269359   0.909938
   39.0722  0.416378 -0.126942 -0.199532  -0.296848 -0.0337718   0.878932
   39.0777   0.321037 -0.0837984  -0.169172  -0.287693 -0.0200999   0.877833
   39.0822   0.252327 -0.0523731  -0.133485   -0.285862 -0.00178937    0.901027
   39.0878   0.215576 -0.0241436   -0.10419 -0.283786 0.0094411  0.919826
    39.092    0.189477 -0.00337091  -0.0780914 -0.276096 0.0178639   0.92007
   39.0975   0.157519 0.00142278 -0.0503945 -0.263157 0.0282399  0.906276
   39.1021   0.106386  -0.011893 -0.0376114  -0.25156 0.0410573  0.884547
   39.1079  0.0440679 -0.0289373 -0.0269587 -0.245823 0.0552175  0.863185
    39.112  -0.0305006  -0.0395899 -0.00938185 -0.239841 0.0633962  0.851222
   39.1178  -0.115722 -0.0459815 0.00499922 -0.23154 0.071697 0.855617
   39.1223  -0.199345 -0.0486447  0.0199129 -0.224338  0.083904  0.867946
   39.1278  -0.273914 -0.0470468  0.0358919 -0.217136 0.0953786  0.877833
   39.1321  -0.337297 -0.0374594  0.0497403 -0.211521  0.110027  0.885158
   39.1378   -0.38044 -0.0182846  0.0689151 -0.205173  0.124553   0.89004
    39.142  -0.403876 0.00461857  0.0912856 -0.193454  0.131878  0.896754
   39.1478 -0.428909 0.0269891  0.102471 -0.179905  0.132122  0.910548
   39.1524 -0.452878 0.0376418  0.112591 -0.170505  0.128826  0.928981
   39.1578 -0.485369 0.0307176  0.119515 -0.164646  0.124553   0.94839
   39.1621  -0.526381 0.00887963   0.115787 -0.160129  0.125164  0.964259
   39.1679 -0.547154 -0.022013  0.113656 -0.15842 0.134563 0.968288
   39.1724  -0.551948 -0.0529057    0.10833 -0.154148  0.144573  0.958766
   39.1777   -0.55035 -0.0806026   0.106732 -0.144748  0.145549  0.947536
   39.1819 -0.545023  -0.10031   0.12058 -0.136081  0.137859  0.947291
   39.1878  -0.55035 -0.110963  0.136027 -0.128513  0.126018  0.956325
   39.1921 -0.569524 -0.117887  0.142418 -0.12363 0.114666 0.966212
   39.1978 -0.594558 -0.122681  0.138157 -0.124118  0.108318  0.970973
    39.202 -0.617461 -0.125344   0.12058 -0.125095  0.109539  0.970851
   39.2078 -0.626516 -0.127474 0.0934162 -0.12302  0.11552 0.967921
   39.2122 -0.610537 -0.125344 0.0614582 -0.122409  0.117595  0.967189
   39.2177  -0.576981  -0.112561 0.00872765 -0.124363  0.111858  0.972316
   39.2221  -0.524783 -0.0827331 -0.0514598 -0.137912   0.10905  0.981227
   39.2278  -0.456606 -0.0459815  -0.078624 -0.158542  0.113323  0.990138
   39.2321  -0.385234 -0.0230783 -0.0834177 -0.166111  0.113201  0.987086
   39.2379  -0.325046 -0.0182846 -0.0892767 -0.162693   0.10783  0.970485
    39.242  -0.289892 -0.0241436  -0.100462 -0.159031   0.10551  0.951686
   39.2477  -0.274979 -0.0316004  -0.115376 -0.168064  0.110027  0.942164
   39.2518  -0.269652 -0.0252088  -0.118571 -0.199192  0.101238  0.933742
   39.2578  -0.265924 0.00887963  -0.100462 -0.236667 0.0918386  0.932887
   39.2622  -0.253141   0.070665 -0.0605145 -0.264988 0.0956227  0.943996
   39.2678 -0.227042  0.155353 -0.001925 -0.288303 0.0900075  0.948512
   39.2721 -0.200943  0.246434 0.0598603 -0.304416 0.0771901  0.956935
   39.2778 -0.179105  0.316741  0.118983 -0.309909 0.0698659  0.967311
   39.2821 -0.171648  0.349764  0.194084  -0.29758 0.0625417  0.970607
   39.2878 -0.200943  0.349764  0.273978 -0.267917 0.0384938   0.97256
    39.292   -0.259 0.331655 0.333633  -0.244358 0.00870867   0.985011
   39.2978 -0.320253  0.305556  0.365591   -0.239109 -0.00581769      1.0148
    39.302 -0.358602  0.268272   0.37944   -0.239475 -0.00581769     1.04434
   39.3076 -0.369787  0.217139  0.389027  -0.232395 -0.0016673    1.05801
   39.3119 -0.368189  0.153756   0.39169 -0.210544 0.0028493   1.05374
   39.3178 -0.374048 0.0738608  0.382636  -0.186252 0.00260516     1.0419
   39.3221  -0.403876 -0.0214804   0.370385   -0.168064 -0.00337629     1.03848
   39.3278 -0.436366 -0.129605  0.355471   -0.152805 -0.00886945     1.04446
   39.3323  -0.45128 -0.240925  0.331503   -0.146946 -0.00984601     1.04849
   39.3379 -0.448084  -0.34319  0.309665  -0.14719 -0.011555   1.04068
   39.3421 -0.412398 -0.407106  0.279305  -0.162693 -0.0218089    1.01272
   39.3479 -0.333568 -0.409769  0.225509 -0.185642 -0.022053   0.98733
   39.3518 -0.227575 -0.369289  0.163191   -0.197727 -0.00862531    0.981105
   39.3576   -0.1072 -0.302178  0.126439  -0.208835 0.00223895   0.980617
   39.3619   0.01211 -0.208967  0.123776   -0.22031 0.00846453   0.983302
   39.3679   0.108516 -0.0976468   0.137092  -0.223972 0.00980731   0.988307
   39.3723  0.178291 0.0104775  0.152006 -0.218479 0.0109059   0.98965
   39.3778 0.218771 0.107417 0.145614 -0.211032  0.016277  0.984035
   39.3822 0.237413 0.187844 0.119515 -0.198948 0.0240895  0.978297
   39.3877  0.253925  0.247499 0.0934162 -0.184543 0.0327565  0.974513
   39.3921 0.266708 0.285316 0.080633 -0.175144  0.040569  0.978175
   39.3979  0.274165  0.293838 0.0726435 -0.162693 0.0419118  0.992457
    39.402  0.284285  0.273065 0.0529361 -0.150974 0.0425222    1.0054
   39.4078 0.289611 0.229922 0.024174 -0.148899 0.0522878   1.00808
    39.412    0.290677    0.175061 -0.00725132 -0.154148 0.0687673     1.001
   39.4178   0.296003   0.119135 -0.0365461 -0.158908 0.0814626  0.987453
   39.4222   0.298134   0.064806 -0.0690367 -0.158054 0.0831716   0.97195
   39.4278   0.293872  0.0126081 -0.0988641 -0.153537 0.0756032  0.960841
   39.4319   0.284285 -0.0347962  -0.119104 -0.150608 0.0642507  0.956447
   39.4378   0.261915 -0.0790047   -0.14254 -0.151584 0.0549733  0.956691
   39.4421  0.233152  -0.12055 -0.168639 -0.156589 0.0539968  0.957545
   39.4478  0.212912 -0.154106 -0.187814 -0.160129 0.0599782  0.952907
   39.4522  0.193205 -0.174878 -0.208054 -0.155124 0.0635182    0.9407
   39.4579  0.162312 -0.182868 -0.232022 -0.144748 0.0565602  0.927638
   39.4619  0.122365 -0.186064 -0.257588 -0.137302 0.0478932  0.931178
   39.4679 0.0861459 -0.189792 -0.291677 -0.138279 0.0467946  0.950831
   39.4722 0.0579164 -0.191923 -0.324167 -0.143161 0.0459401  0.963527
   39.4778 0.0264911 -0.187662 -0.348669 -0.145725 0.0450856  0.960719
    39.482 -0.0166521  -0.173813  -0.374768 -0.143772 0.0498464   0.94839
   39.4878 -0.0741764  -0.158367  -0.401399 -0.137424 0.0511891  0.932521
   39.4921 -0.135962 -0.151443 -0.426433 -0.125217 0.0461843   0.92776
   39.4978 -0.187627 -0.161563 -0.455728 -0.115451 0.0415456  0.939235
   39.5021 -0.221716 -0.178074 -0.497806 -0.126072 0.0448415  0.961574
   39.5078 -0.225444 -0.175411 -0.534557 -0.153171 0.0515554  0.985255
   39.5122 -0.207334 -0.151975 -0.535623 -0.180271 0.0441091  0.992457
   39.5176 -0.188692 -0.116289 -0.519644 -0.202976 0.0380055  0.988185
   39.5219  -0.160995 -0.0694173  -0.502067 -0.222385 0.0493581  0.982081
   39.5278  -0.118918 -0.0129583  -0.468511 -0.235202 0.0593679  0.975368
   39.5321 -0.086427  0.044566 -0.429629 -0.236911  0.056194  0.974391
   39.5378 -0.0731112  0.0925029  -0.395008 -0.238742 0.0461843  0.981715
   39.5424 -0.0640564   0.129255  -0.354528 -0.246677 0.0384938  0.991481
   39.5476 -0.0629911   0.155353  -0.311917 -0.252414 0.0348317  0.994655
   39.5521 -0.0699154   0.169202  -0.269839 -0.254367 0.0314138  0.990504
   39.5579 -0.0768396   0.175594  -0.227228 -0.250339 0.0288503  0.982326
   39.5622 -0.0880249   0.177724  -0.195271 -0.240818 0.0254323  0.974513
   39.5679 -0.0992101   0.177191    -0.1729    -0.228 0.0176198  0.975368
   39.5721 -0.105069  0.173996 -0.157986  -0.214939 0.00687762   0.987453
   39.5778   -0.1072  0.166006 -0.157986   -0.206028 -0.00093488     1.00381
   39.5821 -0.101873  0.154288 -0.165976   -0.200901 -0.00105695     1.01077
   39.5878 -0.086427  0.139375 -0.169172 -0.195285   0.00407   1.00442
   39.5921 -0.0693827   0.121798  -0.178759  -0.186374 0.00907489   0.991359
   39.5979 -0.0528711    0.10209  -0.195271 -0.177951 0.0120046  0.976344
    39.602 -0.0368922  0.0813176  -0.208054 -0.173313 0.0101735  0.967921
   39.6078 -0.0315658  0.0589471  -0.226163  -0.173435 0.00553485    0.96902
   39.6123 -0.0358269  0.0365765  -0.242675 -0.181125   0.00407  0.971339
   39.6178 -0.0406206  0.0227281  -0.245871  -0.195285 0.00651141   0.967799
   39.6219 -0.0539364  0.0232607  -0.248534 -0.209568 0.0118825  0.956569
   39.6278 -0.0768396  0.0339133  -0.249066 -0.218601 0.0140798  0.941432
   39.6322 -0.0970796  0.0461639  -0.249066  -0.205906 0.00345965   0.943019
   39.6376 -0.105602  0.028587 -0.260784 -0.186496 -0.002888  0.980495
    39.642 -0.0997428 -0.0204151  -0.262915   -0.18552 0.00480243    1.00869
   39.6478 -0.0917533 -0.0736784  -0.250132 -0.187107 0.0195729   1.01382
   39.6522 -0.0944165  -0.133333  -0.226696 -0.181491 0.0378835   1.01773
   39.6579 -0.116787 -0.197782 -0.196336  -0.17258 0.0478932   1.00662
   39.6619 -0.158865 -0.255839 -0.171835 -0.159275 0.0493581  0.987819
   39.6679 -0.215857 -0.306971 -0.158519 -0.144382  0.045818  0.972194
   39.6723 -0.282968 -0.349582 -0.159584 -0.143894 0.0436208  0.964503
   39.6777 -0.336764 -0.338397 -0.145203 -0.191013 0.0742604  0.947902
    39.682  -0.347417  -0.222283 -0.0573188 -0.263401  0.145183   0.92715
   39.6879  -0.317057 -0.0316004   0.112591 -0.302951   0.19804  0.920924
   39.6922 -0.281903   0.15269  0.297414 -0.300754  0.182537  0.920924
   39.6979 -0.26912 0.277326  0.44229 -0.275364  0.118694  0.924708
    39.702 -0.278175  0.326861  0.528577 -0.243137 0.0489919  0.934962
   39.7078 -0.296284  0.310882  0.552545  -0.209568 -0.0131419   0.953273
   39.7122 -0.308002  0.249629  0.530707  -0.185764 -0.0569652   0.974025
   39.7179 -0.317057  0.171332  0.479575  -0.178318 -0.0783275   0.990382
   39.7219 -0.320253  0.102623  0.419387  -0.183811 -0.0835765   0.994411
   39.7278 -0.308002 0.0594797    0.3592  -0.196506 -0.0711253   0.985377
    39.732 -0.289892 0.0520228  0.295816  -0.211765 -0.0459788   0.969752
   39.7378 -0.262196 0.0797197  0.238825   -0.22678 -0.0205882   0.952785
    39.742 -0.216389  0.137777  0.193018   -0.243137 -0.00337629    0.939601
   39.7478 -0.160995  0.218737   0.15094 -0.257419 0.0028493    0.9313
   39.7523  -0.1072 0.307686 0.111526 -0.264377 0.0016286  0.923488
   39.7579 -0.0725785   0.392375  0.0774372   -0.254612 -0.00447492    0.904689
   39.7621 -0.0811006    0.46428  0.0374898   -0.225315 -0.00557355    0.873683
   39.7679   -0.132766    0.514348 -0.00618606 -0.198825 0.0135915  0.850246
   39.7725  -0.214259   0.538316 -0.0418724 -0.181247 0.0376393  0.852199
   39.7776  -0.311198   0.543642 -0.0802219 -0.157688 0.0416677  0.881251
    39.782  -0.39056  0.538849 -0.122833  -0.13718 0.0299489  0.926539
   39.7879 -0.433171  0.528729 -0.163313 -0.134861 0.0148122  0.971705
   39.7919  -0.44915  0.519674 -0.207521 -0.145969 0.0016286   1.00405
   39.7979 -0.436366   0.51488 -0.250132  -0.160984 -0.0061839    1.02322
   39.8021 -0.400147  0.523935 -0.293807  -0.176487 -0.0102122    1.03079
   39.8078 -0.358069   0.55323 -0.330026 -0.194431 -0.011555   1.03286
   39.8125 -0.311198   0.58359 -0.349734   -0.20322 -0.0192454    1.04055
   39.8176 -0.259532  0.596373 -0.376898 -0.201389 -0.030598   1.05691
    39.822 -0.209465  0.589449  -0.41578  -0.201999 -0.0327952    1.07217
   39.8278 -0.150875  0.566546 -0.442944  -0.209446 -0.0263255    1.07156
    39.832 -0.0901554   0.536186  -0.461587  -0.220554 -0.0141185    1.05435
   39.8378 -0.040088  0.501564 -0.471707   -0.222141 -0.00362043     1.02932
    39.842 0.00625105   0.455225   -0.46425   -0.206394 -0.00178937      1.0054
   39.8479 0.0467311  0.395571 -0.468511   -0.187961 -0.00752668    0.987819
   39.8521 0.0717648   0.33272 -0.495142  -0.184787 -0.0183909   0.973414
   39.8578  0.074428     0.272 -0.518046   -0.19321 -0.0286448   0.961818
   39.8622 0.0557858  0.216074 -0.532427  -0.205539 -0.0296214   0.956691
   39.8679 0.0286216  0.161745 -0.555863  -0.216648 -0.0252269   0.954127
   39.8721 0.00891421   0.110612  -0.586223  -0.239963 -0.0225413   0.945949
   39.8779 -0.0203806  0.0680018  -0.603267  -0.262302 -0.0258372   0.939723
   39.8821 -0.0624585  0.0349786  -0.601136  -0.267185 -0.0326732   0.949489
   39.8879 -0.0928186 0.00621647  -0.576635  -0.268772 -0.0354808   0.958888
    39.892  -0.117852 -0.0305352  -0.544677  -0.259128 -0.0487864   0.974147
   39.8978  -0.142886 -0.0401225   -0.51698  -0.246067 -0.0557445   0.997584
   39.9024  -0.162593 -0.0300025  -0.479163  -0.226535 -0.0525706    1.00088
   39.9075  -0.171648 -0.0316004  -0.456793  -0.210422 -0.0557445   0.995997
    39.912  -0.199878 -0.0326657  -0.458923  -0.199558 -0.0485423   0.985744
   39.9178  -0.243553 -0.0342636   -0.46425  -0.18967 -0.041096  0.976466
   39.9222  -0.277109 -0.0353288  -0.470109   -0.19553 -0.0408519   0.984401
   39.9277  -0.312796 -0.0331983   -0.47437  -0.200412 -0.0408519   0.991359
    39.932  -0.333036 -0.0246762  -0.471174  -0.216648 -0.0385325    1.00686
   39.9378   -0.333568 -0.00283828   -0.467978  -0.240207 -0.0316966    1.02188
   39.9422   -0.3096 0.0317828 -0.464782  -0.246067 -0.0238841    1.01675
   39.9478 -0.287762 0.0504249 -0.459989  -0.244602 -0.0205882    1.01211
    39.952  -0.24089 0.0743934 -0.478631  -0.234836 -0.0213206    1.00503
   39.9579 -0.176974  0.110612 -0.505795 -0.231907  -0.02718  0.997584
   39.9622 -0.151408  0.140972 -0.516448  -0.247287 -0.0360911   0.999049
   39.9679 -0.139158   0.18092 -0.518046  -0.264255 -0.0432933   0.998317
   39.9722 -0.130635  0.229922 -0.504197  -0.277561 -0.0478099   0.992335
   39.9779 -0.125842  0.257086 -0.490881  -0.282444 -0.0489085   0.988917
    39.982 -0.102939  0.303958 -0.469043  -0.280368 -0.0517161   0.978297
   39.9878 -0.0672522   0.366276  -0.434422  -0.274875 -0.0570872    0.96963
   39.9922 -0.0438164   0.390777  -0.410987 -0.268161  -0.06197  0.977443
   39.9976 -0.0331637   0.399832  -0.400334  -0.264865 -0.0642894   0.983302
    40.002 -0.0134563   0.403027  -0.380094  -0.263523 -0.0635569   0.991847
   40.0079 0.00625105   0.406223  -0.359854   -0.26218 -0.0628245    1.00039
    40.012 0.0371437  0.397701 -0.343875  -0.259983 -0.0568431   0.991115
   40.0178 0.0898743  0.384385 -0.319374  -0.256809 -0.0506175    0.97903
   40.0229  0.127691  0.375863 -0.303395  -0.256076 -0.0547679   0.976832
   40.0276   0.14367  0.372135 -0.295938  -0.256321 -0.0591624   0.977443
    40.032  0.166573  0.364678 -0.290079  -0.252781 -0.0679515   0.982326
   40.0378 0.189477 0.357221 -0.28422   -0.24924 -0.0767405   0.987208
    40.042  0.191074  0.350297 -0.291677  -0.253757 -0.0724681   0.983546
   40.0478  0.193738  0.340177 -0.302862  -0.259739 -0.0663646   0.972926
   40.0523  0.195868  0.331122 -0.309254  -0.262668 -0.0662425   0.960963
   40.0578  0.196933  0.325263 -0.311917  -0.264133 -0.0679515   0.955958
   40.0621  0.185215  0.308219 -0.313515  -0.264377 -0.0753978   0.956325
   40.0679  0.164975  0.279989 -0.316178  -0.264621 -0.0828441   0.956691
   40.0722  0.149529  0.256554 -0.316711  -0.269504 -0.0825999   0.960353
   40.0779  0.142605  0.244303 -0.316178  -0.274387 -0.0823558   0.964015
   40.0819  0.147399  0.212878 -0.311384  -0.270969 -0.0739329   0.957301
   40.0879  0.152192  0.181452 -0.306591  -0.267551 -0.0655101   0.950587
   40.0922  0.166041  0.146831 -0.295405  -0.260471 -0.0661204   0.951808
   40.0979 0.179889  0.11221 -0.28422  -0.253391 -0.0667308   0.953029
   40.1019  0.186813 0.0834481  -0.27197  -0.255832 -0.0691722   0.962062
   40.1078  0.195868 0.0498923 -0.249599  -0.258274 -0.0716136   0.971095
   40.1123  0.187879 0.0530881 -0.228826  -0.270237 -0.0750316   0.957789
   40.1176  0.177759 0.0610776 -0.218174  -0.282199 -0.0784495   0.944484
   40.1222 0.0904069 0.0855787 -0.197401   -0.27573 -0.0804026   0.936305
   40.1278 0.00305525    0.11008  -0.176628   -0.26926 -0.0823558   0.928126
   40.1321 -0.0550017   0.107949   -0.14467 -0.268161 -0.081013  0.947291
   40.1379 -0.113059  0.105819 -0.112713  -0.267063 -0.0796702   0.966456
    40.142  -0.135962  0.0946334 -0.0754282  -0.267307 -0.0739329   0.985744
   40.1477 -0.158865 0.0834481 -0.038144  -0.267551 -0.0681956    1.00503
   40.1519  -0.154071  0.0674692 -0.0131103   -0.26218 -0.0607493    1.00161
   40.1578 -0.149278 0.0514902 0.0119234 -0.256809 -0.053303  0.998195
   40.1623  -0.13756  0.028587 0.0172498  -0.247165 -0.0592845   0.994899
   40.1679  -0.125842 0.00568383  0.0225761  -0.237522 -0.0652659   0.991603
   40.1722  -0.135429 -0.0246762  0.0215108  -0.236057 -0.0732005   0.992702
   40.1778  -0.145017 -0.0550362  0.0204456  -0.234592 -0.0811351     0.9938
   40.1821  -0.162593 -0.0811352  0.0177824 -0.239963 -0.072346  0.992702
   40.1879  -0.18017 -0.107234 0.0151192  -0.245334 -0.0635569   0.991603
    40.192 -0.171115 -0.122681 0.0215108  -0.246677 -0.0594066   0.995021
   40.1979 -0.162061 -0.138127 0.0279024   -0.24802 -0.0552562   0.998439
    40.202 -0.160463 -0.155171 0.0374898  -0.246677 -0.0728343   0.998561
   40.2077 -0.158865 -0.172215 0.0470772  -0.245334 -0.0904124   0.998683
   40.2119   -0.2084 -0.192988 0.0571972  -0.243259 -0.0998118   0.991969
   40.2178 -0.257935 -0.213761 0.0673172 -0.241184 -0.109211  0.985255
   40.2222 -0.317589 -0.243588 0.0801004 -0.242527 -0.104573  0.966579
    40.228 -0.377244 -0.273415 0.0928835  -0.243869 -0.0999339   0.947902
   40.2321 -0.426779 -0.289394  0.104069  -0.251804 -0.0996898   0.943263
   40.2379 -0.476314 -0.305373  0.115254  -0.259739 -0.0994456   0.938624
    40.242 -0.518924 -0.316559  0.115787  -0.24863 -0.101765  0.952052
   40.2479 -0.561535 -0.327744  0.116319 -0.237522 -0.104084   0.96548
    40.252 -0.602548 -0.325081  0.132831 -0.271091 -0.104206  0.961696
   40.2579  -0.64356 -0.322418  0.149343  -0.30466 -0.104328  0.957912
   40.2623  -0.66167 -0.316559  0.146679 -0.279148 -0.104573  0.951564
   40.2679 -0.679779   -0.3107  0.144016 -0.253635 -0.104817  0.945216
   40.2723 -0.700552 -0.322418  0.137092 -0.250095 -0.115071  0.951686
   40.2778 -0.721325 -0.334136  0.130168 -0.246555 -0.125325  0.958156
   40.2821 -0.728249 -0.352778  0.135494 -0.255344 -0.125691  0.965846
   40.2879 -0.735173  -0.37142   0.14082 -0.264133 -0.126057  0.973537
    40.292 -0.722923 -0.384203  0.143484 -0.270725 -0.125691  0.960475
   40.2979 -0.710672 -0.396986  0.146147 -0.277317 -0.125325  0.947414
    40.302 -0.693628 -0.398584  0.137625 -0.268161 -0.134724  0.942653
   40.3078 -0.676583 -0.400182  0.129103 -0.259006 -0.144123  0.937892
    40.312   -0.6638 -0.401247  0.126972 -0.267429 -0.154499  0.939967
   40.3178 -0.651017 -0.402312  0.124841 -0.275852 -0.164875  0.942042
   40.3221 -0.644093 -0.386866  0.127505 -0.261692 -0.159504  0.940333
   40.3279 -0.637169  -0.37142  0.130168 -0.247532 -0.154133  0.938624
   40.3322 -0.629712  -0.36343  0.106199 -0.243869 -0.137776  0.932399
   40.3379 -0.622255 -0.355441 0.0822309 -0.240207 -0.121418  0.926173
   40.3421  -0.60095 -0.335201 0.0699804 -0.257907 -0.140217  0.934474
   40.3479 -0.579644 -0.314961 0.0577298 -0.275608 -0.159016  0.942775
   40.3521 -0.579112 -0.297384 0.0470772 -0.275608 -0.156086  0.940944
   40.3577 -0.578047 -0.263295 0.0247066 -0.270359 -0.148274   0.93716
   40.3619  -0.575383  -0.235066 -0.0195019 -0.254734 -0.136677  0.927638
   40.3679  -0.573253  -0.223348 -0.0519924 -0.244358 -0.129963   0.92007
   40.3725  -0.549817  -0.227609 -0.0711672 -0.239231 -0.129475   0.92361
   40.3779  -0.526381   -0.23187 -0.0903419 -0.234104 -0.128987   0.92715
   40.3823 -0.499217 -0.218022 -0.113245 -0.225803 -0.132405  0.945705
   40.3878 -0.472053 -0.204173 -0.136148 -0.217502 -0.135823  0.964259
    40.392 -0.431573 -0.166889 -0.163313 -0.211765 -0.131428  0.957301
   40.3978 -0.391093 -0.129605 -0.190477 -0.206028 -0.127034  0.950343
   40.4021  -0.323981 -0.0784721  -0.217108 -0.209446 -0.117268  0.948024
   40.4079  -0.256869 -0.0273394   -0.24374 -0.212864 -0.107502  0.945705
    40.412  -0.211063 0.00781436  -0.265578  -0.21384 -0.109089  0.950465
   40.4176 -0.113591  0.080785 -0.296471 -0.217624 -0.117024  0.957301
   40.4219 0.0216974  0.179855  -0.30233 -0.218113 -0.131428   0.96194
   40.4279  0.105321  0.241107 -0.299134 -0.212864 -0.142048   0.96548
   40.4323  0.161247  0.282653 -0.259719 -0.204929 -0.143513  0.961085
   40.4379  0.217173  0.324198 -0.220304 -0.195774 -0.144856  0.946559
   40.4422  0.227293   0.34071 -0.194738 -0.193088 -0.150959  0.930568
   40.4477  0.240077  0.379059 -0.145203  -0.19675 -0.155842  0.921779
   40.4521  0.251262  0.420604 -0.094603 -0.205417 -0.156575  0.922633
   40.4579  0.267241  0.461617 -0.042405 -0.221286 -0.154621  0.930446
    40.462  0.296003  0.499434 0.0108582   -0.2374 -0.145222  0.940211
   40.4679  0.355125  0.529261 0.0731762 -0.246921 -0.127156   0.94778
   40.4721 0.437151 0.554295 0.145614 -0.246067 -0.112141  0.948512
   40.4779 0.524502 0.566013 0.224976 -0.236545 -0.108845  0.942287
   40.4821 0.589483 0.555893 0.310197 -0.229587 -0.117512  0.933375
   40.4879 0.619843 0.535653 0.403941 -0.233249 -0.133137  0.926173
   40.4922 0.624637 0.523402 0.509402 -0.245456 -0.147908   0.92422
   40.4979  0.61505 0.528196 0.620722  -0.26157 -0.154866  0.925441
   40.5022 0.614517 0.551632 0.735238 -0.277805  -0.14864  0.928737
   40.5078 0.631561 0.585188 0.839101 -0.284885 -0.133625  0.936305
   40.5121 0.671509 0.608091 0.923257 -0.278293 -0.118855  0.949122
   40.5179 0.734892 0.599036 0.993565 -0.270481   -0.1097  0.964625
   40.5221 0.806797 0.549501  1.04949 -0.270481  -0.11031  0.972926
   40.5277 0.869115 0.470672  1.09317 -0.278904 -0.115193  0.968288
    40.532 0.910661 0.379059   1.1198 -0.294162 -0.116047  0.953639
   40.5379  0.93889 0.291707   1.1166  -0.30344 -0.133381  0.916164
   40.5422 0.912791 0.236846  1.04896 -0.289402 -0.200642  0.839137
   40.5478 0.841418  0.20116 0.929649 -0.264011 -0.226521  0.813624
   40.5522 0.820646 0.148962 0.824188 -0.252414 -0.180744  0.870387
   40.5581   0.87604 0.0829155  0.747489 -0.249363 -0.145832  0.929957
   40.5637  0.978305 0.0104775  0.688899 -0.249118 -0.126423  0.971095
   40.5679    1.09069 -0.0672868   0.630309 -0.248874 -0.113606  0.982814
    40.572   1.18124 -0.156769  0.561067 -0.243137 -0.105793  0.958766
    40.578   1.24409 -0.250512  0.485434 -0.235569 -0.102009  0.921046
   40.5819   1.28031 -0.329342  0.390625 -0.222141 -0.100056  0.893458
   40.5879   1.31013 -0.395921  0.275044  -0.199192 -0.0973704   0.884669
   40.5923   1.35488 -0.455043  0.141886 -0.171604 -0.087971  0.896998
   40.5979    1.41133  -0.508306 -0.0152408  -0.147312 -0.0713694   0.917995
   40.6021   1.47845 -0.559439 -0.184618   -0.13303 -0.0493968     0.9313
   40.6079   1.54662 -0.603647 -0.352397  -0.129367 -0.0242503   0.925685
   40.6121   1.59722 -0.635073 -0.512187  -0.127781 -0.0016673   0.904567
   40.6179   1.62066 -0.656911 -0.657595 -0.123142 0.0163991  0.879054
   40.6223    1.6164 -0.665433 -0.792884 -0.125461 0.0345876  0.859645
   40.6275   1.57858 -0.658509 -0.926042 -0.135837  0.057903  0.854518
   40.6322   1.52425 -0.651584   -1.0347 -0.158664 0.0913503  0.863551
    40.638   1.46833 -0.652117  -1.09648 -0.201023  0.131878  0.872584
    40.642   1.40707 -0.646791  -1.14069 -0.238987  0.169597  0.873927
   40.6479    1.3602 -0.629214  -1.19076 -0.265354  0.203289  0.869777
   40.6524   1.32452 -0.589799  -1.22485 -0.314426  0.233806  0.860133
   40.6576   1.28989 -0.540264  -1.21153 -0.341159  0.257244  0.864772
   40.6621   1.25847 -0.508839  -1.15827 -0.336887  0.266155  0.875514
   40.6679   1.20095 -0.486468  -1.06453 -0.363376  0.260418  0.866847
   40.6722   1.08803 -0.445988 -0.916455 -0.410373  0.245891  0.843288
   40.6779  0.914922  -0.37142 -0.730566 -0.451511  0.224407  0.813624
    40.682  0.700803 -0.274481 -0.523905 -0.468357  0.201946   0.79214
   40.6879  0.471239 -0.175411 -0.306058 -0.468967  0.177166  0.783473
    40.692   0.231554 -0.0822005 -0.0796893 -0.471897  0.141277   0.78445
   40.6979 -0.0107932  0.0120754   0.154669 -0.481418  0.101482  0.797633
   40.7021 -0.246217  0.115939  0.400212 -0.500217 0.0636403  0.814113
   40.7079 -0.473118  0.228324  0.647354 -0.521579 0.0279958   0.82693
   40.7122 -0.687769  0.351895  0.892897    -0.53574 -0.00520734    0.832423
   40.7179 -0.890169  0.478129   1.13738  -0.534275 -0.0386546   0.829738
    40.722 -1.08511 0.580394  1.38718  -0.514866 -0.0802806   0.819362
   40.7279 -1.29817 0.643245  1.65669 -0.488987 -0.136799  0.804591
   40.7321  -1.5533 0.677866  1.93899 -0.477756 -0.205891  0.795192
   40.7379 -1.84092 0.697573  2.21383 -0.452976 -0.271565  0.810573
    40.742 -2.12481 0.736455  2.41569 -0.355075 -0.325154  0.876979
   40.7479 -2.37621 0.790784  2.47695 -0.255832 -0.373249     0.949
    40.752 -2.56263 0.828601  2.41463  -0.27219 -0.379231  0.990748
   40.7579 -2.63827  0.87707   2.3097 -0.325779 -0.330403    1.0491
   40.7622 -2.58714 0.909561  2.21329  -0.31467 -0.278767   1.12893
   40.7679 -2.41936 0.874407  2.12168 -0.28342 -0.25948  1.19839
   40.7721 -2.17221 0.797175  2.03859 -0.291477 -0.282673   1.24417
   40.7779 -1.88619 0.724737  1.97521  -0.26987 -0.318806   1.28201
   40.7823 -1.57513 0.587318  1.86389 -0.199436 -0.325032   1.30557
   40.7879 -1.25769 0.349232  1.69185 -0.176853 -0.304524   1.29483
   40.7921 -0.881647 0.0999597   1.48305 -0.052219 -0.240925   1.42288
   40.7979 -0.274446 -0.114691   1.16507 0.0478786 -0.183064   1.55569
   40.8023  0.266708 -0.298449  0.867864 -0.066135 -0.222981   1.37539
   40.8079  0.432357 -0.502447  0.624983 -0.0650364  -0.297322    1.19168
   40.8121 0.479228 -0.72562 0.309665 -0.0166965  -0.298909     1.1614
   40.8179   0.610256  -0.874757 0.00233606 -0.0751682   -0.23531    1.14553
   40.8223  0.822776 -0.950924  -0.25386 -0.0918919  -0.186604    1.14028
   40.8279   1.00866  -1.02443 -0.485555 -0.0918919  -0.174519    1.10635
   40.8321   1.12425  -1.10113 -0.682096 -0.111545 -0.158772   1.07559
   40.8379  1.21479 -1.15972 -0.83656 -0.140232  -0.12508   1.06985
   40.8421   1.31173  -1.19114 -0.942554  -0.169773 -0.0885814    1.06692
   40.8479   1.41293  -1.19807 -0.999545  -0.193821 -0.0595286    1.05777
   40.8521  1.50668 -1.18901 -1.02991  -0.207737 -0.0351146    1.04422
   40.8576  1.58977 -1.17197 -1.04642  -0.210788 -0.0126536    1.02615
   40.8622  1.65741 -1.15066 -1.04961  -0.205539 0.00529071    1.00625
   40.8679  1.70961 -1.13202 -1.04109 -0.194553 0.0143239    0.9938
   40.8722  1.74689 -1.12137 -1.02458 -0.184543 0.0166432  0.990138
   40.8779  1.76234 -1.11018 -1.00967 -0.183567 0.0203054  0.986354
   40.8823   1.76447  -1.08621 -0.988893 -0.193088 0.0323903  0.974391
    40.888   1.75914  -1.04733 -0.956935 -0.201145 0.0536306  0.953273
    40.892   1.73198 -0.977023 -0.965989 -0.170017  0.068279  0.930446
   40.8979   1.69523 -0.883279  -1.04908 -0.128025 0.0611989  0.887477
    40.902   1.63344 -0.737871   -1.2142 -0.0993382  0.0585134   0.845851
   40.9079   1.51467 -0.586603  -1.35108 -0.0942112  0.0880544   0.843898
   40.9122  1.36073 -0.48487 -1.36067 -0.132175  0.124675  0.857692
   40.9179  1.18869 -0.37355 -1.29622 -0.189792  0.151287  0.870143
   40.9219    1.0108 -0.255839  -1.16999 -0.242282  0.177898  0.883205
   40.9279  0.868583 -0.157834  -1.00807 -0.256443  0.206829  0.900661
   40.9323   0.782829 -0.0859289  -0.871181 -0.244724  0.230388   0.91421
    40.938   0.731696 -0.0310678  -0.774774 -0.233493  0.240764  0.919581
   40.9419  0.690683 0.0136733 -0.699673 -0.226902  0.240032  0.923732
   40.9479  0.634757 0.0477618 -0.631496 -0.223972  0.237713  0.929225
   40.9524  0.553264 0.0685344 -0.572374 -0.219699  0.244182  0.938624
   40.9576  0.469108  0.074926 -0.510056 -0.22031 0.260418 0.945094
   40.9621  0.388148  0.074926 -0.429096 -0.230808  0.276531  0.941432
   40.9679  0.300264 0.0727955 -0.332157 -0.238376  0.285076  0.934718
   40.9722   0.21451 0.0674692 -0.224033 -0.236911  0.290081  0.935451
   40.9779  0.134615 0.0578818 -0.116441 -0.23508 0.294353 0.942775
    40.982  0.0573837  0.0472291 -0.0131103 -0.239719  0.294597  0.948268
   40.9879 -0.0102606  0.0403049  0.0955467 -0.238987  0.289837  0.945582
   40.9923 -0.0858943  0.0328481    0.18929 -0.225925  0.282024  0.933009
    40.998 -0.175377 0.0200649  0.251075 -0.203098  0.264812   0.91006
    41.002  -0.273914 0.00461857   0.283566 -0.175144  0.241131  0.880031
   41.0079    -0.38257 -0.00550144    0.292621 -0.166599   0.23698  0.869044
   41.0123    -0.47152 -0.00656671    0.301675 -0.179782  0.243572  0.886622
   41.0177    -0.53011 -0.00763197    0.320318 -0.19675 0.242229 0.915919
   41.0221   -0.57272 -0.0113604   0.342155 -0.216526  0.243816  0.947536
   41.0279   -0.60095 -0.0204151   0.366124 -0.23093 0.247112 0.975734
   41.0322  -0.614266 -0.0427857   0.394353 -0.233738  0.246135  0.992091
   41.0379  -0.621722 -0.0704826   0.414593 -0.226535  0.241619  0.994044
    41.042 -0.628647 -0.101908  0.424713 -0.208957  0.235027  0.993678
   41.0479 -0.636103 -0.146649  0.436431 -0.188449  0.223308  0.996974
    41.052  -0.65368 -0.208967  0.450812 -0.175754  0.209514   1.00064
   41.0579 -0.669127  -0.28247  0.476911 -0.172092  0.203167   1.00576
   41.0622 -0.632375 -0.339462  0.507804 -0.171115  0.220867   1.04568
    41.068 -0.555676 -0.388464  0.525381 -0.153049  0.217327   1.05361
   41.0722 -0.490162 -0.451315  0.525381 -0.132175  0.197429   1.03042
   41.0777 -0.418789 -0.510969  0.508337 -0.126926  0.196209   1.03738
    41.082 -0.333036 -0.562635  0.493423 -0.124363  0.187053   1.03933
   41.0879 -0.260598 -0.607376  0.485966 -0.120456  0.170452    1.0353
   41.0922  -0.21053 -0.637203  0.463596 -0.111301  0.147381   1.01919
   41.0979 -0.186562 -0.647856  0.415126 -0.0905491   0.127727   0.992335
   41.1023 -0.175377 -0.649986  0.368787 -0.0752903   0.136394    0.96902
   41.1079 -0.160995 -0.630279  0.337362 -0.0998264   0.135051   0.947414
   41.1119 -0.167387 -0.596191  0.299012 -0.113132  0.110515  0.942409
   41.1179 -0.192953 -0.583407  0.259597 -0.0975071   0.105266    0.96609
   41.1222 -0.202541 -0.579146  0.233498 -0.0983616    0.10905   0.989406
   41.1277 -0.187627 -0.561037  0.211128 -0.107761  0.111004  0.999538
   41.1322 -0.160995 -0.528014  0.181833 -0.115329  0.110149  0.995998
   41.1379 -0.138092 -0.490197  0.151473 -0.11716 0.103679 0.982081
   41.1421 -0.132233 -0.459837  0.120048 -0.110935 0.0909841  0.966334
   41.1479 -0.142886 -0.437999  0.080633  -0.10239 0.0763356  0.957179
    41.152  -0.15993 -0.412965 0.0348266 -0.100803 0.0608327  0.956935
   41.1579   -0.175909   -0.378344 -0.00938185 -0.108982  0.050945  0.962428
   41.1622  -0.191356  -0.341592 -0.0466661 -0.117038 0.0488698  0.969386
   41.1679  -0.211063  -0.311232 -0.0764935  -0.11655 0.0502126  0.972438
   41.1725 -0.238227 -0.293123 -0.101527 -0.105564 0.0502126  0.967311
    41.178 -0.284034 -0.291525 -0.131887 -0.0850559  0.0442311   0.955714
    41.182 -0.345819 -0.301645 -0.161715 -0.0697971    0.03532   0.947414
   41.1879 -0.406006 -0.307504 -0.181955 -0.0691868  0.0304372   0.954249
   41.1921 -0.454476  -0.30058 -0.199532 -0.0769993  0.0348317   0.978541
   41.1979 -0.468857 -0.286199 -0.208054 -0.0893284  0.0493581    1.01211
   41.2022 -0.430507 -0.267024  -0.21338 -0.104709 0.0756032   1.04397
   41.2079 -0.342623 -0.247849 -0.220837 -0.114231   0.10551   1.06668
   41.2121 -0.213193 -0.233468 -0.221369 -0.110691  0.124065   1.07534
   41.2179 -0.0688501  -0.227609  -0.222435 -0.0971409   0.129558    1.07205
   41.2223 0.0664385 -0.228674 -0.224565 -0.0812717   0.131267    1.06912
   41.2275   0.18202 -0.232403 -0.221369 -0.0686985   0.128582      1.069
   41.2321  0.266708 -0.243588 -0.218174 -0.0575901   0.117107    1.06411
   41.2379  0.313047 -0.265959 -0.222967 -0.041721  0.102092   1.04617
   41.2421  0.318906  -0.29259 -0.244273 -0.0230442  0.0898854    1.01492
   41.2479   0.29334 -0.313363 -0.280492 -0.00863991   0.0837819    0.982448
   41.2521  0.246468 -0.325081 -0.316178 -0.000827407    0.0817067     0.961818
   41.2577  0.174563 -0.328277 -0.349201 0.00259056  0.0763356   0.954738
    41.262 0.0861459 -0.324016   -0.3753 0.00185814  0.0698659   0.954494
   41.2679 -0.0113258  -0.309102   -0.39341 -0.00546608   0.0721852    0.953395
   41.2725 -0.117852 -0.281405 -0.408323 -0.0130344  0.0751149   0.943629
   41.2779 -0.227575 -0.244653 -0.417911 -0.0121799  0.0765798   0.928248
   41.2822 -0.336764 -0.198847 -0.426433 -0.00705299   0.0796315    0.915065
   41.2879 -0.448084 -0.146649 -0.433357 -0.00607643   0.0770681    0.911281
   41.2921 -0.557807 -0.105104 -0.428563 -0.00705299   0.0697438    0.922023
   41.2979 -0.664333 -0.084331 -0.408856 -0.0094944  0.0531423   0.936305
    41.302 -0.781512 -0.074211 -0.392344 -0.0179173  0.0358083   0.944362
   41.3079    -0.8923 -0.0608952  -0.376898 -0.0321995  0.0328786   0.947291
   41.3122  -0.973792 -0.0358615  -0.355593 -0.050388 0.0425222  0.952663
   41.3177    -1.01853 -0.00656671   -0.328429 -0.064304 0.0542409   0.96609
    41.322  -1.03185 0.0120754 -0.289546 -0.071384 0.0651052  0.991969
   41.3279   -1.0212 0.0189996 -0.242142 -0.0769993  0.0715749    1.02481
   41.3321 -0.992434 0.0216628 -0.191542 -0.0835911  0.0662038    1.04763
   41.3379  -0.96527 0.0291197 -0.156388 -0.0898167  0.0569264    1.05679
   41.3423 -0.937573 0.0403049 -0.137746 -0.0907932  0.0524098    1.05484
   41.3477 -0.897626  0.044566 -0.125496 -0.0863987   0.050945    1.04544
    41.352 -0.853417 0.0392397 -0.124963 -0.0785862  0.0471608    1.03494
   41.3579 -0.809209 0.0248586 -0.134018 -0.0704075  0.0409352     1.0303
    41.362  -0.757544 0.00621647  -0.143605 -0.0683323   0.030193    1.03262
   41.3679   -0.710672 -0.00550144   -0.156388 -0.0741917  0.0129811    1.03494
   41.3725   -0.678714 -0.00922987   -0.167041  -0.0867649 -0.00410871     1.03298
   41.3779   -0.651017 -0.00922987   -0.165443  -0.099094 -0.0139964    1.02786
   41.3822   -0.624918 -0.00922987   -0.160117  -0.101291 -0.0146068    1.02249
   41.3879  -0.588167 -0.0145562  -0.149997 -0.0940891 -0.0116771    1.01992
   41.3922  -0.541295 -0.0241436  -0.137746 -0.0845676 -0.0128978    1.02188
   41.3979  -0.496554 -0.0353288   -0.13242 -0.0767551 -0.0147288    1.03091
   41.4019  -0.452878 -0.0459815  -0.129224 -0.0732151 -0.0124095    1.04519
   41.4079  -0.402811 -0.0550362  -0.121235 -0.0750462 -0.0103343    1.05313
   41.4122  -0.353808 -0.0566341  -0.111647 -0.0790745 -0.0102122    1.04715
    41.418  -0.313328 -0.0475794  -0.105256 -0.0820042 -0.0142405    1.03237
    41.422  -0.271783 -0.0316004 -0.0999293  -0.083469 -0.0211986    1.02005
   41.4279  -0.234499 -0.0134909 -0.0977988 -0.0848118 -0.0270579    1.01895
   41.4324  -0.200943 0.00142278 -0.0866135  -0.087009 -0.0331614    1.03042
   41.4378  -0.163659  0.0120754 -0.0658409 -0.0925022 -0.0373118    1.04702
   41.4421  -0.125309  0.0195323 -0.0509272 -0.0994602 -0.0382884    1.05972
   41.4479 -0.0795027  0.0253912 -0.0392093 -0.102512 -0.037678   1.06106
   41.4521 -0.0273048  0.0291197 -0.0344156  -0.100925 -0.0371898    1.05056
    41.458  0.0248932  0.0264565 -0.0386766  -0.095554 -0.0359691    1.03884
    41.462  0.0738953  0.0147386 -0.0450682 -0.0889622 -0.0332835     1.0353
   41.4679    0.119169 -0.00496881  -0.0535903 -0.0846897 -0.0314525    1.04129
    41.472   0.163378 -0.0289373 -0.0626451 -0.0839573  -0.030598    1.05142
   41.4779   0.203325 -0.0513078 -0.0701019 -0.086887  -0.02718   1.05569
   41.4823   0.238479 -0.0694173 -0.0764935 -0.0898167 -0.0213206    1.04861
    41.488   0.270969 -0.0832658 -0.0807546 -0.0872532 -0.0152171    1.03421
    41.492   0.299731 -0.0923205 -0.0823525 -0.0796848 -0.0131419     1.0176
   41.4979   0.319439 -0.0965816 -0.0850156 -0.0696751 -0.0171702    1.00637
   41.5022   0.333287 -0.0960489 -0.0855483 -0.0624729 -0.0238841    1.00296
   41.5077    0.33595 -0.0896573  -0.084483 -0.0619846 -0.0320628    1.00051
    41.512   0.329559 -0.0758089 -0.0828851  -0.066135 -0.0395091   0.992335
   41.5179   0.321037 -0.0529057 -0.0759609 -0.0732151 -0.0415843   0.976466
   41.5222   0.308786 -0.0214804 -0.0722325 -0.0793186 -0.0385325   0.957423
   41.5276   0.306656  0.0126081 -0.0669061  -0.081638 -0.0318187   0.942531
    41.532   0.312515   0.044566 -0.0514598 -0.0820042 -0.0244945   0.939479
   41.5379   0.313047  0.0754587 -0.0354808 -0.0806614 -0.0229075   0.949245
   41.5422   0.307721    0.10209 -0.0242955 -0.0783421 -0.0233958   0.964259
   41.5479   0.296003   0.118602 -0.0195019 -0.0756565 -0.0204661    0.97671
   41.5521   0.278426   0.122863 -0.0210998 -0.0710178 -0.0147288   0.980861
   41.5579   0.255523   0.115939 -0.0349482 -0.0672337 -0.0070384   0.974147
   41.5622   0.233685    0.10209 -0.0530577  -0.0656467 -0.00130109    0.961207
   41.5679   0.207053  0.0877092 -0.0706346  -0.0650364 -0.00203351    0.950221
   41.5721   0.169237  0.0770566 -0.0887441  -0.0689426 -0.00728254    0.946193
   41.5779   0.122365  0.0711976 -0.0972662 -0.0767551 -0.0119212   0.952907
   41.5821 0.0701669 0.0711976 -0.103125  -0.086887 -0.0141185   0.964137
   41.5879  0.028089 0.0754587 -0.108451 -0.0970188 -0.0108226   0.971339
   41.5921 0.00412052  0.0823829   -0.11218   -0.101902 -0.00313215    0.974269
   41.5979 -0.00866266   0.0893071   -0.118039  -0.100681 0.00175067   0.973903
   41.6022 -0.00972792   0.0914376   -0.118039 -0.0970188 0.00101825   0.977321
   41.6079 -0.0028037  0.0930355   -0.11431 -0.097263 -0.002888  0.986232
   41.6123 0.000392091   0.0994271    -0.11218   -0.103611 -0.00740461    0.995753
   41.6179 0.00252262   0.106884  -0.105788    -0.1124 -0.0108226    1.00076
   41.6221 0.000392091    0.114341  -0.0967335   -0.119358 -0.00960187    0.997951
   41.6279 -0.00706476    0.121265  -0.0930051   -0.12424 -0.0049632   0.991603
    41.632 -0.00333633    0.127124  -0.0887441   -0.124851 -0.00117902    0.987819
   41.6379 0.00891421   0.127657 -0.0839504   -0.120334 -0.00191144    0.991237
   41.6424  0.0185016     0.1202 -0.0855483   -0.117527 -0.00655011     1.00247
   41.6478 0.0296869  0.109547 -0.084483   -0.119724 -0.00886945     1.01516
   41.6522  0.0355458   0.103688 -0.0807546   -0.126438 -0.00740461     1.02261
   41.6579  0.0408721   0.104221 -0.0802219   -0.132663 -0.00447492     1.02175
   41.6622  0.0477964   0.105819 -0.0828851   -0.132663 -0.00239972     1.01248
   41.6679  0.0552532   0.105286 -0.0855483   -0.127536 -0.00349836     1.00088
   41.6722  0.0696343    0.10209 -0.0860809   -0.120212 -0.00850324    0.994166
   41.6779   0.078689  0.0999597 -0.0898093  -0.115451 -0.0165599   0.992824
   41.6821   0.084548  0.0999597 -0.0930051   -0.11594 -0.0233958     0.9938
   41.6879   0.088809   0.101025 -0.0972662  -0.120334 -0.0247386   0.993922
   41.6921 0.0840154  0.103688 -0.111115  -0.124607 -0.0188792   0.989772
   41.6979  0.084548  0.104221 -0.116974   -0.123264 -0.00923566     0.98025
   41.7021 0.0877438  0.101558 -0.117506   -0.117282 -0.00105695    0.967189
   41.7079 0.0829501 0.0972966  -0.12443  -0.110324 0.00223895   0.959376
   41.7123 0.0717648 0.0855787 -0.123365  -0.104709 4.1683e-05   0.960719
   41.7177 0.0446006 0.0711976 -0.121235    -0.10593 -0.00264386    0.963649
   41.7221 -0.000673172    0.0600123    -0.122833   -0.110447 -0.00435285    0.964259
   41.7279 -0.0512732  0.0493597  -0.119637   -0.111423 -0.00398664    0.959376
   41.7322 -0.104004 0.0392397 -0.116441 -0.109714 0.0016286  0.948024
   41.7376 -0.165257 0.0269891 -0.120169  -0.101535 0.00553485   0.931178
   41.7422  -0.242488 0.00408594  -0.123898 -0.0854221 0.00272723    0.90945
   41.7479  -0.345819 -0.0262741  -0.134018   -0.0700413 -0.000446598     0.899562
   41.7522  -0.456606 -0.0534383  -0.161715  -0.0612522 0.000774105    0.908229
   41.7579    -0.5626 -0.0795373  -0.192607 -0.0616184 0.00321551   0.918727
   41.7624 -0.670725  -0.11043 -0.219772 -0.0685764 0.00590106   0.921657
   41.7679 -0.777251 -0.149312 -0.234153 -0.0828587  0.0120046    0.91775
   41.7723 -0.887506  -0.21163 -0.212315 -0.100803 0.0184743  0.918971
   41.7779 -0.992967 -0.319754 -0.149464 -0.113742 0.0171315  0.929103
   41.7821   -1.09949  -0.457706 -0.0610472  -0.125705 0.00321551   0.938624
   41.7879  -1.21987 -0.592462 0.0321635  -0.136814 -0.0143626   0.947414
   41.7921  -1.34078 -0.708576  0.115787  -0.144504 -0.0247386   0.954005
   41.7979  -1.44357 -0.798591  0.189823 -0.149631 -0.025471  0.954738
   41.8023   -1.5272 -0.861974  0.255869  -0.146213 -0.0230296   0.950709
   41.8079  -1.59111 -0.902987  0.319252  -0.135227 -0.0259593   0.946681
   41.8121  -1.62786 -0.924292  0.389027  -0.127781 -0.0318187   0.950831
   41.8179   -1.6497 -0.926955  0.457737  -0.124729 -0.0399974   0.964137
   41.8224  -1.65876 -0.919498  0.532838  -0.128147 -0.0509837   0.978053
   41.8279  -1.66195 -0.904585  0.613798  -0.135593 -0.0611155   0.985988
   41.8322  -1.66568 -0.882747  0.684638  -0.139255 -0.0658763   0.984523
   41.8379  -1.66355 -0.863572  0.755478  -0.125827 -0.0668528   0.981593
    41.842  -1.64065 -0.884345  0.810339  -0.066013 -0.0747874   0.995265
   41.8479  -1.58632 -0.963174  0.815665 0.00124779 -0.0934642    1.02932
   41.8524 -1.48459  -1.0681 0.754413 0.0522732 -0.112019   1.08096
   41.8579 -1.31841 -1.17356 0.636701  0.072781 -0.124104   1.13296
   41.8623 -1.09417 -1.24973 0.520055 0.0344509 -0.131062   1.16604
   41.8679 -0.828384  -1.26731  0.446551 -0.00925026   -0.131916     1.16531
   41.8724 -0.562068   -1.2508  0.407137 -0.0339085  -0.132649    1.11978
   41.8779 -0.345819   -1.2247  0.390092 -0.0470921  -0.145466    1.05496
    41.882 -0.184964  -1.18102  0.384233 -0.0367161  -0.167683    1.01187
   41.8879 -0.0608606    -1.1219   0.369852 -0.0134006  -0.184895   0.996852
   41.8923 0.0318174  -1.05798  0.342155 0.00368919  -0.192097   0.991603
   41.8979  0.100527 -0.999393  0.317122 0.0151638 -0.191365  0.984523
    41.902  0.139409 -0.948793  0.293686 0.0233425 -0.184407  0.967189
   41.9079  0.146333 -0.902454  0.271848 0.0289577 -0.175007    0.9407
   41.9122  0.129822 -0.852387  0.260663 0.0326199 -0.170735  0.911525
   41.9179 0.0866785 -0.788471  0.253738 0.0254177 -0.170002  0.892482
   41.9221 0.0174363 -0.706978  0.256402 0.0106472 -0.172322  0.887477
   41.9279 -0.0656543  -0.608441   0.272381 -0.00424538   -0.177082    0.888942
   41.9323 -0.157267 -0.504578  0.302741 -0.0213352  -0.176838   0.892848
   41.9379 -0.256869   -0.4119  0.349612 -0.0329319  -0.171345   0.891872
   41.9422 -0.363928 -0.334136  0.405006 -0.0389133  -0.161091   0.886622
   41.9476 -0.467259 -0.276079  0.464661 -0.0357395  -0.151081   0.884669
    41.952  -0.56047 -0.243588   0.52325 -0.0196262  -0.147541   0.893092
   41.9579 -0.658474 -0.237196  0.569589 -0.00253639   -0.150715    0.912379
   41.9622 -0.758609 -0.257436  0.618592 0.00979271  -0.157185   0.934718
   41.9679 -0.858211 -0.304308  0.672387 0.0209011 -0.163777  0.952052
   41.9724 -0.962607 -0.370887  0.714465 0.0361599  -0.16988  0.962184
   41.9777  -1.05742 -0.450782  0.752282 0.0604519 -0.175373  0.966945
   41.9821  -1.12186 -0.524818  0.784773 0.0758327  -0.17928  0.967189
   41.9879  -1.15489 -0.572222  0.803948 0.0788845 -0.186238  0.968654
   41.9922 -1.16661 -0.60418 0.822057 0.0794949 -0.199665  0.974757
   41.9979  -1.16447 -0.624953  0.841764  0.074612 -0.213215   0.98611
   42.0022  -1.15116 -0.621757  0.846558 0.0687527 -0.220539  0.999782
   42.0079  -1.10695 -0.600452  0.851352 0.0655788 -0.220539   1.00784
   42.0121  -1.02759 -0.566896  0.856146 0.0671658 -0.221394   1.00613
   42.0179 -0.927453 -0.516296  0.841232 0.0741238 -0.229084  0.997951
   42.0221 -0.820927 -0.452913  0.810339 0.0858425 -0.244587  0.992091
   42.0279 -0.714933 -0.386334  0.761337 0.0975613 -0.264241  0.993922
   42.0322 -0.611602 -0.328809  0.700084  0.106106 -0.279743   1.00369
    42.038  -0.51999 -0.289394  0.630842  0.110012 -0.288533   1.01565
   42.0421 -0.430507 -0.263828  0.549349  0.114407 -0.290119   1.02383
   42.0479 -0.326111 -0.242523  0.450812  0.121731 -0.283894     1.027
    42.052 -0.193486 -0.217489  0.343221  0.129055 -0.274983   1.02652
   42.0579 -0.0411532  -0.182335    0.23989  0.140164 -0.270954   1.02505
   42.0624  0.110114 -0.142921  0.142951  0.142727 -0.273152   1.02261
   42.0679  0.251795 -0.101908  0.060393  0.130276 -0.276692   1.01724
   42.0722   0.365245 -0.0486447 -0.0136429   0.11282 -0.275959   1.01126
   42.0779   0.448336   0.014206 -0.0748956 0.0973171 -0.271565   1.00369
   42.0821  0.511186 0.0775892 -0.116441 0.0910915 -0.266682  0.990871
   42.0879  0.548471  0.135646 -0.146801 0.0932888 -0.262532  0.978908
   42.0921  0.553797  0.181985 -0.166508 0.0979275  -0.26302   0.97549
   42.0979  0.533024  0.215008 -0.171302  0.100125 -0.266316  0.981471
   42.1022  0.499469  0.235781 -0.157454 0.0943874  -0.26595   0.99258
   42.1079  0.452597   0.25176 -0.137214 0.0842556 -0.260578   1.00308
   42.1122  0.405725  0.277859 -0.112713 0.0722927 -0.252156  0.999415
   42.1179   0.360451   0.336448 -0.0850156 0.0604519 -0.243611  0.983058
    42.122   0.317308   0.404625 -0.0621124 0.0720486 -0.235066  0.980006
   42.1279   0.289079    0.43392 -0.0338829 0.0930447 -0.227497  0.992457
   42.1321  0.274698  0.426996 0.0012708 0.0981716 -0.227497   1.00466
   42.1379  0.261915  0.410484 0.0316308 0.0947536 -0.234455   1.01162
   42.1421  0.236881  0.397169 0.0534688 0.0860867 -0.240071   1.01553
   42.1479  0.208119  0.386516 0.0710456 0.0779079 -0.239582   1.01626
   42.1522  0.183085  0.376396 0.0801004 0.0770535 -0.235432   1.01223
   42.1576 0.167639 0.357754 0.074774 0.0869411 -0.230427   1.00845
   42.1621  0.166041  0.318339 0.0561319  0.100247 -0.226399   1.01016
    42.168    0.1719  0.264543 0.0321635  0.103665 -0.224934   1.02053
   42.1721  0.176161  0.207019 0.0204456  0.095364 -0.222737   1.03567
   42.1779  0.168171   0.16281 0.0225761 0.0777859 -0.220417   1.04043
   42.1823 0.150594 0.153756 0.028435 0.0580105 -0.217976   1.03262
   42.1879  0.130887  0.168137 0.0390877 0.0438503 -0.210408   1.02188
    42.192 0.117571 0.179322 0.054534 0.0393337 -0.201741   1.01309
   42.1979  0.117571  0.176126 0.0721109 0.0462917 -0.201008   1.01138
   42.2021  0.119702  0.163876 0.0832962 0.0580105 -0.209309   1.01541
   42.2079  0.120767  0.143636 0.0832962 0.0644802 -0.219563     1.022
   42.2122  0.116506  0.116471 0.0731761 0.0614285 -0.225666   1.02615
   42.2179  0.109582 0.0898397  0.060393 0.0532497 -0.225544   1.02127
   42.2222  0.103723 0.0669365 0.0454793  0.044949 -0.219441   1.00906
   42.2279  0.100527 0.0482944 0.0279024 0.0405544 -0.213581   0.99612
   42.2321  0.107451 0.0333807 0.0172498 0.0404324  -0.21114  0.990382
    42.238   0.117039  0.0205975 0.00872765 0.0416531 -0.211872  0.994777
   42.2422   0.129822 0.00994489 0.00340132 0.0403103 -0.213459   1.00332
   42.2478   0.142072 0.00461857 0.00286869 0.0360378 -0.212727   1.00869
   42.2521     0.154855   0.00408594 -0.000327099 0.0323757 -0.210285   1.00503
   42.2579    0.170834   0.0067491 -0.00405553 0.0315212 -0.206623  0.991847
    42.262    0.185215  0.00941226 -0.00778395 0.0346951 -0.205036  0.975856
   42.2679  0.200129 0.0115428 -0.012045 0.0403103  -0.20821  0.964015
   42.2726   0.208119  0.0179344 -0.0163061 0.0427517 -0.215779  0.960353
   42.2777  0.211314  0.028587 -0.017904 0.0390896 -0.223347  0.963405
   42.2821    0.21238  0.0419028 -0.0189692 0.0316433 -0.225666  0.966823
   42.2879  0.212912 0.0562839 -0.022165 0.0249294  -0.22237  0.965724
   42.2922   0.220369  0.0701323 -0.0248282 0.0226101 -0.215901  0.959621
   42.2979   0.227826  0.0823829 -0.0354808 0.0256619 -0.209675  0.953029
   42.3021   0.237946   0.090905 -0.0487966 0.0320095   -0.2076  0.953883
   42.3079   0.252327  0.0946334 -0.0567861  0.038113 -0.209431  0.963161
   42.3121   0.263512  0.0946334 -0.0669061 0.0396999 -0.211506  0.976222
   42.3179  0.267241  0.095166 -0.078624 0.0355495 -0.211384  0.988307
   42.3221  0.273632 0.0978292 -0.090342 0.0288357 -0.205891  0.992824
   42.3279   0.289611    0.10209 -0.0988641 0.0235867 -0.195881  0.988673
   42.3323  0.307721  0.110612 -0.101527  0.022366 -0.186848   0.98025
   42.3378  0.330091  0.121265 -0.102592 0.0249294 -0.182576  0.974635
   42.3421   0.351929   0.129787 -0.0988641 0.0284695 -0.183918  0.977565
   42.3479   0.364713   0.136711 -0.0887441 0.0292019 -0.187214  0.985866
   42.3521   0.363115   0.145233 -0.0780914 0.0254177 -0.188435  0.994044
   42.3579   0.357256   0.156419 -0.0663735  0.020657 -0.183674  0.997951
   42.3621   0.357788   0.169735 -0.0498619 0.0191921  -0.17342  0.995265
    42.368   0.367908   0.186246 -0.0338829 0.0211452 -0.164631  0.989528
   42.3723   0.396138   0.205954 -0.0147082 0.0255398 -0.160725  0.987208
   42.3779   0.429161   0.227259 0.00712975 0.0287136 -0.161091  0.991115
   42.3823  0.462184  0.247499 0.0268371 0.0265163 -0.162312  0.999171
    42.388  0.498936  0.268804 0.0470772 0.0200466 -0.161457   1.00357
   42.3921  0.530894  0.291175 0.0609256 0.0126003 -0.157429   1.00076
   42.3979  0.560189  0.308219 0.0689151 0.00967064  -0.151692   0.993556
   42.4022   0.58682  0.315676 0.0710456 0.0127224 -0.149372  0.984889
   42.4079  0.600669  0.313013 0.0641214 0.0169949 -0.151692  0.981227
   42.4121  0.597473  0.299697 0.0550667 0.0200466 -0.155354   0.98672
   42.4179  0.581494  0.279457 0.0465445 0.0185818 -0.157307  0.996852
   42.4223  0.550601  0.257086 0.0337614   0.01199 -0.155964   1.00515
   42.4279  0.51385 0.234183 0.018315 0.00454369  -0.149739    1.00454
    42.432   0.481359   0.211813 0.00872765 -0.000217056    -0.139363       0.9938
   42.4379    0.443009    0.192105 -0.00139237 0.000881577   -0.130329    0.981349
   42.4422    0.40679   0.171865 -0.0125776 0.00515404  -0.126301   0.974879
   42.4479   0.378028   0.148429 -0.0168387 0.0073513 -0.125813  0.977687
   42.4522   0.344472   0.127657 -0.0205671 0.00454369  -0.126301   0.984767
   42.4577   0.306123   0.111678 -0.0216324 -0.00265846   -0.124958    0.990016
   42.4622   0.269371  0.0994271 -0.0157734 -0.0102268  -0.118977   0.989162
   42.4679   0.229424   0.090905 -0.0115124 -0.0148655  -0.110066   0.980739
   42.4721    0.188411   0.0834481 -0.00991448 -0.0138889  -0.104328    0.96963
   42.4779    0.152725   0.0722629 -0.00565342 -0.00802956   -0.103596    0.963649
   42.4821    0.112245   0.0584144 -0.00778395 -0.00131569    -0.10677    0.967799
   42.4879  0.0760259  0.0408376 -0.0115124 0.00368919  -0.112263   0.980128
   42.4923    0.05259  0.0195323 -0.0147082 0.00515404  -0.116291   0.991969
   42.4979   0.0339479 -0.00230565  -0.0317524 0.00344505  -0.116658   0.995997
   42.5021  0.0291542 -0.0236109 -0.0530577 0.00295677  -0.113484   0.991237
   42.5079  0.0419374 -0.0433183 -0.0738304 0.00478783  -0.108967   0.983058
   42.5121  0.0589816 -0.0608952 -0.0930051 0.00637474  -0.105793   0.981593
   42.5178   0.074428 -0.0731457  -0.102592 0.00649681  -0.105427   0.988185
    42.522  0.0866785   -0.08007 -0.0962009 0.00124779  -0.105549   0.997584
   42.5279  0.0930701 -0.0907226 -0.0706346 -0.0113255  -0.103108    1.00662
   42.5322  0.0936027  -0.112028 -0.0237629 -0.0246311 -0.0979808    1.00662
   42.5379 0.0904069 -0.132268  0.034294 -0.0315891 -0.0940745   0.991969
   42.5419 0.0914722 -0.139192 0.0870246 -0.0280491 -0.0962718    0.97195
    42.548 0.0957333  -0.14079  0.128037 -0.0154758  -0.106159   0.961085
   42.5522 0.0967985 -0.145051   0.14881 -0.00143776   -0.122029    0.964015
   42.5579  0.106919 -0.154638  0.154669 0.00747337  -0.136311   0.975246
   42.5621  0.120767 -0.167422  0.141886 0.0094265 -0.143635  0.987575
   42.5679  0.139942 -0.179672  0.116852 0.00722923  -0.142414   0.993312
   42.5725  0.168171 -0.192455 0.0928835 0.00503197  -0.135578   0.987941
   42.5775  0.189477 -0.204173 0.0662519 0.00600853  -0.129963   0.975368
   42.5822  0.208651 -0.213761  0.054534 2.70847e-05   -0.126179    0.960963
   42.5879  0.213445  -0.19938 0.0651867 -0.00815163   -0.126179    0.951198
    42.592  0.196933 -0.153041 0.0795677 -0.00461159   -0.130207    0.953761
   42.5979  0.173498  -0.10031 0.0912856 0.000271225   -0.129719    0.961574
   42.6022   0.147931 -0.0518404   0.101938 -0.000461197    -0.121296     0.960719
   42.6079    0.125561 -0.00390355     0.11046 -0.00204811   -0.112019    0.950587
   42.6124  0.106919 0.0403049  0.115254  0.001614 -0.106892   0.94192
   42.6178 0.0936027  0.070665  0.120048 0.0113796 -0.106404  0.943141
    42.622 0.0770911 0.0887745  0.117385 0.0199245 -0.112141  0.952418
   42.6279 0.0573837  0.095166   0.10833 0.0222439 -0.119343  0.966823
   42.6322 0.0398069 0.0887745  0.102471 0.0182156 -0.122639   0.98257
   42.6379 0.0200995 0.0786544 0.0918183  0.010281 -0.120442  0.989528
   42.6421 0.000924724   0.0690671   0.0816983 0.00381126  -0.115803   0.985255
   42.6479 -0.0150542  0.0557513  0.0816983  0.001614 -0.112873  0.975612
   42.6523 -0.0331637  0.0381744  0.0886225 0.00320091  -0.111164   0.969874
   42.6579 -0.0581975  0.0179344   0.101938 0.00393333  -0.112507   0.975246
   42.6622  -0.0779048 -0.00496881    0.126439 0.000515366   -0.114949     0.98733
   42.6679 -0.0970796 -0.0241436   0.154669 -0.00558815   -0.114094    0.997096
   42.6722  -0.110395 -0.0374594   0.186094 -0.0121799  -0.110432   0.998805
   42.6779   -0.10933 -0.0475794   0.224976 -0.0147434  -0.105915   0.992702
   42.6822    -0.1072 -0.0545036   0.256934 -0.012302 -0.102619  0.982814
   42.6879 -0.104004 -0.058232  0.283033 -0.00644264   -0.103474    0.977199
   42.6922  -0.101341 -0.0614278     0.3086 -0.000705337    -0.109333     0.982081
   42.6979  -0.105602 -0.0656889   0.326709 0.000271225   -0.115193    0.995998
   42.7021  -0.115189 -0.0715478    0.33896 -0.00217018   -0.118244     1.00943
   42.7079  -0.123179 -0.0795373    0.34908 -0.00705299   -0.117024     1.01235
   42.7122  -0.134896 -0.0864615    0.35121 -0.00998268    -0.11324      1.0054
   42.7179  -0.142886 -0.0933858   0.349612 -0.00595436   -0.111042    0.993922
   42.7222 -0.141288 -0.101908  0.350145 0.000271225   -0.112141    0.988063
   42.7279 -0.144484 -0.111495  0.342688 0.00564232  -0.117878   0.993312
    42.732 -0.145549 -0.118952  0.333633 0.0073513  -0.12447   1.00332
   42.7379 -0.145017 -0.118952  0.321383 0.00429955  -0.129231    1.01052
   42.7421 -0.145549 -0.113093   0.29848 0.00149193  -0.128376    1.00881
   42.7479 -0.138092 -0.103506  0.277174 0.00185814  -0.123005   0.998683
   42.7524  -0.125842 -0.0891247   0.254271 0.00783958  -0.118489   0.986354
   42.7579  -0.112526 -0.0736784   0.225509 0.0177273 -0.116658  0.980739
   42.7623 -0.0954817 -0.0630257   0.200475  0.024197 -0.118733  0.987697
   42.7679 -0.0725785 -0.0550362   0.178637 0.0230984 -0.121418   1.00222
   42.7722 -0.0464795 -0.0475794   0.157332 0.0154079 -0.120686   1.01528
   42.7779 -0.0161195 -0.0427857   0.144549 0.00600853  -0.117146     1.0187
   42.7824 0.0137079 -0.037992  0.137092 0.00112572  -0.112995    1.01004
   42.7879  0.0328827 -0.0268067   0.124841 0.00185814  -0.110554   0.997462
    42.792  0.0504595 -0.0134909   0.114721 0.00759544  -0.110798   0.992702
   42.7979   0.0664385 -0.00443618     0.11046 0.0139431 -0.113606  0.997951
   42.8022   0.0738953 0.000357511    0.103004 0.0161404 -0.119343    1.0082
   42.8079  0.0808196 0.00302067  0.0939488 0.0139431 -0.124226   1.01504
   42.8122 0.0840154 0.0067491 0.0843614 0.00991478  -0.122029    1.01333
   42.8179 0.0882764 0.0120754 0.0731761 0.00844994  -0.115315    1.00576
   42.8226 0.0999943 0.0174017 0.0662519 0.0126003 -0.109944  0.995509
   42.8279  0.113843 0.0221954 0.0614582 0.0190701 -0.107502  0.989528
   42.8322  0.128756 0.0317828 0.0587951 0.0234646  -0.11031  0.991847
   42.8381   0.14154 0.0477618 0.0598603 0.0239529  -0.11446  0.999415
   42.8422   0.14367 0.0685344 0.0566645 0.0193142 -0.115315   1.00808
   42.8478  0.137279 0.0919703 0.0492077 0.0129665 -0.111775   1.01028
    42.852 0.138344 0.114873 0.050273 0.00869408  -0.104084    1.00357
   42.8579   0.14154  0.135646 0.0513382  0.0094265 -0.0974925     0.9938
   42.8622  0.141007   0.15269 0.0449466  0.0156521 -0.0952952   0.988063
    42.868 0.139409 0.165474 0.040153  0.0216335 -0.0974925   0.990993
   42.8726  0.128224  0.176126 0.0279024 0.0234646 -0.100666  0.999782
   42.8779  0.114908  0.189442 0.0124561 0.0209011 -0.100544   1.00662
   42.8821   0.106919   0.204888 0.00393396  0.0144314 -0.0954173    1.00833
   42.8879   0.100527   0.210215 0.00286869 0.00759544   -0.08614    1.00772
   42.8923 0.0989291  0.198497 0.0119234 0.00417748 -0.0791819    1.00381
   42.8979  0.107451  0.180387 0.0252392 0.00552025 -0.0799144   0.999171
   42.9022  0.114908  0.165474 0.0316308 0.00747337 -0.0871165    1.00125
   42.9079  0.110114  0.150027 0.0295003 0.00588646 -0.0940745     1.0115
   42.9121  0.105853  0.129255 0.0300329 0.00185814 -0.0977366    1.02212
   42.9179  0.101592   0.11008 0.0252392 -0.0029026  -0.096638    1.02298
   42.9222 0.0994617  0.095166 0.0172498 -0.00680885  -0.0912669     1.01394
   42.9279  0.104788 0.0813176 0.0151192 -0.00729713   -0.086262     1.00064
   42.9322  0.107451 0.0680018  0.014054 -0.00448952  -0.0840648    0.990748
   42.9379   0.10319  0.054686 0.0151192 -0.00107155  -0.0872386    0.990382
   42.9421 0.0904069 0.0435007 0.0188477 -0.000949478   -0.0928538     0.997951
   42.9479 0.0728301 0.0360439 0.0236414 -0.00632057  -0.0959056     1.00637
    42.952 0.0541879 0.0301849 0.0289677 -0.0130344 -0.0941966    1.00869
   42.9579 0.0355458 0.0259239 0.0348266 -0.0166965 -0.0882151    1.00271
   42.9624 0.0190342 0.0232607 0.0364245 -0.0154758  -0.084553   0.992946
    42.968 0.00944684  0.0174017  0.0390877 -0.00986061  -0.0869944    0.986598
   42.9724 0.00198999 0.00728173  0.0417508 -0.00412331  -0.0933421    0.987697
   42.9779 -0.00866266 -0.00550144   0.0358919 -0.00302467   -0.100666    0.994655
   42.9822 -0.0171848 -0.0161541  0.0295003 -0.00778542   -0.103474     1.00198
    42.988 -0.0203806 -0.0198825  0.0279024 -0.0114475  -0.102864    1.00503
    42.992 -0.0214458 -0.0225457  0.0236414 -0.0151096 -0.0985911   0.999293
   42.9979 -0.0219785 -0.0257415  0.0199129 -0.0158421 -0.0923655   0.987941
   43.0023 -0.0203806 -0.0273394  0.0193803 -0.00937233   -0.091389    0.982081
   43.0079 -0.0155869 -0.0294699  0.0215108 -0.00302467  -0.0956614    0.984767
   43.0122 -0.0150542 -0.0310678  0.0247066 -0.00180397   -0.101521    0.991237
   43.0179   -0.01825 -0.0316004  0.0247066 -0.00339088   -0.104084    0.994777
   43.0221 -0.0336964 -0.0252088   0.028435 -0.0082737  -0.104939   0.992091
   43.0279 -0.0539364 -0.0145562  0.0310982 -0.0131565  -0.105793   0.989406
   43.0321 -0.0587301 -0.0081646   0.028435 -0.00973854   -0.104206    0.980006
   43.0379  -0.0550017 -0.00496881   0.0268371 -0.00314674   -0.103962    0.970485
   43.0422  -0.0539364 -0.00283828   0.0220435 0.00124779  -0.108357   0.975856
   43.0479  -0.0534038 -0.00177302   0.0172498 0.000759507    -0.11324    0.987819
   43.0524   -0.044349 -0.00230565   0.0199129 -0.00473366   -0.115071    0.999538
   43.0576  -0.0384901 -0.00283828   0.0225761 -0.00851784   -0.115071     1.00479
   43.0621 -0.0411532 0.00195541  0.0156519 -0.010593 -0.111409  0.999782
    43.068 -0.0390227 0.00568383 0.00659712 -0.00961647   -0.107868    0.991237
   43.0724  -0.0310332  0.00355331 -0.00299026 -0.00253639     -0.1097    0.987697
   43.0779   -0.0198479 -0.000175121   -0.0136429 0.00136986  -0.114949   0.992702
   43.0824  -0.0028037 -0.00496881  -0.0157734 -0.00192604   -0.121174      1.0043
    43.088  0.00625105 -0.00709934  -0.0147082 -0.00509987    -0.12386     1.01089
    43.092   0.0105121 -0.00337091  -0.0173713 -0.0138889  -0.119831    1.01333
   43.0979  0.0200995 0.00302067 -0.0173713 -0.0218235  -0.113117     1.0115
   43.1023  0.0254258   0.008347 -0.0168387 -0.0181614  -0.109822     1.0032
   43.1079  0.0254258  0.0110102 -0.0189692 -0.0153538  -0.109211   0.999171
   43.1121  0.0259584   0.008347 -0.0195019 -0.00656471   -0.116291     1.00686
   43.1179  0.0264911 0.00568383 -0.0200345 0.00222435  -0.123371    1.01455
   43.1222   0.0232953 -0.00496881  -0.0253608 -0.00180397   -0.126911     1.02688
   43.1279  0.0200995 -0.0156215 -0.0306871 -0.00583229   -0.130451     1.03921
   43.1321  0.0259584 -0.0209478 -0.0365461 -0.0103489  -0.125325    1.03323
   43.1379  0.0376763 -0.0268067 -0.0456008 -0.0120579  -0.118367     1.0209
   43.1425  0.0515248 -0.0294699 -0.0493293 -0.00509987   -0.117268     1.01235
   43.1478  0.0595143 -0.0316004 -0.0498619 -0.000949478       -0.118      1.01016
   43.1521  0.0605795 -0.0401225 -0.0525251 0.0049099 -0.123616   1.01834
   43.1579  0.0616448 -0.0486447 -0.0551882 0.0107693 -0.129231   1.02652
    43.162  0.0653732 -0.0576994 -0.0573187 0.0112576 -0.127278   1.03335
    43.168  0.0770911 -0.0704826 -0.0599819 0.0130886 -0.121907   1.03445
   43.1725  0.0925375 -0.0763415 -0.0663735 0.0171169 -0.115803    1.0209
   43.1775  0.0999943 -0.0784721 -0.0722325 0.0198025 -0.113117   1.01309
   43.1822   0.112777 -0.0806026 -0.0679714 0.0228542  -0.11324   1.00979
   43.1879   0.125561 -0.0827331 -0.0637103  0.025906 -0.113362    1.0065
   43.1921   0.121832 -0.0768742 -0.0471987 0.0213894 -0.113117   1.00662
   43.1978   0.118104 -0.0710152 -0.0306871 0.0168728 -0.112873   1.00674
    43.202  0.0983964 -0.0555689 -0.0109797 0.00979271  -0.106037   0.992457
   43.2079   0.078689 -0.0401225 0.00872765 0.00271263 -0.0992015   0.978175
   43.2123  0.0536553 -0.0246762  0.0353593 0.00417748 -0.0979808   0.973048
   43.2179   0.0286216 -0.00922987   0.0619909 0.00564232 -0.0967601   0.967921
   43.2222 0.00518578 0.00195541  0.0816983 0.00539818 -0.0996898    0.97549
   43.2279  -0.01825 0.0131407  0.101406 0.00515404  -0.102619   0.983058
   43.2321 -0.0406206  0.0248586   0.110993 0.000149155  -0.0998118    0.984889
   43.2379 -0.0629911  0.0365765    0.12058 -0.00485573  -0.0970042     0.98672
   43.2421 -0.0624585  0.0461639   0.123244 -0.0029026 -0.0916331   0.978053
   43.2479 -0.0619259  0.0557513   0.125907 -0.000949478    -0.086262     0.969386
   43.2523 -0.0416859  0.0301849   0.147745 -0.00509987  -0.0873607    0.980128
    43.258 -0.0214458 0.00461857   0.169583 -0.00925026  -0.0884593    0.990871
   43.2621 -0.0145216 -0.0305352   0.195682 -0.0184055  -0.094929   0.994899
   43.2679 -0.00759739  -0.0656889    0.221781 -0.0275608  -0.101399   0.998927
   43.2723 0.0137079 -0.074211  0.242553  -0.031345 -0.0918773   0.988551
   43.2779  0.0350132 -0.0827331   0.263326 -0.0351292 -0.0823558   0.978175
    43.282  0.0509922 -0.0784721   0.272913 -0.0256077 -0.0856517   0.965236
   43.2879 0.0669711 -0.074211  0.282501 -0.0160862 -0.0889476   0.952296
   43.2923   0.068569 -0.0630257   0.279305 -0.0119358 -0.0956614   0.956813
   43.2979  0.0701669 -0.0518404   0.276109 -0.00778542   -0.102375     0.96133
   43.3021 0.0605795 -0.033731  0.260663 -0.0129124 -0.0963939   0.960963
    43.308  0.0509922 -0.0156215   0.245216 -0.0180393 -0.0904124   0.960597
   43.3121   0.0568511 -0.00124038    0.230303 -0.0158421 -0.0833323   0.954127
   43.3179 0.0627101 0.0131407  0.215389 -0.0136448 -0.0762523   0.947658
   43.3222 0.0712322  0.018467  0.201008 -0.00876198  -0.0788157      0.9584
   43.3279 0.0797543 0.0237933  0.186627 -0.00387917  -0.0813792    0.969142
   43.3321 0.0818848 0.0216628  0.168517 -0.00790749   -0.081013    0.984889
   43.3379 0.0840154 0.0195323  0.150408 -0.0119358 -0.0806468    1.00064
   43.3421 0.0904069 0.0211302  0.132298 -0.0144993 -0.0717357   0.995875
   43.3477 0.0967985 0.0227281  0.114189 -0.0170628 -0.0628245   0.991115
   43.3522  0.106919 0.0259239 0.0992751 -0.00851784    -0.06197    0.982081
   43.3578  0.117039 0.0291197 0.0843614 2.70847e-05  -0.0611155    0.973048
   43.3621  0.112777  0.028587 0.0641214 0.00588646 -0.0674632   0.978908
    43.368  0.108516 0.0280544 0.0438814  0.0117458 -0.0738109   0.984767
   43.3722 0.0989291 0.0307175 0.0252392  0.0108913 -0.0732005   0.987575
   43.3779  0.0893417  0.0333807 0.00659712  0.0100369 -0.0725901   0.990382
   43.3825    0.084548   0.0371091 -0.00299026  0.0117458 -0.0697825   0.986598
   43.3877  0.0776238  0.0440334 -0.0189692  0.0178494 -0.0668528   0.981593
   43.3921  0.0738953  0.0429681 -0.0450682  0.0274929 -0.0713694   0.989039
   43.3979  0.0722974   0.038707 -0.0647756  0.0327419 -0.0760081   0.997706
   43.4023 0.0722974  0.018467 -0.064243  0.0272488 -0.0811351    1.00857
   43.4079   0.0722974 -0.00177302  -0.0637103 0.0217556 -0.086262   1.01944
    43.412  0.0675038 -0.0161541 -0.0610472  0.0180935 -0.0863841    1.00881
   43.4179  0.0627101 -0.0305352  -0.058384  0.0144314 -0.0865062   0.998195
   43.4222 0.0408721 -0.033731 -0.064243  0.0233425 -0.0894359   0.988551
   43.4279  0.0190342 -0.0369267 -0.0701019  0.0322536 -0.0923655   0.978908
   43.4322 -0.000673173   -0.0406552   -0.0770261  0.0351833 -0.0996898   0.993312
    43.438 -0.0203806 -0.0443836 -0.0839504  0.038113 -0.107014   1.00772
    43.442 -0.0299679 -0.0449162  -0.090342 0.0299343 -0.106037   1.01504
   43.4479 -0.0395553 -0.0454489 -0.0967335 0.0217556 -0.105061   1.02236
   43.4522 -0.0368922 -0.0497099 -0.0977988  0.0115017 -0.0996898    1.01297
   43.4579  -0.034229  -0.053971 -0.0988641 0.00124779 -0.0943187    1.00357
   43.4622 -0.0352943  -0.027872 -0.0823525 0.00832787  -0.103474    1.00088
    43.468  -0.0363595 -0.00177302  -0.0658409 0.0154079 -0.112629  0.998195
   43.4724   -0.040088 -0.00124039  -0.0615798 0.0128445 -0.113362   1.00711
   43.4776  -0.0438164 -0.00443618  -0.0477314 0.00552025  -0.114094    1.02114
   43.4821  -0.0534038 -0.00390355  -0.0253608 -0.00973854   -0.110554     1.01516
   43.4879  -0.0629911 0.000357511  -0.0125776 -0.0202366  -0.107014    1.00405
   43.4922 -0.0720459  0.0131407 0.00499922 -0.0166965  -0.106648   0.995265
   43.4979 -0.0811006  0.0259239  0.0225761 -0.0131565  -0.106282   0.986476
   43.5036 -0.0954817  0.0280544  0.0279024 -0.0094944  -0.112995    0.99966
   43.5079 -0.109863 0.0301849 0.0332287 -0.00583229   -0.119709     1.01284
   43.5123 -0.108798 0.0216628 0.0321635 -0.00900612    -0.12093      1.0198
   43.5181 -0.107732 0.0131407 0.0310982 -0.0166965  -0.119343    1.02639
    43.522 -0.0869596  0.0152712   0.024174 -0.0257298  -0.108723    1.01638
   43.5279 -0.0661869  0.0174017  0.0172498 -0.0302464   -0.10091    1.00674
   43.5324 -0.0432838  0.0205975  0.0151192 -0.0293919  -0.100056    1.00576
    43.538 -0.0203806  0.0237933  0.0129887 -0.0274387  -0.101643    1.00833
   43.5421 -0.00972792   0.0264565   0.0145866 -0.0280491  -0.105305    1.01712
   43.5479 0.0105121 0.0323154 0.0161845 -0.0324436  -0.105793    1.02578
   43.5521 0.0350132 0.0435007 0.0151192 -0.0369602  -0.101887    1.02725
    43.558 0.0499269 0.0514902  0.014054 -0.0390354 -0.0950511    1.01882
   43.5621 0.0595143  0.054686  0.014054 -0.0372044 -0.0894359    1.00369
    43.568 0.0765585 0.0600123  0.014054 -0.0314671 -0.0869944   0.989894
   43.5724 0.0856133 0.0642734 0.0103255 -0.0248753 -0.0887034   0.985011
   43.5779  0.0861459  0.0669365 0.00659712 -0.0230442 -0.0918773   0.988307
   43.5821   0.084548  0.0685344 0.00926028 -0.0270725 -0.0916331   0.994289
   43.5879 0.0792217 0.0695997 0.0103255 -0.0323215  -0.087971   0.997096
   43.5921 0.0733627 0.0680018 0.0108582 -0.0364719 -0.0818675    0.99258
   43.5979 0.0749606 0.0626755 0.0193803 -0.0378147 -0.0751536    0.98257
   43.6022 0.0770911 0.0557513 0.0273698 -0.0341526 -0.0722239   0.975246
   43.6079 0.0776238 0.0456313 0.0358919 -0.0297581 -0.0746653   0.975734
   43.6125 0.0728301 0.0339133 0.0518709 -0.0293919 -0.0790599   0.982204
   43.6178  0.058449 0.0253912 0.0657193 -0.0325657 -0.0817454   0.987819
    43.622 0.0408721 0.0205975 0.0763719  -0.036594 -0.0799144   0.985866
    43.628 0.0275563 0.0195323 0.0886225 -0.0380589 -0.0739329   0.976955
   43.6321 0.0174363  0.018467 0.0998078 -0.0351292 -0.0678294   0.965236
   43.6379 0.00678368  0.0179344   0.106732 -0.0278049 -0.0652659   0.957789
   43.6422 -0.00227107   0.0168691    0.111526 -0.0196262 -0.0679515   0.960597
   43.6478 -0.0129237  0.0136733   0.114721 -0.0154758 -0.0719798   0.970851
   43.6523 -0.0246416  0.0126081   0.112058 -0.0165745 -0.0732005    0.98257
   43.6579 -0.0395553  0.0147386   0.103536 -0.0202366 -0.0711253   0.988429
   43.6623 -0.0486101  0.0163365  0.0982099 -0.0214573 -0.0658763   0.984523
    43.668 -0.0507406  0.0168691  0.0923509 -0.0181614 -0.0608714   0.975612
   43.6723 -0.0518059   0.014206  0.0816983 -0.0115696 -0.0592845   0.968898
    43.678 -0.0480774 0.00621647  0.0737088 -0.0049778 -0.0627025   0.969997
   43.6821  -0.0507406 -0.00230565    0.060393 -0.00314674  -0.0696605     0.97671
   43.6878  -0.0587301 -0.00603408    0.044414 -0.00509987  -0.0747874    0.983058
   43.6921  -0.0688501 -0.00550144   0.0300329 -0.00632057  -0.0756419     0.98672
   43.6979  -0.0811006 -0.00390355   0.0108582 -0.00473366  -0.0724681    0.986476
    43.702  -0.0874922 -0.00656671 -0.00938185 -0.00107155  -0.0681956    0.984279
   43.7079 -0.0848291 -0.0150888  -0.028024 0.00332298  -0.067097   0.984401
   43.7122 -0.0773722 -0.0241436 -0.0413398 0.00625267 -0.0699046    0.98965
   43.7179 -0.0709806 -0.0316004 -0.0466661 0.00527611  -0.075886    1.00039
   43.7222 -0.0688501 -0.0358615 -0.0509272 0.00259056 -0.0817454    1.01211
   43.7279  -0.070448 -0.0363941  -0.054123 2.70847e-05  -0.0849193     1.01736
   43.7321  -0.070448 -0.0353288 -0.0589166 -0.00143776  -0.0846751     1.01406
    43.738 -0.0597954 -0.0331983 -0.0610472 -0.000583267   -0.0813792      1.00564
   43.7423 -0.0432838 -0.0289373 -0.0610472 0.00112572 -0.0799144    0.99966
   43.7478 -0.0262395 -0.0236109 -0.0589166 0.00234642 -0.0838206    1.00039
   43.7521 -0.0107932 -0.0161541 -0.0493293 0.000881577  -0.0905345     1.00515
   43.7579 -0.00759739 -0.00550144  -0.0418724 -0.00339088  -0.0960276     1.01211
   43.7623 -0.0145216  0.0051512 -0.0376114 -0.00851784  -0.0971263     1.01516
    43.768 -0.0166521  0.0110102 -0.0301545 -0.0119358   -0.09322     1.0104
   43.7724 -0.0145216  0.0136733  -0.022165 -0.0124241 -0.0894359    1.00149
   43.7777 -0.0118584  0.0152712 -0.0210998 -0.00973854    -0.08968    0.993922
   43.7822 -0.00386897   0.0158038  -0.0184366 -0.00656471  -0.0933421    0.994289
   43.7879 -0.00386897    0.018467  -0.0189692 -0.00680885  -0.0974925     1.00344
   43.7921 -0.00173844   0.0205975  -0.0205671 -0.0114475 -0.0979808    1.01492
   43.7979  0.0115774  0.0205975 -0.0136429 -0.0193821 -0.0937083     1.0198
   43.8022   0.0211647   0.0227281 -0.00831658 -0.0256077 -0.0874827    1.01345
    43.808   0.0344806   0.0264565 -0.00299026 -0.0267063 -0.0823558   0.999904
   43.8123  0.0504595  0.0301849 0.00233606 -0.0221897 -0.0815013   0.989162
   43.8179  0.0595143  0.0328481 0.00446659 -0.0158421 -0.0860179    0.98733
   43.8222  0.0605795  0.0333807 0.00446659 -0.0134006 -0.0921214   0.993556
   43.8279  0.0573837  0.0328481 0.00286869 -0.0166965 -0.0940745    1.00222
   43.8322     0.05259   0.0333807 -0.00245763 -0.0234104 -0.0904124    1.00466
   43.8378   0.0504595   0.0339133 -0.00725132 -0.0295139 -0.0832103   0.997829
   43.8421   0.0579164   0.0333807 -0.00778395 -0.0304905 -0.0767405   0.985988
    43.848  0.0675038  0.0333807 -0.0125776 -0.0263401 -0.0732005   0.976955
   43.8522  0.0712322   0.034446 -0.0157734 -0.0221897 -0.0734446   0.976588
   43.8579  0.0701669  0.0360439 -0.0152408 -0.0210911 -0.0764964   0.984645
   43.8625  0.0659059  0.0365765 -0.0152408 -0.0235325 -0.0780833    0.99673
    43.868 0.0605795 0.0365765 -0.012045 -0.0273167 -0.0756419    1.00527
   43.8724  0.0563185  0.0365765 -0.0104471 -0.0302464 -0.0695384    1.00552
   43.8779  0.0563185  0.0339133 -0.0115124 -0.0302464 -0.0627025   0.998927
   43.8821  0.0648406  0.0301849 -0.0109797 -0.0259739 -0.0585521   0.991847
   43.8883   0.0738953   0.0264565 -0.00671869 -0.0202366 -0.0596507   0.991359
   43.8923   0.0738953   0.0211302 -0.00245763 -0.0168186 -0.0641673   0.997218
   43.8979  0.0680364  0.0147386 0.00233606  -0.017429 -0.0673411     1.0032
   43.9046  0.0573837 0.00887963 0.00712975  -0.020969 -0.0678294     1.0032
    43.908  0.0430027 0.00355331 0.00659712 -0.0234104 -0.0652659   0.996608
   43.9123     0.03235 -0.00337091   0.0113908 -0.0224339 -0.0609935   0.987208
   43.9179  0.0232953 -0.0113604  0.0156519 -0.0165745 -0.0598948   0.982814
   43.9226  0.0174363 -0.0209478  0.0135213 -0.00876198  -0.0641673    0.987819
   43.9279 0.0115774 -0.033731 0.0124561 -0.00522194  -0.0702708    0.998317
   43.9323 0.00571841 -0.0475794  0.0119234 -0.0074192 -0.0741771    1.00857
   43.9395 0.00145736 -0.0561015  0.0129887 -0.0131565 -0.0738109    1.00979
   43.9422 -0.0044016  -0.058232  0.0172498 -0.0177952 -0.0695384    1.00125
   43.9479 -0.00493423  -0.0576994   0.0236414 -0.0168186 -0.0667308   0.988063
   43.9523 -0.0044016 -0.0571668  0.0289677 -0.0103489 -0.0683177   0.977077
   43.9577 -0.0044016 -0.0576994  0.0348266 -0.0029026  -0.074055   0.976344
    43.962 -0.00759739  -0.0603626   0.0380224 0.000149155   -0.082722    0.983302
   43.9686 -0.0209132  -0.064091  0.0353593 -0.00302467  -0.0901683    0.993434
   43.9724 -0.0320985 -0.0662215  0.0348266 -0.00717506  -0.0935862     1.00198
    43.978 -0.0390227 -0.0678194  0.0305656 -0.00961647  -0.0926097     1.00247
    43.983 -0.0411532 -0.0704826  0.0220435 -0.0107151 -0.0894359   0.997218
   43.9879 -0.0294353 -0.0726131  0.0199129 -0.00900612  -0.0882151    0.993068
   43.9924 -0.0145216 -0.0720805  0.0151192 -0.00680885  -0.0904124    0.994166
   43.9985 -0.00173844  -0.0699499   0.0108582 -0.00668678  -0.0952952     1.00186
   44.0051  0.0126426 -0.0662215   0.014054 -0.00888405  -0.0989573     1.01089
    44.008    0.02223 -0.0603626  0.0145866 -0.0131565 -0.0989573    1.01516
   44.0122  0.0275563 -0.0545036  0.0108582 -0.0163303  -0.096638    1.01297
   44.0179  0.0414048 -0.0513078 0.00979291 -0.0158421 -0.0938304     1.0065
   44.0222  0.0573837 -0.0518405 0.00979291 -0.0129124 -0.0923655    1.00344
   44.0279   0.068569 -0.0587647   0.014054 -0.0109592 -0.0935862    1.01052
   44.0322  0.0760259 -0.0752763  0.0268371 -0.00973854  -0.0974925     1.02493
    44.038  0.0760259 -0.0859289  0.0273698 -0.010471 -0.103352   1.03457
   44.0423  0.0706995 -0.0672868 0.00926028 -0.0146214  -0.104328    1.03152
    44.048   0.0579164  -0.0342636 -0.00565342 -0.0198704 -0.0939525    1.02468
   44.0521  0.0419374 -0.0209478  -0.001925 -0.0221897 -0.0797923    1.02114
   44.0579  0.0371437 -0.0358615   0.024174 -0.0203587 -0.0718577    1.01895
   44.0621 0.0435353 -0.068352 0.0598603 -0.0160862 -0.0746653    1.01858
    44.068  0.0504595 -0.0981795  0.0795677 -0.0103489 -0.0866282    1.01785
   44.0726 0.0467311 -0.108299 0.0742414 -0.00766334  -0.0977366      1.0159
    44.078 0.0355458 -0.105104 0.0593277 -0.00644264   -0.100544      1.0148
   44.0835 0.0163711 -0.107767 0.0390877 -0.000949478   -0.0939525       1.0137
    44.088 0.000392091   -0.125876   0.0177824 0.00539818 -0.0811351    1.01382
   44.0935 0.00838157  -0.145051 0.00819502 0.00637474 -0.0699046     1.0159
   44.0979 0.0259584 -0.156236  0.014054 -0.000705337   -0.0659984      1.01748
   44.1022 0.0355458 -0.162095 0.0364245 -0.0114475  -0.068928    1.01638
   44.1106 0.0318174 -0.156236 0.0651867 -0.0177952 -0.0730784     1.0137
   44.1123 0.0200995 -0.139725 0.0838288 -0.0171848 -0.0733226    1.01504
   44.1179 0.0110447 -0.123746 0.0912856 -0.00998268  -0.0674632     1.01919
   44.1222 0.0142405 -0.124278 0.0955467 -0.000705337   -0.0594066      1.01882
    44.128 0.0264911 -0.145584 0.0998078 0.00625267 -0.0563548    1.01565
   44.1323 0.0344806 -0.173813  0.101406  0.0105251 -0.0609935    1.01553
   44.1386 0.0366111 -0.198847  0.100873  0.0108913 -0.0699046    1.01931
   44.1421 0.0307521 -0.219087 0.0971446 0.00808373 -0.0769847    1.02456
    44.148 0.0147732 -0.232935 0.0870246 0.00625267 -0.0779612    1.02493
   44.1525 -0.0059995  -0.243588  0.0753067 0.00637474 -0.0728343    1.01809
   44.1581 -0.0203806  -0.257436  0.0694477 0.00979271 -0.0662425    1.00759
   44.1625 -0.0278374  -0.275013  0.0662519  0.0168728 -0.0630687   0.999782
   44.1687 -0.0326311  -0.294188  0.0619909  0.0233425 -0.0666087   0.999171
   44.1723 -0.0283701    -0.3107  0.0609256  0.0268826 -0.0761302    1.00357
   44.1779 -0.0294353  -0.313896  0.0518709  0.0283474 -0.0851634    1.00772
   44.1822 -0.0379574  -0.303243  0.0316308  0.0313992 -0.0899241    1.00833
   44.1879 -0.0480774  -0.291525 0.00606449   0.036282 -0.0895579    1.00381
   44.1924 -0.0608606  -0.286199 -0.0210998 0.0411648  -0.08614  0.995143
   44.1977 -0.0677848  -0.284601 -0.0445356  0.0478786 -0.0852855    0.98965
   44.2021 -0.0715133  -0.287264 -0.0653082  0.0545925 -0.0891917   0.994411
    44.208 -0.0720459  -0.296851 -0.0855483  0.0565456 -0.0956614    1.00796
   44.2122 -0.0688501  -0.311232  -0.106321 0.0506863 -0.100422    1.0198
    44.218 -0.0597954  -0.326146  -0.121235 0.0395779 -0.101155   1.02359
   44.2222 -0.0486101   -0.34106  -0.120169  0.0255398 -0.0981028    1.01651
    44.228 -0.0422185  -0.345853  -0.106321  0.0184597 -0.0955394    1.00186
    44.232 -0.0363595   -0.34106 -0.0866135  0.0254177 -0.0954173   0.992457
   44.2379 -0.0358269  -0.338929 -0.0674388  0.0356716 -0.0973704   0.993556
   44.2422 -0.0406206  -0.338397 -0.0487966 0.0388454 -0.101399   0.99966
    44.248 -0.0486101  -0.332538 -0.0285566 0.0354275 -0.107624   1.00344
   44.2521 -0.0677848  -0.317091 -0.0131103 0.0322536 -0.114704  0.999904
   44.2579    -0.090688    -0.295786 -0.000327101 0.0295681 -0.110676  0.992702
   44.2623 -0.105069 -0.274481 0.0151192  0.0313992 -0.0999339   0.987453
   44.2681 -0.115189 -0.261165 0.0295003  0.0399441 -0.0946849   0.985744
   44.2722 -0.126374 -0.259567 0.0406856  0.0477566 -0.0941966   0.991603
    44.278 -0.139158 -0.269154 0.0534688  0.0495876 -0.0979808    1.00418
   44.2823 -0.158865 -0.285133 0.0641214 0.0448269 -0.101643   1.01736
   44.2877 -0.179105  -0.30271 0.0769046 0.0393337 -0.102619   1.02517
   44.2921 -0.197214  -0.32082 0.0896877 0.0387234 -0.101033   1.02566
   44.2979 -0.214791 -0.338929 0.0923509  0.0429958 -0.0984691    1.02127
   44.3022 -0.225977 -0.358637 0.0923509  0.0505642 -0.0973704    1.01748
   44.3078 -0.231836 -0.378877 0.0902204 0.0587429 -0.100178   1.01907
   44.3121 -0.232901 -0.396986 0.0832962 0.0639919  -0.10677   1.02603
   44.3179 -0.229172 -0.409769 0.0753067 0.0652126 -0.112385   1.03421
   44.3222 -0.217987 -0.417759 0.0657193 0.0647243 -0.113972   1.03567
   44.3279 -0.199345 -0.425748  0.050273 0.0666775 -0.112019   1.02798
   44.3322 -0.172181 -0.431607 0.0353593  0.072781 -0.109455   1.01394
    44.338 -0.141288  -0.43214 0.0199129 0.0805935 -0.109455   1.00051
    44.342   -0.112526   -0.427879 0.000738166 0.0873074 -0.113117  0.996608
    44.348 -0.0890901  -0.419357 -0.0152408 0.0904812 -0.117878   1.00076
   44.3522 -0.0773722  -0.404976 -0.0290892 0.0897488 -0.120198   1.00735
   44.3579 -0.0699154  -0.386333 -0.0397419 0.0875515 -0.118122   1.01077
   44.3623  -0.060328  -0.365561 -0.0487966 0.0871853 -0.112629   1.00662
    44.368 -0.0480774  -0.343723 -0.0589166 0.0912136  -0.10738  0.996242
   44.3724 -0.0305006  -0.324548 -0.0658409 0.0991482 -0.105061  0.985011
    44.378 -0.0145216  -0.306971 -0.0701019  0.106106 -0.107014  0.981105
   44.3826 -0.00546686   -0.291525  -0.0738304  0.109402 -0.111042  0.985499
   44.3879 -0.0044016  -0.279807 -0.0780914  0.107937 -0.112629  0.992335
    44.392 -0.00546686   -0.268089  -0.0775588  0.103665 -0.111042  0.995631
    44.398 -0.00546686   -0.254241  -0.0722325  0.100613 -0.106526  0.990016
   44.4024 -0.00759739   -0.236664  -0.0690367  0.100369 -0.100056  0.977565
    44.408 -0.00972792   -0.213228  -0.0637103   0.103299 -0.0957835   0.966823
   44.4121 -0.0145216  -0.186596 -0.0567861   0.105984 -0.0955394   0.964625
   44.4181 -0.0214458  -0.159965 -0.0466661   0.104275 -0.0971263   0.971339
   44.4222 -0.0257069  -0.131735 -0.0274913  0.0978054 -0.0978587   0.980372
    44.428  -0.0294353    -0.10031 -0.00512079  0.0893826 -0.0951732   0.983424
   44.4323 -0.0363595 -0.0672868  0.0156519  0.0840115 -0.0889476   0.979762
    44.438  -0.040088 -0.0369267  0.0380224  0.0853542 -0.0835765   0.972804
   44.4422 -0.040088 -0.011893 0.0593277  0.0924343 -0.0832103   0.966823
    44.448  -0.044349 0.00621647   0.074774   0.101223 -0.0887034   0.968654
   44.4522 -0.0550017  0.0168691  0.0859593   0.105618 -0.0960276   0.977809
   44.4578 -0.0688501  0.0237933  0.0955467 0.102444 -0.10091 0.987819
   44.4623 -0.0826985  0.0296523   0.106199 0.0954861 -0.101277  0.991115
    44.468 -0.0997428  0.0360439   0.113656   0.090115 -0.0965159   0.985011
   44.4722 -0.116787 0.0435007  0.115787  0.0898708 -0.0926097   0.974391
    44.478 -0.131701 0.0472291  0.117385  0.0947536 -0.0929759   0.966823
    44.482 -0.152473 0.0429681  0.116852   0.100003 -0.0972484    0.96841
    44.488 -0.172181 0.0323154  0.121113  0.101345 -0.102864  0.977565
   44.4926 -0.193486 0.0189996   0.12857 0.0975613 -0.105183  0.988917
   44.4977  -0.221183 0.00408594   0.131766 0.0917019 -0.103474  0.998195
   44.5022 -0.239292 -0.011893  0.138157  0.0885281 -0.0984691    1.00125
   44.5079  -0.247815 -0.0294699   0.146147  0.0891384 -0.0926097   0.997829
   44.5124  -0.253673 -0.0491773   0.149343  0.0931667 -0.0901683   0.994166
    44.518 -0.249945 -0.068352   0.15094  0.0969509 -0.0928538   0.994777
    44.522  -0.238227 -0.0859289   0.157865 0.0958523 -0.098347   1.00039
    44.528 -0.229705 -0.100843  0.161593 0.0909695 -0.102864   1.00784
   44.5322 -0.217454 -0.109365  0.164789 0.0844997 -0.103474   1.00845
   44.5379 -0.202008 -0.112028  0.167985 0.0798611 -0.100544  0.999538
   44.5422 -0.183366 -0.112561  0.163191  0.0803493 -0.0981028   0.985866
    44.548 -0.160463 -0.113093   0.16106  0.0851101 -0.0981028   0.974025
   44.5522 -0.138625 -0.115224  0.160528 0.0915798 -0.102253  0.972072
    44.558 -0.11732 -0.12055 0.156799 0.0951199 -0.109577  0.980983
   44.5621 -0.102939 -0.129605  0.154136 0.0930447 -0.114826  0.994655
    44.568 -0.0933512  -0.140257   0.151473 0.0879177 -0.115437   1.00344
   44.5724 -0.0848291  -0.150377   0.146147 0.0823025 -0.110554   1.00137
   44.5781 -0.0715133  -0.159965   0.145081 0.0803493 -0.104206  0.990871
   44.5821 -0.0555343  -0.168487   0.145081 0.083157 -0.10091 0.978175
   44.5878 -0.044349 -0.174346  0.142951 0.0860867 -0.102253  0.971705
   44.5921 -0.0310332  -0.179672   0.148277 0.0854763 -0.107258  0.973537
    44.598 -0.0225111  -0.183933   0.156267 0.0819363 -0.111897  0.977687
   44.6022 -0.0219785  -0.184998   0.159463 0.0782742  -0.11385  0.977687
    44.608 -0.0209132  -0.182868   0.162658 0.0766872 -0.112507  0.970241
   44.6125 -0.0214458  -0.177542   0.165854 0.0786404 -0.109333  0.957667
    44.618 -0.0214458  -0.172215   0.166919 0.0836452 -0.108601  0.946559
   44.6221 -0.0193153   -0.16902   0.165322 0.0892605 -0.111531  0.944484
   44.6279 -0.0230437  -0.166889   0.161593 0.0924343 -0.117512  0.953151
   44.6322 -0.0331637  -0.165291   0.159995 0.0910915 -0.122883  0.965358
   44.6379 -0.0486101  -0.163693   0.152538 0.0865749 -0.122639  0.970729
   44.6424 -0.0635238  -0.160497   0.143484 0.0821804 -0.117512  0.965114
    44.648 -0.0699154  -0.156236   0.141353 0.0824245 -0.113606  0.953273
   44.6521 -0.0752417  -0.152508   0.134429 0.0887722  -0.11446  0.944484
    44.658 -0.0842964  -0.152508   0.122711 0.0968288 -0.119587  0.946315
   44.6621 -0.0970796  -0.156236   0.112058  0.101956 -0.127644  0.956691
   44.6681 -0.114124 -0.159965 0.0987425  0.101345 -0.133747  0.969264
   44.6725 -0.134896 -0.160497 0.0848941 0.0964626 -0.134724  0.975978
   44.6777 -0.150343 -0.154106  0.074774 0.0910915 -0.130085  0.972316
   44.6822 -0.156734 -0.142921 0.0657193 0.0906033 -0.124592  0.963405
    44.688 -0.156202 -0.129605  0.060393 0.0967068 -0.122517  0.956325
    44.692 -0.150343 -0.117354 0.0571972  0.104275 -0.125447  0.957057
    44.698 -0.144484 -0.109365 0.0524035  0.107693 -0.132405  0.965236
   44.7021 -0.140223 -0.101375 0.0481424  0.105984 -0.137409  0.975123
    44.708 -0.135962  -0.09019 0.0433487 0.101345 -0.13802 0.980617
   44.7121   -0.12744 -0.0779394   0.040153 0.0986599 -0.135578  0.977931
   44.7179  -0.112526 -0.0667542  0.0380224  0.100735 -0.132893   0.96963
   44.7223 -0.0949491 -0.0571668  0.0310982  0.106228 -0.133503  0.964381
    44.728 -0.0725785 -0.0507752  0.0236414 0.113064 -0.13863 0.967921
   44.7322 -0.0534038 -0.0470468  0.0151192  0.116238 -0.145344  0.978419
   44.7378 -0.0395553 -0.0470468  0.0108582 0.114041 -0.14925 0.991237
   44.7421 -0.0278374 -0.0475794  0.0113908  0.108548 -0.147541  0.997218
    44.748   -0.01825 -0.0449162 0.00872765  0.102932 -0.140217  0.991603
   44.7522 -0.00173844  -0.0390573  0.00979291  0.100613 -0.131916  0.978053
    44.758    0.02223 -0.0289373  0.0199129 0.103543 -0.12801 0.964992
   44.7622   0.038209 -0.0188172  0.0273698   0.10989 -0.131184  0.961696
    44.768  0.0414048 -0.0134909  0.0300329  0.113797 -0.138142  0.967921
   44.7724  0.0451332 -0.0134909  0.0358919  0.111599 -0.142903  0.978175
    44.778  0.0398069 -0.0129583  0.0364245  0.105618 -0.142903  0.985255
   44.7822 0.0302195 -0.011893 0.0364245 0.100613 -0.13802 0.983058
    44.788  0.0259584 -0.0134909  0.0385551 0.0998806 -0.132038  0.974513
   44.7923  0.0158384 -0.0156215  0.0337614 0.103054 -0.12862 0.966334
   44.7975 0.00678368 -0.0182846  0.0316308  0.106472 -0.129597  0.963771
   44.8023 0.00358788 -0.0236109  0.0374898 0.107083 -0.13448 0.968776
    44.808 -0.0113258 -0.0300025  0.0396203  0.104885 -0.139118  0.978541
   44.8121  -0.034229 -0.0374594   0.040153   0.10159 -0.139241  0.986354
    44.818 -0.0507406 -0.0470468  0.0449466 0.0997585 -0.134968  0.986964
   44.8222 -0.0635238 -0.0545036  0.0481424  0.100979 -0.130085  0.981227
    44.828 -0.0699154 -0.0592973  0.0508056  0.10635 -0.12801 0.976344
   44.8322 -0.0709806 -0.0635584  0.0524035  0.114651 -0.132038  0.978664
    44.838 -0.0688501 -0.0694173  0.0529361  0.120877 -0.141438  0.988185
   44.8421 -0.0661869 -0.0763415  0.0566645  0.121365 -0.149739   1.00003
    44.848 -0.060328  -0.08007  0.054534  0.116604 -0.151936   1.00576
   44.8524 -0.0427511 -0.0784721  0.0497403  0.110989 -0.147663   1.00186
   44.8577 -0.0155869 -0.0715478  0.0422835  0.110501 -0.141194  0.990748
   44.8622  0.0238279 -0.0624931  0.0332287  0.114529 -0.137654   0.97964
    44.868   0.068569 -0.0545036  0.0279024  0.119168 -0.139851   0.97671
   44.8725   0.104788 -0.0465141  0.0188477  0.122097 -0.146443  0.981349
   44.8778   0.124495 -0.0395899 0.00872765  0.120144 -0.150959  0.989772
   44.8822   0.132485 -0.0390573  0.0012708  0.117459 -0.150227  0.997218
    44.888    0.136746   -0.043851 -0.00299026  0.115994 -0.143757   0.99734
   44.8922    0.135148  -0.0486447 -0.00565342  0.113919 -0.134114  0.990504
    44.898    0.136213  -0.0523731 -0.00671869  0.113308 -0.126301  0.983058
   44.9023    0.139942  -0.0534383 -0.00352289  0.113675 -0.122273  0.980495
   44.9081    0.14154  -0.053971 0.00340133  0.114285 -0.124348  0.982814
   44.9121   0.137279 -0.0550362   0.014054  0.113797 -0.129597   0.98672
    44.918   0.118636 -0.0555689  0.0236414  0.109402 -0.131428  0.986964
   44.9222  0.0920048 -0.0550362  0.0289677  0.104519 -0.128132  0.979396
    44.928   0.074428 -0.0534383  0.0385551  0.104641 -0.122395  0.966823
   44.9322  0.0616448 -0.0529057  0.0470772  0.111233 -0.119709    0.9584
    44.938  0.0446006 -0.0545036  0.0492077  0.119656 -0.122517  0.960597
   44.9421  0.0286216 -0.0603626  0.0534688 0.123562  -0.1274 0.970729
   44.9478 0.00838158 -0.0656889  0.0524035  0.121121 -0.129719  0.983058
   44.9521 -0.0118585 -0.0662215  0.0492077 0.113797 -0.12801 0.988551
    44.958 -0.0214458 -0.0630257  0.0518709  0.106839 -0.122883  0.982204
   44.9623 -0.0305006 -0.0566341  0.0486751 0.106228 -0.11739 0.968288
    44.968 -0.0390227 -0.0491773  0.0417508  0.110745 -0.115803  0.954738
   44.9724 -0.0416859 -0.0443836   0.040153  0.116726 -0.119343  0.949855
    44.978 -0.0486101 -0.0433183  0.0332287  0.121121 -0.125569  0.955714
   44.9823 -0.0656543 -0.0443836  0.0172498  0.121243 -0.131062  0.967555
    44.988 -0.0789701 -0.0491773 0.00286869  0.118557 -0.132283  0.977565
   44.9922 -0.0853617 -0.0545036 -0.0104471   0.11636 -0.127522  0.980495
    44.998 -0.0901554 -0.0566341 -0.0237629  0.116238 -0.121052  0.977321
   45.0024 -0.0832312 -0.0592973 -0.0317524  0.119778 -0.117146  0.973903
    45.008 -0.0720459 -0.0624931  -0.038144  0.125393 -0.117268   0.97671
   45.0121 -0.0672522  -0.064091 -0.0397419  0.127224 -0.120686  0.986354
    45.018 -0.0635238 -0.0651563 -0.0349482  0.124539 -0.123982   0.99612
   45.0223 -0.0619259 -0.0635584 -0.0344156  0.119412 -0.123982  0.998561
   45.0281 -0.0635238 -0.0587647 -0.0344156 0.115628 -0.12032 0.991481
   45.0321 -0.0613932 -0.0534383  -0.032285  0.116848 -0.116535  0.979396
    45.038 -0.0576648 -0.0497099 -0.0301545  0.121975 -0.116902  0.970119
   45.0422 -0.0565996 -0.0475794 -0.0306871 0.127957 -0.12093 0.971095
    45.048  -0.050208 -0.0459815 -0.0338829  0.130886 -0.126057  0.982081
   45.0522 -0.0384901  -0.043851 -0.0365461  0.126858 -0.129353  0.995631
    45.058 -0.0278374  -0.037992 -0.0397419  0.119778 -0.128987   1.00283
   45.0624 -0.0161195 -0.0284046 -0.0413398  0.114163 -0.125325  0.998561
    45.068 -0.0028037 -0.0182846 -0.0429377  0.113186 -0.120564  0.986232
    45.072  0.00997947 -0.00922987  -0.0456008   0.11929 -0.118489  0.975001
    45.078   0.0200995 -0.00550144  -0.0487966  0.127713 -0.121784  0.973537
   45.0823   0.0232953 -0.00922987  -0.0546556  0.13284 -0.12801 0.981227
    45.088  0.0169037 -0.0156215 -0.0599819 0.132351 -0.13155 0.991969
   45.0924 0.00465315 -0.0214804 -0.0637103  0.127468 -0.129963   1.00149
    45.098 -0.00386897  -0.0257415  -0.0669061   0.12283 -0.121907   1.00454
   45.1023 -0.0044016 -0.0262741  -0.064243  0.121243 -0.112995  0.998805
    45.108 0.00358788 -0.0230783 -0.0557209  0.124783 -0.109577  0.991481
   45.1123  0.0174363 -0.0161541 -0.0487966  0.130642 -0.110676   0.99258
    45.118   0.0376763 -0.00337091  -0.0413398  0.132718 -0.114338    1.0032
   45.1222   0.068569  0.0126081 -0.0301545  0.131131 -0.118733   1.01467
    45.128  0.0978638  0.0280544 -0.0253608    0.1293 -0.123005   1.01651
   45.1323   0.122365  0.0397723 -0.0285566  0.130032 -0.124348   1.00833
    45.138   0.145801  0.0450986 -0.0349482  0.134182 -0.124348  0.993312
   45.1422   0.155921  0.0456313 -0.0525251 0.142605 -0.12801 0.977199
    45.148   0.155388   0.038707 -0.0732977  0.150906 -0.134358  0.972194
   45.1523   0.151127  0.0291197 -0.0935377  0.150906 -0.138264  0.980495
    45.158  0.144203 0.0253912 -0.116441  0.141385 -0.132527  0.997951
   45.1622  0.147399 0.0269891 -0.127626  0.127346 -0.121662   1.00991
    45.168  0.157519 0.0339133 -0.129224   0.11697 -0.113728   1.00613
   45.1721  0.162312 0.0413702  -0.13455  0.115628 -0.107991  0.996242
    45.178  0.171367 0.0435007 -0.137746  0.121609 -0.104451  0.989039
   45.1824   0.18202 0.0376418 -0.136148  0.129544 -0.106282  0.988795
    45.188  0.178291 0.0248586 -0.143605  0.135769 -0.110554  0.997707
   45.1922   0.177759 0.00994489  -0.149464  0.135891 -0.110554   1.01394
    45.198     0.191074 -0.000175121    -0.149464  0.128689 -0.105915   1.02859
   45.2023    0.212912 -0.00230565   -0.153725   0.122097 -0.0994456    1.03103
   45.2078    0.241142 -0.00283828   -0.155856   0.122586 -0.0952952    1.02298
   45.2121    0.267773 -0.00656671   -0.154258   0.130276 -0.0951732    1.01455
    45.218    0.294405 -0.00922987   -0.152127   0.138699 -0.0978587     1.0126
   45.2223    0.327961 -0.00869724   -0.149464  0.142605 -0.101887   1.02029
    45.228    0.366843 -0.00550144   -0.148931  0.140896 -0.104939   1.03176
   45.2322   0.40679 0.0035533 -0.149997  0.135769 -0.105793    1.0353
    45.238  0.444075 0.0158038 -0.156921  0.133084 -0.104939   1.02676
   45.2422  0.478696  0.024326 -0.168639  0.136502 -0.102864   1.00967
    45.248  0.511186 0.0259239 -0.181955   0.14407 -0.100544  0.996486
   45.2523  0.538351 0.0205975 -0.195803  0.150296 -0.096638   1.00015
    45.258  0.566048 0.0131407 -0.205391   0.149075 -0.0900462     1.0187
   45.2623 0.598005 0.008347 -0.21338   0.138699 -0.0823558     1.0397
    45.268   0.634757 0.00408594  -0.216576   0.126248 -0.0744212    1.05203
   45.2724     0.66778 -0.00230565     -0.2235   0.119778 -0.0673411    1.05166
   45.2777    0.69814 -0.0124257  -0.239479   0.117337 -0.0594066    1.04202
   45.2821    0.758328 -0.00443618   -0.260784  0.0864529 -0.0326732    1.03762
    45.288  0.846212 0.0333807  -0.28422   0.081448 -0.0246165    1.04385
   45.2924  0.913856 0.0541534 -0.298601   0.128689 -0.0478099    1.04568
    45.298  0.945814 0.0328481 -0.308721   0.154324 -0.0598948    1.03836
   45.3022   0.949543 -0.0081646  -0.331092   0.158718 -0.0641673    1.02774
   45.3078  0.927705 -0.053971 -0.365713   0.162869 -0.0629466    1.01492
   45.3121  0.893084 -0.103506 -0.396605    0.16824 -0.0525706     1.0021
    45.318  0.850473 -0.152508 -0.425368   0.170681 -0.0365794   0.994289
   45.3224  0.813189 -0.194053 -0.450934    0.16885 -0.0229075   0.994899
    45.328  0.790818 -0.225479 -0.461054   0.163235 -0.0152171    1.00125
   45.3322  0.763654 -0.246784  -0.46638   0.155667 -0.0139964    1.00589
    45.338  0.723174 -0.260632 -0.472239   0.149441 -0.0163157    1.00173
   45.3422  0.674172 -0.270752 -0.473837   0.145779 -0.0177806   0.986842
    45.348   0.61505 -0.279274 -0.478631   0.147976 -0.0176585   0.966579
   45.3522  0.548471 -0.287797 -0.488218   0.155178 -0.0152171   0.949489
    45.358  0.487218 -0.298982 -0.490349   0.162503 -0.0116771   0.944484
   45.3622  0.433955 -0.309102 -0.493012    0.165188 -0.00764875    0.953151
    45.368   0.38442 -0.311232 -0.499404     0.160183 -0.000568668     0.967799
   45.3724  0.350864 -0.306439 -0.498338   0.152737 0.00992938   0.977687
    45.378  0.332222 -0.297917 -0.495675  0.149563 0.0217702  0.976466
   45.3821  0.319439 -0.288329 -0.493545  0.153836 0.0309255  0.965968
    45.388  0.306656 -0.279807 -0.495142 0.162747 0.033611 0.951564
   45.3925  0.290677 -0.271818 -0.500469  0.170926 0.0278737  0.939845
   45.3976   0.26298 -0.264361 -0.508458  0.175808 0.0154225   0.93423
   45.4022  0.217706 -0.254241 -0.524437   0.175076 0.00443621   0.932765
    45.408  0.169769 -0.238262 -0.543612    0.169339 0.000407894    0.930202
   45.4122  0.118636 -0.214293 -0.566515   0.164822 0.00516864   0.923976
    45.418 0.0754932 -0.181803 -0.590484   0.16531 0.0146901   0.91714
   45.4221 0.0557858 -0.142921 -0.612322  0.168362 0.0226247  0.914577
    45.428  0.0461985 -0.0997773  -0.639486  0.172512 0.0275075  0.921413
   45.4323    0.04247 -0.0576994  -0.674639  0.175564 0.0284841  0.937892
    45.438  0.0499269 -0.0252088   -0.70713 0.176785 0.026653 0.955226
   45.4422   0.0504595 -0.00230565   -0.736957  0.173855 0.0267751  0.963771
    45.448 0.0334153 0.0152712 -0.769981   0.16824 0.0308034  0.961574
   45.4523 0.0158384 0.0307175 -0.798743  0.166043 0.0349538  0.951686
    45.458 0.00518578  0.0477618  -0.831233 0.167019 0.037029 0.942164
   45.4623 -0.00706476   0.0642734   -0.871181   0.16824 0.0359304  0.942897
    45.468 -0.0214458  0.0775892  -0.908465  0.166531 0.0321462  0.952907
   45.4726 -0.0395553  0.0882418  -0.945749  0.163357 0.0279958  0.967311
   45.4777 -0.0640564  0.0983618   -0.98836  0.161404 0.0268972  0.980617
   45.4824 -0.0784375   0.107949   -1.03257  0.162136 0.0311696  0.985988
   45.4877 -0.0826985   0.116471   -1.08796  0.165799 0.0369069   0.98257
   45.4921 -0.0874922   0.139907    -1.1636  0.178128 0.0389821  0.973292
    45.498 -0.0848291   0.143103   -1.23763  0.196316 0.0400807  0.974879
   45.5022 -0.0784375   0.103688   -1.29409  0.195584 0.0391042  0.980495
    45.508 -0.0747091  0.0765239   -1.34203 0.181668 0.031902 0.975246
   45.5123 -0.0731112  0.0786544   -1.39369  0.172635 0.0239675  0.967189
    45.518 -0.080568 0.0893071  -1.45282  0.167141 0.0204274  0.954494
    45.522 -0.0960143  0.0988945   -1.51407  0.168606 0.0171315  0.933497
    45.528 -0.120515   0.13245  -1.58651   0.168118 0.00956317   0.904933
   45.5321 -0.165257  0.216606  -1.67599     0.164456 -0.000812809     0.880885
    45.538 -0.237695  0.334318  -1.75695    0.161526 -0.00520734    0.882594
   45.5424  -0.3096 0.403027 -1.80861   0.181302 0.00260516   0.925929
   45.5478 -0.34209  0.38119 -1.85495  0.195584 0.0220143  0.979152
   45.5522 -0.325579  0.340177  -1.90609   0.16531 0.0453298    1.0032
    45.558 -0.272848  0.329524   -1.9423   0.13638 0.0570485    1.0054
   45.5622 -0.212128  0.328992  -1.96894  0.131985 0.0570485   1.00283
   45.5681 -0.162061  0.318872  -1.99397  0.133084 0.0531423    1.0043
   45.5727 -0.119983  0.304491  -2.01421  0.128811 0.0480153   1.01016
   45.5777 -0.0821659   0.287979   -2.02486 0.118802 0.045818  1.01919
   45.5822 -0.0507406   0.270402   -2.02433  0.103054 0.0472829   1.02481
    45.588 -0.0171848   0.258684   -2.01421 0.0886501 0.0500905    1.0176
   45.5921 0.0142405  0.256021  -2.00036 0.0802273 0.0508229   1.00222
    45.598 0.0371437  0.257619  -1.98385 0.0768093 0.0485036  0.987208
   45.6025 0.0552532  0.256554  -1.96201 0.0755886 0.0442311  0.977809
    45.608 0.058449 0.248564 -1.93804 0.0735134 0.0380055  0.978908
   45.6125 0.0504595  0.236846  -1.90715 0.0687527 0.0351979  0.987819
   45.6181 0.0467311  0.222998  -1.86561 0.0626492 0.0395925  0.998927
    45.622 0.0509921  0.199562   -1.8182 0.0587429 0.0478932    1.0065
    45.628 0.0659059  0.167604   -1.7708 0.0611843 0.0558278   1.00662
   45.6322 0.0920048  0.131918  -1.72659 0.0696072 0.0608327   1.00381
    45.638  0.128756 0.0941008  -1.68611 0.0783962 0.0602223    1.0043
   45.6424  0.158584 0.0568165  -1.65415 0.0805935 0.0549733   1.00808
    45.648 0.170302 0.024326 -1.62432 0.0740017 0.0488698   1.01089
   45.6522     0.17403 -0.00177302    -1.58491 0.0648464 0.0444753    1.0065
    45.658   0.167639 -0.0214804   -1.54922 0.0613064 0.0434987  0.992946
   45.6622   0.155921 -0.0342636   -1.52259 0.0648464 0.0454518  0.974879
    45.668   0.146866 -0.0417204   -1.49756 0.0721706 0.0470388  0.959254
   45.6721   0.135681 -0.0443836   -1.47732   0.07803 0.0441091  0.949855
    45.678   0.114908 -0.0406552   -1.45867 0.0807156 0.0384938  0.948634
   45.6823  0.0877438 -0.0342636   -1.42991 0.0792507 0.0347097  0.955958
    45.688  0.0531227 -0.0230783   -1.39689 0.0721706   0.03532  0.963283
   45.6922   0.0200995 -0.00177302    -1.36387 0.0657009 0.0410573  0.964137
   45.6978 -0.00173844   0.0248586    -1.32445 0.0660671 0.0482595  0.962184
   45.7024  -0.01825 0.0514902  -1.28504 0.0722927  0.052654  0.960963
   45.7078 -0.0320985  0.0754587   -1.24935 0.0791286 0.0530202  0.963649
   45.7122 -0.044349 0.0941008  -1.21313 0.0852322 0.0498464   0.97317
    45.718 -0.0587301   0.106884   -1.18224 0.0898708  0.045696  0.985866
   45.7224 -0.0752417   0.115939    -1.1604 0.0898708 0.0436208  0.993556
    45.728 -0.0853617   0.121265   -1.13909 0.0863308 0.0454518  0.991359
   45.7321 -0.101873  0.128189  -1.12738 0.0840115 0.0482595   0.97903
    45.738 -0.124244  0.136179  -1.12045 0.0859646  0.047527   0.96609
   45.7422 -0.141821  0.138842  -1.10181 0.0899929 0.0414235  0.962062
    45.748 -0.16792 0.138842  -1.0821 0.0892605 0.0330007  0.967921
   45.7523 -0.196682  0.139907  -1.05813 0.0826687 0.0260427  0.980372
    45.758 -0.216389   0.14257  -1.02458  0.074612 0.0215261  0.990748
    45.762 -0.236629  0.147897 -0.997415 0.0664333 0.0205495   0.99319
    45.768 -0.250478  0.158017 -0.974511 0.0617947 0.0200612  0.988307
   45.7721 -0.256869  0.167604 -0.955337  0.065823 0.0172536  0.981593
    45.778 -0.269652  0.161212 -0.942554  0.072781 0.0137136  0.983668
   45.7824 -0.273381  0.139907 -0.920716 0.0721706 0.0115163  0.996852
   45.7877 -0.254739  0.120732 -0.888758 0.0687527 0.0121266   1.01724
   45.7922 -0.225444  0.102623 -0.862126 0.0666775 0.0153005   1.03482
   45.7981 -0.189225 0.0786544 -0.838158 0.0620388 0.0207936   1.03738
   45.8021 -0.152473 0.0541534 -0.815254 0.0598415 0.0251882   1.02786
    45.808 -0.119983 0.0280544 -0.793949 0.0628933 0.0233571   1.01638
   45.8122  -0.0901554 0.000890144   -0.776372 0.0638699 0.0165212   1.00772
    45.818 -0.0693827 -0.0214804  -0.765187  0.0632595 0.00651141    1.00552
   45.8223 -0.0571322  -0.043851  -0.754534    0.064114 -0.00410871     1.00747
    45.828 -0.0560669 -0.0694173  -0.753469  0.0638699 -0.0108226    1.00747
   45.8322 -0.0651217 -0.0965816  -0.759861  0.0611843 -0.0119212    1.00039
    45.838 -0.070448 -0.123746 -0.767318   0.0591091 -0.00996808    0.985866
   45.8423 -0.0725785  -0.151975  -0.780101   0.0628933 -0.00838117    0.974635
    45.848 -0.0741764  -0.187129  -0.794482   0.069363 -0.0113109   0.971339
   45.8521 -0.0699154  -0.229207    -0.8062  0.0740017 -0.0164378   0.979762
    45.858 -0.0629911  -0.272883  -0.814722 0.0711941 -0.014973  0.998073
   45.8622 -0.0464795  -0.306439  -0.811526   0.0625271 -0.00447492     1.01541
    45.868 -0.00972792   -0.325081   -0.791819 0.0586208 0.0122487   1.02481
   45.8726 0.0419374 -0.337331 -0.761459 0.0636257  0.024822   1.02114
   45.8775  0.094668 -0.347451 -0.726305 0.0757107 0.0265309   1.00808
   45.8823  0.132485 -0.356506 -0.689553 0.0877956 0.0209157  0.995265
    45.888  0.156453   -0.3613 -0.648541 0.0947536 0.0128591  0.989406
   45.8922  0.165508 -0.356506 -0.605397   0.095364 0.00626727   0.988917
    45.898  0.154855  -0.34319 -0.566515  0.0941433 0.00175067   0.988795
   45.9021  0.135148 -0.327744 -0.532427   0.0945095 0.000529964    0.984523
    45.908  0.108516 -0.315493 -0.503665  0.0969509 0.00150653   0.976466
   45.9121 0.0749606 -0.310167 -0.478631   0.101345 0.00175067   0.970851
   45.9181 0.0414048 -0.315493 -0.450401     0.105862 -0.000690739     0.971828
   45.9221 0.00465315  -0.324548  -0.421107    0.105496 -0.00593976    0.980861
    45.928 -0.0379574  -0.328809  -0.393942   0.100003 -0.0103343   0.995631
   45.9323 -0.0683175   -0.33307   -0.35293   0.0971951 -0.00911359     1.01113
    45.938 -0.0853617   -0.34319  -0.306591   0.0992702 -0.00362043     1.02163
   45.9423 -0.0954817  -0.362898  -0.266111  0.106717 0.0016286   1.02273
   45.9478 -0.0912207   -0.39379  -0.222967   0.118679 0.00455828    1.01919
   45.9521 -0.0896228  -0.428944  -0.189412     0.129544 -0.000690739      1.01602
    45.958 -0.105602 -0.459837  -0.16278   0.134182 -0.0130198    1.01431
   45.9624 -0.134896 -0.478479 -0.133485   0.132473 -0.0229075     1.0159
    45.968 -0.168452 -0.475816 -0.109517   0.130398 -0.0279124    1.01516
   45.9721  -0.201476  -0.448651 -0.0962009   0.130276 -0.0304759    1.00479
    45.978  -0.231836   -0.40391 -0.0892767   0.134915 -0.0309642   0.989772
   45.9823  -0.254739  -0.358104 -0.0919398    0.15054 -0.0312083   0.981593
    45.988 -0.268055 -0.324548  -0.10419   0.167874 -0.0318187   0.985499
   45.9922 -0.268587 -0.302178 -0.118571   0.178006 -0.0334056      1.001
   45.9979 -0.257402 -0.287264 -0.135083   0.182034 -0.0345042    1.02212
   46.0022  -0.23077 -0.273948 -0.149464   0.181057 -0.0298655    1.04068
   46.0081 -0.184431 -0.253708 -0.159052   0.180813 -0.0186351    1.05105
   46.0122 -0.122113 -0.227076 -0.169704    0.187283 -0.00886945     1.05117
    46.018 -0.0528711  -0.196716  -0.187281    0.199734 -0.00740461     1.04434
   46.0221 0.0206321 -0.164758 -0.206456   0.213772 -0.0109446     1.0386
    46.028  0.088809 -0.132801 -0.232022   0.221829 -0.0169261    1.03836
   46.0323   0.138876 -0.0997774  -0.262915    0.22073 -0.0210765    1.03933
    46.038  0.178824 -0.068352 -0.284753   0.213284 -0.0205882    1.03506
   46.0422   0.207053 -0.0369267  -0.304993   0.204007 -0.0159495    1.02359
    46.048    0.225163 -0.00230565   -0.322037    0.197171 -0.00923566     1.00698
   46.0523  0.243272 0.0333807 -0.327896    0.194973 -0.00435285    0.992824
    46.058  0.258719 0.0680018 -0.332157   0.195462 4.1683e-05   0.989772
   46.0623  0.271502   0.10209 -0.332157    0.19595 0.00431414   0.999171
    46.068 0.28535 0.13245 -0.3247   0.193997 0.00638934    1.01467
   46.0723  0.296536  0.154288 -0.317243   0.186795 0.00809832    1.02688
    46.078  0.298134  0.171865 -0.314047  0.177761 0.0118825   1.02761
   46.0822  0.289611  0.190507 -0.315113  0.171292 0.0183522   1.01699
    46.088  0.279491   0.21128 -0.311384 0.171292 0.024822   1.0054
   46.0923  0.270969  0.229389 -0.302862  0.175076 0.0286061   1.00344
    46.098  0.260849  0.243238 -0.294873 0.174832 0.030071  1.01211
   46.1022  0.249664  0.257619 -0.281024  0.167752 0.0305593   1.02407
    46.108   0.23475  0.275196 -0.263447  0.154812 0.0330007   1.03201
   46.1122  0.218239  0.299164 -0.246403   0.14053 0.0398366   1.03225
    46.118  0.206521  0.327926 -0.222967  0.130642 0.0498464   1.02774
   46.1222  0.192672  0.354025 -0.200597  0.128689 0.0590016   1.02456
    46.128   0.17403  0.374798 -0.182487  0.130276 0.0622975     1.027
   46.1323   0.16178  0.387049 -0.159584 0.127346 0.059612  1.03738
    46.138  0.158584  0.390244 -0.146801  0.124051 0.0575368   1.04458
   46.1421  0.136213   0.38332 -0.109517  0.105496 0.0626638   1.05947
    46.148   0.110647   0.362015 -0.0408072 0.0810818 0.0734059   1.07461
   46.1523  0.107451  0.330589 0.0257719 0.0687527 0.0829274   1.06814
   46.1578  0.107451  0.313545 0.0609256 0.0622829 0.0868337   1.06143
   46.1621 0.0941354  0.283718   0.14082 0.0608181 0.0842702   1.04959
    46.168 0.0616448   0.24377  0.258532 0.0591091 0.0774343   1.04031
   46.1725  0.02223 0.225128 0.337362 0.0570339 0.0709645   1.04849
   46.1776 0.00198999   0.216606   0.378374 0.0552029 0.0687673    1.0541
   46.1822 -0.0384901   0.202225   0.436964 0.0592312  0.068279   1.05423
    46.188 -0.100275   0.19104  0.508337 0.0654568 0.0693776    1.0458
   46.1924 -0.143419   0.20116  0.527511 0.0731472 0.0710866   1.02957
    46.198 -0.165257  0.208084  0.533903 0.0786404 0.0712087   1.02188
   46.2023 -0.202008   0.22353  0.534968 0.0824245 0.0675466   1.02981
    46.208 -0.25101 0.238444 0.534436 0.0853542 0.0629079   1.04837
   46.2124 -0.266457  0.230455  0.534436 0.0827908 0.0618093   1.06668
    46.218 -0.269652  0.222998  0.536034 0.0810818 0.0616872   1.07437
   46.2222   -0.259 0.197964 0.538697 0.0772976 0.0659597   1.07058
    46.228 -0.248347   0.17293   0.54136 0.0735134 0.0702321    1.0668
   46.2321 -0.22864 0.159082 0.542425 0.0779079 0.0637624   1.05703
    46.238 -0.208932  0.145233   0.54349 0.0823025 0.0572927   1.04727
   46.2423 -0.204671  0.157484   0.53124 0.0846218 0.0443532   1.05007
    46.248 -0.20041 0.169735 0.518989 0.0869411 0.0314138   1.05288
   46.2522 -0.186562  0.196899   0.50301 0.0826687 0.0344655   1.05007
    46.258 -0.172713  0.224063  0.487031 0.0783962 0.0375173   1.04727
   46.2621 -0.143419  0.249629  0.464661 0.083279 0.042278  1.03909
    46.268 -0.0944165   0.282653   0.427377  0.091824 0.0445973   1.03152
   46.2725 -0.0624585   0.295436   0.390092 0.0971951 0.0389821   1.03384
    46.278 -0.050208  0.300762  0.367722  0.098904 0.0358083   1.03555
   46.2821 -0.0320985   0.307686   0.324046 0.0942654 0.0337331   1.03494
    46.288 -0.0107932   0.317274   0.255869  0.084988 0.0328786   1.02688
   46.2925 -0.000673173     0.322067     0.213791 0.0785183 0.0369069   1.01272
    46.298 0.00625105   0.324198   0.196214 0.0766872 0.0397145   1.00601
   46.3022 0.0195669  0.316208  0.165854 0.0796169 0.0426442   1.00454
    46.308 0.0328827  0.308219  0.135494 0.0825466 0.0455739   1.00308
   46.3156 0.0547206  0.285848  0.123244 0.0779079 0.0419118   1.01211
    46.318 0.0765585  0.263478  0.110993 0.0732693 0.0382497   1.02114
   46.3224 0.0957333   0.24377  0.111526 0.0653347 0.0409352   1.01773
    46.328 0.114908 0.224063 0.112058 0.0574001 0.0436208   1.01431
   46.3322 0.126093 0.209682 0.111526 0.0638699 0.0478932   1.00283
   46.3381 0.137279 0.195301 0.110993 0.0703396 0.0521657  0.991359
   46.3423 0.154855 0.173996 0.117385 0.0752224 0.0486257  0.991969
    46.348 0.172432  0.15269 0.123776 0.0801052 0.0450856   0.99258
   46.3523 0.167106 0.143103 0.123244  0.072781 0.0463063  0.991481
    46.358  0.16178 0.133516 0.122711 0.0654568  0.047527  0.990382
   46.3623 0.15166 0.13032 0.11845 0.0630154 0.0533864  0.974269
   46.3681  0.14154 0.127124 0.114189  0.060574 0.0592458  0.958156
   46.3724  0.13355 0.118602 0.113656  0.067532 0.0601003  0.949977
   46.3781 0.125561  0.11008 0.113124   0.07449 0.0609548  0.941798
   46.3822   0.11331 0.0988945  0.114189 0.0775417 0.0583913  0.953151
   46.3878   0.10106 0.0877092  0.115254 0.0805935 0.0558278  0.964503
   46.3922 0.0802869 0.0727955  0.112591 0.0809597 0.0608327  0.968532
    46.398 0.0595143 0.0578818  0.109928 0.0813259 0.0658376   0.97256
   46.4022 0.0488616 0.0482944  0.106199 0.0852322 0.0712087  0.965358
    46.408 0.038209 0.038707 0.102471 0.0891384 0.0765798  0.958156
   46.4124 0.0339479  0.038707  0.105134 0.0932888 0.0738942  0.962306
    46.418 0.0296869  0.038707  0.107797 0.0974392 0.0712087  0.966456
   46.4231 0.0195669 0.0456313  0.105134 0.0909695 0.0696218   0.97317
    46.428 0.00944684  0.0525555   0.102471 0.0844997 0.0680349  0.979884
   46.4323 0.00465315  0.0600123  0.0971446 0.0830349 0.0713307  0.975612
    46.438 -0.00014054   0.0674692   0.0918183 0.0815701 0.0746266  0.971339
   46.4421 0.00465315  0.0552186  0.0859593 0.0888943 0.0737722  0.976955
    46.448 0.00944684  0.0429681  0.0801004 0.0962185 0.0729177   0.98257
   46.4525 0.0211647 0.0275218 0.0785025  0.091946 0.0674245  0.997829
   46.4578 0.0328827 0.0120754 0.0769046 0.0876736 0.0619313   1.01309
   46.4622   0.0307521 0.000357511   0.0614582 0.0886501 0.0610768   1.00955
    46.468  0.0286216 -0.0113604  0.0460119 0.0896267 0.0602223   1.00601
   46.4724   0.0115774 -0.00656671    0.014054 0.0940212 0.0622975  0.991115
   46.4779 -0.00546686 -0.00177302   -0.017904 0.0984158 0.0643727  0.976222
   46.4823   -0.02837  0.0115428 -0.0477314  0.103665 0.0629079  0.986354
    46.488 -0.0512732  0.0248586 -0.0775588 0.108914 0.061443 0.996486
   46.4922 -0.0768396   0.038707  -0.102592 0.0986599 0.0633962   1.01541
    46.498 -0.102406 0.0525555 -0.127626  0.088406 0.0653493   1.03433
   46.5022 -0.124244 0.0701323 -0.153725 0.0875515 0.0702321    1.0375
   46.5078 -0.146082 0.0877092 -0.179824  0.086697 0.0751149   1.04068
   46.5123 -0.153539 0.0994271 -0.203793 0.0859646 0.0756032   1.04238
   46.5179 -0.160995  0.111145 -0.227761 0.0852322 0.0760915   1.04409
   46.5221 -0.171115  0.131385 -0.237881 0.0802273 0.0709645    1.0574
    46.528 -0.181235  0.151625 -0.248001 0.0752224 0.0658376    1.0707
   46.5325 -0.203606  0.178789 -0.250132 0.0631374 0.0697438    1.0707
    46.538 -0.225977  0.205954 -0.252262 0.0510525 0.0736501    1.0707
   46.5421 -0.231303  0.235248 -0.253327 0.0593533 0.0781667   1.06008
    46.548 -0.236629  0.264543 -0.254393  0.067654 0.0826833   1.04946
   46.5523 -0.243553  0.275728 -0.261317 0.0694851 0.0760915   1.04971
    46.558 -0.250478  0.286914 -0.268241 0.0713161 0.0694997   1.04995
   46.5621 -0.277642  0.281587 -0.283687 0.0631374   0.06657   1.05777
   46.5681 -0.304806  0.276261 -0.299134 0.0549587 0.0636403   1.06558
   46.5725 -0.322383  0.266141 -0.310319 0.0534939 0.0675466   1.06131
    46.578  -0.33996  0.256021 -0.321504  0.052029 0.0714528   1.05703
   46.5823 -0.340493  0.244303 -0.331092 0.0531277 0.0729177   1.05569
    46.588 -0.341025  0.232585 -0.340679 0.0542263 0.0743825   1.05435
   46.5922 -0.336231   0.22353 -0.343342 0.0506863 0.0691335   1.06362
    46.598 -0.331438  0.214476 -0.346005 0.0471462 0.0638845    1.0729
   46.6024 -0.335699  0.214476 -0.356125 0.0436062  0.063152     1.069
    46.608  -0.33996  0.214476 -0.366245 0.0400661 0.0624196   1.06509
   46.6122 -0.338362  0.212878 -0.386485 0.0423855 0.0638845   1.05239
    46.618 -0.336764   0.21128 -0.406726 0.0447048 0.0653493    1.0397
   46.6221 -0.336231  0.209682  -0.43602  0.048489 0.0541188   1.03897
    46.628 -0.335699  0.208084 -0.465315 0.0522732 0.0428884   1.03823
   46.6322 -0.347417  0.213943 -0.506328 0.0533718 0.0367848   1.04141
    46.638 -0.359135  0.219802  -0.54734 0.0522732 0.0304372   1.04885
   46.6425 -0.358602  0.221933 -0.561721 0.0453152 0.0333669   1.05239
   46.6481 -0.351678  0.235248 -0.591549 0.0376247 0.0380055   1.04507
   46.6522 -0.333568   0.26188 -0.619246 0.0388454 0.0399587   1.03384
    46.658 -0.310133  0.285848 -0.641616 0.0473904 0.0392263   1.03079
   46.6624 -0.289892  0.308219 -0.661324 0.0523952 0.0321462   1.03311
   46.6681 -0.277642  0.325263  -0.67677 0.0530056 0.0244557   1.04165
   46.6724 -0.276044  0.333785 -0.690086 0.0448269 0.0204274   1.04837
    46.678 -0.287229  0.355091 -0.709793 0.0329861 0.0165212   1.03823
   46.6827 -0.303741  0.385451 -0.730033 0.0303005  0.014446   1.01944
   46.6878  -0.32984  0.409952 -0.752404 0.0315212 0.0135915   1.00149
   46.6922 -0.365526  0.430724 -0.780101  0.0304226 0.00809832   0.989772
    46.698 -0.394821  0.457889   -0.8062    0.031155 -0.00459699    0.989284
   46.7021 -0.425714  0.483455 -0.834429  0.0324978 -0.0164378    1.00198
    46.708 -0.453411   0.49464 -0.856267  0.0251736 -0.0227855     1.0176
   46.7125 -0.469922  0.505825 -0.867985  0.0152859 -0.0247386    1.02261
   46.7178  -0.48164  0.520207 -0.878638  0.0124783 -0.0205882    1.02139
   46.7223 -0.476846  0.535653  -0.87704  0.0124783 -0.0130198    1.01907
   46.7279 -0.458204  0.552164 -0.859463   0.0128445 -0.00777082     1.02102
   46.7322 -0.440095  0.566013 -0.831766 0.00881615 -0.0105784    1.02798
    46.738 -0.432105  0.580927 -0.794482 -0.00143776   -0.018513     1.03604
   46.7421  -0.44116  0.595308 -0.748143 -0.0164524 -0.0232737    1.04068
    46.748 -0.468324  0.610221 -0.695945 -0.0321995 -0.0229075    1.03848
   46.7524 -0.502413  0.626733 -0.639486 -0.0447727 -0.0210765    1.02737
   46.7581 -0.535969  0.648571 -0.578766  -0.05051 -0.023762    1.0104
   46.7621 -0.583373  0.669876 -0.530296 -0.0445286 -0.0298655    1.00564
   46.7681 -0.632375  0.675735 -0.479696 -0.0423313 -0.0370677    1.01467
   46.7726 -0.671257  0.673605  -0.41578 -0.0502659 -0.0476878    1.02932
   46.7778 -0.708009  0.675735 -0.357723 -0.0602757 -0.0612376    1.04043
   46.7822 -0.738369  0.682127 -0.306058 -0.0679661 -0.0713694    1.04129
    46.788  -0.75488  0.687986 -0.257056 -0.0732151 -0.0729564    1.03872
   46.7922  -0.75488  0.695443 -0.216576 -0.0724827  -0.070515    1.03982
    46.798 -0.741565  0.701834 -0.184618 -0.0656467 -0.0735667    1.04592
   46.8021 -0.721325  0.695975 -0.154258  -0.059177 -0.0832103    1.05947
    46.808 -0.707476  0.678931 -0.133485  -0.062595 -0.0933421    1.07669
   46.8126 -0.695758  0.665615 -0.113778 -0.0759007  -0.100422    1.08828
    46.818  -0.679247   0.660289 -0.0892767 -0.0884739  -0.103718    1.09085
   46.8222  -0.659539   0.658691 -0.0711672 -0.097385 -0.103962   1.08657
    46.828  -0.630777   0.661354 -0.0525251 -0.100681 -0.103596   1.08255
    46.832  -0.596156   0.665083 -0.0317524 -0.0978733  -0.105915    1.08609
   46.8379   -0.56047   0.668278 -0.0152408 -0.0943333  -0.112629    1.09817
    46.842 -0.517859  0.670409 0.0012708 -0.0954319  -0.120564    1.11209
    46.848 -0.466726  0.675735 0.0193803 -0.101291 -0.125569   1.12002
   46.8523  -0.42092  0.687453 0.0268371 -0.108005 -0.126057   1.11673
    46.858 -0.375646  0.702899 0.0273698  -0.10947 -0.122517    1.1022
   46.8622 -0.323981  0.718878 0.0279024 -0.104709 -0.118977   1.08352
    46.868 -0.273381  0.734325 0.0231087 -0.0983616  -0.117878    1.07241
   46.8726 -0.221716  0.749238 0.0204456 -0.0971409   -0.11739    1.07559
    46.878 -0.172181   0.76575 0.0215108 -0.102634 -0.115559   1.08792
   46.8821 -0.132766  0.782794 0.0167171 -0.110691 -0.112629   1.09817
    46.888 -0.0970796    0.79611  0.0151192 -0.117282 -0.107624   1.09756
   46.8923 -0.0640564   0.806763   0.014054  -0.119602 -0.0987132    1.08596
    46.898 -0.0347616   0.817415  0.0028687  -0.116672 -0.0885814    1.06936
   46.9023 -0.00493423     0.82647 -0.00991448  -0.110569 -0.0813792    1.05593
   46.9078  0.0200995   0.831796 -0.0242955  -0.105442 -0.0806468    1.04971
    46.912  0.0360784    0.83659 -0.0386766  -0.104587 -0.0838206    1.04666
    46.918  0.0414048   0.845112 -0.0509272  -0.108249 -0.0846751    1.04336
   46.9221 0.0334153  0.862156 -0.064243  -0.110813 -0.0808909    1.03604
    46.928  0.0174363   0.889853 -0.0818198  -0.106174 -0.0710032     1.0231
   46.9323   0.01211  0.922344 -0.101527  -0.095676 -0.0573314     1.0082
    46.938 0.0158384  0.957498 -0.117506 -0.0850559 -0.0473216   0.994655
   46.9421 0.0105121  0.997445 -0.129757 -0.0813938 -0.0451243   0.985988
   46.9481 -0.0113258    1.04059  -0.143073 -0.0856663 -0.0474437   0.981105
   46.9522 -0.0512732    1.08533  -0.159052 -0.0949436 -0.0476878    0.97195
    46.958 -0.100275   1.13007   -0.1729  -0.106296 -0.0414622   0.954127
   46.9623 -0.149278   1.17321 -0.183553  -0.114719 -0.0313304   0.929469
    46.968 -0.198812   1.21263 -0.193673  -0.117527 -0.0225413    0.90298
   46.9722 -0.243021   1.24459 -0.204325  -0.116794 -0.0180247   0.883449
    46.978 -0.282968   1.26909 -0.217641  -0.117405 -0.0203441   0.875148
   46.9825 -0.323448    1.2872 -0.237348  -0.123386 -0.0251048   0.874538
   46.9876 -0.359667   1.30051  -0.26398  -0.135593 -0.0257152   0.874293
   46.9925 -0.380973   1.30957  -0.29221  -0.149021 -0.0207103   0.866481
   46.9979 -0.386299   1.31489 -0.319906  -0.156711 -0.0137523   0.850612
   47.0023 -0.384168   1.31702 -0.353995  -0.157444 -0.0105784   0.829127
    47.008 -0.372983   1.31223 -0.386485  -0.156955 -0.0131419   0.805568
   47.0122 -0.367657   1.30584 -0.420041  -0.163425 -0.0179027     0.7886
    47.018 -0.366059   1.30318 -0.450934  -0.179905 -0.0205882   0.777125
   47.0223   -0.3602   1.30318 -0.465315 -0.202365 -0.022053  0.763454
    47.028 -0.368189   1.30318 -0.472772 -0.225803 -0.022053  0.742213
   47.0323 -0.386832   1.29732 -0.470109  -0.245334 -0.0211986   0.714137
   47.0379 -0.412398   1.28187 -0.450934 -0.260715 -0.022053  0.684962
   47.0421 -0.454476    1.2563 -0.418443  -0.277805 -0.0253489   0.659083
    47.048    -0.512   1.22594 -0.371039  -0.297947 -0.0319407   0.641872
   47.0525 -0.572188   1.19132 -0.303395  -0.316623 -0.0404857    0.63589
   47.0579 -0.636103   1.14711 -0.231489  -0.334812 -0.0478099   0.633082
   47.0622 -0.699487   1.09119 -0.161182  -0.353366 -0.0534251   0.623317
   47.0681  -0.751685    1.02354 -0.0914072  -0.366672 -0.0597728   0.607448
   47.0722 -0.798556  0.946312 -0.038144  -0.373386 -0.0691722   0.592311
    47.078    -0.835841     0.862689 -0.000859734  -0.378147 -0.0829661   0.587062
   47.0822  -0.85395  0.774272 0.0231087  -0.381076 -0.0999339    0.59695
    47.088 -0.848624  0.678931 0.0273698 -0.381565 -0.115315  0.619777
   47.0922 -0.817198  0.574535 0.0129887 -0.384739 -0.127034  0.646632
    47.098  -0.757011    0.46428 -0.0163061  -0.39011 -0.133992  0.665431
   47.1023  -0.674986   0.353493 -0.0637103 -0.393161 -0.136311  0.672877
    47.108 -0.570057  0.243238 -0.119104  -0.39133 -0.136799   0.67361
   47.1121 -0.443291  0.130852 -0.174498 -0.386325 -0.138508  0.674342
    47.118 -0.314394 0.0174017 -0.232022 -0.383884 -0.143391  0.679957
   47.1221  -0.186029 -0.0976468  -0.278361 -0.388034 -0.147785  0.688136
    47.128 -0.0640564    -0.2095  -0.310319 -0.397556 -0.149494  0.693751
   47.1325   0.04247 -0.311232 -0.331624 -0.406833 -0.149128  0.693873
    47.138  0.138876 -0.402312 -0.337483 -0.410007 -0.146199  0.690089
   47.1423  0.228891 -0.483805 -0.335885  -0.40488 -0.142292   0.68716
    47.148  0.318906 -0.561037 -0.330026 -0.392795 -0.139607  0.690822
   47.1524  0.403062 -0.637736 -0.324167 -0.378879 -0.141926  0.703883
    47.158  0.473902   -0.7155 -0.320439 -0.369724 -0.149861  0.719997
   47.1622  0.523437 -0.793265 -0.322037 -0.367649 -0.157063  0.731105
    47.168  0.551666 -0.869964 -0.328961 -0.370945 -0.156819  0.732448
   47.1725  0.569243 -0.943999 -0.330026  -0.37302 -0.149372  0.723781
   47.1777  0.578831  -1.01218 -0.321504 -0.367405 -0.141316  0.712916
   47.1821  0.579896   -1.0729 -0.311384 -0.353489 -0.135701  0.712428
    47.188  0.577233  -1.12989 -0.303927 -0.337253 -0.132649  0.727077
   47.1922  0.582559  -1.18368 -0.287949 -0.327854 -0.131062  0.750758
    47.198  0.577233  -1.23056 -0.270372 -0.328708 -0.129597  0.774318
   47.2023  0.560721  -1.27476 -0.246936 -0.331028 -0.125691  0.790187
    47.208   0.54421  -1.31631 -0.213913 -0.325046 -0.119099  0.797389
   47.2123   0.52397  -1.35093 -0.182487 -0.311496 -0.114704  0.800563
    47.218  0.510654  -1.37703 -0.151062 -0.293918 -0.114826  0.807765
   47.2221 0.506393  -1.3962  -0.1223  -0.27634 -0.120198  0.822902
    47.228  0.502664  -1.40845 -0.102592 -0.262424 -0.129109  0.842433
   47.2322   0.496273   -1.41431 -0.0876788  -0.25156 -0.138386  0.860499
    47.238   0.494142   -1.41698 -0.0754282 -0.240207 -0.143757  0.873439
   47.2425   0.496273   -1.41698 -0.0791567 -0.225071 -0.143391  0.881862
   47.2481    0.50586   -1.40845 -0.0914072 -0.213108 -0.140705    0.8865
   47.2521  0.520774  -1.39194 -0.102592 -0.199314 -0.141072  0.897487
    47.258  0.538883  -1.38502 -0.120169 -0.177341 -0.145344   0.92422
   47.2623  0.563384  -1.39674 -0.144138 -0.162082 -0.147541    0.9584
   47.2681  0.593212  -1.41964 -0.172367 -0.162937 -0.144856  0.986964
   47.2724   0.62517  -1.44574 -0.194738 -0.171726 -0.137409   1.00405
   47.2781  0.654464  -1.46811 -0.202195 -0.178318 -0.125691   1.00857
   47.2821  0.684292  -1.48249 -0.191009 -0.175632 -0.111897   1.00637
   47.2879 0.710923 -1.49208 -0.16491 -0.159153 -0.100788   1.01138
   47.2924  0.737022    -1.499 -0.128691  -0.138401 -0.0946849    1.02908
   47.2979   0.771644   -1.50007 -0.0839504  -0.125827 -0.0907786     1.0513
   47.3022   0.806265   -1.48888 -0.0413398  -0.121067 -0.0865062    1.06887
    47.308      0.83769     -1.46278 -0.000859734 -0.114231 -0.081013   1.07608
   47.3123  0.86805 -1.42656 0.028435 -0.0983616 -0.0750316    1.07131
    47.318  0.893616  -1.38875 0.0369572 -0.0719944 -0.0721019    1.05899
   47.3221  0.904802  -1.35306 0.0257719 -0.0414768  -0.072346    1.04788
   47.3279    0.900008    -1.32004 -0.00565342 -0.0184055 -0.0756419    1.04348
   47.3321   0.880301   -1.28435 -0.0471987 -0.00558815  -0.0802806     1.04373
   47.3381   0.844614   -1.23748 -0.0887441 -0.00326881  -0.0811351     1.04299
   47.3422  0.799873  -1.17197 -0.121767 -0.00461159  -0.0733226     1.03665
    47.348   0.75673   -1.0713 -0.143073 -0.0138889 -0.0605052    1.02529
   47.3522  0.725837 -0.935477 -0.153725 -0.0372044 -0.0500071    1.01895
   47.3581  0.699206 -0.807113 -0.145203 -0.0317112 -0.0404857    1.03311
   47.3622  0.653399 -0.729349 -0.121235  0.0151638 -0.0360911    1.06362
   47.3681  0.570309 -0.698989 -0.120169  0.0584988 -0.0360911    1.09463
   47.3725  0.485087 -0.683542 -0.153725  0.0730251 -0.0265696     1.1188
    47.378  0.440346 -0.654248 -0.198466   0.0678982 -0.00569562     1.12954
   47.3824  0.429694 -0.603647 -0.245871 0.0665554 0.0118825   1.12197
   47.3876  0.432889  -0.54346 -0.292742 0.0738796  0.014568   1.09964
   47.3922  0.417976 -0.487001 -0.339081  0.0826687 0.00675555    1.07717
   47.3981  0.373235 -0.440662 -0.382224   0.0869411 -0.00117902      1.0679
   47.4022  0.315178 -0.399117 -0.414182 0.0857204 -0.002888   1.07583
    47.408  0.260849 -0.377811 -0.425368 0.0725368   0.00407   1.09414
   47.4123  0.219304 -0.342658 -0.419509  0.0404324 0.00992938    1.09207
    47.418  0.175095 -0.246251  -0.43389 0.0361599 0.0094411    1.0762
   47.4225  0.119169  -0.14878 -0.478631 0.0683865 0.0142018   1.07547
   47.4279 0.0765585 -0.107767 -0.517513 0.0877956 0.0304372   1.09451
   47.4321 0.0696343 -0.121083 -0.526035 0.0801052 0.0483815   1.12857
   47.4381 0.0999943 -0.153041  -0.50473 0.0616726 0.0558278   1.16055
   47.4421  0.153258 -0.173281 -0.477033 0.0530056  0.052654   1.18215
    47.448  0.211314 -0.192455 -0.459989 0.0499538 0.0494802   1.18777
   47.4524  0.265643 -0.211097 -0.446673 0.0454372  0.052654   1.17556
   47.4585  0.306123  -0.21962 -0.432292 0.0440945 0.0598561   1.15652
   47.4622  0.330624 -0.232935 -0.408323 0.0459255 0.0669362   1.14505
   47.4681   0.33382 -0.259567 -0.369441 0.0471462 0.0708425   1.14505
   47.4725   0.31571 -0.294188  -0.31245 0.0428738  0.071697    1.1531
   47.4779  0.278426  -0.33094 -0.244273  0.032864 0.0720632   1.16238
   47.4823  0.226761 -0.361832 -0.174498 0.0227322 0.0742604   1.16421
    47.488  0.169237  -0.38367 -0.107919 0.0196804 0.0770681   1.15762
   47.4922   0.111712  -0.400182 -0.0514598 0.0263943 0.0768239   1.14639
    47.498   0.0611122    -0.41403 -0.00139236 0.0386013 0.0734059    1.1387
   47.5023 0.0163711 -0.424683  0.044414 0.0521511 0.0663259    1.1409
    47.508 -0.0209132  -0.428944  0.0854267 0.0628933 0.0558278   1.14968
   47.5122 -0.0576648  -0.421487   0.110993 0.0686306 0.0471608   1.15957
    47.518 -0.0842964   -0.40391   0.125907 0.0716824 0.0443532   1.16384
   47.5224 -0.0976122  -0.381007   0.137092 0.0743679 0.0465505   1.15921
    47.528 -0.111993 -0.355973  0.142418 0.0785183 0.0489919   1.14907
   47.5323 -0.129038 -0.334668  0.146679 0.0842556 0.0482595   1.14053
    47.538 -0.153539  -0.32082   0.14881 0.0874294  0.043987   1.13906
   47.5423 -0.188692 -0.311765  0.149875 0.0834011 0.0371511   1.14297
    47.548 -0.233433  -0.30271  0.149343 0.0725368 0.0305593   1.14675
   47.5522 -0.277642 -0.294188  0.146679 0.0625271 0.0261647    1.1459
    47.558 -0.317057 -0.284068  0.140288 0.0600857 0.0240895   1.14004
   47.5623 -0.345286 -0.270752  0.131233 0.0652126 0.0234792   1.13467
   47.5681 -0.345819 -0.257436  0.129103 0.0738796 0.0210378    1.1376
   47.5725 -0.332503  -0.23986  0.123244  0.081448 0.0148122   1.14993
   47.5781   -0.3096 -0.215891  0.110993   0.083279 0.00797625    1.16726
   47.5823 -0.276044 -0.189792  0.104069  0.0794949 0.00358172    1.18154
   47.5884 -0.247815  -0.16103 0.0955467  0.0729031 0.00333758    1.18423
   47.5923 -0.221183 -0.129605 0.0848941  0.0657009 0.00675555    1.17471
   47.5978  -0.194019 -0.0971142  0.0699804 0.0626492 0.0104177   1.15762
   47.6023 -0.171115 -0.064091 0.0476098 0.0643581 0.0109059   1.14212
    47.608  -0.151941 -0.0331983  0.0231087  0.0663113 0.00651141    1.13516
   47.6124   -0.138625 -0.00763197 -0.00725132    0.064114 0.000529964     1.13406
    47.618  -0.143419  0.0147386 -0.0493293   0.0566677 -0.00276593     1.13345
   47.6223 -0.160463 0.0365765 -0.094603   0.0470242 -0.00203351     1.12722
    47.628 -0.177507 0.0557513  -0.13242  0.0388454 0.00101825     1.1138
   47.6324 -0.195084 0.0743934 -0.167041  0.0355495 0.00443621    1.09866
    47.638 -0.211063 0.0946334 -0.202727  0.0376247 0.00663348    1.08987
   47.6423 -0.222781  0.114873  -0.23362  0.039822 0.0049245   1.09133
    47.648 -0.230238  0.136711 -0.257588  0.0366482 0.00138446    1.09878
   47.6524 -0.232901  0.161212 -0.277296    0.0281033 -0.000324528      1.10464
    47.658 -0.232368  0.188909  -0.29434  0.0184597 0.00199481    1.10305
   47.6621 -0.226509  0.218737 -0.310319  0.0129665 0.00834246    1.09304
   47.6681 -0.216389  0.245901 -0.328961 0.0122341  0.014446    1.0784
   47.6725 -0.211596  0.267206 -0.349201   0.01199 0.0155446   1.06607
    47.678 -0.215857  0.282653 -0.370507 0.00893822  0.0106618    1.06045
   47.6824 -0.231836  0.294903 -0.391279 0.000515366  0.00321551     1.05996
    47.688 -0.263793  0.305556 -0.408323  -0.012302 -0.0016673    1.05874
   47.6924 -0.308002  0.315676 -0.422704  -0.0253635 0.000407894      1.0513
   47.6981 -0.33996 0.324731  -0.4259 -0.0341526 0.00626727    1.03762
   47.7022 -0.362863  0.332187 -0.424302 -0.0361057 0.00907489    1.02212
    47.708 -0.386832  0.338046 -0.428031 -0.0334202 0.00626727     1.0126
   47.7123 -0.397484  0.339644 -0.424835   -0.0319553 -0.000324528       1.0148
    47.718 -0.399615  0.335383 -0.416313  -0.0353733 -0.00557355     1.02481
   47.7226 -0.399082  0.327394 -0.408323  -0.0434299 -0.00740461     1.03494
    47.728 -0.388429  0.317806 -0.396073  -0.0513645 -0.00581769     1.03799
   47.7323 -0.363396  0.305556 -0.379561   -0.0550266 -0.000690739      1.03237
    47.738 -0.328242  0.294903 -0.360919 -0.0528294 0.00443621    1.02236
   47.7426 -0.285631  0.286381 -0.340679 -0.0462376 0.00541278    1.01431
    47.748 -0.243553  0.278392  -0.32257  -0.0409885 0.000529964     1.01248
   47.7524 -0.205737  0.275728 -0.305525  -0.0413548 -0.00520734     1.01419
   47.7581 -0.174844  0.281587 -0.286883  -0.0463596 -0.00691632     1.01321
   47.7623 -0.149278  0.293838 -0.268241  -0.0500217 -0.00593976     1.00173
   47.7681 -0.127972  0.308219 -0.252795  -0.0477024 -0.00545148    0.978664
   47.7724 -0.122113  0.323133 -0.245338  -0.0397678 -0.00874738     0.95193
    47.778 -0.132233  0.336448 -0.243207 -0.0303684  -0.014973   0.931422
   47.7823 -0.155669  0.345503 -0.242142 -0.0235325 -0.0216868   0.923732
    47.788 -0.190823  0.352427 -0.242142  -0.022678 -0.0258372   0.928248
   47.7924 -0.220118  0.357754 -0.236816 -0.0265842 -0.0263255    0.93838
    47.798 -0.238227  0.359884 -0.229892 -0.0309788 -0.0243724   0.943263
   47.8023 -0.256337  0.358286 -0.228826 -0.0329319 -0.0207103   0.938747
    47.808 -0.265391   0.35083 -0.227228  -0.029636 -0.0183909   0.930324
   47.8122 -0.270185  0.340177 -0.228294 -0.0231663 -0.0204661   0.925441
   47.8181 -0.273914  0.326328 -0.236816 -0.0212131 -0.0275462   0.928493
    47.822 -0.270185  0.310349 -0.240012  -0.026218 -0.0359691   0.936793
    47.828 -0.272316  0.298099 -0.240544 -0.0352512 -0.0415843   0.943629
   47.8325 -0.277109  0.289577 -0.241077 -0.0450169 -0.0429271   0.942287
   47.8381  -0.27924  0.286914 -0.232555 -0.0518528 -0.0404857   0.932643
   47.8421 -0.286164  0.291707   -0.2235 -0.0527073 -0.0385325   0.920558
    47.848 -0.297882  0.298632 -0.215511 -0.0466038 -0.0417064   0.912257
   47.8527 -0.314926  0.301295 -0.206456 -0.0381809 -0.0511058   0.911281
   47.8581 -0.341558  0.301827  -0.20326 -0.0329319 -0.0634349    0.91653
   47.8622 -0.379907  0.303958 -0.208054 -0.0351292 -0.0735667   0.922023
   47.8681 -0.418257  0.303958 -0.208586  -0.043552 -0.0794261   0.921168
   47.8723 -0.456606  0.302893  -0.20326 -0.0511204 -0.0813792   0.913844
   47.8781 -0.503478  0.300762 -0.199532 -0.0541721 -0.0818675   0.905421
   47.8823 -0.548752  0.291175 -0.186748 -0.0541721 -0.0846751    0.90359
    47.888 -0.590297  0.275728 -0.166508 -0.0571018 -0.0901683   0.912257
   47.8926 -0.634506  0.260282 -0.142007 -0.0658909 -0.0951732   0.928981
   47.8978 -0.670725  0.243238 -0.101527 -0.0757786 -0.0990794   0.945582
   47.9022 -0.698954  0.222465 -0.054123 -0.0829807  -0.103474   0.952785
   47.9081   -0.727716     0.20329 -0.00299026 -0.0863987  -0.106404   0.949977
   47.9122 -0.740499  0.186246  0.060393 -0.0846897  -0.107991   0.943141
   47.9185 -0.740499    0.1708  0.120048 -0.0787083   -0.11324   0.940333
   47.9221 -0.738901  0.158017  0.170115 -0.0702854  -0.124226    0.94839
    47.928 -0.723455  0.141505   0.21965 -0.0641819   -0.13802   0.963893
   47.9326 -0.700019   0.12233  0.257467 -0.0649143  -0.147908   0.980495
   47.9379 -0.664866  0.107949  0.287294 -0.0707737  -0.149739   0.991359
   47.9423 -0.605743  0.101025  0.320318 -0.0760227  -0.147541   0.992457
    47.948 -0.534903 0.0983618  0.341623 -0.073093  -0.14803  0.988429
   47.9526   -0.4614 0.0941008  0.352275 -0.0611301  -0.154621   0.985377
    47.958 -0.389495 0.0829155  0.360798 -0.048801  -0.16573  0.988185
   47.9623 -0.330905 0.0701323  0.358667 -0.0447727  -0.176716   0.995509
   47.9681 -0.286697 0.0642734  0.350145 -0.0508762   -0.18282    1.00186
   47.9724 -0.244086 0.0610776  0.348547 -0.0616184  -0.181965     1.0021
   47.9778 -0.207334 0.0578818  0.351743 -0.069553 -0.175862  0.995631
   47.9825 -0.182301 0.0504249  0.360798 -0.0673557   -0.16927   0.985988
   47.9879 -0.168452 0.0317828  0.377309 -0.057346 -0.166584  0.978175
   47.9922   -0.173779 -0.00017512     0.38956 -0.048679 -0.169392  0.976222
   47.9982  -0.196149 -0.0385246   0.406071 -0.0464817  -0.175495   0.978541
   48.0023  -0.224911 -0.0699499   0.437497 -0.0520969  -0.178669   0.981105
    48.008  -0.257935 -0.0864615   0.472118 -0.0622288  -0.175984   0.981227
   48.0123  -0.287762 -0.0875268   0.509402 -0.0689426  -0.169148   0.980739
   48.0181  -0.307469 -0.0822005   0.552545 -0.0641819  -0.163655   0.979518
   48.0222  -0.328242 -0.0811352    0.59196 -0.0530735   -0.16573   0.975368
   48.0281  -0.357004 -0.0822005   0.628712 -0.0445286  -0.174275   0.974147
    48.032  -0.388429 -0.0790047   0.663333 -0.0425755  -0.183796   0.979274
    48.038   -0.42092 -0.0694173   0.685171 -0.0453831  -0.188679   0.986964
   48.0424 -0.448084 -0.058232  0.698486 -0.0489231  -0.190998   0.985255
    48.048  -0.472585 -0.0470468   0.709672 -0.0560032  -0.192219   0.968165
   48.0522  -0.507739 -0.0305352   0.717129 -0.0638157  -0.193196   0.950587
    48.058  -0.535969 -0.0129583   0.726183 -0.0655247  -0.197346   0.948146
   48.0623  -0.545023 0.00195541    0.73364 -0.0635715  -0.204182   0.959621
   48.0681 -0.541295 0.0126081   0.73151 -0.0663792  -0.211018   0.977077
   48.0725 -0.515729 0.0179344   0.73151 -0.0746799  -0.211628    0.99319
   48.0779 -0.470455 0.0227281  0.733108 -0.0790745   -0.20467    1.00161
   48.0821 -0.412398 0.0264565  0.718726 -0.0672337   -0.18697    1.00735
    48.088 -0.330905 0.0280544  0.697421 -0.0624729  -0.177693   0.998683
   48.0923 -0.246217 0.0392397  0.690497 -0.0677219   -0.19466   0.980372
   48.0981 -0.175377  0.060545  0.686236 -0.0540501  -0.211018   0.980617
   48.1023 -0.100808 0.0786544  0.660137 -0.0359837  -0.208699   0.995143
    48.108 -0.0187827   0.090905   0.611135 -0.0345188  -0.200032    1.00527
   48.1123 0.0509922  0.100492  0.549349 -0.0457493  -0.197468   0.999171
   48.1181 0.0999943  0.106351  0.489695 -0.0520969   -0.19698    0.98257
   48.1222 0.129822 0.103688 0.437497 -0.0453831  -0.192219    0.96548
   48.1281  0.136213 0.0925029  0.384233 -0.0358616  -0.185871   0.951442
   48.1322  0.129289 0.0797197  0.341623 -0.0332981  -0.181477    0.94546
    48.138  0.119702 0.0754587  0.317654 -0.0413548  -0.174763   0.949611
   48.1423  0.105853 0.0839808  0.309665 -0.0577122  -0.163777   0.957789
    48.148 0.0914722 0.0999597  0.322448 -0.0766331  -0.149617   0.961696
   48.1522 0.0792217  0.115939  0.351743 -0.0884739  -0.133625   0.959743
    48.158 0.064308 0.122863 0.389027 -0.0843235  -0.123616   0.953761
   48.1623 0.0493943  0.115406  0.428974 -0.0733372  -0.124714   0.944118
   48.1681 0.0200995  0.095166    0.4604 -0.0680882  -0.133381   0.934718
   48.1725 -0.0352943  0.0658713    0.48064 -0.0684544  -0.142536   0.928981
   48.1779 -0.0970796  0.0296523   0.505674 -0.0702854  -0.148152   0.924464
   48.1821  -0.160995 -0.0081646   0.528577 -0.0722385  -0.149739   0.916408
    48.188  -0.229705 -0.0411878   0.538697 -0.0738255   -0.14803   0.903224
   48.1924  -0.285099 -0.0630257   0.547751 -0.0672337  -0.141804   0.897731
   48.1978  -0.313328 -0.0699499   0.541893 -0.0529514  -0.131184    0.90652
   48.2023  -0.313328 -0.0651563   0.523783 -0.0520969  -0.126545   0.915065
   48.2081  -0.305339 -0.0545036   0.526979 -0.0651585  -0.131306   0.921901
   48.2122  -0.315459 -0.0449162    0.54349 -0.0776096  -0.136433   0.933131
   48.2181  -0.345286 -0.0401225   0.559469 -0.0871311  -0.138508   0.936549
   48.2222  -0.378842 -0.0411878   0.584503 -0.0942112  -0.139241   0.923976
   48.2281  -0.414528 -0.0433183   0.616461 -0.0983616  -0.141926   0.904079
   48.2321  -0.452878 -0.0449162   0.649484 -0.0965305  -0.147175    0.89004
   48.2379  -0.486966 -0.0513078   0.688366 -0.0914036  -0.154866   0.887355
   48.2422  -0.518392 -0.0646236   0.727781 -0.0925022  -0.163288   0.891017
    48.248 -0.544491  -0.08007  0.771457 -0.101535 -0.170002  0.895412
   48.2522  -0.566329 -0.0949837   0.818329 -0.104587 -0.173298  0.899806
    48.258 -0.577514 -0.114691   0.85295 -0.097263  -0.17281  0.902736
   48.2625  -0.57059 -0.137594  0.869994 -0.0905491  -0.172688   0.902614
   48.2681 -0.553013 -0.157302  0.864135 -0.0853001  -0.174397   0.903956
   48.2724 -0.522653 -0.173813  0.846558 -0.0815159  -0.178303   0.913722
   48.2781 -0.485369 -0.189792  0.825786 -0.0562473  -0.213826   0.922999
   48.2822 -0.458204 -0.199912   0.79436 -0.0324436  -0.260823   0.932399
    48.288 -0.392158 -0.178074  0.773588 -0.0633274  -0.238117   0.970363
   48.2922 -0.274446 -0.141323  0.770392 -0.0863987  -0.204548   0.995875
   48.2981 -0.181235 -0.130137  0.756011 -0.0689426  -0.221882   0.976832
   48.3022 -0.123179 -0.134398  0.728846 -0.0544163  -0.237629   0.957057
    48.308 -0.0725785  -0.132801   0.707541 -0.0542942  -0.235676   0.955958
   48.3123 -0.0305006  -0.122148   0.694225 -0.0610081  -0.232746   0.965114
   48.3182 0.00358789  -0.113093   0.689964 -0.0684544  -0.236897   0.971828
   48.3223 0.0211647 -0.108299  0.688366 -0.0778538  -0.238972   0.970851
   48.3281 0.0185016 -0.102441  0.683573 -0.0878635  -0.234089    0.96133
   48.3321  0.0142405 -0.0933858   0.687834 -0.0961643  -0.226399    0.94778
    48.338 0.00891421 -0.0822005   0.700617 -0.100193 -0.230061  0.942653
   48.3424 -0.00653213  -0.0736784    0.716596 -0.0977512  -0.242634   0.944484
    48.348  -0.024109 -0.0736784   0.740564 -0.0942112  -0.249958   0.950221
    48.352 -0.0406206 -0.0784721   0.767729 -0.0950657  -0.254963   0.959621
    48.358 -0.0667196 -0.0784721   0.789567 -0.104465  -0.25948  0.959376
   48.3624  -0.100275 -0.0688847   0.811404 -0.115696 -0.265217  0.946803
   48.3681  -0.139158 -0.0555689   0.830579 -0.116428 -0.268147  0.933742
   48.3725   -0.17804 -0.0459815    0.84283 -0.115207  -0.26302  0.932887
    48.378  -0.194551 -0.0417204   0.870527 -0.112522 -0.263264  0.942653
   48.3824  -0.191356 -0.0422531   0.904615 -0.108127 -0.267414  0.960475
   48.3881  -0.173779 -0.0465141    0.92592 -0.107151 -0.267536   0.98025
   48.3923  -0.141821 -0.0592973   0.940834 -0.107151  -0.26656  0.989284
   48.3978 -0.114124 -0.084331  0.942432 -0.105564 -0.265827  0.982692
   48.4023 -0.108798 -0.116289  0.933377 -0.103855 -0.271076  0.959376
   48.4081 -0.114124 -0.140257   0.92592 -0.110935  -0.26656  0.942287
   48.4122 -0.110928  -0.14878   0.92592 -0.116184 -0.260945  0.939723
   48.4181 -0.103471 -0.149312  0.930714 -0.115329 -0.261677  0.948512
   48.4223 -0.0837638  -0.146116   0.940301 -0.116672 -0.254231  0.971828
   48.4281 -0.0534038  -0.138659   0.944562 -0.115451 -0.246296  0.989406
   48.4323 -0.0251743  -0.134398   0.933377 -0.105075  -0.23946  0.991237
    48.438 0.000392092   -0.138659    0.912072 -0.0906712  -0.231159   0.978175
   48.4427 0.0142405 -0.141855  0.879581  -0.08176 -0.225666  0.955836
    48.448 0.00891421  -0.134931   0.843362 -0.0789524  -0.225544   0.940333
   48.4525 -0.00813002   -0.118952      0.8146 -0.0831028  -0.228474   0.935451
    48.458 -0.0384901 -0.0965816   0.789567 -0.0928684  -0.231282   0.934352
   48.4624 -0.0853617 -0.0720805   0.765065 -0.100681  -0.22823  0.932399
   48.4681  -0.131168 -0.0518404   0.740564 -0.100071 -0.216023  0.928615
   48.4724 -0.164191 -0.037992  0.710204 -0.0957981  -0.196369   0.925563
   48.4781   -0.18816 -0.0305352   0.676116 -0.0898167  -0.182576   0.923244
   48.4822  -0.206802 -0.0316004   0.642027 -0.0795628  -0.177326   0.928981
   48.4881   -0.22065 -0.0390573   0.599949 -0.0737034  -0.173054   0.942775
   48.4924  -0.225977 -0.0449162   0.549882 -0.0726048  -0.165242   0.959254
   48.4981  -0.227574 -0.0470468   0.489695 -0.0727268  -0.156575   0.966701
   48.5022  -0.250478 -0.0555689   0.464128 -0.105075 -0.183796  0.927272
   48.5081  -0.313861 -0.0635584   0.486499  -0.12656 -0.202107  0.884303
   48.5122   -0.37245 -0.0608952    0.49289 -0.108127 -0.167073  0.897609
    48.518  -0.385766 -0.0614278   0.484368 -0.0979954  -0.147908    0.92007
   48.5224  -0.389495 -0.0747436   0.481705 -0.0889622  -0.160969    0.92715
   48.5281  -0.411333 -0.0960489   0.476379 -0.0784641  -0.174763   0.931911
   48.5322 -0.468324 -0.125876  0.475314 -0.0828587  -0.192951   0.917384
    48.538 -0.549817 -0.144518  0.482238 -0.0929905  -0.197712   0.901027
   48.5425 -0.623853 -0.138659  0.482238 -0.0927464  -0.187214   0.900661
    48.548 -0.695226 -0.128539  0.474781 -0.0838352  -0.203572   0.895289
   48.5525 -0.774588 -0.113093  0.460932 -0.0708958  -0.252278   0.886256
    48.558  -0.863537 -0.0864615   0.422583 -0.0623508  -0.307209   0.884303
   48.5628  -0.949291 -0.0523731   0.354939 -0.0611301  -0.344075    0.89236
   48.5681   -1.00895 -0.0188173    0.28836 -0.0699192  -0.349568   0.910304
   48.5723   -1.01747 0.00621647   0.244151 -0.0822483  -0.319294   0.935817
   48.5781 -0.989771 0.0115428  0.222313 -0.0828587  -0.284016     0.9584
   48.5822  -0.957281 0.00248804    0.24788 -0.0945774  -0.270222    0.96902
   48.5881  -0.926388 0.00195541   0.332035 -0.123264 -0.264729  0.988551
   48.5925 -0.869929 0.0051512  0.444953 -0.132297 -0.270832   1.05728
   48.5981  -0.808144 -0.0113604   0.540295 -0.120823 -0.338337   1.05777
   48.6023  -0.826253 -0.0209478   0.562665  -0.13071 -0.458821  0.965602
   48.6081  -0.892832 -0.0172194    0.49289 -0.103733 -0.533161  0.950954
   48.6124  -0.886441 -0.0331983   0.373581 -0.0552708  -0.524739   0.989284
   48.6185  -0.775653 -0.0449162   0.263326 -0.0749241  -0.506184    1.00064
   48.6222  -0.622255 -0.0331983   0.192486 -0.114475 -0.527912  0.994166
    48.628  -0.484303 -0.0124257   0.162658 -0.134494 -0.550495  0.987208
   48.6324  -0.366592 0.00248804   0.166387 -0.140598 -0.526448   1.00442
   48.6379   -0.245151 -0.00230565    0.202073 -0.140598 -0.460408   1.04116
   48.6421  -0.117852 -0.0310678   0.261195 -0.136448 -0.388508   1.06326
   48.6481 -0.0044016 -0.0699499   0.326176 -0.121677 -0.338215   1.05227
   48.6526 0.0621774 -0.107234  0.374113 -0.0975071  -0.313069    1.01675
   48.6581  0.064308 -0.135996  0.395951 -0.0809055  -0.300617   0.980128
   48.6623 0.0169037 -0.142388  0.403941 -0.0771214  -0.289509   0.958644
   48.6681 -0.0534038  -0.122681   0.402343 -0.0778538  -0.275959   0.952296
   48.6725  -0.138625 -0.0811352    0.38956 -0.0784641  -0.264241   0.948024
   48.6781  -0.236629 -0.0305352   0.366124 -0.0743137  -0.260212   0.936427
   48.6822 -0.335166 0.0158038  0.340558 -0.0673557  -0.263752   0.923488
    48.688 -0.431573  0.060545  0.313926 -0.066135 -0.269367  0.919948
   48.6926 -0.513598  0.104221  0.293686 -0.0708958  -0.277424   0.930202
   48.6979 -0.572188  0.141505  0.294219 -0.07822 -0.28841 0.952174
   48.7023 -0.611602    0.1708  0.301143 -0.0848118    -0.2972   0.981105
   48.7079 -0.630244  0.190507  0.311263 -0.0905491   -0.30074    1.00344
   48.7123 -0.631842  0.193703  0.325644 -0.0855442   -0.30196    1.00881
   48.7181 -0.632908  0.179855  0.326709 -0.0828587  -0.308064   0.997096
   48.7223 -0.638767  0.162278  0.322448 -0.103244 -0.319416  0.980372
    48.728 -0.643028   0.14257   0.33896 -0.132907 -0.331745  0.971705
   48.7323 -0.647289  0.116471  0.377309 -0.158786 -0.339314  0.971461
   48.7379 -0.641962 0.0834481  0.424713 -0.170749 -0.340779  0.975978
   48.7422 -0.617461 0.0450986  0.466791 -0.168064 -0.336994  0.978664
   48.7481 -0.578579 0.0115428  0.491292 -0.160495 -0.326618  0.979274
   48.7526   -0.521055 -0.00230565    0.501945 -0.155857 -0.313435  0.980495
    48.758   -0.450747 -0.00443618    0.513663 -0.147068 -0.303791   0.98379
   48.7621  -0.385766 -0.0134909   0.528577 -0.134861 -0.299885  0.991481
   48.7681 -0.330905 -0.027872  0.550415 -0.132297 -0.300373   1.00088
   48.7724  -0.290425 -0.0427857   0.585036 -0.141819 -0.300495   1.00735
   48.7781  -0.265391 -0.0555689   0.629777 -0.157932 -0.299519   1.00564
   48.7823  -0.252608 -0.0683521   0.687301 -0.170505 -0.299275  0.993312
   48.7879  -0.247282 -0.0859289   0.746956  -0.17197 -0.299641  0.974757
   48.7922 -0.242488 -0.108832  0.793295 -0.162571  -0.30196  0.956691
   48.7981 -0.235564 -0.133866  0.820992 -0.147678 -0.308918  0.945582
   48.8024 -0.219052   -0.1589  0.825253 -0.134494 -0.316365  0.948878
   48.8079 -0.183899 -0.173813  0.803415  -0.14365 -0.315998  0.963893
   48.8123 -0.119983 -0.169552  0.780512 -0.173313 -0.312702  0.972804
   48.8181 -0.0406206  -0.150377   0.768261 -0.196872 -0.311116  0.966456
   48.8223 0.0398069 -0.121083  0.750152 -0.204441 -0.303547  0.953761
   48.8281   0.137811 -0.0784721   0.730977  -0.20615 -0.291462  0.944606
   48.8323   0.243272 -0.0289373    0.72139 -0.201511 -0.288899  0.937282
   48.8381   0.33595 0.0136733  0.716596 -0.188083 -0.292317   0.93484
   48.8423  0.422237 0.0498923  0.709139 -0.175266 -0.292805  0.939723
   48.8482 0.500001 0.080785 0.692627 -0.166965 -0.292805  0.939723
   48.8522 0.555395 0.107949 0.672387 -0.165744 -0.290242  0.930446
   48.8581 0.601201 0.136179   0.6628 -0.160984  -0.28365  0.921046
   48.8621 0.640083 0.162278 0.664931 -0.149753 -0.281941  0.913966
   48.8681 0.661921  0.18305 0.667061 -0.136448 -0.286457  0.916164
   48.8725 0.681096 0.194768 0.672387 -0.125217 -0.290852  0.929225
   48.8779 0.691216 0.196899  0.68091 -0.124363 -0.295368  0.938624
   48.8822 0.680563  0.19104 0.684638 -0.130222 -0.299763  0.933375
   48.8881 0.656595  0.18092 0.688366 -0.139499 -0.300984  0.914332
   48.8922 0.630496   0.1708 0.691562 -0.149509 -0.295246  0.891627
    48.898 0.609723 0.162278 0.687834 -0.153782 -0.284992  0.876124
   48.9023 0.599071 0.159615 0.678779 -0.155246 -0.278645  0.871974
   48.9082 0.594277 0.168137 0.664398  -0.15781 -0.283528  0.870631
   48.9123 0.569243 0.186779 0.634038  -0.16135 -0.292805  0.865382
   48.9179 0.518643 0.209682 0.601015 -0.166599 -0.292561  0.858913
   48.9222 0.453129 0.234716  0.57385 -0.178684 -0.280598  0.855495
   48.9281 0.387083 0.254956 0.559469 -0.193454 -0.267414  0.858058
   48.9323 0.325298  0.26401 0.559469  -0.19321 -0.267781  0.865748
   48.9379 0.271502 0.254423 0.558404 -0.180637  -0.27779  0.877711
   48.9423 0.237413 0.222998 0.557872 -0.175266 -0.274739  0.902614
   48.9481 0.229957 0.181985 0.561067 -0.175266 -0.266072  0.930324
   48.9523 0.239544 0.143636 0.562665 -0.175876 -0.269367  0.937038
   48.9581 0.239011 0.112743 0.556274 -0.180027  -0.27303  0.922755
   48.9621  0.218771 0.0877092  0.548817 -0.183078 -0.269123  0.901027
   48.9681  0.185215 0.0738608  0.541893 -0.183078  -0.26595  0.886012
   48.9723  0.156453 0.0727955  0.534436 -0.185642 -0.268147  0.886134
   48.9781   0.13355 0.0797197  0.523783 -0.192844 -0.268879  0.902736
   48.9824   0.13142 0.0914376  0.520587 -0.200534 -0.265827  0.928126
   48.9881 0.150062 0.103156 0.525914 -0.210666 -0.261189  0.946315
   48.9924 0.167639 0.113808 0.526446 -0.217136 -0.254475  0.951198
   48.9979 0.191607 0.114341 0.529109 -0.211155 -0.247883  0.949611
   49.0023 0.217706 0.103688 0.525914 -0.200779 -0.244465  0.948878
   49.0081  0.242207 0.0877092  0.509402 -0.190525 -0.247639  0.953151
   49.0123  0.269371 0.0669365  0.487564 -0.184421 -0.254109  0.963771
   49.0181  0.300264 0.0514902  0.465726 -0.190525 -0.252034  0.977321
   49.0222  0.334885 0.0450986  0.447084 -0.199802 -0.241658  0.986598
   49.0281  0.380691 0.0408376   0.44229 -0.204563 -0.232014   0.98611
   49.0322  0.433955 0.0381744  0.448149 -0.205539 -0.226033   0.97671
   49.0381  0.476033 0.0397723  0.446551 -0.204929 -0.223957  0.963039
   49.0423  0.510654 0.0440334  0.443888 -0.208347 -0.223225  0.954127
   49.0481  0.538351 0.0482944  0.445486 -0.219089 -0.223103  0.953395
   49.0524  0.553264 0.0562839  0.436964 -0.230198 -0.224201  0.957423
   49.0581  0.565515 0.0685344  0.412463 -0.231662 -0.226155  0.954982
   49.0621 0.569776 0.080785 0.368787 -0.230686 -0.221516  0.942409
   49.0682  0.561254 0.0919703  0.314459  -0.23032 -0.208821   0.93069
   49.0724  0.558058 0.0935682  0.275576 -0.224826 -0.203083  0.923122
   49.0781   0.55646 0.0802523   0.25001 -0.215793 -0.208332  0.925197
   49.0821   0.54634 0.0568165  0.225509 -0.207981 -0.215901  0.939479
   49.0881  0.541546 0.0232607  0.210595 -0.205539 -0.217121  0.958644
   49.0922  0.537285 -0.011893  0.201541 -0.207004  -0.21468   0.96841
   49.0981   0.523437 -0.0358615   0.191953 -0.208225 -0.213337  0.960231
   49.1022   0.511186 -0.0465141   0.192486 -0.207248 -0.207966  0.940944
   49.1081   0.485087 -0.0417204   0.194616 -0.204197 -0.202717  0.919581
   49.1123   0.437151 -0.0198825   0.190888 -0.199192 -0.204548  0.904079
   49.1182  0.375365 0.0147386  0.190888 -0.199924 -0.209431  0.899684
   49.1223  0.308254 0.0568165  0.194084 -0.209079 -0.210041  0.908839
   49.1281  0.253925 0.0999597  0.198345 -0.219333 -0.202473  0.925075
   49.1322 0.225163 0.137244 0.206867 -0.226047 -0.188069  0.938136
   49.1379 0.221434 0.162278 0.215389 -0.223484 -0.176716  0.943873
   49.1425 0.221967 0.168669 0.213791  -0.21384 -0.176106  0.944728
   49.1481 0.220369 0.158017 0.206334 -0.204441 -0.182087  0.948634
   49.1524 0.216108 0.134581  0.18929 -0.198703 -0.192097  0.958278
   49.1582 0.211847 0.119667 0.175974 -0.196994 -0.198323  0.964259
   49.1621  0.170834 0.0845134  0.146679 -0.201877 -0.207966  0.959743
   49.1681  0.101592 0.0360439  0.105667 -0.209323 -0.211018  0.949245
   49.1724 0.0509922 0.0115428  0.090753 -0.210544  -0.20052  0.936061
   49.1781 -0.00014054  -0.0108278   0.0769046 -0.204807 -0.195393  0.925319
   49.1822 -0.0427511 -0.0358615  0.0667846 -0.201511 -0.191975  0.927272
   49.1881 -0.0565996 -0.0497099  0.0673172  -0.20261 -0.189778  0.932765
   49.1921 -0.0779049 -0.0704826  0.0641214 -0.207004   -0.1899  0.946071
   49.1981  -0.100808 -0.0976468  0.0598603 -0.213108   -0.1899  0.958766
   49.2024 -0.105602 -0.109365 0.0534688 -0.217624 -0.185871  0.954982
   49.2079 -0.108265 -0.117354 0.0465445 -0.219699 -0.178425  0.948268
   49.2123 -0.106134 -0.123746 0.0385551 -0.214206 -0.177326  0.940822
   49.2181 -0.106667 -0.131203  0.024174 -0.205051 -0.184407  0.936061
   49.2223  -0.117852  -0.142388 0.00979291 -0.201633 -0.190632  0.938747
   49.2281  -0.126907  -0.149845 0.00340132  -0.20261 -0.192219  0.942287
   49.2322    -0.14981   -0.162095 0.000205532 -0.211399 -0.194416  0.946071
    49.238   -0.172713   -0.174346 -0.00299026 -0.220188 -0.196614  0.949855
   49.2422  -0.199878  -0.195651 -0.0163061 -0.216526 -0.191365  0.940455
   49.2481  -0.233433  -0.226011 -0.0285566 -0.211765 -0.183552  0.927638
   49.2527  -0.245151  -0.241458 -0.0285566  -0.20969 -0.182087  0.926417
   49.2579  -0.250478  -0.247849 -0.0296219 -0.208713 -0.183186  0.928615
   49.2622  -0.254739  -0.254241 -0.0306871 -0.209568 -0.187947  0.938258
   49.2681  -0.254206  -0.265426 -0.0317524 -0.210666 -0.191975  0.948878
   49.2726  -0.241956  -0.276079 -0.0354808  -0.20969 -0.189656  0.946437
   49.2782  -0.234499  -0.281938 -0.0392093 -0.208469 -0.188069  0.943019
   49.2823  -0.199878  -0.296851 -0.0392093 -0.199802 -0.188069   0.93484
   49.2881    -0.1578  -0.318689 -0.0509272 -0.187351 -0.192951  0.928371
   49.2924  -0.136494  -0.332005 -0.0674388 -0.183445 -0.203083  0.934352
   49.2978  -0.122646  -0.338397 -0.0722325 -0.183323 -0.208332  0.938624
   49.3023   -0.11945  -0.338929 -0.0924725 -0.188449 -0.214436  0.936427
   49.3079 -0.116254 -0.339462 -0.112713 -0.193576 -0.220539   0.93423
   49.3123 -0.109863 -0.328277 -0.116441 -0.204074 -0.210285  0.920924
   49.3181 -0.103471 -0.317091 -0.120169 -0.214573 -0.200032  0.907619
   49.3223 -0.0858943  -0.293123  -0.113245 -0.201145 -0.200276  0.906276
   49.3281 -0.0683175  -0.269154  -0.106321 -0.187717  -0.20052  0.904933
   49.3322 -0.0406206  -0.251045 -0.0850156 -0.187595 -0.198811  0.918239
   49.3381 -0.0129237  -0.232935 -0.0637103 -0.187473 -0.197102  0.931544
   49.3422  0.0328827  -0.214293 -0.0376114 -0.184177 -0.198445  0.931056
   49.3481   0.078689  -0.195651 -0.0115124 -0.180881 -0.199787  0.930568
   49.3522  0.125028 -0.179672 0.0135213 -0.175144 -0.198201  0.920924
   49.3581  0.188944 -0.157302 0.0465445 -0.166965 -0.199299  0.910914
   49.3625  0.216641 -0.145584 0.0619909 -0.165744 -0.205769  0.911769
   49.3681  0.243272 -0.133333 0.0843614 -0.170139 -0.211994  0.915309
   49.3728  0.275763 -0.118952  0.107797 -0.176975 -0.214192  0.918361
   49.3781  0.309851 -0.104571  0.125374 -0.181125 -0.208943   0.91775
   49.3825   0.353527 -0.0933858   0.141886 -0.177219 -0.201618  0.911159
   49.3881   0.379094 -0.0891247   0.149343 -0.172824 -0.199299   0.90591
   49.3922     0.4249 -0.0806026   0.155734 -0.170139 -0.198445   0.90591
   49.3981   0.470706 -0.0720805   0.162126 -0.167453  -0.19759   0.90591
   49.4022   0.492544 -0.0630257   0.187159  -0.17258 -0.203572  0.918971
   49.4082  0.514382 -0.053971  0.212193 -0.177707 -0.209553  0.932033
   49.4123  0.514382 -0.058232  0.232433 -0.172214 -0.204304  0.947536
   49.4181   0.514382 -0.0624931   0.252673 -0.166721 -0.199055  0.963039
   49.4223   0.521306 -0.0811352   0.267587 -0.153782 -0.195881  0.962794
   49.4281   0.528231 -0.0997773   0.282501 -0.140842 -0.192707   0.96255
   49.4323  0.516513 -0.120017   0.29049 -0.132419 -0.196858  0.966945
   49.4379  0.504795 -0.140257   0.29848 -0.123996 -0.201008  0.971339
   49.4423  0.476565 -0.149312  0.316589 -0.134494 -0.199299  0.977443
   49.4481  0.448336 -0.158367  0.334699 -0.144992  -0.19759  0.983546
   49.4521  0.412649 -0.155704  0.353873 -0.149021 -0.190022  0.978175
   49.4581  0.376963 -0.153041  0.373048 -0.153049 -0.182453  0.972804
   49.4624  0.338614 -0.145584  0.376244 -0.146457 -0.183552  0.967921
   49.4681  0.272035 -0.132801   0.37944 -0.139865 -0.183674  0.966945
   49.4732  0.215576 -0.122148   0.37944 -0.144016 -0.176716  0.979762
   49.4779  0.187346 -0.116822   0.37944 -0.148166 -0.170735  0.988673
   49.4823  0.174563 -0.105636  0.402343 -0.154758  -0.15926  0.994533
   49.4881   0.16178 -0.094451  0.425246  -0.16135 -0.147785   1.00039
   49.4924   0.188944 -0.0832658   0.450812 -0.159153 -0.136555   1.00442
   49.4979   0.216108 -0.0720805   0.476379 -0.156955 -0.125325   1.00845
   49.5022   0.236881 -0.0720805   0.499282 -0.151828 -0.132405   1.02151
   49.5081   0.257653 -0.0720805   0.522185 -0.146701 -0.139485   1.03457
   49.5122   0.276828 -0.0736784   0.532838 -0.159641 -0.136189   1.03933
   49.5179   0.296003 -0.0752763    0.54349  -0.17258 -0.132893   1.04409
   49.5223  0.318374 -0.058232  0.542958 -0.180881 -0.120076   1.02554
   49.5281   0.340744 -0.0411878   0.542425 -0.189182 -0.107258   1.00698
   49.5326    0.34607 -0.0331983    0.52325 -0.180271 -0.111653  0.996608
   49.5381   0.351397 -0.0252088   0.504076  -0.17136 -0.116047  0.986232
   49.5423   0.334353 -0.0236109    0.48064 -0.173923 -0.123982  0.985988
   49.5481  0.317308 -0.022013  0.457204 -0.176487 -0.131916  0.985744
   49.5526   0.300797 -0.0108278   0.440692 -0.180637 -0.122761  0.985377
   49.5582    0.284285 0.000357511    0.424181 -0.184787 -0.113606  0.985011
   49.5623  0.287481 0.0110102  0.408734  -0.17844 -0.108113  0.985011
   49.5681  0.296536 0.0253912  0.386897 -0.169773 -0.105061  0.990138
   49.5729  0.298666 0.0339133  0.370385 -0.169407 -0.111653  0.999415
   49.5778 0.294938 0.038707 0.360265  -0.17136 -0.115803   1.00357
   49.5822  0.269371 0.0498923  0.337894 -0.182102 -0.119221   1.00454
   49.5881  0.243805 0.0610776  0.315524 -0.192844 -0.122639   1.00552
   49.5925 0.200129 0.074926 0.289425 -0.193698 -0.114582  0.989406
   49.5981  0.156453 0.0887745  0.263326 -0.194553 -0.106526  0.973292
   49.6024 0.130887 0.104221  0.23776 -0.187229 -0.102375  0.970485
   49.6081 0.105321 0.119667 0.212193  -0.179905 -0.0982249   0.967677
   49.6125 0.0983964  0.133516  0.200475  -0.188938 -0.0985911   0.980006
    49.618 0.0914722  0.147364  0.188757  -0.197971 -0.0989573   0.992335
   49.6223 0.0861459  0.147897   0.16905  -0.200168 -0.0993235   0.988185
   49.6282 0.0808196  0.148429  0.149343  -0.202365 -0.0996898   0.984035
   49.6323 0.0563185  0.146299  0.125374  -0.197727 -0.0984691   0.963405
   49.6381 0.0318174  0.144168  0.101406  -0.193088 -0.0972484   0.942775
   49.6423 -0.0214458   0.139907  0.0801004 -0.186496  -0.10323  0.948512
   49.6481 -0.0747091   0.135646  0.0587951 -0.179905 -0.109211  0.954249
   49.6523 -0.0949491   0.124461  0.0508056 -0.182468 -0.107014  0.967067
   49.6581 -0.115189  0.113276 0.0428161 -0.185032 -0.104817  0.979884
   49.6625 -0.118918 0.0978292 0.0422835 -0.183323 -0.102253  0.970973
   49.6681 -0.122646 0.0823829 0.0417508  -0.181614 -0.0996898   0.962062
   49.6724  -0.12957 0.0584144 0.0385551 -0.178684 -0.100788  0.964015
   49.6781 -0.136494  0.034446 0.0353593 -0.175754 -0.101887  0.965968
   49.6828 -0.137027 0.0221954  0.040153 -0.178684  -0.10384  0.971583
   49.6882  -0.148212 0.00142278   0.040153 -0.184787 -0.107868  0.980739
   49.6922  -0.155669 -0.0108278  0.0390877 -0.195896 -0.102619  0.980861
   49.6981  -0.152473 -0.0145562  0.0428161   -0.20383 -0.0952952   0.977443
   49.7025   -0.134896 -0.00550144   0.0465445  -0.203952 -0.0893138   0.973414
   49.7081  -0.11732 0.0035533  0.050273  -0.200168 -0.0833323   0.966334
   49.7123 -0.0992101 0.00408594  0.0508056  -0.189304 -0.0950511   0.969874
   49.7181 -0.0811006 0.00461857  0.0513382 -0.182346  -0.10677  0.976466
   49.7223 -0.0720459 0.00302067  0.0635888 -0.183811 -0.111409  0.978541
   49.7282 -0.0629911 0.00142278  0.0758393 -0.185032 -0.116169  0.981715
   49.7322 -0.0491427 0.00248804  0.0960793 -0.179294 -0.113972  0.979884
   49.7381 -0.0352943  0.0035533   0.116319 -0.173801 -0.111653  0.976955
   49.7424 -0.0225111 0.00248804   0.132831 -0.168918 -0.113362  0.973903
   49.7479 -0.00546686  0.00142278    0.162658  -0.16196 -0.118122  0.970729
   49.7523 0.000924723 -0.00283828    0.188757 -0.162204 -0.125202  0.972682
   49.7579 0.000924723  -0.0108278    0.213258 -0.167942 -0.131672  0.977809
   49.7622 -0.00333633  -0.0257415    0.240423 -0.176487 -0.133015  0.981593
   49.7681 -0.00546686  -0.0369267    0.255869 -0.187351  -0.12862  0.978908
   49.7727 0.000924724  -0.0411878    0.264924 -0.196384  -0.12093  0.970851
   49.7781  0.0147732 -0.0470468    0.28037 -0.201267 -0.111775  0.966701
   49.7822 0.0430027 -0.048112   0.29848 -0.200657 -0.104573   0.97549
   49.7881  0.0952006 -0.0491773   0.324046 -0.197239 -0.104328  0.988795
   49.7923   0.142605 -0.0502426   0.345351 -0.197605 -0.112263  0.995753
   49.7981   0.175095 -0.0502426   0.363461  -0.19968 -0.119465  0.996852
   49.8027   0.203858 -0.0502426   0.381038 -0.200779 -0.120198  0.990138
   49.8081   0.221434 -0.0486447   0.389027 -0.199802 -0.117756  0.975368
   49.8124   0.239011 -0.0465141   0.395419 -0.198581 -0.112019  0.961574
   49.8189   0.267241 -0.0454489   0.411398 -0.202976 -0.107136  0.960719
   49.8223    0.30346 -0.0454489   0.427377 -0.199558 -0.105549  0.975734
   49.8281   0.354593 -0.0497099   0.441758 -0.189792  -0.10677  0.992213
   49.8322   0.401997 -0.0571668   0.458802 -0.192234 -0.110188  0.995387
   49.8381   0.422769 -0.0646236   0.474248 -0.202488 -0.108479  0.989406
   49.8424   0.431824 -0.0747436   0.491292 -0.207248 -0.102253  0.982081
   49.8481   0.443009 -0.0891247   0.506739  -0.201145 -0.0974925   0.973903
   49.8524  0.447271 -0.107767  0.507804  -0.192722 -0.0974925   0.966212
   49.8581  0.440346 -0.126942  0.495021  -0.192112 -0.0989573   0.963283
   49.8623 0.422769 -0.14079 0.483836   -0.20322 -0.0954173   0.964503
   49.8681  0.394007 -0.147714  0.481705  -0.218113 -0.0871165   0.967189
   49.8724    0.3743 -0.151975  0.492358  -0.227024 -0.0751536    0.96902
   49.8781  0.370571 -0.155704  0.506739  -0.228977 -0.0613597   0.967067
   49.8822  0.372169 -0.155171  0.511532   -0.22739 -0.0504954   0.963527
   49.8881  0.380159 -0.153573  0.516859  -0.223606 -0.0469554   0.964259
   49.8924  0.387616 -0.157302  0.525914  -0.217258 -0.0496409   0.969997
   49.8981  0.376963 -0.164226  0.534968  -0.213352 -0.0541575   0.975978
   49.9022  0.353527 -0.173813  0.553078  -0.215305 -0.0572093   0.976222
   49.9081  0.319971 -0.182335  0.573318  -0.217258 -0.0558665   0.969752
   49.9125  0.277893 -0.186064  0.585036  -0.21091 -0.053303  0.957912
   49.9181  0.246468 -0.188727  0.596221  -0.197605 -0.0539134    0.94485
   49.9222  0.217173 -0.194053  0.599417  -0.186374 -0.0576976     0.9407
   49.9281  0.179889 -0.202043  0.587166  -0.183567 -0.0605052   0.948878
   49.9323  0.147931 -0.207902  0.577046  -0.189914 -0.0579417   0.963893
   49.9382  0.116506 -0.207902  0.572785  -0.200901 -0.0502513   0.976832
   49.9423 0.0866785 -0.204173  0.572253  -0.208957 -0.0381663    0.98257
   49.9481 0.0733627 -0.197782  0.579709  -0.211399 -0.0264476   0.980861
   49.9525 0.0722974 -0.188194  0.588232  -0.207615 -0.0233958   0.974269
   49.9581 0.0765585 -0.177009  0.594623  -0.199558 -0.0292552   0.970485
   49.9622 0.0808196 -0.165824  0.595156 -0.191257 -0.037678  0.975001
   49.9681 0.0797543 -0.155171   0.58397  -0.185154 -0.0423167    0.98611
   49.9726 0.0840154  -0.15091  0.568524   -0.18259 -0.0413402   0.994411
   49.9778 0.0983964 -0.153041  0.554676  -0.182346 -0.0373118   0.991603
   49.9822  0.106919 -0.151443  0.538697  -0.182102 -0.0316966   0.980617
   49.9881   0.10319 -0.147714  0.522718  -0.182468 -0.0276683   0.970729
   49.9922 0.0983964 -0.149845  0.513663  -0.184543 -0.0265696   0.970973
   49.9981  0.094668 -0.155704  0.508869  -0.187961 -0.0280345   0.980495
   50.0024  0.088809 -0.163161  0.501945  -0.190525 -0.0301097   0.990993
   50.0081 0.0840154 -0.172748  0.496086  -0.191379 -0.0296214   0.994899
   50.0126 0.0754932  -0.18127  0.493956   -0.19199 -0.0253489   0.988795
   50.0179 0.0595143 -0.186064  0.498217  -0.188083 -0.0199778   0.976588
   50.0222 0.0440679 -0.188727  0.509402  -0.177951 -0.0174144   0.966701
   50.0281 0.0291542 -0.191923  0.515794  -0.165256 -0.0203441   0.965602
   50.0323 0.0169037 -0.194586  0.515261  -0.154026 -0.0292552   0.974025
   50.0381 0.0131753 -0.194053  0.508869  -0.148777 -0.0385325   0.987575
   50.0422 0.00784894  -0.190857   0.489162   -0.15134 -0.0417064   0.995997
   50.0481 0.00305525  -0.186596   0.466259  -0.158664 -0.0360911   0.993312
   50.0528 0.00465315  -0.180737    0.45028  -0.163425 -0.0279124   0.981959
   50.0579 0.00784894  -0.173813   0.433768  -0.163425 -0.0235179   0.969997
   50.0623 0.0163711 -0.166889  0.420452  -0.163547 -0.0216868   0.966579
   50.0681 0.0296869 -0.157302  0.412996  -0.165622 -0.0216868   0.973903
   50.0726 0.0350132 -0.144518  0.397017  -0.168796 -0.0218089   0.988673
   50.0781 0.0456658 -0.129605   0.37944 -0.172336 -0.016682   1.00393
   50.0822 0.0722974 -0.114158  0.366657   -0.172947 -0.00545148     1.01162
   50.0881 0.105321 -0.10031  0.35121  -0.167575 0.00602313    1.00772
   50.0924   0.145268 -0.0896573   0.342155 -0.159397 0.0105397  0.997584
   50.0979   0.181487 -0.0806026   0.334166   -0.15427 0.00382586   0.992091
   50.1023   0.208119 -0.0704826   0.322981   -0.155735 -0.00838117    0.995509
   50.1081   0.230489 -0.0598299   0.320318  -0.161106 -0.0177806    1.00235
   50.1123   0.247001 -0.0475794   0.319785  -0.164035 -0.0215648    1.00454
   50.1181   0.258719 -0.0358615   0.315524  -0.159885 -0.0148509    1.00332
   50.1224   0.269904 -0.0257415   0.309665   -0.152927 -0.00435285    0.998805
   50.1281   0.282155 -0.0161541   0.299012    -0.149753 -0.000568669     0.989406
   50.1323    0.290144 -0.00922987    0.289425   -0.147312 -0.00276593     0.98379
   50.1381    0.289611 -0.00550144     0.28037   -0.146823 -0.00667218    0.986598
   50.1423    0.286416 -0.00443618    0.271315   -0.153171 -0.00850324     0.99258
   50.1479    0.279491 -0.00230565    0.267587    -0.16782 -0.00642804    0.994899
   50.1521  0.268839 0.0051512  0.270783   -0.182102 0.000285824    0.991115
   50.1581  0.261915 0.0147386  0.282501  -0.186008 0.00858661   0.982814
   50.1625  0.262447 0.0221954  0.296349 -0.17905 0.012737 0.974635
   50.1681  0.261915 0.0259239  0.307534  -0.164402 0.00931903   0.973414
   50.1723  0.251262 0.0264565  0.311263    -0.152317 -8.03871e-05     0.977809
   50.1781  0.232087 0.0269891  0.304339   -0.147922 -0.00740461    0.985011
   50.1826   0.21451 0.0312502  0.294751   -0.148166 -0.00593976      0.9938
   50.1881  0.205456 0.0365765  0.285164  -0.153782 0.00223895    0.99612
   50.1924  0.201194 0.0440334  0.281435 -0.165012 0.0139577  0.989528
   50.1981 0.201194 0.054686 0.294219 -0.174411 0.0236013  0.980983
   50.2023  0.200129 0.0610776  0.313926  -0.17551 0.0234792   0.97903
   50.2081  0.197466 0.0621428  0.332568  -0.17258 0.0189626  0.986598
   50.2121  0.195868 0.0589471  0.351743 -0.173557 0.0172536  0.998561
   50.2181  0.196933 0.0520228  0.373581 -0.178928 0.0172536   1.00479
   50.2225  0.197999 0.0472291  0.393821 -0.181614 0.0228688     1.001
   50.2279  0.190542 0.0450986  0.402876 -0.178684 0.0305593   0.98965
   50.2323  0.186813 0.0413702  0.407669 -0.170627 0.0321462  0.979762
   50.2382  0.193205 0.0360439  0.406071 -0.162204 0.0260427  0.980739
   50.2423  0.200129 0.0296523  0.392223 -0.157444 0.0146901  0.988917
   50.2481  0.208651 0.0221954  0.378374  -0.156955 0.00651141   0.999415
   50.2521  0.219304 0.0152712   0.36932  -0.159641 0.00480243    1.00662
   50.2581   0.223565 0.00941226   0.358667  -0.162693 0.00809832    1.00332
   50.2622   0.230489 0.00621647   0.354939 -0.165378 0.0155446  0.991237
   50.2681  0.239544 0.0067491  0.358134 -0.167087 0.0229909  0.977687
   50.2725   0.236348 0.00941226   0.360798 -0.170383 0.0264089  0.972194
   50.2779  0.229424 0.0147386  0.370385 -0.173679 0.0275075  0.980128
   50.2821  0.231022 0.0227281  0.383701 -0.174167 0.0310475  0.996608
   50.2881  0.240609 0.0328481  0.395951   -0.1749 0.0364186   1.00906
   50.2925 0.253925 0.044566 0.404473 -0.177829 0.0434987   1.00881
   50.2982  0.272567 0.0568165  0.412463 -0.180027 0.0516774  0.996242
   50.3022  0.286948 0.0711976  0.420452 -0.178318 0.0553395  0.978908
   50.3081  0.290144 0.0866439  0.426844 -0.173801 0.0521657  0.967799
   50.3123 0.284818 0.101025 0.437497 -0.170383 0.0460622  0.966579
    50.318 0.274165  0.11221 0.454541 -0.170139 0.0419118  0.970485
   50.3223 0.249131 0.123928 0.467324 -0.174778 0.0447194  0.974635
   50.3281 0.217706  0.14044 0.477444 -0.180271 0.0558278  0.972804
   50.3324 0.190009 0.160147  0.49289 -0.181736 0.0668141  0.960353
   50.3382 0.154323 0.179855 0.506206 -0.180149 0.0726735  0.945094
   50.3423 0.117571 0.198497 0.519522 -0.178806 0.0784108  0.940089
   50.3481 0.0893417  0.217139   0.54349 -0.181736 0.0843923  0.942653
   50.3522 0.0589816  0.236314  0.578644 -0.187839 0.0880544  0.946193
   50.3581 0.0243605  0.261347  0.621255 -0.194675 0.0924489  0.950221
   50.3624 -0.00972792    0.296501    0.669192 -0.199192 0.0963552  0.947536
   50.3681 -0.0528711   0.339644   0.712867 -0.196506 0.0983083  0.936549
   50.3726 -0.111993  0.385983  0.745891 -0.186496 0.0992849  0.927638
   50.3781 -0.168452  0.433388  0.771457 -0.175266 0.0975759  0.932033
   50.3823 -0.204671  0.480792  0.797023 -0.168674 0.0913503  0.948634
   50.3881 -0.235031  0.526598  0.813535 -0.168064 0.0841481  0.968043
   50.3924 -0.258467  0.568143  0.819394 -0.172336 0.0819509  0.981349
   50.3982 -0.268587  0.602765  0.827916 -0.178562 0.0835378  0.980006
   50.4022 -0.27924 0.631527  0.83271 -0.182834 0.0825612  0.963893
   50.4081 -0.294686  0.655495  0.841764 -0.183078 0.0775563  0.941554
   50.4123 -0.318655  0.677333  0.859341 -0.184421 0.0714528  0.925807
    50.418 -0.355939  0.703432   0.87319 -0.189914 0.0654714  0.926051
   50.4222 -0.394821  0.734857  0.887571 -0.198215 0.0619313  0.934718
   50.4281 -0.426779  0.767348  0.907811 -0.209812 0.0638845  0.939235
   50.4324 -0.462998  0.800371  0.926453 -0.219211 0.0691335  0.936305
   50.4381 -0.504011  0.833394   0.94403 -0.221286 0.0709645  0.928248
   50.4423 -0.541295  0.862156  0.965335 -0.216282 0.0668141  0.921535
   50.4482 -0.579644  0.886125   0.97652 -0.207248 0.0583913  0.922145
   50.4522 -0.613733  0.903702  0.978118 -0.201877 0.0466725    0.9313
   50.4581 -0.638234  0.911691  0.974923 -0.205661 0.0365407  0.945338
   50.4623 -0.660072  0.912757  0.958411 -0.217502 0.0327565  0.955348
   50.4681 -0.667529  0.906365  0.941899 -0.230564 0.0342214  0.957545
   50.4726  -0.6638 0.893582 0.929649 -0.241672 0.0393483  0.953273
   50.4782 -0.665398  0.879733    0.9158 -0.248264 0.0445973  0.947291
   50.4821 -0.664866  0.862156  0.913137 -0.247043 0.0415456  0.949855
   50.4881  -0.6638 0.841916 0.912072 -0.245456  0.026653  0.962916
   50.4922 -0.668061  0.819013  0.904615 -0.248386 0.0100514  0.979518
   50.4981 -0.671257  0.792382  0.897691   -0.254978 -0.00569562    0.994899
   50.5023 -0.665931  0.763087  0.868929  -0.260837 -0.0251048    1.00979
   50.5082 -0.647821  0.723139   0.80235  -0.259494 -0.0395091    1.02493
   50.5122 -0.604146  0.658691  0.722988 -0.252536 -0.042805   1.03945
   50.5181 -0.541295  0.563882  0.645223  -0.242282 -0.0441478    1.05154
   50.5223 -0.477912  0.446171  0.562665 -0.233615 -0.046345   1.05984
   50.5281  -0.4108 0.318339 0.484368   -0.2374 -0.046223   1.06216
   50.5324 -0.349015  0.197964  0.408202  -0.254123 -0.0436595    1.05313
   50.5382 -0.302676 0.0946334  0.335231  -0.274753 -0.0312083    1.03006
   50.5423 -0.272848 0.0110102  0.281968  -0.290744 -0.0111888   0.996486
   50.5481  -0.261663 -0.0470468    0.23989  -0.297824 0.00541278   0.964259
   50.5524  -0.260598 -0.0752763   0.188225 -0.306247 0.0126149  0.937404
   50.5581  -0.278707 -0.0880594   0.164789 -0.317112 0.0177419  0.913966
   50.5621 -0.322916 -0.102973  0.212193 -0.310154 0.0453298  0.911891
   50.5681  -0.37245 -0.111495   0.29049 -0.304905 0.0712087  0.916041
   50.5725  -0.412931 -0.0965816   0.362395 -0.320407 0.0644948  0.899806
   50.5781 -0.456074 -0.058232  0.415126  -0.33469 0.0455739   0.87588
   50.5822  -0.507206 -0.0129583    0.45028 -0.336521 0.0295827   0.86111
   50.5881 -0.559404  0.024326  0.475846 -0.327365 0.0174977  0.865871
   50.5926 -0.602015 0.0477618  0.492358  -0.315647 0.00931903   0.888087
   50.5981 -0.62332 0.060545    0.511  -0.310154 0.00236102   0.914332
   50.6023 -0.627581 0.0717302  0.525914   -0.306858 -0.00935773    0.932277
   50.6081 -0.618527 0.0781218  0.533903 -0.298557 -0.023762  0.937892
   50.6126 -0.606809 0.0845134  0.530707  -0.289402 -0.0347484    0.93777
   50.6179 -0.596156 0.0930355  0.511532  -0.280002 -0.0409739   0.937282
   50.6223 -0.579112  0.095166  0.487564  -0.270603 -0.0435374   0.940822
   50.6281  -0.55248 0.0935682  0.463063  -0.267429 -0.0481761   0.953151
   50.6323  -0.52212 0.0903724  0.434833  -0.268039 -0.0557445   0.970729
   50.6381 -0.487499  0.080785  0.403408  -0.269992 -0.0590403   0.986354
   50.6423 -0.443823 0.0626755   0.37145  -0.273532 -0.0576976    0.99258
   50.6481 -0.400147  0.038707  0.330438  -0.275486 -0.0542796   0.988917
   50.6524  -0.357004 0.00887963   0.289957  -0.273288 -0.0507396   0.980617
   50.6581  -0.318122 -0.0262741   0.258532  -0.267795 -0.0501292   0.973292
   50.6622  -0.290425 -0.0630257   0.228705   -0.26511 -0.0503734    0.96963
   50.6681  -0.268055 -0.0955163   0.208997 -0.267673 -0.046345  0.969874
   50.6726 -0.251543 -0.122148  0.194616  -0.271457 -0.0396312   0.967921
   50.6781 -0.246749 -0.140257  0.178105  -0.275852 -0.0314525   0.959132
   50.6824 -0.240358 -0.150377  0.172246  -0.280002 -0.0235179   0.945949
   50.6881 -0.23077 -0.15091 0.171713  -0.278659 -0.0221751   0.932887
   50.6927 -0.229705 -0.142388  0.165854  -0.270969 -0.0280345   0.927638
   50.6981 -0.232368 -0.131735   0.15893   -0.26157 -0.0367015   0.933864
   50.7024 -0.235564 -0.122148  0.145614  -0.258152 -0.0424388   0.948268
   50.7091 -0.235031 -0.113093  0.126439   -0.26572 -0.0415843   0.963771
   50.7124  -0.21852 -0.104038  0.117917  -0.276462 -0.0369456   0.973537
   50.7181  -0.192953 -0.0965816   0.111526   -0.27988 -0.0336497    0.97671
   50.7224    -0.1578 -0.0939184   0.105667  -0.274387 -0.0351146   0.975001
   50.7281  -0.116787 -0.0976468   0.104069  -0.265964 -0.0425609   0.972804
   50.7322 -0.0858943  -0.104038  0.0960793 -0.260837 -0.053181  0.974757
   50.7381 -0.0672522  -0.108299   0.086492  -0.261325 -0.0613597   0.979396
   50.7423 -0.0613932  -0.108299   0.074774  -0.266452 -0.0623362   0.980617
   50.7481 -0.0613932  -0.105636  0.0619909  -0.273288 -0.0569652   0.974513
   50.7523 -0.0651217  -0.100843  0.0550667  -0.279392 -0.0470775   0.962916
   50.7581 -0.0683175 -0.0917879  0.0593277  -0.280979 -0.0367015   0.949122
   50.7623 -0.0752417 -0.0784721  0.0758393  -0.27573 -0.032307   0.93777
   50.7681 -0.0960143 -0.0603626   0.103004  -0.269138 -0.0351146   0.931911
   50.7727  -0.130635 -0.0353288   0.126972  -0.265598 -0.0421946   0.932277
   50.7781   -0.172713 -0.00763197    0.131766  -0.268406 -0.0490306   0.935573
   50.7822   -0.2084 0.0158038  0.116319  -0.279514 -0.0537913   0.936915
   50.7881 -0.229172 0.0216628 0.0822309  -0.288669 -0.0568431   0.940089
   50.7927   -0.236097 -0.00656671   0.0454793  -0.286106 -0.0590403   0.951686
   50.7978  -0.229705 -0.0694173   0.014054  -0.273777 -0.0633128   0.973781
   50.8023  -0.202008   -0.15091 -0.0200345  -0.261203 -0.0702708    1.00186
   50.8081  -0.152473   -0.22974 -0.0477314   -0.25925 -0.0745433    1.02444
   50.8126 -0.0986775  -0.289927 -0.0674388  -0.268406 -0.0725901    1.03079
   50.8186 -0.0576648  -0.325081 -0.0807546  -0.279026 -0.0639232     1.0198
   50.8224 -0.0225111  -0.338929 -0.0770261  -0.285373 -0.0502513    1.00125
   50.8282    0.01211  -0.333603 -0.0599819  -0.284275 -0.0369456   0.988063
   50.8323 0.0392742 -0.317091 -0.038144  -0.276218 -0.0294993    0.98318
    50.838   0.0659059    -0.30058 -0.00352289  -0.268406 -0.0299876   0.983668
   50.8423 0.0802869 -0.281405 0.0332287  -0.266574 -0.0327952   0.988551
   50.8481 0.0872111 -0.257969 0.0683825  -0.270237 -0.0337718   0.991115
   50.8524 0.0973312 -0.232935  0.111526  -0.275974 -0.0330394   0.983302
   50.8581  0.094668 -0.206836  0.148277  -0.278049 -0.0310862   0.967189
   50.8622 0.0850806 -0.183401   0.17917  -0.274143 -0.0298655   0.953029
   50.8682 0.0765585 -0.167422  0.206867  -0.267917 -0.0310862   0.949611
   50.8724 0.068569  -0.1589 0.224976  -0.263889 -0.0340159     0.9584
   50.8781 0.0696343   -0.1589  0.240423  -0.263645 -0.0349925   0.975246
   50.8821 0.0813522  -0.16902  0.252141  -0.267429 -0.0329173    0.99026
   50.8881 0.0957333 -0.182335  0.257467  -0.273655 -0.0294993   0.992946
   50.8923  0.109049 -0.191923  0.256402 -0.274997 -0.028889  0.982692
   50.8981  0.120767 -0.197782  0.250543  -0.268283 -0.0325511   0.968043
   50.9023  0.122898 -0.202043  0.239357  -0.258884 -0.0384105   0.959132
   50.9081  0.114375 -0.204173  0.222846  -0.254245 -0.0440257   0.959865
   50.9121  0.105321 -0.206304  0.215389  -0.255466 -0.0456126   0.965236
   50.9181 0.0893417 -0.205239  0.211661   -0.26279 -0.0429271   0.966212
   50.9224 0.0653732 -0.195119  0.211661  -0.272312 -0.0374339   0.958034
   50.9281   0.04247 -0.180737  0.219117  -0.275608 -0.0308421   0.943996
   50.9324 0.0126426 -0.165291  0.222313  -0.270847 -0.0262034   0.930568
   50.9381 -0.0171848  -0.153041   0.226042  -0.261814 -0.0277903   0.926173
   50.9423 -0.0395553  -0.147182   0.231368  -0.254978 -0.0360911   0.935695
   50.9481 -0.0651217  -0.146116   0.233498  -0.254123 -0.0446361   0.953151
   50.9524 -0.0917533  -0.147182   0.236694 -0.258762 -0.046223  0.968532
    50.958 -0.111461 -0.147714  0.247347  -0.263401 -0.0408519   0.975246
   50.9623 -0.122113 -0.145584  0.263858  -0.261814 -0.0346263   0.974513
   50.9681 -0.124776 -0.141323  0.276109  -0.253757 -0.0325511   0.973048
   50.9725 -0.116254 -0.137594  0.281968  -0.242771 -0.0370677   0.975734
   50.9781   -0.1072 -0.134931  0.279305  -0.234104 -0.0452464   0.982081
   50.9821 -0.105602 -0.134931  0.271848  -0.231662 -0.0523265   0.988185
   50.9882 -0.114124 -0.134398  0.261195   -0.23508 -0.0555003   0.986842
   50.9921  -0.12744 -0.131735  0.249477  -0.240451 -0.0515941   0.974879
    50.998 -0.141821 -0.128007  0.235096  -0.244602 -0.0417064   0.959865
   51.0022 -0.154604 -0.123213  0.218585  -0.246433 -0.0304759   0.950587
   51.0081 -0.151941 -0.121615  0.212726 -0.244724  -0.02364  0.953273
   51.0122 -0.145017 -0.124811  0.204736  -0.241916 -0.0263255   0.966212
   51.0181 -0.136494 -0.128539  0.194084   -0.24216 -0.0334056   0.983668
   51.0224 -0.116787  -0.13067  0.191421  -0.246677 -0.0365794   0.997951
    51.028 -0.0992101  -0.129072   0.183964   -0.25156 -0.0335277   0.999782
   51.0323 -0.080568 -0.122681  0.177039  -0.249973 -0.0291331   0.991603
   51.0381 -0.0550017  -0.116822   0.173311   -0.24155 -0.0277903   0.981593
   51.0423 -0.0326311  -0.114158   0.164789  -0.231784 -0.0308421   0.975123
   51.0482 -0.0145216  -0.113626   0.159463  -0.225437 -0.0402415   0.974635
   51.0523 -0.00386897   -0.113093    0.154669  -0.224948 -0.0496409   0.977931
   51.0581 -0.0059995  -0.110963   0.141886  -0.228489 -0.0524486   0.979762
   51.0624 -0.0118585  -0.107234   0.127505  -0.233005 -0.0502513   0.975246
   51.0682 -0.0129237  -0.101908   0.115254   -0.23447 -0.0474437    0.96548
   51.0727 -0.0177174  -0.094451  0.0987425  -0.229953 -0.0461009    0.95608
   51.0781 -0.0198479 -0.0885921   0.080633  -0.222385 -0.0458568   0.952785
   51.0822 -0.0145216 -0.0864615   0.064654  -0.218845 -0.0471995   0.958278
   51.0881 -0.0145216 -0.0880594  0.0449466  -0.223117 -0.0491527   0.970729
   51.0923 -0.00759739  -0.0965816   0.0300329   -0.23154 -0.0474437   0.982326
   51.0981 0.00145736  -0.106702  0.0209782  -0.239841 -0.0418284   0.982326
   51.1025 -0.000140541    -0.115224   0.00446659  -0.243625 -0.0373118   0.970241
   51.1081 0.000924723   -0.125344  -0.0104471  -0.239353 -0.0364573   0.953883
   51.1123 -0.00227107   -0.134398  -0.0189692 -0.232029 -0.039387  0.942287
   51.1181 -0.0171848  -0.139192 -0.0274913  -0.229343 -0.0447581   0.941432
   51.1224 -0.0347616  -0.140257 -0.0296219  -0.233127 -0.0473216   0.949855
   51.1281 -0.0475448  -0.139192 -0.0205671  -0.242282 -0.0457347   0.959254
   51.1323  -0.0635238   -0.134931 -0.00778395   -0.25156 -0.0407298    0.96194
   51.1381 -0.0731112  -0.129605  0.0124561  -0.25449 -0.032429  0.958156
   51.1424 -0.0720459  -0.125876  0.0332287  -0.247165 -0.0273021    0.95254
    51.148 -0.0651217  -0.126409  0.0470772  -0.235447 -0.0268138   0.949977
   51.1523 -0.054469  -0.13067 0.0571972  -0.228244 -0.0277903   0.956325
   51.1581 -0.0416859  -0.137594  0.0641214  -0.226047 -0.0281566   0.969386
   51.1623 -0.0251743  -0.145051  0.0769046 -0.229465 -0.025471  0.977687
   51.1681 -0.0129237  -0.147182   0.090753  -0.233493 -0.0182689   0.978419
   51.1727 0.00731631  -0.142388   0.107265   -0.232517 -0.00764875    0.973781
   51.1779   0.03235 -0.129605  0.129635   -0.230808 0.000774105    0.961452
   51.1825 0.0488616 -0.108299  0.150408  -0.225925 0.00529071   0.958522
   51.1881  0.0706995 -0.0880594   0.174376   -0.211032 0.000285824    0.973048
   51.1924 0.0973312 -0.074211  0.196214  -0.196994 -0.0119212   0.985377
   51.1982  0.108516 -0.058232  0.201541   -0.18906 -0.0210765   0.999904
   51.2023   0.120767 -0.0395899   0.198877  -0.184543 -0.0246165    1.01235
   51.2081  0.145268 -0.017752  0.194084  -0.180515 -0.0275462     1.0032
   51.2123   0.160182 0.00834699   0.177572   -0.16904 -0.0320628   0.990871
   51.2181  0.172432 0.0333807  0.157865  -0.155124 -0.0337718   0.984035
   51.2222  0.179889 0.0584144  0.145081  -0.152317 -0.0359691   0.975612
   51.2281  0.170302 0.0919703  0.141353  -0.165134 -0.0388987   0.977443
   51.2325 0.156453 0.134048 0.154136  -0.181247 -0.0412181   0.981837
   51.2379 0.139409 0.177724  0.17118  -0.190158 -0.0412181   0.977809
   51.2424 0.119702 0.220335 0.178637  -0.194675 -0.0347484   0.975123
   51.2481 0.112245 0.252825 0.183964  -0.190158 -0.0269359   0.973537
   51.2523 0.114375 0.265608 0.181833  -0.167575 -0.0224193   0.972194
   51.2582 0.107451 0.261347 0.162126  -0.149265 -0.0203441   0.973537
   51.2625 0.094668 0.252825 0.144549  -0.164035 -0.0209544   0.974147
   51.2681 0.0722974  0.252293  0.142951  -0.201633 -0.0193675   0.973537
   51.2728 0.0456658  0.262413  0.156799   -0.240451 -0.00972394    0.972804
   51.2779 0.0355458  0.283185  0.191421   -0.266086 -0.00178937     0.96841
   51.2822 0.0371437  0.307154  0.228705   -0.270969 -0.00435285    0.960963
   51.2881 0.0440679  0.326328  0.255336  -0.262912 -0.0157054   0.959621
   51.2921 0.0419374  0.339112  0.263326   -0.25156 -0.0356028   0.964137
   51.2978 0.0254258   0.34284  0.253738  -0.245334 -0.0542796   0.969874
   51.3025 0.000392092    0.340709    0.235096 -0.249118 -0.060139  0.975368
   51.3082 -0.0278374   0.338579    0.20953  -0.257785 -0.0507396   0.976955
   51.3122 -0.0406206   0.334318   0.188225  -0.260959 -0.0330394   0.972804
   51.3181 -0.0331637   0.325796   0.170648  -0.253513 -0.0187571    0.96609
   51.3224 -0.0193153   0.313545   0.147212  -0.240329 -0.0142405   0.963771
   51.3282 -0.000673173     0.295968     0.112591  -0.228977 -0.0160716   0.970363
   51.3324 0.0158384  0.272533 0.0731761  -0.228366 -0.0207103   0.976466
   51.3382 0.00358789   0.244303  0.0289677  -0.242893 -0.0238841   0.976588
   51.3423  -0.0198479    0.215008 -0.00831658  -0.262546 -0.0181468   0.975246
   51.3482 -0.0278374    0.19104 -0.0301545   -0.276462 -0.00459699    0.969386
   51.3523 -0.0235764   0.175061 -0.0487966  -0.280735 0.00809832   0.957301
    51.358 -0.00493423    0.163876  -0.0557209  -0.27634 0.0116384  0.946925
   51.3623 0.0153058  0.153756 -0.054123  -0.268528 0.00577899   0.946681
   51.3681  0.0190342   0.143103 -0.0594493    -0.260959 -8.03873e-05     0.954738
   51.3729  0.0115774   0.131385 -0.0631777     -0.25864 -0.000324528     0.962428
   51.3781 -0.000673172     0.119667   -0.0674388  -0.260715 0.00529071   0.963893
   51.3825 -0.0107932   0.111145  -0.078624 -0.260349  0.016277  0.961574
   51.3881 -0.0028037   0.103688 -0.0908746 -0.256687 0.0244557  0.960109
   51.3923 0.0174363 0.0946334 -0.106854 -0.251926 0.0225026  0.963527
   51.3981   0.03235 0.0813176 -0.135616 -0.247654 0.0111501  0.975368
   51.4023 0.0467311 0.0610776 -0.171835   -0.248386 0.000285824    0.994289
   51.4081 0.0621774 0.0365765 -0.217641  -0.257175 -0.0016673    1.01321
   51.4124  0.078689 0.0115428 -0.270372 -0.268772 0.0028493   1.01895
    51.418   0.10106 -0.011893 -0.312982  -0.273899 0.00883075    1.00637
   51.4223   0.121832 -0.0326657   -0.34494  -0.27219 0.0142018  0.982081
   51.4281   0.134083 -0.0497099  -0.362517 -0.271213  0.016277  0.958522
   51.4323   0.134615 -0.0608952  -0.362517  -0.27341 0.0100514   0.94424
   51.4381   0.115973 -0.0646236  -0.356125    -0.277561 -0.000324528     0.939601
   51.4424  0.0813522 -0.0646236  -0.350799   -0.283054 -0.00655011    0.941798
   51.4483  0.0515248 -0.0646236  -0.343342   -0.284519 -0.00581769    0.944606
   51.4524  0.0302195 -0.0646236  -0.338016   -0.278171 -0.00093488    0.944972
    51.458  0.0126426 -0.0656889  -0.343875  -0.267307 0.00199481   0.944362
   51.4623 0.00252262 -0.0710152  -0.349201  -0.256321 0.00150653      0.949
   51.4681 -0.00227107  -0.0811352   -0.353995  -0.249973 -0.0016673   0.962916
   51.4722 -0.00014054  -0.0949837    -0.36305   -0.253635 -0.00447492    0.979396
   51.4781 0.00731631  -0.110963  -0.366778   -0.262912 -0.00532941    0.987575
   51.4826 0.0190342 -0.126409 -0.372637   -0.267673 -0.00386457    0.984157
   51.4881 0.0408721 -0.139725 -0.381159  -0.268406 4.1683e-05    0.97317
   51.4922 0.0760259 -0.149312 -0.384355   -0.26633 0.00468035   0.962306
   51.4982  0.117571 -0.155171 -0.381692 -0.261936  0.011028  0.959865
   51.5022  0.155388 -0.156236 -0.365713 -0.258396 0.0126149  0.962672
   51.5081  0.185748 -0.149312 -0.333222  -0.258518 0.00345965    0.96487
   51.5124  0.202792 -0.137062 -0.302862  -0.257419 -0.0037425    0.97256
   51.5181  0.225163 -0.125876 -0.283687  -0.250827 0.00187274   0.981593
   51.5223  0.263512 -0.118952   -0.2741 -0.245212 0.0126149  0.978175
   51.5281  0.299731 -0.115756 -0.276231 -0.242771 0.0171315   0.96194
   51.5322  0.330624 -0.116822 -0.276231 -0.237888 0.0150563  0.949611
   51.5381  0.360451 -0.123213 -0.267176  -0.232029 0.00822039   0.950954
   51.5424  0.378561 -0.131735 -0.260784   -0.233005 -0.00337629    0.956325
   51.5482  0.381224 -0.139192 -0.252262  -0.236057 -0.0125316   0.963527
   51.5523  0.379094 -0.147182 -0.245338  -0.238376 -0.0141185    0.96963
   51.5581  0.370571 -0.154638 -0.244805  -0.243991 -0.0141185   0.962916
   51.5623  0.350864 -0.161563 -0.235751  -0.244602 -0.0159495   0.946193
   51.5682  0.329026 -0.173281 -0.215511   -0.238742 -0.00923566    0.939479
   51.5723  0.308786 -0.194053 -0.177161  -0.237888 0.00590106   0.952174
   51.5781  0.277893 -0.231338 -0.121767 -0.233738 0.0061452  0.969874
   51.5823   0.225696  -0.279274 -0.0716998  -0.221897 -0.0122874   0.975612
   51.5881   0.164975  -0.317624 -0.0440029  -0.219822 -0.0192454   0.970973
   51.5924  0.135681 -0.347984 -0.028024   -0.217624 0.000652034    0.970241
   51.5981    0.143138   -0.375681 -0.00884922 -0.212986 0.0174977  0.966945
   51.6025   0.156986  -0.385268 0.00180343 -0.212253  0.014446  0.962916
   51.6081     0.16391   -0.373018 -0.00299026  -0.208957 0.00748797   0.972926
   51.6125   0.172432  -0.349049 -0.0168387  -0.207492 0.00651141   0.993556
    51.618   0.196933  -0.319222 -0.0344156 -0.206394 0.0174977    1.0198
   51.6223  0.258186  -0.29046 -0.042405 -0.204807 0.0403249   1.03921
   51.6282   0.338081  -0.259034 -0.0440029 -0.204685 0.0510671    1.0314
   51.6323   0.387083  -0.216424 -0.0546556 -0.203586 0.0400807   1.00576
   51.6381   0.400399  -0.167422 -0.0732977 -0.200657  0.026653  0.989162
   51.6423   0.380692  -0.117887 -0.0962009 -0.199314 0.0174977  0.987941
   51.6481   0.327428 -0.0710152  -0.118571 -0.201389 0.0129811  0.996486
   51.6524   0.258719 -0.0310678  -0.129224 -0.204929 0.0135915   1.00772
   51.6581     0.18415 -0.00283828   -0.129224 -0.205661 0.0187184   1.01846
   51.6623  0.109582 0.0110102  -0.12443 -0.202732 0.0277516   1.02713
   51.6682 0.0499269 0.0163365 -0.105256 -0.201267 0.0381276   1.03518
   51.6728 0.00465315  0.0227281  -0.078624 -0.203098 0.0441091   1.04812
   51.6781 -0.0315658  0.0317828 -0.0562535 -0.207737 0.0444753   1.06936
   51.6823 -0.0560669  0.0424355 -0.0296219 -0.217746 0.0444753   1.09194
   51.6881   -0.0757743    0.0589471 -0.000859734 -0.232151  0.047405   1.10513
   51.6925 -0.096547 0.0834481 0.0252392 -0.245456 0.0532643   1.10318
   51.6981 -0.114656  0.114341 0.0513382 -0.251438 0.0592458   1.08938
   51.7028 -0.137027  0.148962 0.0678498 -0.249485 0.0635182   1.07351
    51.708 -0.161528  0.181985 0.0753067 -0.243991 0.0655934   1.06423
   51.7125 -0.185497  0.215541 0.0742414 -0.240818 0.0638845   1.06533
   51.7181 -0.217987  0.250162 0.0550667 -0.243015 0.0608327   1.07278
   51.7224 -0.256869  0.281055 0.0273698 -0.248508 0.0599782   1.07803
   51.7281    -0.300545     0.306621 -0.000859732 -0.254001   0.06303    1.0729
   51.7324  -0.346884   0.326328 -0.0312198 -0.25803  0.06657  1.05569
   51.7382  -0.399082   0.339112 -0.0573187 -0.256931 0.0668141    1.0336
   51.7423  -0.464063   0.344438 -0.0839504 -0.253025 0.0622975   1.01773
   51.7481 -0.533305  0.342307 -0.111647 -0.252658 0.0522878   1.01309
   51.7523 -0.602548  0.336981  -0.13242  -0.25803 0.0409352   1.01528
   51.7581 -0.670192  0.332187 -0.149464 -0.268283 0.0331227   1.01919
   51.7624 -0.727184  0.327926 -0.161182 -0.275241  0.030071   1.02017
   51.7681 -0.766066  0.324731 -0.170237 -0.274143 0.0270192   1.01443
   51.7727  -0.78524  0.323665 -0.181422  -0.26865 0.0222585   1.00442
   51.7781 -0.789502  0.325263 -0.194205 -0.263034 0.0149343  0.995143
   51.7823 -0.788969  0.329524 -0.205923  -0.260471 0.00370379   0.992824
   51.7881 -0.786838  0.335383 -0.212847  -0.262668 -0.0082591   0.998073
   51.7926 -0.787371  0.341242 -0.227228  -0.267551 -0.0183909    1.00296
   51.7981 -0.785773  0.346036 -0.244273  -0.272556 -0.0249827   0.998683
   51.8027 -0.771392  0.348699 -0.256523  -0.274875 -0.0277903   0.985499
   51.8083 -0.752217  0.351895   -0.2741   -0.27219 -0.0297435   0.970607
   51.8124 -0.729847  0.352427 -0.287949  -0.266086 -0.0363353   0.961085
   51.8181  -0.70428  0.345503 -0.296471  -0.261448 -0.0498851   0.960841
   51.8224 -0.676051   0.33272 -0.301264  -0.260959 -0.0646556   0.968776
   51.8281 -0.646756  0.317806 -0.305525  -0.265476 -0.0752757   0.978541
   51.8324   -0.6132  0.306088 -0.310852  -0.273044 -0.0808909   0.980128
    51.838 -0.567394  0.299697 -0.307123  -0.277439 -0.0833323   0.972926
   51.8423 -0.509337  0.295436 -0.299134   -0.27695 -0.0857737   0.964381
   51.8481 -0.441693   0.29224  -0.29221  -0.274509 -0.0902903   0.959376
   51.8524 -0.369255  0.290109 -0.277296  -0.274021 -0.0988353   0.961452
   51.8582  -0.29948  0.290109 -0.262382 -0.278904 -0.108357  0.969142
   51.8624 -0.232368  0.292773 -0.249599 -0.287448  -0.11385  0.976832
   51.8682 -0.158332  0.297566 -0.228826 -0.294651 -0.113972  0.976955
   51.8725 -0.0901554   0.301827  -0.212315 -0.29636 -0.11031 0.966456
   51.8782 -0.0384901   0.301295  -0.198466 -0.290866 -0.107624  0.950465
   51.8824 0.00252262   0.293838  -0.179292 -0.282444 -0.107624  0.938869
   51.8881 0.0275563  0.281055 -0.164378  -0.27927 -0.108601  0.940455
   51.8924 0.0398069  0.269869 -0.156388 -0.282932 -0.110798  0.951198
   51.8981 0.0509922  0.262413  -0.15266 -0.288181 -0.113362  0.959743
   51.9028 0.0653732  0.257619 -0.153725 -0.292209 -0.112385  0.957179
   51.9078 0.0738953  0.257086 -0.159584  -0.29404 -0.107258  0.944728
   51.9123 0.0802869  0.260815 -0.165976 -0.291843 -0.103596  0.928981
   51.9181 0.0856132  0.265608 -0.172367 -0.284885  -0.10738  0.918361
   51.9227 0.0797543  0.266674 -0.182487 -0.278904  -0.11739  0.918971
   51.9282 0.0579164   0.26401 -0.195803 -0.281101 -0.125813  0.926417
   51.9323 0.0243605  0.259749 -0.201129 -0.287937 -0.128743  0.934474
   51.9382 -0.0145216   0.256021  -0.198999 -0.292698 -0.127888  0.935939
   51.9423 -0.0576648   0.253358  -0.202195 -0.292331 -0.125569   0.92776
   51.9481 -0.0922859   0.251227  -0.201662 -0.289157 -0.123127  0.915675
   51.9523 -0.113059   0.25389 -0.197401 -0.287571 -0.121052  0.907741
   51.9581 -0.129038  0.261347 -0.197401 -0.285129 -0.122517  0.908595
   51.9624  -0.13756  0.267739 -0.192075 -0.282566 -0.125447  0.916774
   51.9681 -0.136494  0.246966 -0.169172 -0.284397 -0.125202  0.931056
   51.9725 -0.131168   0.17293 -0.121767 -0.286716 -0.126667  0.935329
   51.9781  -0.121581  0.0680018 -0.0578514 -0.278782 -0.134114  0.919581
   51.9823   -0.10933 -0.0353288  -0.001925 -0.271457 -0.141926  0.896998
   51.9881 -0.0917533  -0.123746   0.034294 -0.282932 -0.142536  0.878322
   51.9923 -0.0635238  -0.178074  0.0683825 -0.300144 -0.144612   0.86526
   51.9981 -0.0379574  -0.185531  0.0976772 -0.304905 -0.154866  0.859401
   52.0023 -0.0257069    -0.1589    0.10833 -0.302829 -0.160115  0.865016
   52.0081 -0.00972792   -0.121615    0.116319 -0.303073 -0.152668   0.87527
   52.0124 0.0190342  -0.09019  0.134429 -0.304172 -0.141438   0.87942
    52.018  0.0568511 -0.0656889   0.161593 -0.300998 -0.136555  0.875636
   52.0222 0.0973312 -0.043851  0.187692  -0.28989 -0.142292  0.870631
   52.0281   0.125561 -0.0241436   0.202073 -0.276706  -0.15511  0.871852
   52.0324    0.140474 -0.00763197    0.203138 -0.271701   -0.1628  0.880641
   52.0381   0.163378 0.00461857   0.205269  -0.27695 -0.160359  0.893703
   52.0424  0.191607 0.0158038  0.204736 -0.283908 -0.152668  0.901637
   52.0482  0.219837 0.0275218  0.189823 -0.284763 -0.143513  0.898952
   52.0523  0.256056 0.0365765  0.175442 -0.281467 -0.135456  0.889308
   52.0582   0.29547 0.0429681  0.167452 -0.280124  -0.12862  0.882716
   52.0623  0.334352 0.0472291  0.166919 -0.282688 -0.124714  0.888942
   52.0682  0.378028 0.0461639  0.178637 -0.288181 -0.125447  0.904201
   52.0725  0.417976 0.0450986  0.190888 -0.295627 -0.126423  0.918117
   52.0779  0.448868 0.0472291  0.198345 -0.302585 -0.122395  0.923732
   52.0823  0.480826 0.0514902  0.211128 -0.306003 -0.111653  0.921779
   52.0881  0.502132 0.0669365  0.220715 -0.305759 -0.101033  0.913234
   52.0922 0.509589 0.109014 0.218585  -0.302707 -0.0950511   0.905055
   52.0981 0.510121 0.168669 0.216987  -0.301487 -0.0883372   0.912257
   52.1026 0.499468 0.228857 0.221781 -0.301609 -0.084431  0.930324
    52.108 0.481892 0.287446 0.222846   -0.30112 -0.0841868   0.945827
   52.1123 0.470174 0.339112 0.213258   -0.30466 -0.0746653    0.95486
   52.1181 0.468043 0.382255 0.191953  -0.307956 -0.0559886   0.955836
   52.1223 0.486153  0.41368 0.174376  -0.304782 -0.0370677   0.951564
   52.1281 0.520774 0.430192 0.163724  -0.297214 -0.0235179   0.948512
   52.1324 0.550069 0.430192 0.148277  -0.291355 -0.0200999      0.949
   52.1381 0.569776 0.418474 0.137625  -0.294651 -0.0218089   0.952296
   52.1424 0.575102 0.403027 0.132298  -0.307102 -0.0230296   0.954738
   52.1482 0.558591 0.386516 0.122178  -0.324192 -0.0207103   0.948146
   52.1523 0.520241 0.371602 0.114721  -0.337619 -0.0107005   0.934108
   52.1581 0.468576 0.357221 0.114189  -0.340549 0.00236102   0.922877
   52.1623 0.417443 0.340177 0.117917 -0.336765 0.0123708  0.921046
   52.1682 0.373235 0.318339 0.125907 -0.332737  0.016155  0.927272
   52.1726 0.332222 0.285316 0.134961  -0.33176 0.0183522  0.941798
   52.1783 0.296536 0.197431 0.165854 -0.343357 0.0181081  0.951808
   52.1824 0.269904 0.138309 0.152538  -0.344211 0.00651141   0.928371
    52.188  0.257653  0.174528 0.0571972 -0.349338 0.0343434  0.913112
   52.1924  0.274165  0.210215 0.0129887 -0.370823 0.0965993  0.931056
   52.1981 0.300797 0.217139 0.050273 -0.363254   0.10429  0.934962
   52.2022  0.288546  0.232053 0.0779698 -0.346653 0.0601003  0.925075
   52.2082  0.230489  0.267206 0.0614582 -0.346775 0.0282399  0.938014
   52.2125 0.164975 0.301827 0.028435 -0.360935 0.0311696  0.971828
    52.218  0.109582  0.327394 0.0119234 -0.378147 0.0469167    0.9938
   52.2224   0.064308   0.339644 0.00979292 -0.378635  0.056194  0.997096
   52.2282   0.0254258    0.337514 0.000738166  -0.36655 0.0581472  0.989772
   52.2323 -0.00919529    0.333253  -0.0173713 -0.360813 0.0597341  0.980495
   52.2381 -0.0320985   0.337514 -0.0349482 -0.363132 0.0604665  0.980861
   52.2424 -0.0475448   0.346036 -0.0509272 -0.369236 0.0582692  0.989039
   52.2481 -0.0683175   0.348166 -0.0599819 -0.380588 0.0564382  0.996974
   52.2524  -0.101873    0.34071 -0.0663735 -0.391697 0.0568044   1.00003
   52.2583  -0.146082   0.321535 -0.0732977 -0.396091 0.0588796   0.99612
   52.2623  -0.194019   0.289577 -0.0802219 -0.394382 0.0605886  0.988063
   52.2682   -0.23876   0.249097 -0.0908746 -0.389133 0.0601003  0.980983
   52.2725 -0.280305  0.201692 -0.104723 -0.382419 0.0569264  0.981349
   52.2781 -0.318655  0.151625 -0.119104 -0.377903 0.0527761  0.986476
   52.2824  -0.35221  0.106884 -0.132953 -0.380588  0.049236  0.987208
   52.2881 -0.386299  0.074926 -0.151062 -0.384494 0.0467946  0.980128
   52.2925 -0.416126 0.0573492   -0.1729 -0.382785 0.0472829   0.96841
   52.2981 -0.427312 0.0514902 -0.184085 -0.380832 0.0485036  0.962062
   52.3021 -0.432105 0.0541534 -0.217641 -0.373874 0.0448415  0.954494
   52.3081 -0.438497 0.0621428 -0.269306 -0.363987 0.0344655  0.947047
   52.3123 -0.443291 0.0743934 -0.300732 -0.360691 0.0207936  0.950221
   52.3181 -0.446486 0.0813176 -0.314047 -0.360324 0.0138356  0.953273
   52.3222 -0.465661  0.105286 -0.330026  -0.368747 0.00748797   0.950587
   52.3281 -0.484303  0.146299 -0.340679  -0.381809 0.00187274   0.943873
   52.3324 -0.480042  0.179322 -0.328961    -0.383396 -8.03873e-05     0.936061
   52.3381 -0.476314  0.208617 -0.320972   -0.376926 -0.00874738    0.930934
   52.3424 -0.473118  0.228857  -0.31458  -0.371921 -0.0224193   0.932277
    52.348 -0.463531  0.237379  -0.30233  -0.370578 -0.0335277   0.940944
   52.3524 -0.450215  0.239509 -0.286351  -0.372654 -0.0363353   0.953029
    52.358 -0.421985  0.242173 -0.267176  -0.376438 -0.0309642   0.960109
   52.3624  -0.37245  0.246966 -0.247468  -0.377414 -0.0247386   0.955714
   52.3682 -0.315991  0.249629 -0.234685  -0.373142 -0.0240062   0.943507
   52.3726 -0.255804  0.246966 -0.222967  -0.367405 -0.0257152    0.93362
   52.3781 -0.199878  0.238977 -0.209119  -0.363742 -0.0325511   0.931056
   52.3824 -0.165257  0.227259 -0.200597  -0.363987 -0.0464671   0.932277
   52.3882 -0.154604  0.220867 -0.197934  -0.365451 -0.0545237   0.933009
   52.3923 -0.151941  0.205954 -0.178759  -0.373874 -0.0606273   0.933131
   52.3982 -0.152473  0.183583 -0.150529  -0.381198 -0.0659984   0.929347
   52.4026 -0.153006  0.168669 -0.135083  -0.375705 -0.0642894   0.922267
   52.4081  -0.13969  0.155886 -0.121235  -0.367771 -0.0633128   0.919948
   52.4127 -0.121581  0.145233 -0.105788  -0.362766 -0.0663646   0.924586
    52.418  -0.114124   0.139907 -0.0977988  -0.361301 -0.0694163   0.928371
   52.4223  -0.121048   0.136711 -0.0807546  -0.370334 -0.0764964   0.928615
   52.4281  -0.127972   0.133516 -0.0637103  -0.379367 -0.0835765   0.928859
   52.4323  -0.154604   0.140972 -0.0525251 -0.384128 -0.077595  0.921168
   52.4381  -0.187094   0.154821 -0.0429377  -0.388889 -0.0716136   0.913478
   52.4425 -0.191888  0.168669 -0.042405  -0.385349 -0.0679515   0.903712
    52.448  -0.190823   0.176126 -0.0402745  -0.381809 -0.0642894   0.893947
   52.4524  -0.186029   0.187311 -0.0445356  -0.379367 -0.0684398   0.905665
   52.4581  -0.181235   0.198497 -0.0487966  -0.376926 -0.0725901   0.917384
   52.4624  -0.167387   0.201693 -0.0567861  -0.384616 -0.0716136   0.923976
   52.4682  -0.153539   0.204888 -0.0647756 -0.392307 -0.070637  0.930568
   52.4725  -0.132766    0.20116 -0.0679714  -0.396091 -0.0718577   0.919948
   52.4782  -0.111993   0.197431 -0.0711672  -0.399875 -0.0730784   0.909328
   52.4823 -0.0981449   0.189442 -0.0626451 -0.400486 -0.081013   0.90713
   52.4881 -0.0842964   0.181452  -0.054123  -0.401096 -0.0889476   0.904933
   52.4924  -0.076307   0.181985 -0.0466661  -0.411472 -0.0891917   0.916164
   52.4981 -0.0683175   0.182518 -0.0392093  -0.421848 -0.0894359   0.927394
   52.5022 -0.0416859   0.189975 -0.0317524  -0.432224 -0.0756419    0.92129
   52.5081 -0.0150542   0.197431 -0.0242955   -0.4426 -0.061848  0.915187
   52.5123  0.00784894    0.197964 -0.00831658   -0.42966 -0.0657542   0.902003
   52.5181  0.0307521   0.198497 0.00766239  -0.416721 -0.0696605    0.88882
   52.5223 0.0499269  0.197431 0.0167171  -0.407444 -0.0786937   0.898463
    52.528 0.0691016  0.196366 0.0257719  -0.398166 -0.0877269   0.908107
   52.5323 0.0994617  0.199029 0.0332287  -0.410373 -0.0823558   0.912623
   52.5383  0.129822  0.201693 0.0406856   -0.42258 -0.0769847    0.91714
   52.5423 0.154855 0.197431 0.040153  -0.421482 -0.0834544    0.91067
   52.5482  0.179889   0.19317 0.0396203  -0.420383 -0.0899241   0.904201
   52.5524    0.18415   0.173996 0.00659712  -0.419651 -0.0989573   0.904201
   52.5582   0.188411   0.154821 -0.0264261 -0.418918 -0.107991  0.904201
   52.5624   0.200129   0.130852 -0.0471987   -0.42905 -0.0967601   0.918605
   52.5682   0.211847   0.106884 -0.0679714  -0.439182 -0.0855296   0.933009
   52.5725   0.258186  0.0855787 -0.0802219  -0.444065 -0.0667308   0.933497
   52.5781   0.304525  0.0642734 -0.0924725 -0.448948 -0.047932  0.933986
   52.5827  0.348734 0.0466965 -0.108984  -0.439426 -0.0486644   0.918361
   52.5881  0.392942 0.0291197 -0.125496  -0.429905 -0.0493968   0.902736
   52.5924  0.401997 0.0168691 -0.146268  -0.428806 -0.0580638   0.904323
   52.5981   0.411052 0.00461857  -0.167041  -0.427707 -0.0667308    0.90591
   52.6023  0.399866 0.0067491 -0.180357  -0.439792 -0.0651439   0.910548
   52.6081   0.388681 0.00887963  -0.193673  -0.451877 -0.0635569   0.915187
   52.6125  0.401464 0.0227281 -0.198999  -0.461399 -0.0495189   0.916041
    52.618  0.414247 0.0365765 -0.204325   -0.47092 -0.0354808   0.916896
   52.6223    0.4755 0.0477618 -0.173965  -0.453098 -0.0273021   0.937404
   52.6281  0.536753 0.0589471 -0.143605  -0.435276 -0.0191234   0.957912
   52.6324  0.622507 0.0520228 -0.127626  -0.426609 -0.0246165   0.963771
   52.6382   0.70826 0.0450986 -0.111647  -0.417942 -0.0301097    0.96963
   52.6423  0.758328 0.0413702 -0.126561 -0.400364  -0.03072  0.937038
   52.6482  0.808395 0.0376418 -0.141475  -0.382785 -0.0313304   0.904445
   52.6524  0.817983 0.0328481 -0.169704  -0.373386 -0.0171702   0.874538
    52.658   0.82757 0.0280544 -0.197934   -0.363987 -0.00301007     0.84463
   52.6624  0.781764 0.0264565 -0.212847   -0.368503 -0.00423078    0.835719
   52.6682  0.735957 0.0248586 -0.227761    -0.37302 -0.00545148    0.826808
   52.6724  0.621441 0.0413702 -0.242142  -0.384372 -0.0255931   0.824733
   52.6782  0.506925 0.0578818 -0.256523  -0.395725 -0.0457347   0.822658
   52.6823  0.405193 0.0653386 -0.257056  -0.389011 -0.0431712   0.842067
   52.6882   0.30346 0.0727955 -0.257588  -0.382297 -0.0406077   0.861476
   52.6927  0.263512 0.0738608 -0.238946  -0.385715 -0.0315745   0.872951
   52.6982  0.223565  0.074926 -0.220304  -0.389133 -0.0225413   0.884425
   52.7022  0.212912  0.095166 -0.171302   -0.40427 -0.0128978    0.88296
   52.7082  0.20226 0.115406  -0.1223   -0.419407 -0.00325422    0.881496
   52.7123   0.185748   0.146299 -0.0882114   -0.40549 0.00297137   0.859767
   52.7181  0.169237  0.177191 -0.054123  -0.391574 0.00919696   0.838039
   52.7223  0.141007  0.198497 -0.058384  -0.387546 0.00834246   0.819728
   52.7281   0.112777   0.219802 -0.0626451  -0.383518 0.00748797   0.801417
   52.7323   0.058449   0.241107 -0.0796893 -0.379856 0.0107839  0.809962
   52.7381 0.00412052   0.262413 -0.0967335 -0.376194 0.0140798  0.818507
   52.7424  -0.050208   0.291707 -0.0951356 -0.393528 0.0237233  0.827296
    52.748  -0.104536   0.321002 -0.0935377 -0.410862 0.0333669  0.836085
   52.7525 -0.122113  0.327394  -0.10206 -0.394626  0.031902  0.834865
   52.7582  -0.13969  0.333785 -0.110582 -0.378391 0.0304372  0.833644
   52.7624 -0.161528  0.325796 -0.143605  -0.376072 0.00431414   0.830592
   52.7682 -0.183366  0.317806 -0.176628  -0.373752 -0.0218089    0.82754
   52.7725 -0.202541  0.307686  -0.18515  -0.379001 -0.0357249   0.834621
   52.7779 -0.244086  0.283718 -0.187814  -0.395481 -0.0591624   0.848414
   52.7824  -0.29149  0.232585 -0.135083  -0.417698 -0.0630687   0.859279
   52.7881  -0.316524   0.195301 -0.0882114  -0.428684 -0.0574534   0.863429
   52.7927 -0.331438  0.171332 -0.064243  -0.426731 -0.0507396   0.864162
    52.798  -0.359667   0.122863 -0.0163061  -0.422092 -0.0440257    0.86465
   52.8023 -0.419855 0.0621429 0.0321635  -0.411838 -0.0491527   0.865871
   52.8082 -0.466726 0.0259239 0.0566645  -0.396946 -0.0568431   0.871974
   52.8125 -0.483238 0.0195323 0.0673172  -0.391697 -0.0561107   0.880275
    52.818 -0.516261 0.0227281 0.0838288  -0.404148 -0.0469554   0.883327
   52.8223 -0.540762 0.0770566  0.114721  -0.415622 -0.0337718   0.875636
   52.8281 -0.548752  0.121798  0.139755  -0.416721 -0.0264476   0.868556
   52.8323 -0.543425  0.168137  0.174376   -0.41843 -0.0297435   0.870143
   52.8382 -0.538099  0.214476  0.208997  -0.420139 -0.0330394    0.87173
   52.8424 -0.538099  0.237379  0.232433  -0.426609 -0.0352366   0.879542
    52.848 -0.531175  0.280522  0.273446   -0.43613 -0.0351146   0.897609
   52.8524 -0.51999 0.318872 0.299012  -0.446018 -0.0356028   0.906642
   52.8582 -0.51999 0.347101 0.318187    -0.4603 -0.0434153   0.899318
   52.8623 -0.535436   0.36308  0.353341  -0.465793 -0.0448802   0.895289
   52.8682 -0.546621  0.368939  0.377309  -0.466159 -0.0351146   0.899928
   52.8725 -0.54236  0.36308 0.397017  -0.485935 -0.0249827   0.908229
   52.8779 -0.534371  0.347634  0.446019  -0.524509 -0.0159495   0.924953
   52.8823 -0.514663  0.323665  0.522718    -0.56052 0.000529964    0.949122
   52.8881 -0.469922  0.293838  0.619657 -0.581638 0.0195729  0.968654
   52.8927 -0.403876  0.261347  0.718194 -0.585178 0.0314138  0.967921
   52.8982 -0.326111  0.233118  0.815666 -0.571384 0.0295827  0.946437
   52.9024 -0.253141  0.213943  0.904615 -0.548313 0.0160329  0.921657
   52.9081 -0.195617  0.204888   0.98664    -0.529392 -0.000446598     0.904079
   52.9123 -0.155669  0.210215   1.06281 -0.518772 -0.022053  0.895412
   52.9181 -0.130635   0.23152   1.12512 -0.512668 -0.041096  0.897975
   52.9223 -0.113059  0.266674   1.17253  -0.508518 -0.0503734   0.902858
   52.9281 -0.0986775   0.310349    1.20608  -0.506321 -0.0578196   0.901637
   52.9324 -0.0885575   0.358286    1.22846 -0.500583 -0.067097  0.893947
    52.938 -0.0832312   0.410484    1.24816  -0.490329 -0.0713694   0.891139
   52.9424 -0.0747091   0.469074    1.26095 -0.479221 -0.070515  0.908351
    52.948 -0.0550017   0.530327    1.25562  -0.473362 -0.0728343   0.933009
   52.9524 -0.0326311   0.587318    1.22579  -0.481052 -0.0797923    0.94424
   52.9582 -0.0320985   0.632059    1.16081 -0.496677 -0.081013  0.941554
   52.9623 -0.0528711    0.65656    1.06014  -0.511325 -0.0683177   0.934718
   52.9682 -0.0741764   0.651234   0.948291  -0.518283 -0.0406077   0.929713
   52.9726 -0.0848291   0.613417    0.85295   -0.518528 -0.00935773    0.927028
    52.978 -0.0789701   0.551099   0.784773 -0.522068  0.016277  0.931789
   52.9822 -0.0491427   0.479727   0.754945 -0.532688 0.0410573  0.948024
   52.9882 0.00305525   0.415278   0.757076 -0.544651 0.0564382  0.961696
   52.9923 0.064308 0.366276 0.779447 -0.554538 0.0553395  0.953029
   52.9982 0.117039 0.336448   0.8146 -0.558078 0.0443532  0.921413
   53.0027 0.139942 0.325263 0.852417 -0.549289   0.03178  0.886867
   53.0082 0.138344 0.321535 0.886506 -0.529148 0.0142018  0.864772
   53.0127 0.111712 0.317806 0.906746   -0.507785 -0.00838117    0.854396
   53.0181 0.0573837  0.317806  0.906746  -0.496067 -0.0255931   0.856593
   53.0226 0.00198999   0.325263   0.903017  -0.495212 -0.0309642   0.866847
   53.0282 -0.0427511   0.347101   0.909409  -0.503757 -0.0246165   0.866847
   53.0323 -0.0842964   0.389179   0.921659 -0.516208 -0.011555  0.853297
   53.0382 -0.117852  0.453628   0.94403  -0.522678 0.00138446   0.837306
   53.0424 -0.137027  0.533522  0.964803  -0.519992 0.00675555   0.827052
   53.0482 -0.14981 0.615015 0.965335  -0.513523 0.00333758   0.829005
   53.0523 -0.158332  0.687453  0.946693    -0.51157 -0.00545148    0.838405
   53.0582 -0.17005 0.739651 0.903017   -0.51511 -0.0190013   0.848414
   53.0624 -0.18816 0.763087 0.835906 -0.518772 -0.032429  0.859157
   53.0682 -0.19029 0.760956 0.757076  -0.516697 -0.0456126   0.864894
   53.0725 -0.171648  0.732727  0.663333  -0.509006 -0.0595286   0.857204
   53.0782 -0.156734  0.673072  0.554676  -0.506321 -0.0642894   0.844874
   53.0824 -0.158332  0.586786  0.455073  -0.51218 -0.061848   0.84048
   53.0882 -0.174844  0.481324  0.377309  -0.522922 -0.0592845   0.843532
   53.0923 -0.19828 0.366276 0.314459  -0.533664 -0.0562327   0.852443
   53.0982 -0.212661  0.250695  0.263859  -0.534763 -0.0513499   0.864162
   53.1023 -0.209465  0.138842  0.208465    -0.5228 -0.0467112   0.870143
   53.1082 -0.187627 0.0365765  0.146147   -0.50803 -0.0486644   0.866969
    53.113  -0.152473 -0.0523731  0.0870246  -0.494236 -0.0583079   0.863429
   53.1183 -0.113059 -0.125876 0.0279024  -0.48508 -0.067097  0.865138
   53.1222 -0.0720459  -0.177542 -0.0125776  -0.491794 -0.0645335   0.870265
   53.1282  -0.02837 -0.204173 -0.022165  -0.512058 -0.0503734   0.875514
   53.1328   0.0195669   -0.207902 -0.00405552  -0.535862 -0.0370677   0.873439
    53.138 0.0691017 -0.194586 0.0369572  -0.549045 -0.0325511   0.865138
   53.1423  0.115973 -0.178607 0.0827635  -0.545261 -0.0338939   0.855372
   53.1482  0.157519 -0.172748  0.126972  -0.536472 -0.0385325   0.845119
   53.1524  0.185215 -0.178607  0.173311  -0.531711 -0.0432933   0.839381
    53.158  0.192672 -0.194586  0.218052   -0.53574 -0.0408519   0.843654
   53.1623  0.190009 -0.221217  0.264391    -0.5499 -0.0298655   0.860622
   53.1682   0.19427 -0.256904  0.318187  -0.561985 -0.0158275   0.878688
   53.1725 0.215576 -0.30058 0.368254   -0.559665 -0.00154523    0.885402
   53.1782 0.251262 -0.35118 0.403941 -0.543552 0.0133473  0.882228
   53.1823  0.291742 -0.400182  0.420452 -0.523533 0.0236013  0.874049
   53.1882  0.322635 -0.437999  0.415659  -0.50925 0.0257985  0.867335
   53.1923  0.342875 -0.460902  0.395419 -0.501926 0.0240895  0.869533
   53.1982  0.360451 -0.467826  0.368787 -0.496311 0.0216481  0.876247
   53.2024  0.373767 -0.458771  0.336296 -0.491672 0.0182302  0.876369
   53.2082  0.382289 -0.438531  0.300077 -0.489109 0.0183522  0.870631
   53.2129  0.387083 -0.412965  0.269185 -0.487522 0.0242116   0.86233
   53.2182 0.391877 -0.38367 0.246814 -0.492527 0.0328786  0.859035
   53.2222  0.400399 -0.350647  0.243618 -0.506809 0.0464284  0.872096
   53.2282  0.417443 -0.317091  0.264924 -0.521457 0.0597341  0.895167
   53.2323  0.439814 -0.288329  0.301143 -0.540012 0.0669362  0.908839
   53.2382  0.464847 -0.266491  0.360798  -0.56113 0.0843923  0.913966
   53.2425  0.498403 -0.254773  0.433236 -0.565891  0.112468  0.921901
    53.248  0.550069 -0.255306  0.490227 -0.548313  0.121258  0.924098
   53.2524  0.618245 -0.263828  0.521653 -0.522556  0.106487  0.915065
   53.2582  0.683759 -0.272883  0.527511 -0.507053 0.0887868  0.909572
   53.2624  0.746077 -0.277677  0.529109 -0.503391 0.0815847  0.919337
   53.2682 0.812124 -0.28034 0.540295 -0.507419 0.0825612   0.93362
   53.2725  0.872844 -0.283003  0.555208 -0.511325 0.0835378  0.937282
    53.278  0.921846 -0.286199  0.570655 -0.507541 0.0826833  0.926662
   53.2824  0.954869 -0.289927  0.585036 -0.498142 0.0798757  0.906764
   53.2882  0.961793 -0.293655  0.587166 -0.484348 0.0732839  0.885158
   53.2923  0.938357 -0.294721  0.573318 -0.472019 0.0637624   0.86758
   53.2982  0.890421 -0.290992  0.556274  -0.46323 0.0557057  0.856959
   53.3023  0.820113 -0.283535  0.530707 -0.459323  0.054363  0.850978
    53.308  0.732761 -0.268089  0.495554 -0.465061  0.063152  0.843043
   53.3122  0.642747 -0.244653  0.468922 -0.473972 0.0785329   0.82986
   53.3181  0.550069 -0.216956  0.448149 -0.478122  0.094402  0.815578
   53.3223  0.459521 -0.188727  0.431105 -0.480808  0.109661  0.811915
   53.3282  0.383355 -0.166356  0.427377 -0.480198  0.123943  0.827418
   53.3324  0.330091 -0.155171  0.435366 -0.476535  0.137127  0.856593
   53.3383  0.303992 -0.155171  0.452943 -0.477512  0.150554  0.886989
   53.3425  0.302395 -0.162095  0.479042 -0.483005  0.164959  0.904201
   53.3482  0.314112 -0.169552  0.507271 -0.491062  0.178875  0.900539
   53.3524  0.327961 -0.172215  0.536034 -0.495456  0.186565  0.879787
   53.3582  0.341809 -0.169552  0.572253 -0.491062  0.186565   0.85464
   53.3625 0.339679 -0.16103 0.603145 -0.477878  0.179241  0.836207
   53.3682  0.321569 -0.149312  0.623918 -0.464328  0.166546  0.825221
   53.3724  0.289079 -0.131203  0.643625 -0.458469  0.157757  0.819484
   53.3782   0.234218 -0.0992447   0.653745 -0.458713  0.156658  0.814845
   53.3824   0.169237 -0.0555689   0.661202  -0.4603 0.159343 0.808742
   53.3883    0.101592 -0.00124038     0.67079 -0.45615 0.154216  0.80276
   53.3923 0.0334153  0.060545  0.677181 -0.452365  0.141155   0.80215
   53.3982 -0.0257069   0.122863   0.680377 -0.456638  0.129436  0.812282
   53.4024 -0.076307  0.178257   0.68091 -0.457615  0.122234  0.830958
   53.4082 -0.117852  0.218204  0.684105 -0.453952  0.124553  0.850978
   53.4123 -0.150875  0.242173  0.684638 -0.454929  0.136028  0.863185
   53.4182 -0.171648  0.254423  0.684638 -0.46091 0.154461 0.865504
   53.4222 -0.165789  0.259217  0.689432 -0.465305  0.175091  0.865382
   53.4282 -0.132766  0.259749  0.690497 -0.463596  0.191814  0.870021
   53.4325 -0.076307  0.258152  0.687301 -0.458591  0.199749  0.879664
   53.4382 -0.0123911   0.253358   0.675051 -0.458835  0.195965  0.889552
   53.4422 0.0456658  0.244303  0.655343 -0.465793  0.185955  0.896632
   53.4482 0.088809 0.234183 0.631907 -0.47092 0.174602 0.897731
   53.4524 0.118104 0.220867 0.604743 -0.47031 0.166301 0.891872
   53.4583 0.141007 0.200095 0.578112 -0.46384 0.162883 0.881618
   53.4625 0.152192 0.168669 0.546686 -0.450901  0.160808  0.873683
   53.4682 0.150594 0.121798 0.505674 -0.437229  0.157879  0.874049
   53.4724  0.142072 0.0616102   0.46253 -0.43198 0.155071 0.880763
   53.4782     0.130354 -0.000707752     0.423648 -0.436863  0.155925   0.88943
   53.4825     0.1213 -0.0587647   0.390092 -0.443821  0.160686   0.89236
   53.4882  0.120767 -0.112028  0.366124 -0.44553 0.168621 0.885646
   53.4924  0.124495 -0.154638  0.342155 -0.444797  0.177044  0.873073
   53.4982  0.138876 -0.182335  0.316589 -0.442722  0.181926  0.861232
   53.5025  0.158584 -0.195651  0.300077 -0.442112  0.182781  0.854884
   53.5082  0.164975 -0.193521  0.285696 -0.446872  0.180828  0.854274
   53.5125  0.159649 -0.178074   0.27824 -0.456882  0.178631  0.854884
   53.5182  0.142605 -0.151975  0.279837 -0.468601   0.17802  0.850246
   53.5226 0.113843 -0.12055 0.279305 -0.476047  0.179241  0.839992
   53.5282  0.0834827 -0.0891247   0.281968 -0.478489  0.181194  0.825099
   53.5322  0.0499269 -0.0576994   0.289425 -0.476291  0.181438  0.810939
   53.5382 0.00358788 -0.0284046   0.293686 -0.469577  0.179607  0.806789
   53.5424  -0.0496753 -0.00177302    0.300077 -0.465793  0.180095  0.815211
   53.5482 -0.0986775  0.0232607   0.316589 -0.471408  0.184246  0.828639
   53.5524 -0.151408 0.0514902  0.331503 -0.479465  0.189373   0.83401
   53.5582 -0.202008 0.0818502  0.345351 -0.481662  0.194866  0.827663
   53.5623 -0.246217  0.109014  0.357602 -0.478366  0.199993  0.815822
   53.5683 -0.287762  0.129787  0.365059 -0.468845  0.203533  0.806911
   53.5725 -0.326644  0.141505  0.367722 -0.457615  0.204876  0.809596
    53.578 -0.361265  0.145233  0.362928 -0.452976  0.207317  0.827418
   53.5824 -0.376179  0.143636  0.357069 -0.454563  0.213176  0.853786
   53.5882 -0.369255  0.138842  0.348014 -0.458469  0.217205  0.875148
   53.5927 -0.347417   0.13032  0.335764 -0.458713  0.216716  0.882594
   53.5982 -0.323448  0.116471  0.320318 -0.455173    0.2122   0.87942
   53.6024 -0.304806 0.0972966  0.303806 -0.451145  0.202434  0.872462
   53.6082 -0.292556 0.0754587   0.29049 -0.449558   0.19157  0.869166
   53.6124 -0.286697 0.0525555  0.284099 -0.455295  0.183757   0.87234
   53.6182 -0.283501 0.0339133  0.291555 -0.471897  0.182781  0.876857
   53.6227 -0.282436 0.0237933  0.307002 -0.494114  0.191448  0.880031
    53.628  -0.26912 0.0168691  0.325111 -0.507297  0.206096  0.882838
   53.6322 -0.229705  0.008347  0.346417 -0.50803  0.21928 0.879787
   53.6382   -0.178572 -0.00124039    0.361863 -0.500339  0.225139  0.873927
   53.6424   -0.12957 -0.0150888   0.377842 -0.486789  0.225261  0.878688
   53.6482 -0.0757743 -0.0321331   0.398082 -0.47446 0.223674 0.893458
   53.6523  -0.013989 -0.0465141   0.416724 -0.469699  0.221599  0.909816
   53.6582  0.0488616 -0.0550362    0.43004 -0.474094  0.220379  0.919215
   53.6625   0.102657 -0.0555689   0.441225 -0.478733  0.223308    0.9136
   53.6682   0.142072 -0.0486447   0.458269 -0.478366  0.226726    0.8959
   53.6726   0.169769 -0.0358615   0.483303 -0.47739 0.225994 0.880031
    53.678   0.178291 -0.0198825   0.521653 -0.484958  0.229534  0.877101
   53.6823    0.180954 -0.00337091     0.59196 -0.496677  0.243694  0.883205
   53.6882   0.18202 0.0179344  0.679312 -0.492405  0.247112  0.885524
   53.6926   0.16391 0.0435007  0.726183   -0.478 0.226604 0.879298
   53.6982  0.128756 0.0653386  0.721922 -0.465793   0.19865  0.864039
   53.7025 0.0738953 0.0855787  0.678779 -0.45029 0.175457 0.845241
   53.7082 0.00625104   0.105286   0.609537 -0.436008  0.165569  0.834498
   53.7123 -0.0523385   0.119667   0.545621 -0.434055  0.173992   0.83694
   53.7182 -0.0986775   0.127124   0.499282 -0.446018  0.193523  0.850001
   53.7223 -0.138625  0.131918  0.477977 -0.464817  0.215618   0.86465
   53.7282 -0.169518  0.133516  0.487031 -0.481052  0.232341  0.870387
   53.7324 -0.196149  0.129255   0.50301 -0.49155 0.242962 0.868922
   53.7382 -0.207867  0.118069  0.516859 -0.489109  0.248333  0.866481
   53.7422 -0.199878 0.0946334  0.526446 -0.472751  0.243206  0.864528
   53.7482 -0.196149 0.0589471  0.516859 -0.453342  0.229656  0.865871
   53.7524 -0.199345 0.0126081  0.498217 -0.437717  0.214885  0.873561
   53.7582  -0.202008 -0.0422531   0.481172 -0.42905 0.203899 0.886012
   53.7625    -0.2084 -0.0960489   0.456671 -0.42966 0.201824 0.895534
   53.7682 -0.212661 -0.144518  0.427377 -0.434787  0.210979  0.896998
   53.7726 -0.203073 -0.189792   0.39968 -0.435886  0.224529   0.89358
    53.778 -0.181768 -0.234001  0.369852 -0.429172  0.231121  0.888087
   53.7823 -0.158865 -0.278209  0.339492 -0.422947  0.229168  0.883449
   53.7882 -0.142353 -0.319754  0.314991 -0.420383  0.221355   0.88174
   53.7924 -0.143951 -0.358637  0.292088  -0.4155 0.209636 0.880153
   53.7982 -0.161528 -0.393258  0.272913 -0.413913  0.198894  0.872462
   53.8026 -0.186562 -0.419357  0.257467 -0.418308  0.193767  0.858424
   53.8082 -0.216922 -0.436401  0.240423 -0.420993  0.195598  0.845973
   53.8123 -0.236097 -0.444923  0.230835 -0.419529  0.199749  0.841945
   53.8182 -0.237162 -0.444923  0.227107 -0.417575  0.204021  0.852077
   53.8224 -0.223846 -0.436401  0.226574 -0.416599  0.208172  0.871852
   53.8282 -0.191356 -0.419889  0.235629 -0.418064   0.21159  0.890407
   53.8324  -0.14981 -0.396454  0.249477 -0.41904 0.214031 0.900661
   53.8382 -0.111993 -0.367691  0.254804 -0.415378  0.216839   0.89944
   53.8423 -0.070448 -0.339994  0.255869 -0.407566  0.220745  0.888698
   53.8482 -0.0299679  -0.313363   0.255869 -0.395725  0.223797  0.877955
   53.8524 -0.00227107   -0.288862    0.247347 -0.382663  0.221843  0.877223
   53.8582 0.0232953 -0.273948  0.242021 -0.373996  0.215618  0.884669
   53.8624   0.04247 -0.261698   0.23776 -0.372898  0.212932  0.894557
   53.8682 0.0472637 -0.244653  0.227107 -0.378391  0.217083  0.898585
   53.8726 0.0515248 -0.222283  0.220183 -0.385227  0.226482  0.892238
   53.8782 0.0541879 -0.194053  0.213791 -0.387058  0.236736  0.881007
   53.8824 0.0531227 -0.170085  0.208465 -0.382175  0.242595  0.870875
   53.8882 0.0467311 -0.155704  0.208465 -0.375949  0.240642  0.867335
   53.8923 0.0291542 -0.148247  0.206334 -0.373508  0.233562  0.870753
   53.8982 0.00252262  -0.142921   0.199943 -0.379856  0.230877  0.876613
   53.9025 -0.0267722  -0.132801   0.197279 -0.391574  0.236614   0.87942
   53.9082 -0.0555343  -0.116289   0.198345  -0.3978 0.247234 0.877345
   53.9124 -0.0811006 -0.0976468   0.194084 -0.395359     0.257  0.870997
   53.9182 -0.0933512 -0.0827331   0.191953 -0.387302  0.261638  0.865382
   53.9224  -0.101873 -0.0704826   0.187159 -0.378025  0.260296  0.865993
   53.9282  -0.116787 -0.0587647   0.176507 -0.373508  0.253582  0.870509
   53.9323 -0.132766 -0.048112  0.169583 -0.375705  0.246502  0.875148
   53.9382  -0.155669 -0.0363941   0.159995 -0.381565  0.245159  0.874293
   53.9424   -0.18017 -0.0230783   0.153604 -0.388767   0.25053  0.865871
   53.9483 -0.196149 -0.011893  0.152538 -0.392063  0.257854  0.853541
   53.9524   -0.206802 -0.00709934     0.14881 -0.386448  0.260662  0.844874
   53.9582  -0.212661 -0.0108278   0.141886 -0.375705  0.257366  0.847194
   53.9624  -0.209465 -0.0214804   0.136027 -0.369358  0.251507   0.85879
   53.9682  -0.204671 -0.0342636     0.1307 -0.372898    0.2476  0.872829
   53.9725  -0.198812 -0.0449162    0.12857 -0.382663  0.246013  0.880763
   53.9782  -0.189758 -0.0513078   0.131233 -0.392429    0.2476  0.878078
   53.9824  -0.185497 -0.0534383   0.131766 -0.395725  0.249675  0.869289
   53.9882  -0.175377 -0.0545036   0.133896 -0.389988  0.247844  0.860011
   53.9923  -0.163126 -0.0550362   0.136559 -0.382053  0.242595  0.857692
   53.9982  -0.157267 -0.0545036   0.131766 -0.376316  0.233806  0.864039
   54.0024  -0.148212 -0.0550362   0.127505 -0.374485  0.224407  0.869533
   54.0082  -0.141821 -0.0561015   0.125907 -0.377658  0.220379  0.870143
   54.0126  -0.145017 -0.0571668   0.121113 -0.382785  0.223552  0.866359
   54.0182  -0.145017 -0.0571668   0.122178 -0.385105  0.228679  0.857936
   54.0224  -0.139158 -0.0571668   0.125374 -0.37949 0.229534 0.850856
   54.0282  -0.135962 -0.0614278   0.123776 -0.368991   0.22636  0.853541
   54.0325  -0.127972 -0.0699499   0.124841 -0.362644  0.220623   0.86526
   54.0382  -0.118385 -0.0811352   0.123776 -0.362644  0.215496  0.878688
   54.0424 -0.110395  -0.09019   0.11845 -0.366184  0.214885  0.886134
   54.0482 -0.0922859 -0.0971142   0.117917 -0.368015  0.218548  0.884791
   54.0523 -0.0693827  -0.102973   0.115254 -0.364841  0.223308  0.876002
   54.0582 -0.044349 -0.108299  0.110993 -0.358982  0.225261  0.864894
   54.0624 -0.0225111  -0.110963   0.109395 -0.354099  0.221966  0.859157
   54.0682 -0.00653213   -0.107234     0.10833 -0.35178 0.214641 0.859401
   54.0725 -0.000673173   -0.0992447     0.108863 -0.352146  0.210613  0.863429
   54.0782 -0.00759739  -0.0864615    0.109928 -0.354343    0.2122  0.865382
   54.0824 -0.0219785 -0.0699499   0.110993 -0.354587  0.215862  0.858546
   54.0882 -0.0470122 -0.0550362   0.106732 -0.350315  0.218059  0.845119
   54.0923 -0.0741764  -0.043851   0.100873 -0.342258  0.217327  0.834376
   54.0982  -0.101873 -0.0358615  0.0923509 -0.334323  0.214275  0.832789
   54.1023  -0.134896 -0.0316004   0.074774 -0.332126  0.208049  0.839992
   54.1082  -0.163659 -0.0289373  0.0657193 -0.337131  0.204387  0.850978
   54.1125  -0.185497 -0.0230783  0.0619909 -0.347019  0.207073  0.857814
   54.1182  -0.196682 -0.0150888  0.0566645 -0.355442  0.213665   0.85818
   54.1222   -0.195617 -0.00656671   0.0566645 -0.357395  0.221111  0.853419
   54.1282   -0.185497 -0.00390355   0.0555993 -0.351657  0.225017  0.849147
   54.1323   -0.171648 -0.00763197   0.0508056 -0.343479   0.22282  0.851222
   54.1382 -0.154071 -0.011893  0.044414 -0.340061  0.218059  0.859645
   54.1426 -0.134364 -0.017752 0.0348266 -0.342258  0.215007  0.871608
    54.148   -0.11945 -0.0193499  0.0231087 -0.34885 0.216228 0.879909
   54.1524  -0.102406 -0.0140236  0.0129887 -0.355808  0.223064  0.880397
   54.1582  -0.0832312 -0.00709934 0.000205534 -0.358982  0.229534  0.873561
   54.1623  -0.0667196 -0.00177302  -0.0136429 -0.357273  0.231975  0.864772
   54.1682   -0.0592627 -0.000175121   -0.0264261 -0.352878  0.228557  0.862208
   54.1726  -0.0560669 -0.00496881  -0.0328177 -0.350315  0.221111   0.86758
    54.178 -0.0661869 -0.0124257 -0.0370787 -0.354099  0.216716  0.878078
   54.1824 -0.0880249 -0.0193499 -0.0434703 -0.362888  0.217571  0.888698
   54.1881  -0.100808 -0.0252088 -0.0440029 -0.371433  0.224773  0.894069
   54.1923  -0.108265 -0.0310678 -0.0445356 -0.374118  0.233074  0.893458
   54.1982  -0.110395 -0.0385246  -0.048264 -0.370945  0.235271  0.890163
   54.2022  -0.105602 -0.0449162 -0.0503945 -0.367771  0.233318  0.890407
   54.2082  -0.103471 -0.0497099 -0.0546556 -0.368869  0.230144  0.898707
   54.2126  -0.104536 -0.0529057 -0.0573188 -0.376926  0.228435  0.911525
   54.2182  -0.104004 -0.0529057 -0.0535903 -0.389499  0.229412   0.92007
   54.2223  -0.105602 -0.0518404 -0.0509272 -0.397922  0.231853  0.918117
   54.2283  -0.112526 -0.0502426 -0.0514598 -0.39719 0.234905 0.908473
   54.2323  -0.117852 -0.0497099 -0.0450682 -0.390476  0.234539  0.900294
   54.2382  -0.129038 -0.0523731 -0.0392093 -0.38303 0.228191 0.900294
   54.2423   -0.14768 -0.0555689 -0.0365461 -0.381931  0.219646  0.908595
   54.2482   -0.16792 -0.0576994 -0.0290892 -0.389011  0.213176  0.920924
   54.2525  -0.195084 -0.0571668 -0.0258934 -0.398655  0.212566  0.929835
   54.2583   -0.21852 -0.0534383 -0.0184366 -0.406833  0.217327  0.931666
   54.2624   -0.227575  -0.0454489 -0.00512079 -0.409885   0.22221   0.92715
   54.2682  -0.227042  -0.033731 0.00446659 -0.40549 0.224651  0.92129
   54.2726  -0.221183 -0.0241436  0.0167171 -0.398166   0.22221  0.921535
    54.278   -0.21053 -0.0198825  0.0305656 -0.394626  0.215252  0.928126
   54.2825  -0.205737 -0.0198825  0.0390877 -0.397068  0.210491   0.93777
   54.2881  -0.204671 -0.0252088  0.0508056 -0.402195  0.210613  0.944118
   54.2924  -0.204139 -0.0326657  0.0635888 -0.406345  0.214031   0.94192
   54.2982  -0.207334 -0.0374594   0.070513 -0.40781 0.217937 0.931544
   54.3023  -0.205737 -0.0422531  0.0753067 -0.401218  0.218181  0.921046
   54.3082  -0.202541 -0.0513078  0.0753067 -0.389621  0.214275  0.919093
   54.3126  -0.203606 -0.0646236  0.0689151 -0.382663  0.207561  0.923854
   54.3182  -0.203606 -0.0768742  0.0641214 -0.382297  0.201336   0.93008
   54.3223 -0.207867 -0.084331 0.0609256 -0.387058   0.19865  0.933497
   54.3282  -0.212128 -0.0869942  0.0555993 -0.390842   0.19865  0.932277
   54.3323    -0.2084 -0.0832658  0.0513382 -0.391574  0.200847  0.925075
   54.3382  -0.203606 -0.0747436  0.0465445 -0.390476  0.202068  0.915919
   54.3424  -0.204139 -0.0646236  0.0460119 -0.384983  0.196697  0.914455
   54.3482  -0.207867 -0.0571668  0.0534688 -0.378147  0.185344  0.922755
   54.3524  -0.214791 -0.0534383   0.060393 -0.37717  0.17448 0.935939
   54.3582  -0.231303 -0.0497099  0.0614582 -0.382907  0.169719  0.944972
   54.3623  -0.243021 -0.0454489  0.0662519 -0.388523  0.173137  0.945338
   54.3682  -0.240358 -0.0417204  0.0731761 -0.387668  0.179363  0.940089
   54.3726  -0.227574 -0.0390573   0.074774 -0.383274  0.183269  0.932887
   54.3782  -0.205204 -0.0363941  0.0774372 -0.379612  0.181804  0.930446
   54.3827  -0.174844 -0.0347962  0.0795677 -0.377292   0.17448  0.936305
   54.3879  -0.142353 -0.0347962  0.0848941 -0.379734  0.167888  0.947902
   54.3924  -0.105602 -0.0342636  0.0955467 -0.385715  0.165325  0.957912
    54.398 -0.0656543 -0.0331983   0.103536 -0.391819  0.167644  0.955714
   54.4022 -0.0305006 -0.0289373   0.113124 -0.396091  0.173137  0.942164
   54.4082 0.00145736 -0.0214804   0.124309 -0.396091  0.177898  0.927516
   54.4127  0.0286216 -0.0145562   0.137092 -0.392795  0.179119  0.920192
   54.4199   0.0472637 -0.00869724    0.149875 -0.387912  0.173992  0.920802
   54.4224   0.0536553 -0.00496881    0.153604 -0.383396  0.164715  0.922267
   54.4281   0.0541879 -0.00390355    0.154136 -0.381443  0.158977  0.919704
   54.4324   0.0541879 -0.00283828    0.154669 -0.38303 0.161907 0.912013
   54.4383    0.0552532 -0.000175121     0.152538 -0.385715  0.169964  0.900172
   54.4423  0.0605795 0.00408594    0.15094 -0.385471  0.177166  0.888576
   54.4482  0.0669711 0.00728173   0.149343 -0.381565  0.179485  0.884303
   54.4523  0.0696343 0.00621647   0.148277 -0.378147  0.176677  0.888454
   54.4582  0.0680364 0.00142278   0.154136 -0.377903  0.171917  0.897487
   54.4624   0.0568511 -0.00390355    0.156799 -0.380832  0.169231  0.902492
   54.4682   0.0355458 -0.00550144    0.151473 -0.386692  0.172771   0.89651
   54.4726   0.0211647 -0.00283828    0.153071 -0.388401  0.181316  0.884181
    54.478  0.0163711 0.00195541   0.157332 -0.383762   0.19096  0.871608
   54.4825 0.0105121  0.008347  0.156267 -0.379734  0.196697  0.864162
   54.4882 0.00358788  0.0168691   0.155202 -0.376926  0.195965  0.864528
   54.4923 -0.00493423   0.0269891    0.159463 -0.375583  0.192791  0.870021
   54.4983 -0.0177174  0.0365765   0.162126 -0.378269  0.193523  0.874782
   54.5023 -0.0331637  0.0429681   0.153071 -0.381565  0.199382  0.873927
   54.5082 -0.0427511  0.0450986   0.147212 -0.381809  0.206707  0.867091
   54.5124 -0.0470122  0.0440334   0.147212 -0.378513  0.211467  0.859767
   54.5182 -0.0587301  0.0403049   0.137625 -0.372898  0.211834  0.860255
   54.5225 -0.070448 0.0317828  0.129635 -0.370456  0.207683  0.869655
   54.5282 -0.0773722  0.0200649   0.123244 -0.374118  0.204143  0.882106
   54.5325 -0.0858943 0.00781436   0.111526 -0.380588  0.204509  0.889064
    54.538  -0.0885575 -0.00496881    0.106199 -0.386448  0.207317  0.885402
   54.5423 -0.0874922 -0.0172194  0.0992751 -0.389011  0.212322  0.875636
   54.5482 -0.080568 -0.027872 0.0886225 -0.386692   0.21635  0.866115
   54.5523 -0.0656543 -0.0374594  0.0843614 -0.381321  0.214641  0.863063
   54.5582 -0.0571322 -0.0475794  0.0811656 -0.376926  0.207561  0.868556
   54.5624 -0.0608606 -0.0576994  0.0742414 -0.376926  0.201091  0.880275
   54.5683 -0.0651217 -0.0667542  0.0678498 -0.381076   0.19865  0.891261
   54.5725 -0.0677848 -0.0731457  0.0630561 -0.387058   0.20219  0.894557
   54.5783 -0.0720459 -0.0768742  0.0561319 -0.389988  0.208416  0.891017
   54.5824 -0.0693827 -0.0822005  0.0518709 -0.387058  0.211345   0.88589
   54.5882 -0.0640564 -0.0917879  0.0518709 -0.381076   0.20927  0.886622
   54.5925 -0.0587301  -0.102441  0.0481424 -0.37656 0.202312 0.892726
   54.5982 -0.0560669  -0.108832  0.0465445 -0.378391  0.197551  0.901027
   54.6022 -0.0613932  -0.116289  0.0534688 -0.382663  0.197307   0.90945
   54.6082 -0.0683175  -0.130137   0.060393 -0.38364 0.198528 0.911037
   54.6127 -0.0699154  -0.145051  0.0689151 -0.383762  0.203411  0.904323
   54.6183 -0.0699154  -0.149845  0.0758393 -0.379612  0.207073  0.896632
   54.6224 -0.0629911  -0.137594  0.0758393 -0.36655 0.206341 0.898219
   54.6282 -0.0470122   -0.12055  0.0758393 -0.355198  0.204754  0.912623
   54.6328 -0.0326311  -0.113093  0.0774372 -0.350925  0.201824  0.931056
   54.6382 -0.0193153  -0.116822  0.0790351 -0.353244  0.199382  0.940333
   54.6424 -0.00972792   -0.117887   0.0801004 -0.364475    0.2028    0.9313
   54.6482 -0.0161195   -0.10031  0.0774372 -0.37302 0.208049 0.910914
   54.6524 -0.0278374 -0.0704826  0.0790351 -0.368137   0.20927  0.896022
   54.6582 -0.0331637 -0.0449162  0.0859593 -0.35654 0.206707 0.894923
   54.6623 -0.0464795  -0.027872   0.086492 -0.349948  0.202556  0.903468
   54.6683 -0.0661869 -0.0193499  0.0891551 -0.352512  0.199871  0.912868
   54.6725 -0.0880249 -0.0156215  0.0939488 -0.36008 0.201336 0.917262
   54.6782  -0.113059 -0.0108278  0.0944814 -0.367282  0.208782  0.913722
   54.6824   -0.133299 -0.00390355   0.0998078 -0.369602  0.217205  0.904323
   54.6882  -0.145549 0.00355331   0.106199 -0.365696  0.221233  0.894557
   54.6926  -0.155137 0.00568383   0.106732 -0.359348  0.220379  0.890407
   54.6982  -0.163126 0.00142278   0.106732 -0.356052  0.216106  0.894679
   54.7022   -0.168452 -0.00443618    0.110993 -0.360202  0.214031  0.902736
   54.7082   -0.175909 -0.00763197    0.111526 -0.36716 0.216228 0.908229
   54.7123  -0.176974 -0.0097625   0.112058 -0.369358  0.220623  0.907619
   54.7195  -0.173779 -0.0145562    0.11046 -0.364475  0.224407  0.900172
   54.7226  -0.166322 -0.0214804   0.100873 -0.355075  0.225139  0.891261
   54.7282  -0.151941 -0.0289373  0.0934162 -0.346653  0.224163  0.890407
   54.7326   -0.13756 -0.0395899  0.0880899 -0.343235  0.221477  0.899928
   54.7382  -0.122646 -0.0529057   0.080633 -0.347263  0.217571  0.912746
   54.7425  -0.112526 -0.0624931  0.0694477 -0.356907  0.216839  0.918361
   54.7482 -0.0997428 -0.0694173  0.0635888 -0.367527  0.221843  0.912379
   54.7525 -0.0842964 -0.0752763  0.0619909 -0.370945   0.22697  0.899196
   54.7582 -0.0773722 -0.0811352  0.0540014 -0.365451   0.22697  0.885768
   54.7625 -0.0699154 -0.0912552  0.0465445 -0.356418  0.220867   0.87942
   54.7682 -0.0619259  -0.105636  0.0406856 -0.347141  0.209148  0.883205
   54.7725 -0.0624585  -0.123213  0.0321635 -0.342868   0.19804  0.893947
    54.778 -0.0624585  -0.140257  0.0263045 -0.346408  0.193889  0.902247
   54.7825 -0.054469 -0.154106 0.0252392 -0.35178 0.197918  0.90237
   54.7882 -0.0464795  -0.165291  0.0231087 -0.352512   0.20573  0.898707
   54.7924 -0.0299679  -0.176476  0.0215108 -0.347507  0.211712  0.897121
   54.7982 -0.00813002   -0.189792   0.0172498 -0.339084  0.211223  0.901393
   54.8024  0.0131753  -0.203641 0.00606449 -0.332859  0.205242  0.912623
   54.8082    0.0408721    -0.213228 -0.000859734 -0.332615  0.199627  0.925197
   54.8125   0.0579164   -0.213228 -0.00565342 -0.337986  0.194866  0.928615
   54.8182  0.0589816  -0.202043 -0.0104471 -0.345066  0.192547  0.919459
   54.8225   0.0520574   -0.180737 -0.00938185 -0.347629  0.193157  0.904811
   54.8282   0.0376763   -0.157302 -0.00831658 -0.34238 0.191814  0.89297
   54.8328    0.017969   -0.138127 -0.00938185 -0.331028  0.187175  0.891627
   54.8381  0.00145736   -0.123746 -0.00938185 -0.322116  0.181682  0.901271
   54.8424 -0.0145216  -0.108832 -0.0173713 -0.323093  0.179485  0.914699
   54.8482 -0.0235764 -0.0875268 -0.0274913 -0.331516  0.182537  0.923244
   54.8527 -0.0193153 -0.0624931 -0.0301545 -0.339328  0.189251  0.922023
   54.8583 -0.0177174 -0.0358615 -0.0397419 -0.340427  0.196697  0.912746
   54.8624 -0.0155869 -0.0108278 -0.0498619 -0.33469 0.201091 0.901881
   54.8682 -0.0102606  0.0067491 -0.0589166 -0.325901  0.199016  0.899562
   54.8726 -0.00493423    0.014206   -0.068504 -0.319065  0.193401  0.907497
    54.878 -0.00386897   0.0136733   -0.074363 -0.320041  0.190838  0.920192
   54.8824 -0.0044016   0.008347 -0.0791567 -0.326145  0.190838  0.930568
   54.8882 -0.00333633  0.00195541  -0.0850156 -0.330417  0.192547  0.931789
   54.8924 -0.00227107 -0.00337091  -0.0967335 -0.330906   0.19511  0.925929
   54.8982 0.000392091 -0.00922987   -0.109517 -0.329074  0.197551  0.917506
   54.9024 0.00358788 -0.0145562  -0.116974 -0.328098  0.198406  0.912501
   54.9082 -0.000673173   -0.0182846    -0.116974 -0.327365  0.193889  0.915797
   54.9123 -0.0198479 -0.0209478  -0.113778 -0.329563  0.186443  0.922023
   54.9184 -0.0432838 -0.0225457  -0.108984 -0.337131  0.181926  0.926295
   54.9224 -0.0699154 -0.0209478  -0.109517 -0.343845  0.184002  0.926906
   54.9282 -0.0896228 -0.0156215  -0.116441 -0.343235  0.189495  0.922877
   54.9328  -0.0912207 -0.00869724   -0.120702 -0.338352  0.192424   0.91775
   54.9382  -0.0842964 0.000357511   -0.125496 -0.333591  0.191082  0.917018
   54.9423 -0.0773722  0.0104775  -0.131887 -0.333103  0.186931   0.92361
   54.9482 -0.0715133  0.0189996  -0.136148 -0.339328  0.183391  0.935939
   54.9525 -0.0699154   0.024326  -0.138811 -0.347873  0.182293  0.946071
   54.9582 -0.0725785  0.0253912  -0.138811 -0.353366    0.1851  0.948634
   54.9625 -0.0715133  0.0179344  -0.139877 -0.352146  0.190105  0.943507
   54.9682  -0.070448 0.00248804  -0.147866 -0.345676  0.193645   0.93423
   54.9726 -0.0688501 -0.0161541  -0.157986 -0.337619  0.193157  0.930324
    54.978 -0.0608606 -0.0374594  -0.161182 -0.331638  0.186077  0.933986
   54.9824 -0.0619259 -0.0561015  -0.168106 -0.330539  0.175945  0.939113
   54.9882 -0.0789701 -0.0768742  -0.187814 -0.318454  0.162151  0.939357
   54.9924 -0.0981449 -0.0965816   -0.21338 -0.326267  0.162029   0.93484
   54.9981  -0.113591 -0.0933858  -0.228294 -0.355442  0.174968  0.923732
   55.0024  -0.121048 -0.0720805  -0.228294 -0.361057  0.180706  0.914699
   55.0082  -0.115189 -0.0545036  -0.226696 -0.349704  0.183269  0.920436
   55.0124 -0.0992101 -0.0491773  -0.228826 -0.337497   0.18034  0.932277
   55.0181 -0.0811006 -0.0502426  -0.231489 -0.338962  0.173504  0.941066
   55.0223 -0.0699154 -0.0497099  -0.227228 -0.356052  0.170086  0.943385
   55.0282 -0.0651217 -0.0449162  -0.206456 -0.381321  0.173748  0.936671
   55.0324 -0.0715133 -0.0390573  -0.170769 -0.396701  0.183147  0.923976
   55.0382 -0.0826985 -0.0390573  -0.127094 -0.395969   0.19218  0.916408
   55.0427 -0.0816333  -0.043851 -0.0791567 -0.386692  0.191326  0.918849
   55.0483 -0.0789701 -0.0497099 -0.0402745 -0.371921  0.177776  0.925075
   55.0523  -0.0837638  -0.0534383 -0.00884921 -0.359714  0.160442  0.931178
   55.0582 -0.0944164 -0.0486447  0.0177824 -0.357273  0.151531  0.935084
   55.0626  -0.103471 -0.0353288   0.040153 -0.359958  0.154339  0.935573
   55.0682  -0.104536 -0.0193499  0.0614582 -0.357395  0.161297  0.933375
   55.0725  -0.0949491 -0.00763197   0.0742414 -0.346286   0.16679  0.930568
   55.0783  -0.0731112 -0.00603408   0.0832962 -0.332248  0.167766  0.931789
   55.0824 -0.0448816 -0.0113604  0.0918183 -0.324192  0.164959  0.938136
   55.0882   -0.01825 -0.0188172  0.0971446 -0.326877  0.162517  0.945705
   55.0924 -0.000673173   -0.0268067     0.101938 -0.333835  0.162029  0.949977
   55.0982 0.00891421 -0.0342636    0.10833 -0.336399  0.162517  0.947414
   55.1025 0.00997947 -0.0433183   0.115254 -0.331882  0.161541  0.938991
   55.1082 0.00412052 -0.0545036   0.117385 -0.322605  0.158611  0.931056
   55.1124 0.00145736 -0.0635584   0.119515 -0.314792  0.155925  0.928859
   55.1182 0.00678368 -0.0688847   0.128037 -0.311863  0.154461  0.932765
   55.1224  0.0105121 -0.0688847   0.136027 -0.315036  0.154705  0.938624
   55.1282 0.00731631 -0.0624931   0.142951 -0.321384   0.15678  0.941188
   55.1323 0.00145736  -0.053971   0.151473 -0.324436   0.16093  0.937282
   55.1383 -0.00227107  -0.0465141    0.153604 -0.321994   0.16679  0.928004
   55.1422 -0.00173844  -0.0395899    0.153071 -0.315891  0.169841  0.918117
   55.1482 0.000924723  -0.0326657    0.155202 -0.309665  0.167766  0.913234
   55.1523 -0.000140541   -0.0252088     0.156799 -0.30759 0.163738 0.916408
   55.1582 -0.00493423  -0.0172194    0.166387 -0.311374  0.160686  0.926295
   55.1624 -0.0107932 -0.0108278    0.17917 -0.319065  0.161174  0.935817
   55.1683  -0.0209132 -0.00603408    0.187692 -0.327854  0.166301  0.937526
   55.1726     -0.02837 -0.000707753     0.197279 -0.331638  0.173015  0.930812
   55.1782 -0.0310332 0.00408594   0.205802 -0.326389  0.177288  0.919948
   55.1825 -0.0336964  0.0051512   0.210063 -0.316745  0.178142  0.914332
   55.1879 -0.0331637 0.00195541   0.214324 -0.307224  0.176189  0.919704
   55.1925  -0.0315658 -0.00603408    0.215922 -0.302463  0.176311  0.933131
   55.1982 -0.0331637 -0.0166867   0.210063 -0.303928  0.178997  0.946559
   55.2024 -0.0294353 -0.0284046   0.204204 -0.305393  0.181438  0.950465
   55.2082 -0.0225111 -0.0411878   0.192486 -0.303196   0.18449  0.945216
   55.2126 -0.0187827 -0.0529057   0.175974 -0.298435   0.18742  0.936427
   55.2182 -0.0113258 -0.0624931   0.168517 -0.295505  0.187664  0.930568
   55.2224 -0.0059995 -0.0694173   0.163191 -0.29758 0.185344 0.933375
   55.2282 -0.0044016 -0.0726131   0.162126 -0.302951  0.182171  0.941432
   55.2324 -0.00546686  -0.0720805    0.165854 -0.309665  0.180217  0.945705
   55.2382 -0.0123911 -0.0678194   0.165854 -0.313938  0.181194  0.941676
   55.2424 -0.0214458 -0.0619605   0.163191 -0.313694  0.183757  0.930568
   55.2482 -0.0289027 -0.0566341   0.162658 -0.310886  0.185466  0.918605
   55.2523 -0.0384901 -0.0523731   0.160528 -0.306736  0.182781  0.913844
   55.2582 -0.0550017 -0.0491773   0.156799 -0.304294  0.175823   0.91775
   55.2624 -0.0725785 -0.0486447   0.162658 -0.307834   0.17094  0.927028
   55.2682 -0.0928186 -0.0497099   0.172246 -0.316623  0.172527  0.935084
   55.2726  -0.110395 -0.0470468   0.186094 -0.325779  0.179363  0.935939
    55.278 -0.118918 -0.043851  0.202606 -0.329563  0.186809  0.928737
   55.2825  -0.120515 -0.0411878   0.214856 -0.324192  0.190838  0.917995
   55.2882  -0.122646 -0.0395899   0.220715 -0.314182  0.189861  0.912013
   55.2923  -0.125309 -0.0427857   0.222846 -0.307224  0.184124  0.913722
   55.2982   -0.12744 -0.0470468   0.226042 -0.307712  0.179119  0.918849
   55.3025  -0.136494 -0.0475794   0.226042 -0.314548  0.178142  0.922877
   55.3082  -0.147147 -0.0443836   0.224976 -0.32053 0.179729 0.921046
   55.3125 -0.155137 -0.037992  0.227639 -0.321872  0.182293  0.912379
   55.3182  -0.167387 -0.0294699   0.231901 -0.321506  0.181438  0.901637
   55.3225  -0.191888 -0.0209478   0.237227 -0.322361  0.178264  0.894923
   55.3283  -0.223313 -0.0140236   0.253738 -0.32407 0.175823 0.899074
   55.3327    -0.26113 -0.00869724    0.272913 -0.326511  0.171673  0.911403
   55.3382   -0.296817 -0.00550144    0.292088 -0.330783  0.169841   0.92129
   55.3428   -0.323448 -0.00337091    0.317122  -0.3353 0.172527 0.922511
   55.3481   -0.347949 0.000890144    0.336296 -0.335788  0.176922  0.914821
   55.3524  -0.363928 0.00568383   0.352808 -0.330173  0.181438  0.905421
   55.3582  -0.369787 0.00781436    0.36932 -0.320041  0.182659   0.90713
   55.3624  -0.366059 0.00568383   0.382635 -0.312839  0.182659  0.924342
   55.3682   -0.353808 -0.00283828    0.395951 -0.311374  0.183391  0.949855
   55.3727  -0.330373 -0.0193499    0.41193 -0.312961  0.182659  0.969142
   55.3782  -0.310133 -0.0385246    0.41992 -0.316379  0.181072  0.969997
   55.3825  -0.306404 -0.0550362   0.418854 -0.317234  0.178508  0.956569
   55.3883  -0.305339 -0.0688847   0.420985 -0.311496  0.174602  0.940822
   55.3924 -0.306404  -0.08007  0.420452 -0.301365  0.170452  0.934474
   55.3983  -0.305871 -0.0875268   0.416191 -0.294162  0.165081  0.941066
   55.4024 -0.294154  -0.09019   0.41193 -0.292453  0.160076  0.953517
   55.4082  -0.275511 -0.0896573   0.402875 -0.29282 0.157268 0.964137
   55.4126  -0.251543 -0.0864615    0.38956 -0.290866  0.158123  0.968776
   55.4182 -0.223313  -0.08007  0.369852 -0.287448  0.161419  0.966456
   55.4226  -0.191888 -0.0720805   0.345884 -0.284153  0.162395  0.960109
   55.4282  -0.174844 -0.0678194   0.334699 -0.282199  0.162029  0.956691
   55.4323  -0.143419 -0.0545036   0.315524 -0.28635 0.158489 0.959987
   55.4382  -0.111993 -0.0411878   0.296349  -0.2905 0.154949 0.963283
   55.4423  -0.101873 -0.0241436   0.294751 -0.303684  0.154705  0.966823
   55.4482   -0.0944165 -0.000707753     0.296882 -0.31821 0.153728 0.964503
   55.4526  -0.104004 0.00994489   0.308067  -0.3176 0.153118 0.950343
   55.4581 -0.110928 0.0142059  0.315524 -0.315647   0.15324  0.942042
   55.4624 -0.147147 0.0163365  0.321383 -0.308811  0.148235  0.931666
   55.4683 -0.200943 0.0168691  0.334166 -0.301365  0.139568  0.923854
   55.4726 -0.241423  0.018467  0.346416 -0.305271  0.136028  0.930934
   55.4781 -0.274979  0.024326  0.364526 -0.309787   0.13615  0.935451
   55.4825  -0.30161 0.0312502  0.389027 -0.322727  0.141521  0.933742
   55.4883 -0.317589 0.0355112  0.400745 -0.335666  0.146892  0.932033
   55.4925 -0.343156  0.044566  0.425779 -0.334812  0.149334  0.918239
   55.4982 -0.368722 0.0536207  0.450812 -0.333957  0.151775  0.904445
   55.5023 -0.396952 0.0525555  0.471585 -0.326511  0.144695  0.907619
   55.5082 -0.425181 0.0514902  0.492358 -0.319065  0.137615  0.910792
   55.5123 -0.438497 0.0403049  0.509935 -0.317722  0.138591  0.923366
   55.5182 -0.451813 0.0227281  0.530707 -0.316135  0.142254  0.936793
   55.5227  -0.439562 0.00887963   0.534968 -0.313327  0.148113  0.934596
   55.5282  -0.427312 0.00142278   0.536034 -0.310764  0.151287  0.931544
   55.5324  -0.402811 -0.0150888   0.518457 -0.299778  0.147503  0.929713
   55.5382  -0.378309 -0.0316004    0.50088 -0.288791  0.143718  0.927882
   55.5422 -0.343688 -0.053971  0.483303 -0.286472  0.138958  0.942775
    55.548  -0.309067 -0.0763415   0.465726 -0.284153  0.134197  0.957667
   55.5523  -0.262196 -0.0976468   0.438562 -0.287571    0.1403  0.964137
   55.5582 -0.215324 -0.118952  0.411398 -0.290989  0.146404  0.970607
   55.5624 -0.155137 -0.135464  0.376777 -0.286716  0.148845  0.958888
   55.5683 -0.0949491  -0.151975   0.342155 -0.282444  0.151287  0.947169
   55.5726 -0.0491427  -0.164226   0.308067 -0.276584  0.144207  0.944972
    55.578 -0.00333633   -0.176476    0.273979 -0.270725  0.137127  0.942775
   55.5824 0.0254258  -0.17914  0.253739 -0.280124   0.13261  0.947169
   55.5882 0.0541879 -0.181803  0.233498 -0.289524  0.128093  0.951564
   55.5925 0.0589816 -0.177542  0.218585 -0.293918  0.130657  0.940089
   55.5981 0.0637753 -0.173281  0.203671 -0.298313   0.13322  0.928615
   55.6024 0.0589816 -0.171683  0.201008 -0.297092  0.132854  0.919948
   55.6082 0.0541879 -0.170085  0.198345 -0.295871  0.132488  0.911281
   55.6126 0.0419374 -0.170617  0.202606 -0.295627  0.127971  0.919704
   55.6181 0.0296869  -0.17115  0.206867 -0.295383  0.123455  0.928126
   55.6224 0.0147732 -0.168487  0.207932 -0.299533  0.126507  0.928615
   55.6282 -0.00014054   -0.165824    0.208997 -0.303684  0.129558  0.929103
   55.6325 0.000924724   -0.158367    0.213791 -0.299289  0.135174  0.924464
   55.6382 0.00198999   -0.15091   0.218585 -0.294895  0.140789  0.919826
   55.6423 0.0158384 -0.148247  0.222846 -0.288669  0.140178  0.931056
   55.6482 0.0296869 -0.145584  0.227107 -0.282444  0.139568  0.942287
   55.6526 0.0414048 -0.145051  0.224444 -0.286716  0.139446  0.951808
    55.659 0.0531227 -0.144518  0.221781 -0.290989  0.139324   0.96133
   55.6625 0.0536553  -0.14079  0.216454 -0.291355  0.144451  0.950343
   55.6682 0.0541879 -0.137062  0.211128 -0.291721  0.149578  0.939357
   55.6725 0.0509922 -0.133333  0.208997 -0.286594  0.147991  0.931544
   55.6781 0.0477964 -0.129605  0.206867 -0.281467  0.146404  0.923732
   55.6824 0.0302195 -0.129072  0.202606 -0.282322  0.143596  0.934596
   55.6883 0.0126426 -0.128539  0.198345 -0.283176  0.140789   0.94546
   55.6924 -0.00759739   -0.126409    0.195149 -0.292575  0.145061  0.949367
   55.6983 -0.0278374  -0.124278   0.191953 -0.301975  0.149334  0.953273
   55.7025 -0.0358269  -0.120017   0.195149 -0.299411  0.153972  0.945705
   55.7081 -0.0438164  -0.115756   0.198345 -0.296848  0.158611  0.938136
   55.7124 -0.044349 -0.115224  0.196747 -0.28928 0.155559 0.944118
   55.7193 -0.0448816  -0.114691   0.195149 -0.281711  0.152507  0.950099
   55.7223 -0.0395553  -0.114158    0.18929 -0.280368  0.149212  0.957789
   55.7282 -0.034229 -0.113626  0.183431 -0.279026  0.145916   0.96548
   55.7326 -0.0225111  -0.108832   0.173844 -0.282077  0.153362  0.960475
   55.7382 -0.0107932  -0.104038   0.164256 -0.285129  0.160808   0.95547
   55.7427 0.00678368 -0.0960489   0.157865 -0.280979  0.161419  0.949733
   55.7482  0.0243605 -0.0880594   0.151473 -0.276828  0.162029  0.943996
   55.7526    0.02223 -0.0768742   0.156267 -0.278293   0.15617  0.950954
   55.7582  0.0200995 -0.0656889    0.16106 -0.279758   0.15031  0.957912
   55.7626 0.00198999 -0.0545036   0.163191 -0.284397  0.152996  0.956325
   55.7683 -0.0161195 -0.0433183   0.165322 -0.289035  0.155681  0.954738
   55.7726 -0.0299679 -0.0342636   0.170115 -0.283298  0.160076  0.943385
    55.778 -0.0438164 -0.0252088   0.174909 -0.277561   0.16447  0.932033
   55.7824  -0.060328 -0.0193499   0.166919 -0.270115   0.16032  0.934962
   55.7882 -0.0768396 -0.0134909    0.15893 -0.262668   0.15617  0.937892
   55.7924 -0.0880249 -0.0102951   0.156267 -0.265598  0.155193  0.947414
   55.7982  -0.0992101 -0.00709934    0.153604 -0.268528  0.154216  0.956935
   55.8025  -0.0992101 -0.00230565    0.144549 -0.271457  0.160686  0.951808
   55.8083 -0.0992101 0.00248804   0.135494 -0.274387  0.167156  0.946681
   55.8124 -0.0954817 0.00461857   0.125907 -0.271579  0.169597  0.942409
   55.8182 -0.0917533  0.0067491   0.116319 -0.268772  0.172039  0.938136
   55.8227 -0.0842964 0.00195541   0.112058 -0.268161  0.168255  0.949122
   55.8282  -0.0768396 -0.00283828    0.107797 -0.267551   0.16447  0.960109
   55.8323 -0.0667196 -0.0097625   0.108863 -0.270359  0.166179  0.961085
   55.8382 -0.0565996 -0.0166867   0.109928 -0.273166  0.167888  0.962062
    55.843 -0.0550017  -0.017752   0.101406 -0.273166  0.170452  0.948634
   55.8483 -0.0534038 -0.0188172  0.0928835 -0.273166  0.173015  0.935206
   55.8523 -0.0475448 -0.0225457  0.0982099 -0.268406  0.169231  0.942042
   55.8582 -0.0416859 -0.0262741   0.103536 -0.263645  0.165447  0.948878
   55.8627  -0.040088 -0.0284046   0.110993 -0.267917  0.163494  0.958766
   55.8682 -0.0384901 -0.0305352    0.11845 -0.27219 0.161541 0.968654
   55.8726 -0.0422185 -0.0268067   0.118983 -0.275119  0.168377  0.963649
   55.8783 -0.0459469 -0.0230783   0.119515 -0.278049  0.175213  0.958644
   55.8824 -0.0305006 -0.0257415   0.116319 -0.274509   0.17802  0.955714
   55.8883 -0.0150542 -0.0284046   0.113124 -0.266086  0.179851  0.952052
   55.8924 -0.0012058 -0.0316004   0.102471 -0.258762   0.17387  0.957179
   55.8982  0.0126426 -0.0347962  0.0918183 -0.256321  0.168865  0.963039
   55.9024  0.0185016 -0.0310678  0.0816983 -0.264499  0.170086  0.959621
   55.9082  0.0243605 -0.0273394  0.0715782 -0.272678  0.171306  0.956203
   55.9125  0.0169037 -0.0198825  0.0619909 -0.274875  0.177898  0.948268
   55.9182 0.00944684 -0.0124257  0.0524035 -0.277073   0.18449  0.940333
   55.9223  0.0115774 -0.0145562  0.0555993 -0.270725  0.178508  0.945094
   55.9297  0.0137079 -0.0166867  0.0587951 -0.264377  0.172527  0.949855
   55.9326 0.00252262  -0.022013  0.0524035 -0.266819  0.169353  0.956813
   55.9382 -0.00866266  -0.0273394   0.0460119 -0.26926 0.166179 0.963771
   55.9426 -0.00972792  -0.0300025   0.0369572 -0.271213  0.168987  0.962062
   55.9482 -0.0107932 -0.0326657  0.0279024 -0.274509  0.175335  0.955836
   55.9524 0.00412052 -0.0347962  0.0247066 -0.27341  0.18095 0.947047
   55.9582  0.0190342 -0.0369267  0.0215108 -0.267063  0.180462  0.942164
   55.9625 0.0227626 -0.037992 0.0167171 -0.261081  0.173748  0.944972
   55.9683  0.0264911 -0.0390573  0.0119234 -0.260959  0.166668  0.954372
   55.9727  0.0259584 -0.0390573 0.00979291 -0.266452  0.163616  0.964503
   55.9781  0.0254258 -0.0374594 0.00819502 -0.274021  0.166057  0.967311
   55.9825  0.0211648 -0.0331983 0.00712975 -0.278537  0.171428  0.961452
   55.9883  0.0200995  -0.027872 0.00286869 -0.277073  0.176067  0.950831
   55.9924  0.0270237 -0.0236109 0.00180343 -0.273532  0.177654  0.942653
   55.9982     0.02223  -0.0198825 -0.00139236 -0.271213  0.174358  0.943019
   56.0025  0.00838157   -0.017752 -0.00565342 -0.271823  0.168743  0.950343
   56.0082  0.000924723    -0.017752 -0.000859734 -0.275608  0.165447  0.960109
   56.0125 -0.00759739  -0.0156215  0.00233606 -0.27927 0.166912  0.96548
   56.0184 -0.0129237 -0.0102951 0.00553185 -0.280857  0.172039  0.963161
   56.0224 -0.00493423 -0.00603408   0.0119234 -0.278293  0.175701   0.95608
   56.0282  0.00145736 -0.00337091   0.0124561 -0.270603   0.17448  0.950587
   56.0324  0.00252262 -0.00230565   0.0119234 -0.262668  0.168499  0.953029
   56.0382  0.00678368 -0.00603408   0.0124561 -0.25925 0.161785 0.961574
   56.0422 0.00838158 -0.0102951  0.0113908 -0.262912  0.160442  0.969874
   56.0482 0.00678368 -0.0108278 0.00979291 -0.270725  0.164959  0.971461
   56.0523  0.0105121 -0.0108278 0.00872765 -0.274509  0.171062  0.963649
   56.0582   0.017969 -0.0113604 0.00286869 -0.271579   0.17448  0.951564
   56.0625   0.0227626  -0.0124257 -0.00299026 -0.265354  0.173015  0.943996
   56.0683   0.0270237  -0.0145562 -0.00458816 -0.261325  0.168621  0.945827
   56.0726   0.0312848   -0.017752 -0.00565342 -0.263645  0.164959  0.956569
   56.0783   0.0307521  -0.0198825 -0.00458816 -0.271091  0.164348  0.967799
   56.0825   0.0286216  -0.0166867 -0.00458816 -0.278782  0.166912  0.968165
   56.0883     0.028089  -0.00922987 -0.000859734 -0.283176   0.17094  0.957912
   56.0924   0.0243605 -0.00230565  0.00446659 -0.281955  0.173992  0.943873
   56.0983  0.0174363 0.00195541 0.00553185 -0.275119  0.173259  0.935084
   56.1025 0.00731631  0.0035533 0.00553185 -0.267063  0.168255  0.937404
   56.1083 -0.0028037 0.00248804 0.00606449 -0.264377   0.16447  0.947047
   56.1125 -0.00653213 0.000890144  0.00712975 -0.268772  0.164837  0.956325
   56.1182 -0.00919529  0.00195541  0.00499922 -0.274753  0.168621  0.958278
   56.1224 -0.00813002  0.00621647  0.00393396 -0.277073  0.174724  0.952296
   56.1283 -0.00333633   0.0115428  0.00393396 -0.27341 0.177776 0.943629
   56.1323 -0.0012058  0.0163365  0.0012708 -0.266574  0.175579  0.937892
   56.1382 0.000392091   0.0174017  0.00233606 -0.262912  0.171062  0.940333
   56.1422 0.000392091   0.0147386  0.00286869 -0.264133   0.16679  0.949122
    56.148 -0.00173844   0.0126081  0.00499922 -0.266941  0.164592  0.954982
   56.1523 -0.00919529   0.0110102  0.00819502 -0.270237  0.165935  0.952052
   56.1582 -0.0161195   0.008347 0.00819502 -0.271213  0.169964  0.940944
   56.1627 -0.0203806 0.00568383 0.00340132 -0.267185   0.17387  0.928126
   56.1683  -0.0203806 -0.00017512 -0.00299026 -0.260105  0.175945  0.923122
   56.1726  -0.0150542 -0.00763197 -0.00671869 -0.253757  0.175091  0.928615
   56.1782 -0.0123911 -0.0145562 -0.0125776 -0.25217 0.172771   0.9407
   56.1824 -0.0044016 -0.0246762 -0.0147082 -0.255344  0.172161  0.952296
   56.1882 0.00571841 -0.0347962 -0.0205671 -0.261203  0.175579  0.955714
   56.1925  0.0131753 -0.0433183 -0.0306871 -0.265354  0.181072  0.950099
    56.198  0.0275563 -0.0529057 -0.0365461 -0.263401  0.184978  0.938136
   56.2024    0.04247  -0.064091 -0.0450682 -0.259006  0.186931  0.929225
   56.2082  0.0552532 -0.0736784 -0.0514598 -0.255954  0.185344  0.930568
   56.2126  0.0648406 -0.0795373 -0.0525251 -0.25449  0.18156 0.936549
   56.2184  0.0653732  -0.084331 -0.0562535 -0.256076  0.179485  0.942531
   56.2225  0.0632427 -0.0880594 -0.0599819 -0.258518  0.181926  0.943629
   56.2282  0.0616448 -0.0891247 -0.0658409 -0.257785   0.18864  0.937404
   56.2326  0.0589816 -0.0912552  -0.078624 -0.252658  0.195598  0.929591
   56.2382  0.0520574 -0.0949837 -0.0940704 -0.244846  0.198406  0.924708
   56.2424  0.0408721 -0.0987121  -0.108984 -0.240451  0.197185  0.927028
   56.2482 0.0206321 -0.100843 -0.124963 -0.23862 0.192669 0.936305
   56.2524 -0.00706476   -0.101375   -0.142007 -0.237278  0.185955  0.943996
   56.2582 -0.0374248  -0.102441  -0.161715 -0.241916  0.184246  0.943751
   56.2624 -0.0672522  -0.102441   -0.18302 -0.247165  0.188884  0.936793
   56.2683 -0.0890901  -0.101908  -0.197401 -0.245823   0.19511  0.927882
   56.2725 -0.101341 -0.103506 -0.208586 -0.240329  0.198162  0.923366
   56.2782 -0.104536 -0.105636 -0.218706 -0.235813    0.1945  0.927516
   56.2825 -0.107732 -0.106169 -0.230957 -0.23447 0.186809 0.938747
   56.2883 -0.111461 -0.105104 -0.248534 -0.235202  0.179241  0.947291
   56.2925 -0.123179 -0.101375 -0.271437 -0.236789  0.177654  0.946193
   56.2983 -0.143419 -0.094451 -0.298069 -0.238742  0.183635  0.939113
   56.3024  -0.155137 -0.0837984  -0.322037 -0.239597  0.188762  0.928859
   56.3083  -0.161528 -0.0694173  -0.346538 -0.237278  0.186565  0.920436
   56.3125  -0.164724 -0.0534383  -0.371039 -0.233249  0.176677   0.92129
   56.3186  -0.162593 -0.0385246  -0.392877 -0.231174  0.165569  0.931422
   56.3226  -0.164191 -0.0268067  -0.419509 -0.231662  0.159099  0.945216
   56.3283  -0.156202 -0.0204151   -0.44401 -0.233371  0.159221   0.95486
   56.3323   -0.13756 -0.0161541  -0.470109 -0.235324  0.165203  0.955592
   56.3382  -0.111461 -0.0124257  -0.503132 -0.233371   0.17094  0.952174
   56.3428 -0.0741764 -0.0102951  -0.534557 -0.227756  0.172405   0.95193
   56.3482  -0.0358269 -0.00709934   -0.570244 -0.223484  0.167644  0.957423
   56.3527 -0.00386897 -0.00230565   -0.609126 -0.224094  0.157268   0.96548
   56.3582  0.0185016 0.00568383  -0.648541 -0.228489  0.145305  0.969752
   56.3624 0.0398069 0.0179344 -0.691684 -0.232517   0.13615  0.965358
   56.3683 0.0557858 0.0365765 -0.742816 -0.233127  0.130657  0.948756
   56.3727 0.0659059 0.0658713 -0.797145 -0.232151  0.128704  0.924586
   56.3783 0.0717648 0.0994271 -0.842419 -0.229709  0.130291  0.907008
   56.3827 0.0691016  0.127124 -0.879703 -0.227024  0.132244  0.904567
    56.388   0.05259  0.145766 -0.916455 -0.226413   0.12907  0.913234
   56.3925 0.0169037  0.138309 -0.971316 -0.177951 0.0973317  0.915309
   56.3982 -0.0565996  0.0898397   -1.08423 -0.130344  0.054485   0.90005
   56.4024 -0.182833 0.0514902   -1.2371 -0.142063 0.0298268   0.85464
   56.4082 -0.344754 0.0568165  -1.37079 -0.187351 0.0345876  0.809108
   56.4124 -0.494423  0.104753  -1.42565 -0.277805 0.0803639  0.814357
   56.4182 -0.576981  0.195301   -1.3905 -0.338108  0.129802  0.859401
   56.4225 -0.582308  0.284251   -1.3351 -0.326877  0.148601   0.91299
   56.4282 -0.547686  0.339644  -1.30315 -0.31467 0.141643 0.953517
   56.4326 -0.50188 0.370004 -1.27971 -0.324558  0.129924  0.974757
   56.4382 -0.452345  0.384918  -1.24615 -0.328098  0.122112  0.978664
   56.4427 -0.417724  0.384918  -1.22005 -0.311985   0.11137  0.969874
   56.4482 -0.404408  0.374798  -1.21526 -0.289524 0.0963552  0.959865
   56.4528 -0.399615  0.358819  -1.21473 -0.281589 0.0792653  0.957545
   56.4582 -0.405474  0.347101  -1.21686 -0.291843 0.0633962  0.959743
   56.4625 -0.417192  0.344971  -1.21473 -0.309177  0.057903   0.96487
   56.4683 -0.424648  0.349232  -1.19342 -0.325046 0.0625417  0.964625
   56.4728 -0.441693  0.357754  -1.16679 -0.336887 0.0712087  0.952785
    56.478 -0.470455  0.360417   -1.1359 -0.332981 0.0820729  0.944972
   56.4825 -0.499217  0.341242  -1.10607 -0.311985 0.0845143   0.95132
   56.4883 -0.521055  0.298632  -1.09808 -0.285251 0.0745046  0.972194
   56.4924 -0.531708   0.24164  -1.11513 -0.264988 0.0548513  0.994899
   56.4983 -0.532773  0.181985  -1.14815 -0.258152 0.0308034   1.00076
   56.5025 -0.539164  0.134048  -1.19129 -0.261814 0.0172536  0.989528
   56.5081 -0.554078  0.101558  -1.22964 -0.274265 0.0173757  0.971828
   56.5125 -0.566329 0.0802523  -1.25308 -0.287448 0.0245778  0.958522
   56.5183 -0.567394 0.0584144  -1.27279 -0.298313 0.0339772  0.958034
   56.5224 -0.534371 0.0216628  -1.28663 -0.301365   0.03532  0.973537
   56.5283  -0.491227 -0.0401225    -1.2845 -0.305637 0.0339772  0.991725
   56.5326 -0.461933 -0.108299  -1.24775 -0.334079 0.0503347  0.998195
   56.5383 -0.434768 -0.149845  -1.17425 -0.371921 0.0737722  0.994777
   56.5423 -0.401745 -0.166356  -1.09222 -0.388279 0.0826833  0.990016
   56.5482 -0.354341 -0.174346  -1.01606 -0.380588 0.0764577  0.987208
   56.5524 -0.304274 -0.174346 -0.959598  -0.36008 0.0593679  0.981105
   56.5582 -0.255804 -0.165291 -0.930303 -0.335178 0.0355641  0.970729
   56.5637 -0.217987 -0.151443 -0.914324 -0.315647 0.0113942  0.960109
   56.5683 -0.215324 -0.133333 -0.912726   -0.305637 -0.00606183    0.951198
   56.5724 -0.245151 -0.113093 -0.925509  -0.303684 -0.0142405   0.941188
   56.5782   -0.27924 -0.0987121  -0.932966   -0.305149 -0.00972394    0.930568
   56.5825  -0.314926 -0.0965816  -0.938825  -0.302097 0.00541278   0.926539
   56.5883 -0.344754 -0.111495 -0.943619 -0.296238 0.0178639  0.934474
   56.5925 -0.354874 -0.142921 -0.936695 -0.290256 0.0190847  0.950465
   56.5983 -0.363928 -0.182335 -0.932966 -0.287448  0.011028  0.967555
   56.6025 -0.374048 -0.221217 -0.930303   -0.293186 4.16832e-05    0.981105
   56.6082 -0.381505 -0.243588 -0.919118   -0.304416 -0.00935773    0.984889
   56.6125 -0.393223 -0.240392 -0.905269  -0.315158 -0.0170482   0.976222
   56.6183 -0.406006 -0.210565 -0.883964  -0.322239 -0.0247386   0.957545
   56.6224 -0.425181 -0.159432 -0.854137  -0.322116 -0.0347484   0.937526
   56.6282  -0.464063 -0.0992447  -0.827505  -0.313449 -0.0515941   0.925075
   56.6329  -0.518924 -0.0433183  -0.807798    -0.2999 -0.0684398   0.919093
   56.6379   -0.582308 -0.00869724   -0.794482  -0.285862 -0.0752757   0.915553
   56.6424   -0.660072 -0.00124039   -0.797678   -0.27634 -0.0721019   0.912868
   56.6482  -0.735706 -0.0166867  -0.809928  -0.279026 -0.0603831   0.910182
   56.6524  -0.792697 -0.0443836  -0.810993  -0.291477 -0.0467112   0.910426
   56.6582  -0.839036 -0.0758089  -0.803537  -0.303073 -0.0396312   0.916041
   56.6627 -0.880049 -0.109365  -0.78596  -0.312717 -0.0391429   0.925197
   56.6683 -0.921062 -0.137062 -0.752936  -0.322116 -0.0482982   0.932521
   56.6725 -0.968466 -0.149312 -0.722044  -0.324314 -0.0656321   0.940578
   56.6783  -1.00522 -0.144518 -0.697543  -0.322605 -0.0778392   0.945827
   56.6824  -1.02013 -0.124278 -0.679433  -0.319919 -0.0805247   0.939113
   56.6883  -1.02706 -0.101375 -0.677835  -0.300998 -0.0816234   0.929103
   56.6925   -1.02919 -0.0869942  -0.681031  -0.287815 -0.0910228   0.914088
   56.6981   -1.02865 -0.0806026  -0.679433 -0.286594 -0.101643   0.91067
   56.7025   -1.03291 -0.0827331  -0.678368 -0.288547 -0.106404  0.927638
   56.7083  -1.02759  -0.09019 -0.664519 -0.300632 -0.108723  0.949611
   56.7125   -1.00522 -0.0971142  -0.633627 -0.313572 -0.109944  0.969142
   56.7181  -0.973792 -0.0939184  -0.592614 -0.323581 -0.112873  0.974757
   56.7225   -0.93491 -0.0736784  -0.543079 -0.325412 -0.120076   0.96609
   56.7282   -0.90242 -0.0374594  -0.501534 -0.325534 -0.131672  0.953151
   56.7329  -0.885908 0.00728173  -0.470641 -0.326633 -0.145466  0.952418
   56.7385 -0.867798 0.0466965 -0.431227 -0.325657 -0.157063  0.963527
   56.7425 -0.845428 0.0738608 -0.383822 -0.328586 -0.157551  0.974391
   56.7482 -0.825721 0.0914376 -0.337483 -0.330417 -0.148518  0.978786
   56.7523 -0.800154 0.0994271 -0.293275 -0.324558 -0.144612  0.972072
   56.7582 -0.774588 0.0983618 -0.267176 -0.310276 -0.148152  0.957667
   56.7626 -0.757011 0.0887745 -0.261317 -0.291599 -0.154988  0.944362
   56.7683 -0.745293 0.0759913 -0.258121 -0.277805 -0.168049   0.93716
   56.7728 -0.741032 0.0674692 -0.261317 -0.273044 -0.183308  0.939845
    56.778 -0.742097 0.0642734 -0.267708 -0.280124 -0.191487  0.946803
   56.7825 -0.739434 0.0642734 -0.264513 -0.283908 -0.190022  0.952663
   56.7881 -0.718661 0.0477618   -0.2741 -0.274875 -0.185383  0.954249
   56.7925 -0.716531 0.0291197 -0.283155 -0.288547 -0.200032  0.913356
   56.7984 -0.767131 0.0296523 -0.256523 -0.303806 -0.222248  0.876857
   56.8025 -0.826786 0.0259239 -0.216043 -0.297458 -0.229084  0.891505
   56.8082 -0.867798 0.0131407 -0.167574 -0.306125 -0.225422  0.910792
   56.8125  -0.885375 0.00142278  -0.101527 -0.317844 -0.212361  0.935695
   56.8184  -0.875788 -0.0113604 -0.0519924 -0.313572 -0.204792   0.95547
   56.8225  -0.852885 -0.0257415  -0.032285 -0.304172 -0.209797     0.949
   56.8283  -0.831047 -0.0449162 -0.0397419 -0.276462 -0.216755  0.943141
   56.8322  -0.800154 -0.0822005  -0.100995 -0.233982 -0.220173  0.945949
   56.8382 -0.786306 -0.121083 -0.189412 -0.220554 -0.238484  0.922145
   56.8424 -0.822525 -0.138127 -0.259186 -0.232273 -0.262654  0.906398
   56.8483 -0.870462 -0.143453  -0.31245 -0.247776 -0.265217  0.932399
   56.8527 -0.874723 -0.151443 -0.357723 -0.258152 -0.244465  0.965724
   56.8583 -0.834243 -0.161563 -0.394475 -0.261692 -0.217366  0.974391
   56.8626 -0.780447 -0.163693 -0.424835  -0.25803 -0.204548  0.964992
   56.8683 -0.720259 -0.156236 -0.459456 -0.255466 -0.213337  0.953273
   56.8728 -0.667529 -0.137594 -0.491947 -0.263279 -0.229451  0.948512
    56.878 -0.627581 -0.113626 -0.520176 -0.264499 -0.235554  0.959254
   56.8825  -0.593493 -0.0955163  -0.544145  -0.26218 -0.239949   0.96609
   56.8883 -0.575916 -0.084331 -0.559591 -0.262668 -0.250935  0.960353
   56.8924  -0.581242 -0.0837984  -0.581429 -0.256443 -0.263264  0.949489
   56.8983  -0.586569 -0.0981795  -0.609658 -0.248752 -0.263752  0.944972
   56.9025 -0.567394 -0.125876 -0.629898 -0.248996  -0.25362  0.953883
   56.9083 -0.518924 -0.162095 -0.644812 -0.256565 -0.240803  0.973903
   56.9125 -0.435301 -0.200445 -0.639486 -0.280368 -0.229573   0.99026
   56.9182  -0.33197 -0.229207 -0.591549 -0.317966 -0.225544  0.993678
   56.9223 -0.255804 -0.239327 -0.518046 -0.343357 -0.240071  0.978053
   56.9283 -0.225977 -0.236664 -0.441879 -0.343479 -0.267414  0.945827
   56.9324 -0.237162 -0.228142 -0.379561 -0.331028  -0.28841  0.915675
   56.9383 -0.278707 -0.214293  -0.33269 -0.322727 -0.295124  0.904811
   56.9422 -0.310665  -0.19139 -0.270372 -0.332737 -0.286091  0.917628
   56.9482 -0.305871 -0.146649 -0.186748 -0.360569 -0.268635  0.943385
   56.9526  -0.276577 -0.0779394 -0.0983314 -0.378513 -0.262776  0.957545
   56.9583   -0.253141 -0.00124039  -0.0152408 -0.368625 -0.279866  0.942164
   56.9629 -0.263794 0.0680018 0.0460119 -0.337741 -0.307453  0.910792
   56.9683 -0.313861  0.121798 0.0758393 -0.303073 -0.326741  0.886378
   56.9727 -0.378309  0.155886 0.0843614 -0.280857  -0.32613  0.881618
    56.978 -0.428909  0.175061 0.0870246 -0.267673 -0.316731  0.896144
   56.9825 -0.461933  0.186246 0.0843614  -0.25449 -0.316487  0.919826
   56.9883 -0.486434  0.194236 0.0710456 -0.246067 -0.324299  0.940578
   56.9925 -0.503478  0.205421 0.0396203 -0.246311  -0.32967  0.950343
   56.9981   -0.511467    0.220867 -0.00352289 -0.251316 -0.331745  0.946925
   57.0026  -0.505609   0.239509 -0.0445356 -0.258152 -0.332112  0.935817
   57.0083  -0.484836   0.262413 -0.0823525 -0.257785 -0.332356   0.93008
   57.0125 -0.453943   0.28212 -0.119637 -0.240818 -0.342854  0.929591
   57.0184 -0.419322  0.291707 -0.162247  -0.22031 -0.363117  0.917018
   57.0225 -0.428377  0.311415 -0.222967 -0.219699 -0.384724  0.852199
   57.0283    -0.512  0.362015 -0.289014 -0.237033 -0.392536   0.78567
   57.0323 -0.620124  0.428061 -0.350799 -0.236789 -0.381428  0.784083
   57.0382 -0.681377  0.475998 -0.418976 -0.242771 -0.338459  0.832545
   57.0423 -0.644626  0.474933  -0.43389  -0.31052 -0.266316   0.92776
    57.048 -0.500282  0.398234 -0.357191 -0.363498 -0.223835   1.05105
   57.0523 -0.272848  0.252825 -0.259719 -0.327976 -0.236164   1.14627
    57.058 -0.024109 0.0946334 -0.217108 -0.254123 -0.280476   1.14126
   57.0622     0.13355 0.000890143   -0.250132  -0.23386 -0.330891   1.00833
   57.0683  0.136746 0.0131407 -0.302862 -0.280368 -0.354206   0.84341
   57.0723 0.0430027  0.100492 -0.332157 -0.313938 -0.347737  0.772975
   57.0783 -0.0411532   0.192105  -0.351332 -0.303928 -0.335408  0.807277
   57.0825 -0.0422185   0.235781  -0.360919 -0.275486 -0.325642  0.879176
   57.0883 0.0302195  0.226194 -0.361452 -0.254856  -0.32613  0.922267
   57.0925 0.0999943  0.189975 -0.366245 -0.251316 -0.338215  0.917262
   57.0983  0.122898   0.15269 -0.376365 -0.261203 -0.343708  0.888209
   57.1024  0.110647  0.119135 -0.385953 -0.274753 -0.334431  0.863917
   57.1082 0.0829501  0.085046 -0.399801 -0.280124 -0.322224  0.853297
   57.1124 0.0568511 0.0440334  -0.41365 -0.276828 -0.316365  0.854762
   57.1183     0.03235 -0.00230565   -0.430694 -0.270603 -0.320881  0.866237
   57.1224 -0.00759739  -0.0497099   -0.456793  -0.26987 -0.331501  0.879298
   57.1283  -0.064589 -0.0955163  -0.480761 -0.277927 -0.338825  0.888698
   57.1326 -0.131168 -0.132268 -0.501001  -0.28928 -0.341877  0.890407
   57.1383 -0.215324  -0.16103 -0.531894 -0.298801  -0.35384  0.881618
   57.1422 -0.322916 -0.191923 -0.581961 -0.311008 -0.366291  0.870509
   57.1482 -0.444356 -0.235066 -0.630431  -0.32883 -0.359577  0.865626
   57.1523 -0.568459 -0.289394 -0.652269 -0.341892 -0.350544  0.866115
   57.1583 -0.697356 -0.349049 -0.655997 -0.345066  -0.35323  0.868068
   57.1623 -0.827851 -0.406574 -0.659193 -0.343967 -0.354573  0.870509
   57.1683 -0.943432 -0.451847 -0.661856 -0.344577 -0.345295  0.869777
   57.1724  -1.02439 -0.479544 -0.660258 -0.342502 -0.334187  0.863917
   57.1783  -1.06754 -0.494458 -0.669313 -0.326267 -0.334431  0.853053
   57.1826   -1.0931 -0.507774 -0.703934 -0.301731 -0.355183  0.843776
   57.1884  -1.11387 -0.528546 -0.768383 -0.280246 -0.396687   0.84756
   57.1925  -1.12506 -0.562102  -0.86692 -0.264377 -0.451496  0.860988
   57.1981  -1.11174 -0.609506 -0.991023  -0.25156 -0.493977  0.883327
   57.2024  -1.04357 -0.674488  -1.11033 -0.236911 -0.479695  0.923854
   57.2083 -0.898159 -0.754382  -1.18064 -0.225315 -0.420979  0.954494
   57.2125 -0.705878 -0.825755  -1.19555 -0.213474 -0.374836  0.940578
   57.2183 -0.507206 -0.868366  -1.18597 -0.191257 -0.367024  0.901637
   57.2225 -0.310133 -0.884877  -1.18011 -0.165012  -0.38448  0.883082
   57.2283 -0.0917533  -0.890204   -1.18543 -0.141574 -0.394612  0.906642
   57.2325 0.169769 -0.89766 -1.18969 -0.128391 -0.386677  0.949367
   57.2383  0.461652 -0.904585  -1.17904 -0.132541 -0.375813  0.972926
   57.2423   0.73649 -0.901389  -1.14549 -0.143894 -0.374226   0.96487
   57.2483  0.943684 -0.884877  -1.10341 -0.149875 -0.386067  0.941188
   57.2524   1.07578 -0.862507  -1.06719 -0.147922  -0.40633  0.924464
   57.2583   1.14608 -0.843332  -1.04269 -0.145725 -0.426472  0.922389
   57.2623   1.15887 -0.822027  -1.03789 -0.148166  -0.44466  0.931666
   57.2683    1.1365 -0.796993  -1.04003 -0.154758 -0.453938  0.941676
   57.2724   1.08377 -0.769296  -1.03736 -0.161106 -0.450032  0.939113
   57.2783  0.999078 -0.736273  -1.03097 -0.155002 -0.444172  0.921413
   57.2824  0.909595 -0.700587  -1.01606 -0.140964 -0.438557  0.898097
   57.2883  0.825972 -0.660639 -0.992088 -0.130588 -0.428425  0.884303
   57.2925  0.746077 -0.615365 -0.961196 -0.122165 -0.419026  0.885768
   57.2981  0.672574 -0.571157 -0.921248 -0.108005 -0.420979  0.894557
   57.3025  0.586288 -0.540264  -0.89728 -0.088718 -0.439656  0.899806
   57.3081  0.474435 -0.522155 -0.890356 -0.103611 -0.446858  0.913722
   57.3126  0.378028 -0.504578 -0.858398 -0.130344 -0.422322  0.943751
   57.3181  0.319439 -0.483805 -0.812059 -0.123874 -0.397785   0.95193
   57.3225  0.272035 -0.451315 -0.781699 -0.112888 -0.399128  0.928004
   57.3283  0.219837  -0.40178 -0.761459 -0.108615 -0.411701  0.917506
   57.3325  0.169237 -0.347984  -0.74548 -0.100437 -0.414143  0.933986
   57.3384  0.129822 -0.303243 -0.732696 -0.0873753  -0.406941   0.943996
   57.3424 0.0973312 -0.264361 -0.722044 -0.0778538  -0.393879   0.936915
   57.3483 0.0760259 -0.231338 -0.714587 -0.064304 -0.380696  0.926906
   57.3524 0.0738953 -0.212695 -0.712456 -0.0534397  -0.371784   0.921901
   57.3582 0.0893417 -0.210032 -0.699141 -0.0517307   -0.36031   0.928004
   57.3625  0.119169 -0.221217 -0.660258 -0.050388 -0.344929    0.9407
   57.3683  0.152192 -0.233468 -0.605397 -0.0527073   -0.33553   0.946925
   57.3723  0.183085 -0.232935 -0.542014 -0.0529514  -0.335408   0.945582
   57.3783   0.21451 -0.212695 -0.479696 -0.0597874   -0.32259    0.94424
   57.3826  0.274698 -0.163693 -0.408323 -0.0751682   -0.29488     0.9407
   57.3883  0.378561 -0.084331 -0.322037 -0.0911594  -0.277912   0.926662
   57.3925   0.50373 0.0163365 -0.240544 -0.102146 -0.283528  0.910914
   57.3981  0.639551  0.115406 -0.174498 -0.101902 -0.302571  0.917384
   57.4025  0.775372   0.18305 -0.130289 -0.104221  -0.32552  0.947047
   57.4083  0.888823  0.203823 -0.109517 -0.112522 -0.352375  0.979518
   57.4125  0.965522  0.175594 -0.110049 -0.113865  -0.37447   1.00125
   57.4184   1.00281  0.105819 -0.127094 -0.106907 -0.386433   1.00576
   57.4225   1.00281 0.0163365 -0.157454 -0.0905491  -0.392781   0.990504
   57.4281  0.984164 -0.064091 -0.187814 -0.0633274  -0.394734   0.962916
   57.4325  0.963391 -0.117887 -0.205923 -0.0285374  -0.394856   0.940333
   57.4382  0.933564  -0.14079 -0.217641 0.00307884  -0.390339   0.930446
   57.4424  0.903204 -0.137062 -0.216043 0.0215115   -0.3774  0.927028
   57.4483  0.878703 -0.121083 -0.206456 0.0246853 -0.361897  0.923244
   57.4526  0.846745 -0.107234 -0.200597 0.0107693 -0.343952  0.916408
   57.4583   0.806797 -0.0987121  -0.186748 -0.00863991   -0.328327    0.908107
   57.4626   0.762589 -0.0971142  -0.174498 -0.0230442  -0.319538   0.907863
   57.4683  0.711989 -0.105636 -0.193673 -0.0324436  -0.316609   0.925563
   57.4724  0.666715 -0.126409 -0.247468 -0.0386692  -0.319783   0.957301
   57.4783  0.639018 -0.157834  -0.32257 -0.0456272  -0.321736   0.988429
   57.4829  0.616648 -0.190857 -0.424302 -0.0517307   -0.31966    1.00711
   57.4883  0.607593  -0.22175 -0.546808 -0.0611301  -0.316609    1.01272
   57.4925  0.620376 -0.242523 -0.668781 -0.0715061  -0.316975    1.00698
   57.4981  0.638486 -0.243588 -0.782231 -0.0682102  -0.324909   0.995265
   57.5025  0.664052 -0.228142 -0.874377 -0.0489231  -0.339314    0.98733
   57.5083  0.693879 -0.200445  -0.95001 -0.024509 -0.352131  0.986842
   57.5124  0.722109 -0.163693  -1.02458 -0.00876198   -0.349446    0.995509
   57.5183   0.77697 -0.126409  -1.07944 -0.00436745   -0.326252     1.00918
   57.5226  0.864322 -0.094451  -1.10181 -0.00644264    -0.29073     1.01431
   57.5283   0.974576 -0.0646236   -1.09542 -0.00717506   -0.251667     1.00711
   57.5325    1.11146 -0.0353288   -1.06293 -0.00534401   -0.218708    0.993068
   57.5383     1.25634 -0.00177302    -1.01712 -0.00778542   -0.203572    0.976955
   57.5428   1.38044 0.0424355 -0.978773 -0.0134006  -0.211506   0.960231
    57.548   1.45874 0.0967639  -0.96812 -0.0176731  -0.237995   0.940089
   57.5526   1.48164  0.159082 -0.996882 -0.0142551  -0.269001   0.913356
   57.5583   1.4598 0.226194  -1.0624 -0.0049778  -0.286579   0.880641
   57.5625  1.40121 0.296501 -1.13643 -0.00387917   -0.284748    0.850246
   57.5683  1.30854 0.370537 -1.19023 -0.00717506   -0.276814    0.832301
   57.5727  1.18124 0.438181 -1.22165 0.00112572  -0.282307   0.827907
   57.5784  1.00813 0.485053 -1.24828 0.0182156 -0.303425   0.82986
   57.5823 0.775905 0.507423 -1.28344 0.0305447 -0.324055  0.830958
   57.5883 0.482424 0.510087 -1.32658 0.0221218 -0.327839  0.827418
   57.5926 0.160714 0.497836 -1.34842 0.00210228  -0.311848   0.820338
   57.5983 -0.162061  0.475998  -1.34522 -0.0138889  -0.285481   0.814845
   57.6025 -0.476314   0.45416  -1.32871 -0.034763 -0.258869  0.819484
   57.6083 -0.750619  0.437649  -1.29409 -0.055637 -0.237995   0.83755
   57.6127 -0.973792  0.438181  -1.25627 -0.0785862  -0.223225   0.864528
   57.6183 -1.14796 0.466943 -1.22219 -0.115696 -0.210285  0.893947
   57.6224 -1.26141 0.525533 -1.17744 -0.160373 -0.198323   0.91653
   57.6283 -1.31521 0.605428 -1.12258  -0.18674 -0.192951  0.930812
   57.6325 -1.31042 0.690649 -1.07624 -0.189426 -0.192463  0.944118
   57.6383 -1.24757 0.772142 -1.04695  -0.18259 -0.192219  0.962184
   57.6427 -1.12666 0.844047 -1.02405 -0.175632 -0.191365  0.987575
   57.6483 -0.953552    0.9053 -0.992088 -0.175022 -0.189656   1.01724
   57.6525 -0.753815  0.954302  -0.95001 -0.175754 -0.192341   1.04226
   57.6584 -0.548752  0.982531 -0.897812 -0.173923 -0.203694   1.05239
   57.6624  -0.36233  0.983064 -0.849343 -0.169284 -0.215779   1.04666
   57.6683 -0.212661  0.954302 -0.812591 -0.162448 -0.223347    1.0336
   57.6727 -0.0880249    0.89518  -0.775307   -0.1478 -0.231404   1.02334
   57.6783 0.0142405  0.807828 -0.746012 -0.121555 -0.244099   1.02005
   57.6823 0.0840154  0.700769  -0.73749 -0.0964085  -0.258503    1.02188
   57.6883  0.137279  0.585188 -0.740153 -0.0828587  -0.268391    1.02298
   57.6925  0.191607  0.475998 -0.747077 -0.0780979  -0.270466    1.01504
   57.6984  0.240077  0.386516 -0.761991 -0.0791965  -0.265339    0.99673
   57.7025  0.280024  0.319937 -0.778503 -0.0855442  -0.258015   0.970485
   57.7083  0.310384  0.275196 -0.787558 -0.095554 -0.253742  0.944728
   57.7124  0.321569  0.250162 -0.791819 -0.104953 -0.254719   0.93069
   57.7183 0.318906 0.242173 -0.78596 -0.115085 -0.255451  0.930934
   57.7224  0.308254  0.251227 -0.768915  -0.12949 -0.251911  0.939479
   57.7283  0.289079  0.276261 -0.753469 -0.146335 -0.243611   0.94485
   57.7326  0.271502  0.314078 -0.728968 -0.163913 -0.230305  0.941554
   57.7383   0.25286  0.356156 -0.688488 -0.176975 -0.220295  0.933253
   57.7426  0.215576  0.391842 -0.646943 -0.178196 -0.221272  0.927638
   57.7483  0.170834  0.413147 -0.603267 -0.167942 -0.230427  0.933986
   57.7526  0.137279  0.420072 -0.561189 -0.153415 -0.237629  0.953761
   57.7583  0.112777  0.417409 -0.530296 -0.142917 -0.237995  0.975612
   57.7626 0.0999943  0.407289 -0.501534 -0.138157 -0.236775  0.986964
   57.7683 0.0925375   0.39344 -0.473837 -0.133274 -0.234944  0.984157
   57.7726 0.0824175  0.376929 -0.457858 -0.125461 -0.232014  0.972682
   57.7783 0.0770911  0.359352 -0.442944 -0.116062 -0.231037  0.962794
   57.7826 0.0675038  0.340177 -0.425368 -0.109104 -0.233845  0.960353
   57.7884 0.0430027  0.318339 -0.420574 -0.108371 -0.238606  0.965968
   57.7925 0.0195669  0.297566 -0.419509  -0.11301 -0.241413  0.975368
   57.7984 0.000924724     0.28425   -0.420041 -0.119114 -0.239338  0.978664
   57.8025  -0.01825  0.278924 -0.430694 -0.121799 -0.235432  0.971217
   57.8083  -0.02837  0.278924 -0.439749 -0.118381 -0.234944  0.955958
   57.8124 -0.034229   0.28425 -0.446673 -0.110813 -0.238362  0.941432
   57.8181 -0.0406206   0.292773  -0.459456 -0.104221 -0.243855  0.937648
   57.8225 -0.0384901   0.305023  -0.461587 -0.103611 -0.248127  0.943385
   57.8283 -0.0358269   0.320469  -0.454662 -0.113987  -0.25008  0.951808
   57.8325 -0.0422185   0.334851  -0.446673 -0.129123 -0.251423  0.956325
   57.8383 -0.0470122   0.344438  -0.424835 -0.135837 -0.251911  0.953883
   57.8427 -0.0454143   0.347101  -0.404062 -0.129367 -0.250202  0.949122
   57.8483 -0.0422185   0.341775  -0.392344 -0.114963 -0.247273  0.947658
   57.8527 -0.0352943   0.331122  -0.379029 -0.103855 -0.247273  0.953395
   57.8584 -0.0289027   0.316208  -0.361984 -0.103855 -0.254109  0.963161
   57.8623 -0.0352943   0.298099   -0.34281 -0.114963 -0.260823  0.968898
   57.8683 -0.0613932   0.280522  -0.319906 -0.129734 -0.259602  0.967433
   57.8727 -0.0992101   0.260815  -0.292742 -0.139988 -0.253498  0.958644
    57.878  -0.13756  0.235781 -0.267708 -0.141208 -0.249226  0.946315
   57.8825 -0.174844  0.205954 -0.249066 -0.133152 -0.247639  0.939723
   57.8883 -0.200943  0.171865 -0.236816 -0.122776 -0.247395  0.943629
   57.8925 -0.214791  0.138309 -0.227761 -0.119846  -0.24947  0.954372
   57.8983 -0.226509  0.112743 -0.224565 -0.124729 -0.252522   0.96609
   57.9025 -0.229705 0.0994271 -0.225631 -0.131076 -0.252766  0.970607
   57.9083 -0.221183 0.0994271 -0.229359 -0.133396 -0.249714  0.964015
   57.9124 -0.204139   0.11221 -0.238414 -0.129367 -0.246418  0.950099
   57.9183 -0.181768   0.13245  -0.25173 -0.122776 -0.244709   0.93777
   57.9225 -0.160995  0.153756 -0.268241 -0.118625 -0.246662  0.937404
   57.9284 -0.143419  0.175594 -0.285818 -0.120823 -0.250447  0.948024
   57.9325 -0.122113  0.195301 -0.299666   -0.1301 -0.251789  0.963649
   57.9383 -0.0986775   0.210747   -0.31245  -0.14072 -0.251789    0.9761
   57.9429 -0.076307  0.221933 -0.325765 -0.144626 -0.252034  0.977321
   57.9483 -0.0550017   0.226194  -0.335353 -0.141819 -0.252888  0.969874
   57.9525 -0.034229  0.222998 -0.338016 -0.136203 -0.254109  0.962794
   57.9583 -0.0107932   0.214476  -0.335885 -0.131565 -0.256428  0.965358
   57.9625 0.0200995  0.205421 -0.327896 -0.131809 -0.261921  0.976832
   57.9683 0.0536553  0.202225 -0.314048 -0.136081  -0.26656  0.987697
   57.9727 0.0834827  0.204356 -0.302862 -0.141819 -0.266682  0.990016
   57.9783  0.114908  0.206486 -0.293275 -0.146457 -0.263264  0.980739
   57.9826  0.144203  0.208617 -0.285285 -0.147312 -0.258747  0.965358
   57.9879  0.171367   0.21128 -0.278894 -0.143528  -0.25655  0.953761
   57.9926  0.195868  0.210747 -0.271437 -0.136203 -0.259358  0.950587
   57.9981  0.210782  0.208617 -0.265045 -0.132541 -0.266438  0.953151
   58.0025  0.210782  0.208617 -0.262382 -0.137302 -0.271687  0.958522
   58.0083  0.197999  0.209149 -0.258654 -0.145237 -0.272785  0.959865
   58.0124  0.176161  0.210747 -0.252262 -0.149631 -0.271565  0.952907
   58.0183  0.152725  0.210747 -0.244805 -0.147312 -0.268635  0.941432
   58.0224  0.126093  0.206486 -0.243207 -0.140842 -0.268269  0.930812
   58.0283 0.0978638  0.199562 -0.244805 -0.134006 -0.271199  0.928248
   58.0324 0.0770911   0.19104 -0.241077 -0.131198 -0.275471  0.932887
   58.0383 0.0547206   0.18305 -0.241077 -0.135593 -0.279866  0.938869
   58.0423 0.0350132  0.176126 -0.239479 -0.143161 -0.280842  0.942531
   58.0483 0.0238279    0.1708 -0.234153 -0.147678 -0.277058  0.940822
   58.0525 0.0105121  0.167604 -0.240544 -0.148288 -0.273152  0.932521
   58.0583 -0.00227107    0.162278   -0.246936 -0.145115 -0.273274  0.922755
   58.0627 -0.0129237    0.15269  -0.242142 -0.141819 -0.276203  0.921046
   58.0683 -0.0273048   0.139375  -0.237348 -0.141697 -0.280598  0.929347
   58.0727 -0.040088  0.123928 -0.232022 -0.142917 -0.283772  0.940089
   58.0783 -0.0512732   0.109547  -0.224033 -0.146091 -0.284138  0.943996
   58.0827 -0.0699154  0.0972966  -0.221902 -0.147068 -0.281697  0.938136
   58.0884 -0.0885575  0.0861113  -0.221902 -0.143772  -0.27779  0.926173
   58.0925 -0.103471 0.0754587 -0.221902 -0.140598 -0.275105   0.91653
   58.0984 -0.121581 0.0664039 -0.226696 -0.139988 -0.275349  0.915553
   58.1025 -0.138092  0.060545 -0.226696 -0.142673 -0.278889  0.922145
   58.1084 -0.148212 0.0589471 -0.220837 -0.148899 -0.281941  0.932765
   58.1125 -0.156202 0.0600123 -0.216043 -0.157444  -0.28072  0.940944
   58.1182  -0.15993 0.0616102 -0.209652 -0.163059 -0.275471   0.94131
   58.1225 -0.154071 0.0626755 -0.202727 -0.161472   -0.2701  0.934596
   58.1283 -0.146614 0.0658713 -0.202727 -0.152683 -0.270466  0.926906
   58.1324  -0.13969 0.0690671 -0.207521 -0.139499 -0.278401  0.925075
   58.1383 -0.134364 0.0727955 -0.216576   -0.1301 -0.288533  0.928371
   58.1424 -0.133299 0.0834481 -0.229892 -0.131687 -0.293782  0.932521
   58.1483 -0.135962   0.10209 -0.238414 -0.139377 -0.292805  0.933742
   58.1524 -0.140223  0.124993 -0.244273 -0.144016 -0.289265  0.929835
   58.1583 -0.143419  0.147897 -0.252262 -0.143283 -0.285237  0.924953
   58.1625 -0.143419  0.167604  -0.26185 -0.138034 -0.282551  0.925563
   58.1683  -0.13969  0.181452 -0.271437 -0.131565  -0.28426  0.934108
    58.173 -0.132766  0.190507 -0.278361 -0.128513 -0.289631  0.948634
   58.1783 -0.132233  0.197431  -0.29221  -0.13071 -0.294392  0.962306
   58.1825 -0.138092   0.20329 -0.307656 -0.138645 -0.295002  0.965846
   58.1883 -0.137027  0.209682  -0.31458 -0.149265 -0.290852  0.957912
   58.1925 -0.140223  0.218737 -0.322037 -0.158054 -0.283894  0.945949
   58.1981 -0.140223  0.225128 -0.323635 -0.161594 -0.278401  0.939357
   58.2024 -0.126374  0.222998 -0.315645  -0.16196 -0.277668   0.94424
   58.2083 -0.112526  0.212345 -0.308721 -0.165134 -0.281819  0.957179
   58.2125 -0.0938838   0.194236   -0.29434 -0.173557 -0.287556  0.971217
   58.2183 -0.0677848   0.176126   -0.27197 -0.185276 -0.287312  0.980739
   58.2225 -0.0379574   0.163343  -0.252795 -0.193332 -0.280964  0.982448
   58.2282 0.000924724    0.153756   -0.229359 -0.193088 -0.275227  0.975368
   58.2326 0.0461985  0.146299 -0.204858 -0.186496  -0.27364  0.964015
   58.2383 0.0797543  0.138842 -0.187281 -0.179172 -0.278157  0.957423
   58.2424 0.0967985   0.13032 -0.170237 -0.177829 -0.286091  0.957667
   58.2483  0.104255   0.12233 -0.150529 -0.182102 -0.293049  0.960353
   58.2523 0.0999943  0.114341 -0.135616 -0.188327 -0.294514  0.961452
   58.2583 0.0936027   0.11008 -0.122833 -0.193332 -0.287678  0.957179
   58.2627 0.0978638  0.109547 -0.107386   -0.1926 -0.280964   0.94839
   58.2683   0.107984   0.109014 -0.0983314 -0.186496 -0.281575  0.941066
   58.2727   0.114908   0.106351 -0.0887441 -0.179294 -0.286213  0.942042
   58.2783   0.116506  0.0967639 -0.0754282 -0.175754 -0.292317   0.95193
   58.2828   0.110114   0.085046 -0.0690367 -0.177585 -0.296833  0.963405
   58.2883  0.0978638   0.074926 -0.0631777 -0.184055 -0.295979   0.96841
   58.2926  0.0893417  0.0653386 -0.0509272 -0.190525 -0.290852  0.963649
   58.2983  0.0840154  0.0573492 -0.0370787 -0.189914 -0.286335   0.95193
   58.3025  0.0808196  0.0530881 -0.0248282 -0.183933 -0.283772    0.9407
   58.3081   0.078689  0.0520228 -0.0152408 -0.182102 -0.283528  0.937526
   58.3125   0.0760259   0.0552186 0.000738166 -0.187961 -0.285237  0.944362
   58.3203 0.0754932 0.0637407 0.0268371 -0.195652 -0.284504  0.961574
   58.3225 0.0898743 0.0690671 0.0561319 -0.199924 -0.280232  0.978908
   58.3283   0.12343 0.0695997 0.0838288 -0.200412 -0.274372   0.98611
   58.3325  0.162312 0.0717302  0.102471 -0.196628 -0.270222  0.984157
   58.3383  0.203858 0.0781218  0.107265 -0.187839 -0.268391  0.978053
   58.3425  0.245936 0.0839808  0.105667 -0.175266 -0.271565  0.974757
   58.3483  0.275763  0.090905 0.0950141 -0.163059 -0.281697  0.973537
   58.3525  0.285883  0.103688 0.0753067 -0.159397 -0.291218  0.970119
   58.3583  0.278959  0.119135 0.0593277 -0.166111 -0.293537  0.962184
   58.3626  0.260317  0.137244 0.0492077  -0.17612 -0.289265  0.949245
   58.3683  0.235283  0.155886 0.0401529 -0.181858 -0.282673  0.935817
   58.3731  0.210249  0.164941 0.0310982  -0.17612 -0.281086  0.927272
   58.3783  0.178824  0.163343 0.0167171 -0.161594 -0.287434  0.926784
   58.3831   0.139942   0.155354 -0.0104471 -0.152195 -0.294514  0.934352
   58.3883   0.105853   0.144168 -0.0365461 -0.157566 -0.295491  0.945827
   58.3927  0.0691017   0.142038 -0.0599819 -0.177829 -0.288899  0.953273
   58.3982  0.0403395   0.151092 -0.0722325 -0.200046 -0.278034   0.95254
   58.4025  0.0296869   0.166006 -0.0669061 -0.210422 -0.268879  0.946559
   58.4083  0.0243605   0.175061 -0.0599819 -0.204074 -0.266194  0.944728
   58.4125   0.028089   0.167071 -0.0557209 -0.189914 -0.269734  0.952785
   58.4183  0.0430027   0.146831 -0.0551882  -0.18198 -0.274617  0.965358
   58.4225  0.0520574   0.125526 -0.0589166 -0.185032 -0.276692  0.975856
   58.4283  0.0557858    0.11008 -0.0594493 -0.195041 -0.275959  0.978541
   58.4325  0.0600469   0.105819 -0.0599819 -0.203098 -0.270466  0.973659
   58.4381  0.0637753   0.114873 -0.0631777 -0.203586 -0.262776  0.965236
   58.4425 0.0706995  0.127657 -0.064243  -0.19675 -0.260334   0.95608
   58.4483  0.0696343   0.134048 -0.0679714  -0.18967 -0.265095  0.953273
   58.4528  0.058449  0.132983 -0.074363 -0.189182 -0.272541  0.959498
   58.4583  0.0456658    0.13032 -0.0759609 -0.196262 -0.275715   0.96902
   58.4625  0.0296869   0.128722 -0.0754282 -0.204685 -0.274739  0.974635
   58.4683  0.0206321   0.128722 -0.0748956 -0.207615 -0.270466  0.970607
   58.4729  0.0238279    0.13032 -0.0722325 -0.203952 -0.264607  0.959498
   58.4781  0.0264911   0.131385 -0.0711672 -0.200657 -0.262043  0.953273
   58.4823  0.0264911   0.130852 -0.0738303 -0.194553 -0.263264  0.948634
   58.4883  0.0238279   0.130852 -0.0748956 -0.190281 -0.267292  0.947047
   58.4926  0.0131753   0.134048 -0.0732977 -0.196018 -0.271199  0.953639
   58.4983 -0.0028037   0.139375 -0.0716998 -0.203342 -0.271076  0.956569
   58.5025  -0.013989   0.143636 -0.0669061 -0.206882 -0.268391  0.951442
   58.5083 -0.0225111   0.147364  -0.064243 -0.204319 -0.264118  0.940944
   58.5125 -0.0299679    0.15056 -0.0695693  -0.20029 -0.260334  0.930568
   58.5183 -0.0315658   0.152158 -0.0690367 -0.198948 -0.259358  0.926173
   58.5224 -0.0358269    0.15056 -0.0647756 -0.196506 -0.266316  0.933009
   58.5283 -0.0475448   0.143636 -0.0674388 -0.198459 -0.274006  0.945094
   58.5326 -0.0539364   0.135646 -0.0626451 -0.209446 -0.272541  0.949245
   58.5381 -0.0565996    0.13245 -0.0567861 -0.216037 -0.270344  0.948146
   58.5425 -0.0651217   0.133516 -0.0562535 -0.219699 -0.267292  0.938869
   58.5483  -0.070448   0.134581 -0.0551882 -0.223362 -0.264241  0.929591
   58.5524 -0.0661869   0.134581 -0.0578514 -0.215549 -0.265095  0.931178
   58.5583 -0.0635238   0.135646 -0.0669061 -0.207126 -0.268391  0.938991
   58.5625 -0.0608606   0.136179 -0.0754282 -0.208957 -0.271809  0.949855
   58.5683 -0.0560669   0.138842 -0.0839504 -0.214939 -0.272785  0.954249
   58.5731 -0.0491427   0.145766  -0.094603 -0.220188  -0.26949  0.948146
    58.578 -0.0427511   0.149495 -0.0988641 -0.221897 -0.266194  0.942287
   58.5824 -0.0251743   0.148429 -0.0999293 -0.218113 -0.264729  0.931911
   58.5883 -0.00759739    0.147364   -0.100995 -0.214328 -0.263264  0.921535
   58.5923 0.00838158    0.13245 -0.0972662 -0.212253 -0.268757  0.930812
   58.5983  0.0243605   0.117537 -0.0935377 -0.210178  -0.27425  0.940089
   58.6025 0.0360785  0.105286 -0.102592 -0.207004 -0.277058  0.943751
   58.6083 0.0552532 0.0903724  -0.11431 -0.203952 -0.278157  0.939723
   58.6126 0.0637753 0.0887745 -0.120169 -0.204441  -0.27425  0.922389
   58.6181 0.0648406 0.0898397 -0.123365 -0.204807 -0.272053  0.912746
   58.6225  0.064308 0.0983618 -0.126561 -0.205051 -0.272785  0.910182
   58.6283 0.0637753  0.106884 -0.129757 -0.205295 -0.273518  0.907619
   58.6325 0.0637753  0.114341 -0.122833 -0.209568 -0.275959  0.922267
   58.6383 0.0637753  0.121798 -0.115908  -0.21384 -0.278401  0.936915
   58.6424 0.0680364  0.119667 -0.110049 -0.217258 -0.274617  0.936915
   58.6483 0.0722974  0.117537  -0.10419 -0.220676 -0.270832  0.936915
   58.6525  0.0696343   0.108482 -0.0988641  -0.21323 -0.268269  0.929103
   58.6583  0.0669711  0.0994271 -0.0935377 -0.205783 -0.265705   0.92129
   58.6623  0.0563185  0.0930355 -0.0924725 -0.204197   -0.2701  0.926662
   58.6683 0.0398069 0.0877092 -0.084483 -0.206516 -0.273884  0.935451
   58.6727  0.0211647  0.0893071 -0.0764935 -0.213352 -0.274128  0.939479
   58.6781 0.00838157  0.0898397 -0.0754282 -0.216282 -0.274983  0.940089
   58.6823 0.00198999  0.0898397 -0.0679714 -0.218601 -0.269123  0.928126
   58.6883 -0.0044016  0.0898397 -0.0605145  -0.22092 -0.263264  0.916164
   58.6925 -0.0145216  0.0946334 -0.0546556 -0.212741 -0.265461  0.913966
   58.6984 -0.0246416  0.0994271 -0.0487966 -0.204563 -0.267659  0.911769
   58.7025   -0.02837   0.104753 -0.0471987 -0.208225 -0.270588  0.924708
   58.7084 -0.0320985    0.11008 -0.0456008 -0.211887 -0.273518  0.937648
   58.7125 -0.0374248   0.117537 -0.0392093 -0.217136 -0.271076  0.934962
   58.7183 -0.0427511   0.124993 -0.0328177 -0.222385 -0.268635  0.932277
   58.7225 -0.0422185   0.119134 -0.0301545 -0.218479 -0.265217  0.923244
   58.7283 -0.0416859   0.113276 -0.0274913 -0.214573 -0.261799   0.91421
   58.7325 -0.0363595  0.0956987 -0.0248282  -0.21323 -0.265705   0.92068
   58.7383 -0.0310332  0.0781218  -0.022165 -0.211887 -0.269612   0.92715
   58.7425 -0.0267722  0.0642734  -0.017904 -0.219822 -0.269123  0.929469
   58.7484 -0.0225111  0.0504249 -0.0136429 -0.227756 -0.268635  0.931789
   58.7524 -0.0225111  0.0482944 -0.0136429 -0.226413 -0.262287  0.919337
   58.7583 -0.0225111  0.0461639 -0.0136429 -0.225071  -0.25594  0.906886
   58.7626 -0.0150542  0.0552186 -0.0168387 -0.219699 -0.256184  0.906154
   58.7683 -0.00173844   0.0711976  -0.0216324  -0.21677 -0.259358  0.909816
   58.7731 0.00838158  0.0861113  -0.028024 -0.219211 -0.262287   0.91421
   58.7778  0.0126426  0.0941008 -0.0328177 -0.223117 -0.264363  0.917506
   58.7826  0.0227626   0.105286 -0.0328177  -0.23447 -0.263264  0.918361
   58.7883  0.0328827   0.116471 -0.0328177 -0.241916  -0.26009  0.915919
   58.7928  0.0536553   0.112743 -0.0317524 -0.239597 -0.255696  0.912501
   58.7981   0.074428   0.109014 -0.0306871 -0.237278 -0.251301  0.909083
   58.8025   0.112245  0.0978292 -0.0264261 -0.238498 -0.249836  0.919459
   58.8083  0.150062 0.0866439 -0.022165 -0.239719 -0.248371  0.929835
   58.8125   0.175628  0.0765239 -0.0104471 -0.242282 -0.249836  0.935939
   58.8184   0.201194  0.0664039 0.00127079 -0.244846 -0.251301  0.942042
   58.8225     0.215576    0.0514902 -0.000327103 -0.238865 -0.244587  0.934596
   58.8281  0.229957 0.0365765 -0.001925 -0.232883 -0.237873   0.92715
   58.8325    0.237946   0.0259239 -0.00618606 -0.226047  -0.23824  0.925319
   58.8384   0.245936  0.0152712 -0.0104471 -0.219211 -0.238606  0.923488
   58.8426   0.242207   0.008347 -0.0248282 -0.221897 -0.242756  0.934352
   58.8483   0.238479 0.00142278 -0.0392093 -0.224582 -0.246907  0.945216
   58.8526    0.229957 0.000890144  -0.0418724 -0.229099 -0.243611  0.942897
   58.8583    0.221434 0.000357511  -0.0445356 -0.233615 -0.240315  0.940578
   58.8628   0.206521 0.00408594 -0.0589166 -0.226413 -0.237995  0.933375
   58.8686   0.191607 0.00781436 -0.0732977 -0.219211 -0.235676  0.926173
   58.8729   0.172965  0.0067491 -0.0839504 -0.214206 -0.241047  0.936305
   58.8783   0.154323 0.00568383  -0.094603 -0.209201 -0.246418  0.946437
   58.8825   0.136213 0.00941226 -0.0956683 -0.217136 -0.248249  0.949611
   58.8883   0.118104  0.0131407 -0.0967335 -0.225071  -0.25008  0.952785
   58.8925  0.0925375  0.0237933 -0.0967335 -0.225925 -0.247517   0.94192
   58.8983  0.0669711   0.034446 -0.0967335  -0.22678 -0.244953  0.931056
   58.9026 0.0477964 0.0301849 -0.101527 -0.219822  -0.24178    0.9313
   58.9083 0.0286216 0.0259239 -0.106321 -0.212864 -0.238606  0.931544
   58.9125  0.0216974  0.0131407 -0.0951356 -0.217746 -0.242268  0.943141
   58.9184   0.0147732 0.000357511  -0.0839504 -0.222629  -0.24593  0.954738
   58.9225  0.00997947 -0.00443618  -0.0727651 -0.226047 -0.241535  0.954249
   58.9284  0.00518578 -0.00922987  -0.0615798 -0.229465 -0.237141  0.953761
   58.9326 0.00571841 -0.0102951  -0.058384 -0.224094 -0.233845  0.942531
   58.9384 0.00625105 -0.0113604 -0.0551882 -0.218723 -0.230549    0.9313
   58.9425 0.00784894 -0.0113604 -0.0519924 -0.213108 -0.236897  0.933864
   58.9483 0.00944684 -0.0113604 -0.0487966 -0.207492 -0.243244  0.936427
    58.953  -0.0028037 -0.00869724  -0.0530577 -0.214695 -0.245076    0.9407
   58.9583  -0.0150542 -0.00603408  -0.0573188 -0.221897 -0.246907  0.944972
   58.9624  -0.0315658 -0.00603408  -0.0610472  -0.22446 -0.242024  0.935451
   58.9683  -0.0480774 -0.00603408  -0.0647756 -0.227024 -0.237141  0.925929
   58.9731  -0.0512732 -0.00709934  -0.0626451 -0.222629  -0.23592  0.923488
    58.978 -0.0597953 -0.0124257 -0.0626451 -0.214084 -0.237141   0.92361
   58.9826 -0.0725785 -0.0246762 -0.0690367 -0.211155 -0.243733  0.938747
   58.9883 -0.0800354 -0.0326657 -0.0732977 -0.212375 -0.247883   0.95132
   58.9925 -0.0837638 -0.0331983 -0.0706346 -0.215305 -0.247883   0.95132
   58.9981  -0.090688  -0.033731 -0.0695693 -0.218235 -0.247029  0.947536
   59.0026 -0.0784375 -0.0273394 -0.0711672  -0.21677 -0.243855  0.938136
   59.0084 -0.0629911 -0.0209478 -0.0711672 -0.214573 -0.239094  0.928737
   59.0125 -0.0427511 -0.0150888  -0.068504 -0.212375 -0.239826  0.933375
   59.0184  -0.0225111 -0.00922987  -0.0658409 -0.21091   -0.243 0.941798
   59.0226  -0.0107932 -0.00763197  -0.0631777 -0.212619 -0.244221  0.948512
   59.0283  0.00944684 -0.00550144   -0.058384 -0.215915 -0.244587  0.957789
   59.0325   0.0254258 -0.00443618   -0.054123 -0.219455 -0.240681  0.958766
   59.0383   0.0403395 -0.00443618  -0.0514598 -0.221775 -0.236042  0.951442
   59.0424     0.05259 -0.00550144  -0.0461335 -0.218479 -0.236286   0.93777
   59.0483   0.0573837 -0.00603408  -0.0413398 -0.214817 -0.238118  0.929835
   59.0529     0.04247 -0.00124039  -0.0408072  -0.21323 -0.242634  0.931178
   59.0583  0.0275563  0.0035533 -0.0402745 -0.210056 -0.250325  0.935084
   59.0627 0.000924724  0.00408594   -0.048264 -0.209079 -0.256062  0.930934
   59.0683 -0.0257069 0.00461857 -0.0562535  -0.20969 -0.258625   0.92422
   59.0726 -0.0379574  0.0067491 -0.0594493 -0.210544 -0.255696  0.917872
   59.0783 -0.0597954  0.0104775 -0.0647756 -0.210056 -0.249592  0.910182
   59.0825  -0.070448  0.0115428 -0.0653082 -0.209568 -0.246418   0.91421
   59.0883 -0.0699154   0.008347 -0.0589166 -0.212864 -0.247883  0.930446
   59.0927 -0.0629911 0.00408594 -0.0509272 -0.218723 -0.249104     0.949
   59.0984   -0.0496753 -0.000707753   -0.0440029 -0.224948 -0.247273  0.958034
   59.1024  -0.0336964 -0.00443618  -0.0402745 -0.229343 -0.243122  0.953517
   59.1083  -0.0187827 -0.00337091  -0.0461335 -0.232029 -0.237141  0.937648
   59.1125  -0.00386897 -0.000707753   -0.0509272 -0.230442 -0.233845  0.921535
   59.1183    0.0115774 -0.000707753   -0.0509272 -0.222995 -0.236653  0.917018
   59.1225   0.0200995 -0.00230565  -0.0573187 -0.217746 -0.242634  0.922877
   59.1285   0.0259584 -0.00443618  -0.0610472 -0.219944 -0.249104    0.9313
   59.1325   0.0259584 -0.00496881  -0.0594493 -0.224948 -0.255329  0.934474
   59.1382   0.0131753 -0.00124039   -0.064243 -0.228733 -0.258625  0.928248
   59.1425 -0.00227107  0.00302067  -0.0722325 -0.230075 -0.256306  0.916408
   59.1483 -0.0193153 0.00728173 -0.0748956 -0.227024 -0.252034  0.903712
   59.1523 -0.0427511  0.0110102 -0.0732977 -0.221042 -0.252522  0.897243
   59.1583 -0.0752417  0.0110102 -0.0754282  -0.21738 -0.257893   0.90005
   59.1627    -0.1072  0.0067491 -0.0722325 -0.219699 -0.264118   0.90652
   59.1683    -0.130635 -0.000175121   -0.0605145 -0.227512 -0.267414  0.911891
   59.1729   -0.150343 -0.00763197  -0.0514598 -0.234226 -0.264241  0.911159
   59.1781  -0.161528 -0.0161541 -0.0392093 -0.235813 -0.257893   0.90298
   59.1825  -0.161528 -0.0246762 -0.0237629 -0.23032 -0.25362 0.892848
   59.1883  -0.161528 -0.0326657 -0.0173713 -0.220066 -0.254963  0.889064
   59.1926  -0.162061 -0.0417204 -0.0163061  -0.21384 -0.262776  0.894679
   59.1984   -0.15993 -0.0507752 -0.0136429 -0.217136 -0.269367  0.904323
   59.2024  -0.162061  -0.058232 -0.0173713 -0.228366 -0.270222  0.912013
   59.2083  -0.158865 -0.0624931 -0.0210998 -0.241062 -0.265705  0.912746
   59.2125  -0.142353 -0.0646236 -0.0232303 -0.248508 -0.258381  0.906276
   59.2183   -0.11945 -0.0672868 -0.0312198 -0.247654 -0.252522  0.899684
   59.2226  -0.090688 -0.0726131 -0.0397419 -0.239841 -0.251545  0.900539
   59.2284  -0.054469 -0.0806026 -0.0514598  -0.23032 -0.256428  0.906154
   59.2326 -0.0214458 -0.0859289 -0.0711672 -0.224948 -0.264118  0.911403
   59.2384 0.00358789 -0.0837984 -0.0887441 -0.225559 -0.269978  0.913844
   59.2425 0.0264911 -0.074211  -0.10419 -0.229831   -0.2701  0.912257
   59.2483  0.0515248 -0.0608952  -0.123365 -0.233982 -0.266682  0.908961
   59.2524   0.084548 -0.0497099  -0.137214 -0.236667  -0.26302  0.907619
    59.258   0.125561 -0.0454489  -0.139877 -0.236789 -0.261677  0.915187
   59.2624   0.166573 -0.0507752  -0.141475 -0.231907  -0.26656  0.931056
   59.2683   0.207053 -0.0667542  -0.144138  -0.22739 -0.275471  0.945338
    59.273   0.240077 -0.0875268  -0.147866 -0.229343 -0.281452  0.951564
   59.2783  0.262447 -0.105104 -0.151062 -0.232639 -0.280232     0.949
   59.2825  0.288546 -0.116822 -0.145736 -0.229343 -0.274983  0.941066
   59.2883  0.316776 -0.122681 -0.137746 -0.222629 -0.270344   0.93423
   59.2927  0.337548 -0.120017 -0.131355 -0.217258 -0.269978  0.934474
   59.2983  0.351397 -0.108832 -0.119637 -0.211887 -0.274983  0.945827
   59.3026   0.359919 -0.0971142  -0.103125 -0.208225 -0.278645  0.962794
   59.3081    0.35619 -0.0864615 -0.0914072 -0.208347 -0.277302  0.974147
   59.3125   0.346603 -0.0731457 -0.0791567   -0.2103 -0.270832  0.974757
   59.3182   0.339679  -0.058232 -0.0653082 -0.207248  -0.26302  0.965358
   59.3225   0.328494 -0.0443836  -0.054123  -0.19907 -0.258259  0.954372
   59.3283   0.307721 -0.0342636 -0.0471987 -0.190403 -0.257771  0.951442
   59.3326   0.281089 -0.0289373 -0.0434703  -0.18552 -0.262043  0.956935
   59.3383   0.249131 -0.0268067 -0.0354808 -0.189182 -0.265339  0.966579
   59.3425   0.207586 -0.0230783 -0.0269587 -0.197116 -0.263996  0.975001
   59.3483   0.167106  -0.017752 -0.0184366 -0.202488 -0.258992  0.975246
   59.3524    0.129289  -0.0108278 -0.00778395 -0.205539 -0.253498  0.967799
   59.3583   0.0893417 0.000357512 -0.00352289 -0.207615 -0.250447  0.959498
   59.3623    0.05259  0.0136733 0.00180343 -0.207737 -0.250202   0.95608
   59.3683 0.0174363 0.0259239 0.0135213  -0.20615 -0.252766  0.958888
   59.3728 -0.0209132  0.0365765  0.0220435 -0.205783 -0.255207  0.964015
   59.3783 -0.0523385  0.0429681  0.0316308 -0.209201 -0.254231  0.966701
   59.3826 -0.0683175  0.0450986  0.0422835 -0.214695 -0.247395  0.963039
   59.3883 -0.0715133  0.0466965  0.0497403 -0.218479 -0.236775  0.954494
   59.3928 -0.0560669  0.0435007  0.0614582 -0.217868 -0.227253  0.948268
   59.3983 -0.0278374  0.0328481  0.0769046 -0.211887 -0.222859  0.949489
   59.4027 -0.00227107   0.0163365    0.086492 -0.204807 -0.226033  0.958156
   59.4083   0.0254258 -0.00390355   0.0960793 -0.201145 -0.232014  0.969997
   59.4125  0.0488616 -0.0204151   0.102471 -0.201877  -0.23531   0.97671
   59.4183  0.0589816 -0.0294699  0.0950141 -0.203342 -0.234944  0.971339
   59.4224  0.0669711 -0.0326657  0.0848941 -0.200901 -0.232746   0.95547
   59.4283  0.0669711 -0.0289373  0.0742414 -0.196262 -0.230793  0.937282
   59.4325 0.0547206 -0.022013 0.0619909 -0.192112 -0.231037  0.926906
   59.4383 0.0392742 -0.017752 0.0582624 -0.188938   -0.2347  0.929347
   59.4425  0.0227626 -0.0182846  0.0582624 -0.190403  -0.23946  0.939113
   59.4483 0.00305525 -0.0209478  0.0529361 -0.199558 -0.240193  0.946559
   59.4525 -0.0107932 -0.0246762  0.0555993 -0.209446 -0.235432  0.946803
   59.4583   -0.01825 -0.0331983   0.060393 -0.210666 -0.227986  0.942775
   59.4626 -0.0219785 -0.0454489  0.0577298 -0.203098 -0.222737  0.938747
   59.4683 -0.0155869 -0.0603626   0.060393 -0.193088 -0.223835  0.937526
   59.4728 -0.0059995 -0.0779394  0.0657193 -0.186618 -0.229451   0.94192
   59.4783 -0.00333633  -0.0917879   0.0678498 -0.188449 -0.234944     0.949
   59.4828 -0.0113258 -0.0960489   0.064654 -0.197971 -0.237263  0.951442
   59.4883   -0.01825 -0.0928531  0.0609256 -0.208103 -0.235066  0.945949
   59.4923 -0.0177174 -0.0869942  0.0609256 -0.212619 -0.228718  0.935084
   59.4983 -0.0219785 -0.0811352  0.0550667 -0.209201 -0.223591  0.926051
   59.5029 -0.0214458   -0.08007  0.0481424 -0.201877 -0.223347  0.925685
   59.5081 -0.00866266  -0.0853963   0.0481424 -0.197116 -0.228718  0.934474
   59.5126 -0.00972792  -0.0917879   0.0412182 -0.199924 -0.236775  0.948268
   59.5182 -0.0198479 -0.0987121  0.0321635 -0.208103 -0.240925  0.958644
   59.5225 -0.0273048  -0.108299  0.0295003 -0.213962 -0.239826  0.959376
   59.5282 -0.0390227  -0.119485  0.0231087  -0.21445 -0.236409  0.952052
   59.5326 -0.0454143  -0.132268  0.0188477 -0.209446 -0.234577  0.944118
   59.5383 -0.0475448  -0.148247  0.0177824 -0.202488 -0.234089  0.943751
   59.5425 -0.0507406  -0.164758  0.0145866 -0.197239 -0.236286  0.950465
   59.5483 -0.0464795  -0.180205  0.0172498 -0.195896 -0.241535  0.959498
   59.5525 -0.0384901  -0.192455  0.0225761  -0.19968 -0.244709  0.965358
   59.5583 -0.0347616  -0.195651  0.0231087 -0.207004 -0.240925  0.961207
   59.5628 -0.0267722   -0.18926  0.0257719  -0.20969 -0.234822  0.950587
   59.5683 -0.00919529   -0.178074   0.0305656 -0.202488 -0.232991  0.943019
   59.5728 0.00944684  -0.165291  0.0295003 -0.19614 -0.23238 0.943873
   59.5783 0.0318174  -0.15091 0.0364245  -0.19614 -0.233967  0.953151
   59.5828 0.0520574 -0.136529 0.0513382 -0.195774 -0.239216  0.965724
   59.5883 0.0531227 -0.124811 0.0550667 -0.19321   -0.243 0.975246
   59.5923 0.0520574 -0.121083 0.0566645 -0.189304  -0.24178  0.974025
   59.5983  0.048329 -0.124811 0.0555993 -0.183323  -0.23885  0.961452
    59.603 0.0302195 -0.131203 0.0476098 -0.176609 -0.235798  0.946559
   59.6083 0.0131753 -0.138127 0.0481424  -0.16904 -0.233479  0.938869
   59.6126 -0.0059995  -0.145584  0.0555993 -0.163547  -0.23592   0.94131
   59.6184 -0.0406206  -0.152508  0.0598603  -0.16428 -0.242634  0.948512
   59.6225 -0.0779049  -0.156769  0.0657193 -0.168186 -0.246784  0.952296
   59.6284 -0.114656 -0.157302 0.0726435 -0.170749 -0.243733  0.948512
   59.6325 -0.154071 -0.155171 0.0737088 -0.168308  -0.23885  0.937526
   59.6383 -0.183899 -0.155704 0.0758393 -0.160129 -0.236531   0.92422
   59.6426 -0.206802 -0.159432 0.0753067 -0.150852 -0.236042  0.919093
   59.6484  -0.22864 -0.164758 0.0689151 -0.145237 -0.239704   0.92422
   59.6525 -0.246217 -0.172215 0.0641214 -0.147312 -0.248005  0.932887
   59.6583 -0.266457 -0.179672 0.0566645 -0.156223 -0.254841  0.938869
   59.6626 -0.288827 -0.187129 0.0481424 -0.163913 -0.252522   0.93838
   59.6684  -0.29948 -0.198314 0.0465445 -0.163669 -0.244099  0.934108
   59.6728 -0.294154 -0.213228 0.0518709 -0.155002 -0.237507  0.931666
   59.6781 -0.282436  -0.22974 0.0492077 -0.143772 -0.237385  0.935206
   59.6823 -0.264859 -0.245186 0.0396203 -0.139865 -0.243855  0.945338
   59.6883 -0.242488 -0.255839 0.0300329  -0.14426 -0.249836  0.958278
   59.6926 -0.225444 -0.259567 0.0204456  -0.15134 -0.251789  0.967677
    59.698 -0.203073 -0.256904 0.0204456 -0.156101 -0.251179  0.968288
   59.7023 -0.178572 -0.251578  0.014054 -0.154148 -0.249226  0.962062
   59.7082    -0.154604    -0.246251 -0.000327099 -0.146701 -0.248738  0.957057
   59.7125   -0.119983   -0.242523 -0.00618606 -0.137912 -0.252034  0.959743
   59.7183 -0.0880249  -0.240925 -0.0157734  -0.13303 -0.259724  0.970729
   59.7225  -0.064589  -0.238262 -0.0285566 -0.135227  -0.26717  0.985866
   59.7283 -0.0406206  -0.233468 -0.0333503 -0.141086 -0.268391  0.997584
   59.7325 -0.0161195  -0.226011 -0.0354808 -0.145115 -0.263264   1.00015
   59.7383  0.0147732  -0.216424 -0.0312198 -0.142795 -0.257405  0.994655
   59.7425   0.058449  -0.206304 -0.0152408 -0.134616 -0.254475   0.98733
   59.7484 0.0967985 -0.193521 -0.001925 -0.124973 -0.254231  0.985255
   59.7525   0.125561  -0.177542 0.00872765 -0.118625 -0.257283   0.99026
   59.7583  0.156986 -0.160497 0.0300329 -0.117649 -0.261921  0.999171
   59.7625  0.174563 -0.142388 0.0476098 -0.119724  -0.26595   1.00454
   59.7683    0.1719 -0.123746 0.0555993 -0.121555 -0.265705  0.999904
   59.7726   0.16391 -0.108299 0.0673172 -0.119724 -0.261555  0.987941
   59.7782  0.145801  -0.10031 0.0758393 -0.115329 -0.257649  0.976588
   59.7823  0.117039 -0.101375 0.0843614 -0.111911 -0.256672  0.974513
   59.7884 0.0856132 -0.109365  0.102471 -0.111179 -0.259846   0.98379
   59.7924 0.0456658  -0.12055  0.115787 -0.113498 -0.264241  0.996608
   59.7983 0.00784894  -0.132801   0.125374 -0.117405  -0.26656   1.00552
   59.8023 -0.0203806  -0.142921   0.137092 -0.122898  -0.26363   1.00442
   59.8083 -0.0464795  -0.147714   0.141886 -0.128025 -0.254841  0.991603
   59.8125 -0.0672522  -0.146116   0.146679 -0.127048 -0.246296   0.97549
   59.8183 -0.080568 -0.142388  0.156267 -0.120212 -0.243367  0.966334
   59.8227 -0.0928186  -0.138659    0.16106 -0.115085 -0.244953  0.967555
   59.8281 -0.104536 -0.132268  0.166919 -0.116428 -0.247883  0.976588
   59.8326 -0.111993 -0.124278  0.177039 -0.120823 -0.249714  0.985499
   59.8382 -0.123179 -0.115224  0.179703  -0.12302 -0.248493   0.98611
   59.8425 -0.133831 -0.107234    0.1813 -0.118869 -0.245808  0.977931
   59.8483 -0.142886 -0.103506  0.180235  -0.10947 -0.244831  0.965846
   59.8527 -0.159398 -0.103506  0.170648 -0.103122 -0.246907    0.9584
   59.8582 -0.175909 -0.104038  0.164256 -0.103244   -0.2524  0.959865
   59.8625  -0.19029 -0.103506  0.159995 -0.108982 -0.257038  0.965724
   59.8683 -0.205737 -0.100843  0.155202 -0.117893  -0.25655  0.969508
   59.8729  -0.211063 -0.0971142   0.153071  -0.12424 -0.252644  0.964503
   59.8783   -0.21053 -0.0939184   0.154669 -0.125949  -0.25008   0.95132
   59.8823  -0.211063 -0.0917879   0.154669 -0.122043  -0.24886  0.937648
   59.8883  -0.203073 -0.0955163   0.155734 -0.114597 -0.246418  0.931422
   59.8926 -0.192421 -0.104038  0.162658 -0.107395 -0.248249  0.934962
   59.8983 -0.187627 -0.114158  0.165854 -0.103855 -0.253865  0.942653
   59.9026 -0.183899 -0.124811  0.169583 -0.106662 -0.257038  0.948146
   59.9081 -0.178572 -0.135464  0.174376 -0.108005 -0.256306  0.945827
   59.9126 -0.176974 -0.146649  0.168517 -0.101047 -0.251057  0.934962
   59.9182 -0.169518   -0.1589  0.161593 -0.088718 -0.244465  0.923366
   59.9226  -0.14981 -0.170085  0.159995 -0.0760227  -0.244099   0.920314
   59.9284 -0.135429 -0.176476  0.148277 -0.0679661  -0.252034   0.926906
   59.9325 -0.126374 -0.178074  0.132831 -0.0680882  -0.261555   0.937404
   59.9383 -0.117852 -0.173281  0.123244 -0.0749241  -0.265583    0.94485
   59.9424 -0.115189  -0.16103  0.112591 -0.0813938  -0.261677   0.945216
   59.9483 -0.108798 -0.145051   0.10833 -0.0804173   -0.25716   0.938991
   59.9527 -0.0986775  -0.129605   0.105134 -0.0735813  -0.256916   0.930812
   59.9583 -0.0885575  -0.116822  0.0982099 -0.0685764  -0.259846   0.928615
   59.9626 -0.0731112  -0.106169  0.0950141 -0.0679661   -0.26656   0.933986
   59.9683 -0.060328 -0.094451 0.0934162 -0.0722385   -0.27303   0.942897
    59.973 -0.0518059 -0.0806026  0.0950141 -0.0812717  -0.275471   0.949367
   59.9781 -0.0374248 -0.0635584   0.103536 -0.0914036  -0.273274   0.947291
   59.9826 -0.0161195  -0.043851   0.112591 -0.0984837  -0.267048   0.939845
   59.9883  0.0115774 -0.0246762   0.116852 -0.100559 -0.260823  0.933497
   59.9926  0.0461985 -0.0081646   0.128037 -0.100437 -0.258992  0.932277
   59.9983   0.078689 0.00728173   0.139223 -0.104587  -0.26363  0.938624
   60.0026  0.104788 0.0205975   0.14881 -0.116062 -0.269612  0.949733
   60.0083  0.118104 0.0317828  0.162126 -0.130832 -0.271809  0.957423
   60.0126  0.125028 0.0403049  0.170648 -0.145481 -0.267903  0.956935
   60.0183  0.135681 0.0450986    0.1813  -0.15781 -0.258137     0.949
   60.0225  0.149529 0.0450986  0.196214 -0.162448 -0.250935  0.940333
   60.0284  0.167639 0.0355112   0.19941 -0.162571 -0.250691  0.938869
   60.0325  0.181487 0.0221954  0.193018 -0.170139 -0.253498  0.943385
   60.0384  0.185748 0.0152712  0.189823 -0.187229 -0.255451  0.952296
   60.0425  0.186813 0.0142059  0.188757 -0.203098 -0.253987  0.964015
   60.0484  0.196933 0.0147386  0.189823 -0.210422 -0.247395  0.972926
   60.0525  0.216108 0.0126081  0.190355 -0.208835  -0.23824  0.976588
   60.0583  0.235283 0.0051512  0.184496 -0.202365 -0.230793  0.977199
   60.0626   0.256588 -0.0081646   0.179703 -0.194797 -0.229084  0.982448
   60.0683   0.282687 -0.0262741   0.175442 -0.187229   -0.2347  0.994899
   60.0729   0.298134 -0.0449162   0.163724 -0.186008 -0.244343   1.00613
   60.0784  0.292807 -0.058232  0.149343  -0.19199 -0.252644   1.01028
   60.0824  0.274698 -0.064091  0.137625  -0.19907 -0.257038   1.00418
   60.0883   0.247001 -0.0646236   0.126972 -0.202854 -0.259236  0.989162
   60.0927   0.207586 -0.0630257   0.117385 -0.201145 -0.260212  0.975246
   60.0983   0.166041 -0.0651563   0.116852 -0.196384 -0.260456  0.972316
   60.1025   0.129822 -0.0736784   0.123776 -0.193332 -0.264118  0.982204
   60.1083   0.10106 -0.084331  0.134429 -0.196384 -0.270466  0.996608
   60.1127  0.0781564 -0.0885921   0.146147 -0.205906 -0.274372   1.00589
   60.1181   0.064308 -0.0837984   0.161593 -0.218845 -0.272785   1.00503
   60.1226  0.0611122 -0.0699499   0.182366 -0.227756 -0.265217  0.994166
   60.1283  0.0632427 -0.0518404   0.203671 -0.225681 -0.257038  0.980006
   60.1325  0.0733627 -0.0358615   0.228172 -0.215915 -0.254231  0.970851
   60.1383  0.0781564 -0.0230783   0.249477 -0.207126 -0.258259  0.969386
   60.1425   0.068569 -0.0145562   0.263326 -0.203464 -0.265217   0.97317
   60.1483  0.0563185 -0.0113604   0.279837 -0.202121 -0.267659  0.976955
   60.1525  0.0403395 -0.0113604   0.293686 -0.200046 -0.262776  0.974879
   60.1583 0.0190342 -0.011893  0.300077 -0.195163  -0.25594  0.966701
   60.1629 0.00625105 -0.0129583   0.308067 -0.186374 -0.251301  0.956203
   60.1684 -0.00493423  -0.0156215    0.310198 -0.177951 -0.249226  0.950587
   60.1728 -0.0161195 -0.0188172   0.311263 -0.173069 -0.250202  0.954127
   60.1784 -0.0225111 -0.0182846   0.315524 -0.172947 -0.251667  0.961696
   60.1824 -0.0214458 -0.0140236   0.317654 -0.176487 -0.251423  0.965724
   60.1883  -0.0123911 -0.00603408    0.320318 -0.178562 -0.248005  0.960475
   60.1926 -0.0044016 0.00461857   0.316056 -0.175266 -0.241169  0.946803
   60.1983 0.00784894  0.0168691     0.3086 -0.167575 -0.233967  0.932521
   60.2026 0.0264911 0.0317828  0.302741 -0.159275 -0.229084  0.923488
   60.2082 0.0403395  0.048827  0.295284 -0.153049 -0.230549  0.922511
   60.2125 0.0488616 0.0658713  0.292088 -0.152561 -0.236042  0.927516
   60.2183 0.0504595 0.0818502  0.291023 -0.157444 -0.239582  0.930324
   60.2226 0.0403395 0.0956987  0.285164 -0.162815 -0.236653  0.927272
   60.2283 0.0339479  0.106351  0.281968 -0.165622 -0.227497  0.919215
   60.2326 0.0392742  0.114341  0.286229  -0.16428 -0.219319  0.911159
   60.2383 0.0515248  0.118069   0.29049 -0.158908 -0.216755   0.90945
   60.2425 0.0669711  0.117537  0.289425 -0.154514 -0.218342  0.913844
   60.2484 0.0797543  0.113808   0.28836 -0.155979 -0.220906  0.921046
   60.2525 0.0840154  0.109014  0.289425 -0.162571 -0.221638  0.927272
   60.2584 0.0834827  0.105819  0.285696 -0.170993 -0.216999  0.927272
   60.2623 0.0829501  0.104221  0.278772 -0.176609 -0.208699  0.921413
   60.2684 0.0909396  0.102623  0.272913  -0.17612 -0.200276  0.915797
   60.2729  0.105321 0.0978292  0.261195 -0.172824 -0.195759  0.917384
   60.2784 0.114375 0.090905 0.240955 -0.170871  -0.19759  0.928126
   60.2825  0.123963 0.0813176  0.222313 -0.173435 -0.200032  0.942531
   60.2883  0.134083 0.0695997  0.206334 -0.180515 -0.199177  0.955714
   60.2926  0.148996 0.0594797  0.190888 -0.186863  -0.19405  0.961085
   60.2983  0.172432 0.0504249  0.176507 -0.188205 -0.186238  0.956203
   60.3027  0.196401 0.0408376   0.15893 -0.183323 -0.181599  0.947536
   60.3083  0.221967 0.0301849  0.142418 -0.176853 -0.183308  0.942775
   60.3126  0.242207 0.0195323  0.126972   -0.1749 -0.189167  0.946559
   60.3184  0.250729 0.0110102  0.110993 -0.179782 -0.195027  0.957423
   60.3225   0.248066 0.00621647  0.0992751 -0.190036 -0.199421  0.966212
   60.3284   0.239544 0.00355331  0.0950141 -0.201511 -0.200642   0.96548
   60.3325    0.224098 -0.00230565   0.0928835 -0.207492 -0.197956  0.958522
   60.3384   0.201194 -0.0150888  0.0934162 -0.203952 -0.193318  0.952418
   60.3426   0.176693 -0.0347962  0.0982099 -0.194431  -0.19051  0.953639
   60.3485   0.146866 -0.0598299  0.0960793 -0.185276  -0.19344  0.963283
   60.3525   0.115973 -0.0875268  0.0902204 -0.182346 -0.200764  0.976222
   60.3582 0.0909396 -0.113093 0.0875572  -0.18613 -0.204792  0.986842
   60.3623 0.0632427 -0.128539 0.0785025 -0.191013 -0.201496  0.988917
   60.3684  0.038209 -0.134931 0.0662519 -0.191379 -0.196492  0.981959
   60.3723 0.0232953 -0.137594 0.0566645  -0.18552 -0.194905  0.972316
   60.3783 0.00944684  -0.136529  0.0417508 -0.176609 -0.196614  0.967799
   60.3825 -0.00227107   -0.135464   0.0289677 -0.169895 -0.203205  0.972926
   60.3883  -0.01825 -0.133866 0.0188477 -0.168064 -0.213093  0.983424
   60.3926  -0.050208  -0.131203 0.00446659 -0.170871 -0.222004  0.991115
   60.3983   -0.086427   -0.131203 -0.00245763 -0.175632 -0.226887  0.991115
   60.4025   -0.121048   -0.131203 -0.00245763 -0.178806 -0.226887  0.984401
   60.4083   -0.156202    -0.13067 -0.00405553 -0.176975 -0.225178  0.976222
   60.4126  -0.178572  -0.133333 0.00180343 -0.171482  -0.22469  0.973048
   60.4183 -0.192953 -0.140257 0.0167171 -0.168796 -0.227986  0.977931
   60.4226 -0.211596 -0.151443 0.0337614 -0.170871 -0.234333  0.987819
   60.4282 -0.235564 -0.164226 0.0524035 -0.175754 -0.239338  0.996486
   60.4325 -0.257935 -0.176476 0.0699804 -0.181125 -0.237507   1.00088
   60.4383 -0.268055 -0.187662 0.0864919 -0.181858 -0.230793  0.999415
   60.4425 -0.263793 -0.196184  0.104069 -0.174778 -0.226521  0.992702
   60.4483 -0.249945 -0.202043  0.115787 -0.164524 -0.227986  0.988063
   60.4525 -0.235564 -0.206836  0.121646 -0.155613 -0.233479  0.989772
   60.4583 -0.224911 -0.210032  0.124309 -0.150852 -0.240559  0.994533
   60.4626 -0.216922   -0.2095  0.125374 -0.152073 -0.246662  0.996974
   60.4684 -0.212128 -0.205771   0.12857  -0.15488 -0.246296  0.992946
   60.4726 -0.208932 -0.200977  0.129635 -0.154392 -0.240315  0.985133
   60.4783  -0.20041 -0.197782  0.126972 -0.148899 -0.235432  0.978664
   60.4826  -0.18017 -0.197782  0.129103 -0.141086 -0.234822  0.978175
   60.4883 -0.158332 -0.200445  0.131233 -0.136081 -0.237873  0.987453
   60.4927 -0.137027 -0.204173  0.133364 -0.135715 -0.241413     1.001
   60.4983 -0.105602 -0.206304  0.144549  -0.14011 -0.243122   1.00979
   60.5028 -0.0800354  -0.202575   0.152006 -0.146213 -0.242756   1.00772
   60.5084 -0.0592627  -0.194586   0.159463 -0.148044 -0.242024  0.994289
   60.5126 -0.0384901  -0.186064   0.170648 -0.144138 -0.241413  0.975612
   60.5184 -0.034229  -0.18127  0.171713 -0.136448 -0.241902  0.962428
   60.5226 -0.0352943  -0.183401   0.174376 -0.130222 -0.245442  0.961085
   60.5282 -0.0347616  -0.190857   0.184496 -0.130222 -0.248738  0.969874
   60.5325 -0.0406206   -0.19938   0.188225 -0.134006 -0.250202  0.981349
   60.5383 -0.0427511  -0.207369   0.191421 -0.139133 -0.248616  0.985744
   60.5425 -0.0363595  -0.216424   0.194084 -0.141574 -0.242756  0.980495
   60.5483 -0.0267722  -0.226544   0.188757 -0.138889   -0.2347  0.970485
   60.5525 -0.00919529   -0.237196    0.188757 -0.132663 -0.230061  0.964137
   60.5583 0.0115774 -0.248914  0.196747 -0.123508 -0.233601  0.964503
   60.5625 0.0185016 -0.261698  0.196747 -0.114963 -0.242146  0.968654
   60.5684 0.0169037 -0.273415  0.194084 -0.110324 -0.249104  0.971095
    60.573 0.0158384 -0.279807  0.192486 -0.110569 -0.250935  0.965236
   60.5781 0.00252262  -0.277144   0.184496 -0.112033 -0.249226  0.951686
   60.5826  -0.01825 -0.267024  0.178637 -0.107883 -0.247395  0.936427
   60.5883 -0.0406206  -0.252643   0.174376 -0.100315 -0.247883  0.927516
   60.5926 -0.0683175  -0.236664   0.168517 -0.0965305  -0.249714   0.929957
   60.5983 -0.0917533   -0.21962   0.170648 -0.0981174  -0.250813   0.940089
   60.6025 -0.114124 -0.200977  0.175442 -0.103855 -0.250813  0.950099
   60.6083 -0.133299 -0.182868  0.173311 -0.109104 -0.247273  0.952174
   60.6128 -0.140755 -0.167422  0.172778 -0.109348 -0.238362  0.943996
   60.6184 -0.140223 -0.157834  0.174909 -0.104953 -0.230915  0.930568
   60.6225 -0.138092 -0.154638  0.173311 -0.0982395  -0.228962   0.923244
   60.6284 -0.133831 -0.153041  0.170115 -0.0945774  -0.230671   0.927516
   60.6325 -0.121581 -0.151975  0.166919 -0.0978733   -0.23238   0.939357
   60.6384 -0.102939 -0.148247  0.164789  -0.10532 -0.230427  0.951442
   60.6425 -0.0795027  -0.138127   0.162658 -0.111545 -0.225666  0.953883
   60.6483 -0.0539364  -0.125344   0.158397 -0.114109 -0.220661  0.945949
   60.6525 -0.0310332  -0.114691   0.152006 -0.112033 -0.216511  0.933986
   60.6584 -0.0145216  -0.108832   0.145614 -0.105442  -0.21407  0.926295
   60.6626 -0.00173844   -0.111495    0.141353 -0.097263 -0.215412  0.927394
   60.6684 0.0110447 -0.120017  0.137625 -0.0925022  -0.217732   0.933131
   60.6731 0.0142405 -0.131203  0.129103 -0.0923801  -0.217121   0.936671
   60.6782 0.0163711 -0.145051  0.121113 -0.0933567  -0.211872   0.932643
   60.6824 0.0259584 -0.157302  0.115787 -0.0910374  -0.203816   0.922267
   60.6883 0.0360784 -0.164758  0.104601 -0.0844456  -0.197712   0.911037
   60.6927 0.0541879 -0.165291 0.0950141 -0.0784641  -0.195881   0.904567
   60.6984 0.0738953   -0.1589 0.0902204 -0.0773655  -0.199787   0.907497
   60.7024 0.0781564 -0.146649 0.0779698 -0.0821262  -0.205403    0.91714
   60.7083 0.0738953 -0.129605 0.0651867 -0.0926243  -0.206135   0.927028
    60.713 0.0733627  -0.11043 0.0598603 -0.104343 -0.201252  0.931789
   60.7181  0.0701669 -0.0933858  0.0508056 -0.111179 -0.194172  0.928493
   60.7226  0.0722974 -0.0827331  0.0406856 -0.112278 -0.189778  0.922267
   60.7282  0.0818848 -0.0806026  0.0321635 -0.110569 -0.189534  0.920436
   60.7325  0.0898743 -0.0875268   0.018315 -0.111911 -0.191731  0.925441
   60.7383  0.0983964 -0.0997774 0.00712975  -0.12009 -0.194905   0.93716
   60.7425   0.108516  -0.112561 0.00286869 -0.130466 -0.195515  0.950221
   60.7483    0.119169   -0.126409 0.000205532 -0.136814 -0.193074  0.955348
   60.7526    0.127159   -0.140257 0.000205532 -0.137546 -0.189534  0.951808
   60.7583   0.136746  -0.153041 0.00180343 -0.132419 -0.185749   0.94546
   60.7626   0.146333  -0.165824 0.00553185 -0.124118 -0.187458  0.943141
   60.7684  0.155921 -0.179672 0.0129887 -0.117649 -0.196492  0.947658
   60.7725  0.155921 -0.192455  0.018315 -0.118625 -0.204792  0.956203
   60.7783 0.142605 -0.20151 0.018315 -0.125095 -0.206623  0.963283
   60.7826  0.130887 -0.207902 0.0220435 -0.128147 -0.203205  0.961696
   60.7883  0.120767 -0.212695  0.028435 -0.126438 -0.197834  0.951442
   60.7927  0.108516 -0.215359 0.0310982 -0.121677 -0.194905  0.938502
   60.7984 0.0967985 -0.219087 0.0385551 -0.112278 -0.198323  0.930324
   60.8024 0.0781564 -0.225479 0.0449466 -0.0999485  -0.208943   0.931789
   60.8083 0.0456658 -0.228674 0.0449466 -0.0915257  -0.221028   0.938624
   60.8131 0.00571841  -0.226011  0.0481424 -0.0925022  -0.227253   0.944484
   60.8183 -0.0326311  -0.215891   0.054534 -0.0995823  -0.225056   0.947047
   60.8226 -0.0656543  -0.195119  0.0609256 -0.107029 -0.215168  0.945705
   60.8282 -0.0795027  -0.166889  0.0737088 -0.110569 -0.205036  0.943141
   60.8326 -0.0725785  -0.137062  0.0912856 -0.108738 -0.201496  0.945582
   60.8382 -0.0624585  -0.108299    0.10833  -0.10654 -0.204182  0.954982
   60.8425 -0.0581975 -0.0848637   0.124841 -0.107395 -0.210408  0.966579
   60.8483 -0.0651217 -0.0699499   0.137092 -0.112033 -0.215901  0.974757
   60.8526 -0.0811006 -0.0630257   0.144549 -0.118625 -0.215901  0.974635
   60.8584 -0.0938838 -0.0646236   0.154669 -0.122654 -0.211018  0.968532
   60.8625  -0.104004 -0.0720805   0.160528 -0.121921 -0.205036  0.960719
   60.8684   -0.11732 -0.0832658   0.153604  -0.11655 -0.200764  0.956203
   60.8725  -0.122646 -0.0992447    0.15094 -0.109958 -0.199787  0.960231
   60.8783 -0.121048 -0.116822   0.15094 -0.106907 -0.199787   0.96963
   60.8826 -0.121581 -0.131203  0.146147 -0.107639 -0.199177  0.976832
   60.8884 -0.114124 -0.139725  0.143484 -0.108371  -0.19698  0.975368
   60.8923 -0.101341 -0.142388  0.135494 -0.105442 -0.193196  0.964503
   60.8983 -0.0928186   -0.14079   0.119515 -0.0982395  -0.190022   0.950465
   60.9026 -0.076307 -0.136529   0.10833 -0.088596 -0.189289  0.942409
   60.9083 -0.060328 -0.128539   0.10034 -0.0813938  -0.193196   0.943996
   60.9125 -0.0597953  -0.116822  0.0859593 -0.0801731  -0.200886   0.951808
   60.9183 -0.0656543  -0.105104  0.0779698 -0.0843235  -0.208699    0.95901
   60.9228 -0.0789701  -0.094451  0.0710456 -0.0898167  -0.211384   0.959621
   60.9283 -0.0992101 -0.0859289  0.0566646 -0.0926243   -0.20821   0.952785
   60.9326  -0.111993 -0.0806026  0.0476098 -0.0912815   -0.20467   0.944362
   60.9384  -0.119983 -0.0784721  0.0374898 -0.0867649  -0.203938   0.942042
   60.9425  -0.124244 -0.0811352  0.0252392 -0.0831028  -0.206745   0.949245
   60.9483  -0.116787 -0.0859289  0.0236414 -0.0839573  -0.211506   0.962428
   60.9526  -0.106667 -0.0891247  0.0263045 -0.0890842  -0.215412   0.973903
   60.9585 -0.0981449 -0.0891247  0.0289677 -0.0942112  -0.214924   0.977321
   60.9626 -0.0858943 -0.0875268  0.0326961 -0.095676  -0.21175  0.973048
   60.9684 -0.0672522 -0.0848636  0.0337614 -0.0923801  -0.210285    0.96548
   60.9729 -0.0486101   -0.08007  0.0326961 -0.0879856  -0.211994   0.961207
   60.9783  -0.034229 -0.0736784  0.0289677 -0.0871311  -0.216267   0.965236
   60.9827 -0.0214458 -0.0656889  0.0289677 -0.0910374  -0.220173   0.974147
   60.9884 -0.0107932 -0.0587647  0.0310982 -0.0968967  -0.220661   0.982814
   60.9925 -0.0028037 -0.0545036  0.0321635 -0.102634 -0.218098  0.985255
   60.9983 0.00252262 -0.0529057  0.0300329 -0.106784 -0.214314  0.980495
   61.0026 0.0115774 -0.053971 0.0236414  -0.10593 -0.210163  0.974879
   61.0083  0.0264911 -0.0561015  0.0172498 -0.102756 -0.209187  0.975246
   61.0123  0.0398069 -0.0598299 0.00926028 -0.101657 -0.212727  0.984645
    61.018  0.0499269 -0.0651563 0.00446659 -0.104465  -0.21761  0.998317
   61.0226  0.0600469 -0.0704826 0.00659712 -0.111423 -0.219807    1.0104
   61.0284  0.0648406  -0.074211 0.00659712 -0.117771 -0.219807   1.01528
   61.0326  0.0691017 -0.0774068 0.00180343 -0.117282 -0.219075   1.00967
   61.0382   0.0829501  -0.0848636 0.000205532 -0.110202  -0.21761  0.998317
   61.0425   0.0962659  -0.0960489 -0.00458816  -0.10178 -0.217243  0.991969
   61.0484    0.109049   -0.108832 -0.00831658 -0.0950657  -0.220906   0.994533
   61.0525    0.120234   -0.122681 -0.00352289 -0.0933567  -0.227009    1.00247
   61.0583    0.116506   -0.133333 0.000738166 -0.0966526  -0.232014    1.01223
   61.0627   0.111712  -0.140257 0.00979291 -0.0992161  -0.233357    1.01748
   61.0684  0.111712 -0.145051 0.0225761 -0.0979954  -0.231648    1.01504
   61.0729   0.10319 -0.147182 0.0305656 -0.0940891  -0.231037    1.00711
   61.0783 0.0877438 -0.149845 0.0417508 -0.0893284  -0.232014     1.0021
   61.0827 0.0733627 -0.153573 0.0635888 -0.0860325  -0.235188    1.00613
   61.0884 0.0547206 -0.155704 0.0848941 -0.0878635  -0.240315    1.01528
   61.0924 0.0302195 -0.154638   0.10034 -0.0953098  -0.243244     1.0231
   61.0983 0.00784894  -0.153573   0.113124 -0.101657 -0.240315   1.02383
   61.1027 -0.0012058  -0.154638   0.123776 -0.100681 -0.233235   1.01528
   61.1084 -0.0028037  -0.155704   0.126439 -0.0949436   -0.22823    1.00003
   61.1124 -0.0044016  -0.157834   0.122178 -0.0893284  -0.226155   0.987453
   61.1184 -0.00333633    -0.16103    0.126439 -0.0861546  -0.227497   0.985011
   61.1224 -0.0102606  -0.162628     0.1307 -0.0871311  -0.232258   0.990871
   61.1284 -0.0235764   -0.16103   0.131233 -0.0912815  -0.237019   0.998927
   61.1326 -0.0347616  -0.158367   0.132831 -0.0942112  -0.239582    1.00039
   61.1385 -0.0470122  -0.154106   0.125374 -0.0905491  -0.239216   0.991847
   61.1426 -0.060328 -0.149845  0.107797 -0.0787083  -0.239094   0.977565
   61.1484 -0.0693827  -0.149845  0.0918183 -0.0652805   -0.24178   0.965358
   61.1525 -0.086427 -0.148247 0.0737088 -0.0588108  -0.246418    0.96194
   61.1584 -0.110395 -0.142921 0.0555993 -0.0633274  -0.250691   0.967555
   61.1625 -0.123179 -0.136529 0.0540014 -0.0746799  -0.252766    0.97671
   61.1684 -0.134364 -0.129072 0.0555993 -0.083469 -0.250691  0.982204
   61.1731 -0.140223 -0.125876 0.0571972 -0.0853001  -0.246296   0.981349
   61.1785 -0.130103 -0.129605  0.064654 -0.0823704  -0.243489   0.976466
   61.1825 -0.116254 -0.137594 0.0630561 -0.0783421   -0.24239   0.972682
   61.1884 -0.104536 -0.147714  0.060393 -0.0755344  -0.243611   0.974147
   61.1924 -0.101341 -0.157834 0.0673172 -0.0745579  -0.248371   0.978175
   61.1983  -0.11732 -0.164758 0.0731761 -0.0771214  -0.254475   0.978664
   61.2027 -0.145549 -0.168487  0.080633 -0.0790745  -0.258381   0.974147
   61.2083 -0.172713 -0.170617 0.0934162 -0.0749241  -0.258015   0.966456
   61.2125 -0.204139 -0.173281  0.102471 -0.0669895  -0.257771   0.958156
   61.2184 -0.231836 -0.184466   0.11046 -0.0571018  -0.259968   0.955836
   61.2224 -0.249412 -0.202575  0.122178 -0.0500217  -0.262165   0.964625
   61.2284 -0.267522 -0.222283  0.129103 -0.0495335  -0.264241    0.98025
   61.2326 -0.280305 -0.243055  0.137092 -0.0535618  -0.264729   0.993678
   61.2383  -0.27924 -0.259567  0.148277 -0.0592991  -0.262898   0.996608
   61.2427  -0.26912 -0.268089  0.152538 -0.0629612   -0.26009   0.987208
   61.2484 -0.252608 -0.268089  0.156267 -0.0613743  -0.257405   0.970607
   61.2525 -0.225977 -0.263295  0.162126 -0.0552708   -0.25655   0.956691
   61.2584 -0.203606 -0.255306  0.164256 -0.0498997  -0.260212    0.95193
   61.2625 -0.191888 -0.244121  0.164789 -0.0506321   -0.26717   0.954005
   61.2684 -0.183366 -0.232935  0.166387 -0.0552708  -0.272663   0.958522
   61.2731 -0.182301 -0.222283  0.162126 -0.0588108  -0.271443   0.959743
   61.2783  -0.17804 -0.214826  0.157332 -0.0583225  -0.263508   0.956813
   61.2825 -0.159398 -0.210565  0.157865 -0.048801 -0.258015  0.952663
   61.2884 -0.135429 -0.206836  0.151473 -0.0314671   -0.25948   0.950709
   61.2926 -0.113591 -0.203108  0.139223 -0.0180393  -0.265705   0.954616
   61.2984 -0.0933512  -0.195651   0.129103 -0.0162083  -0.272541   0.962306
   61.3025 -0.0779049   -0.18127   0.124309 -0.0246311  -0.275471   0.969386
   61.3084 -0.0693827  -0.159432   0.127505 -0.0346409  -0.273274   0.970241
   61.3126 -0.0597954  -0.135464   0.138157 -0.038303 -0.267414  0.963161
   61.3183 -0.0491427  -0.116289    0.15094 -0.0358616  -0.263142   0.953639
   61.3226 -0.0384901  -0.104038   0.160528 -0.0307346  -0.262287   0.949367
   61.3285 -0.0315658 -0.0997773   0.166919 -0.0273167  -0.262532   0.956447
   61.3326 -0.024109 -0.104038  0.173311 -0.027927 -0.261799  0.973537
   61.3382 -0.00919529   -0.112028    0.181833 -0.0341526  -0.258869   0.991359
   61.3426 0.00838157  -0.115756   0.189823 -0.0424534  -0.252888   0.999538
   61.3484 0.0307521 -0.114691  0.196214 -0.0456272  -0.245442   0.995265
   61.3525 0.0536553  -0.11043  0.202073 -0.0444065  -0.239949    0.98318
   61.3584 0.0754932 -0.101908  0.208465 -0.041721 -0.237141  0.972926
   61.3625  0.0941354 -0.0912552   0.214324 -0.0384251  -0.237995   0.970973
   61.3684    0.10106 -0.0816679   0.217519 -0.0373264  -0.239826    0.97671
   61.3726    0.10106 -0.0747436   0.221248 -0.0415989  -0.240925   0.983913
   61.3783   0.100527 -0.0710152   0.222313 -0.0462376  -0.240437   0.985622
   61.3825   0.101592 -0.0694173   0.216987 -0.0455051  -0.236042   0.981349
   61.3884   0.109582 -0.0704826   0.208465 -0.0420872  -0.230549   0.974147
   61.3926    0.12343 -0.0731457    0.19941 -0.0379368  -0.228108   0.969752
   61.3984  0.128756 -0.074211  0.185562 -0.0356174  -0.229573   0.973292
   61.4025   0.130887 -0.0763415   0.174909 -0.0379368  -0.230183   0.983302
   61.4083   0.139942 -0.0795373   0.178637 -0.0445286  -0.227131   0.993922
   61.4126    0.14367 -0.0795373   0.182366 -0.0498997  -0.223347   0.996974
   61.4184   0.148464 -0.0795373   0.185029 -0.0483128  -0.219319   0.987697
   61.4225   0.156986 -0.0822005   0.190888 -0.0423313   -0.21529   0.972804
   61.4284   0.158584 -0.0848637    0.18929 -0.0351292  -0.214436   0.962672
   61.4333   0.155921 -0.0853963   0.188225 -0.0278049  -0.218342   0.962428
   61.4382   0.150594 -0.0822005   0.188757 -0.0253635  -0.224446    0.96902
   61.4427   0.138344 -0.0763415   0.185029 -0.0306126   -0.22823   0.974391
   61.4484  0.119169 -0.068352  0.182366 -0.0385471  -0.228108   0.971583
   61.4525  0.0930701 -0.0603626   0.182366 -0.0430637  -0.223591   0.960719
   61.4583  0.0659059 -0.0571668   0.182898 -0.040134 -0.215779  0.946803
   61.4627    0.04247 -0.0603626   0.180235 -0.0332981  -0.210285    0.93716
   61.4684    0.02223 -0.0672868   0.177039 -0.029636 -0.211506  0.936183
   61.4725 0.00412052 -0.0736784   0.178637 -0.0319553  -0.216145     0.9407
   61.4784 -0.0145216 -0.0774068     0.1813 -0.0387913  -0.218586   0.946315
   61.4824 -0.0310332 -0.0768742   0.180235 -0.0444065  -0.216267    0.94778
   61.4882 -0.0379574 -0.0710152   0.178637 -0.0462376  -0.210163   0.943751
   61.4925 -0.0347616 -0.0630257   0.175974 -0.0470921  -0.204914   0.936183
   61.4983 -0.0294353 -0.0550362   0.175442 -0.0447727  -0.203083   0.932765
   61.5026 -0.0219785 -0.0502426   0.175442 -0.0373264  -0.205769   0.939845
   61.5084 -0.0155869 -0.0497099   0.168517 -0.0309788  -0.211506   0.952907
   61.5126  -0.013989 -0.0486447   0.153604 -0.0285374  -0.216511   0.964137
   61.5183 -0.0129237 -0.0459815   0.136027 -0.0282932  -0.216633   0.966334
   61.5225 -0.0129237 -0.0443836   0.116852 -0.0273167  -0.211872    0.95901
   61.5284 -0.0123911 -0.0459815  0.0960793 -0.0242649  -0.206379   0.948512
   61.5326 -0.0118585 -0.0475794  0.0737088 -0.0202366  -0.202839   0.942897
   61.5384 -0.0059995 -0.0491773   0.060393 -0.0196262   -0.20345   0.946559
   61.5426 0.00198999 -0.0497099  0.0529361 -0.0214573  -0.207722   0.959743
   61.5484 0.00891421  -0.048112  0.0417508 -0.0263401  -0.211018   0.974025
   61.5526  0.0270237 -0.0459815  0.0380224 -0.0403782  -0.209675   0.977931
   61.5584   0.048329 -0.0369267  0.0374898 -0.0555149  -0.202717   0.971705
   61.5625  0.0664385 -0.0209478  0.0428161 -0.0611301  -0.192829    0.96133
   61.5684   0.0882764 -0.00656671   0.0587951 -0.0536839  -0.191487   0.953761
   61.5727    0.10319 0.00142278   0.070513 -0.0364719  -0.199055   0.957423
   61.5784   0.104788 0.00248804  0.0726435 -0.026096   -0.2076  0.971705
   61.5824    0.107451 -0.00230565   0.0774372 -0.0319553   -0.21468   0.987819
   61.5883     0.10319 -0.00922987    0.086492 -0.0430637  -0.216877   0.997829
   61.5926  0.0930701 -0.0161541  0.0928835 -0.0495335  -0.212727    1.00125
   61.5984  0.0952006 -0.0262741   0.101406 -0.0492893  -0.206013    1.00381
   61.6027   0.103723 -0.0411878   0.108863 -0.0436741  -0.200886    1.00979
   61.6083    0.11118 -0.0603626    0.11046 -0.0386692  -0.200276    1.02249
   61.6128   0.125028 -0.0837984   0.115254 -0.0389133  -0.203694     1.0386
   61.6184  0.136746 -0.107767   0.11845 -0.0448948  -0.204426    1.05093
   61.6228   0.14367 -0.125876  0.119515 -0.0519749  -0.198689     1.0541
   61.6282  0.163378 -0.135464  0.129103 -0.0546604  -0.189656    1.04507
   61.6326  0.184683 -0.136529  0.136559 -0.0538059  -0.184773    1.02847
   61.6382 0.200129 -0.13067 0.137092 -0.0496555  -0.186238    1.01565
   61.6425  0.215576 -0.121615   0.14082 -0.0424534  -0.192341    1.01419
   61.6484  0.221434 -0.113093  0.139755 -0.0361057  -0.200398    1.02322
   61.6526   0.22463 -0.105636  0.131766 -0.0354954   -0.20345     1.0364
   61.6585   0.239544 -0.0933858    0.12857 -0.0413548  -0.197956    1.04507
   61.6626   0.260317 -0.0731457   0.123776 -0.0475803  -0.188557    1.04397
   61.6684   0.288546 -0.0497099   0.123776 -0.0477024  -0.180622    1.03372
   61.6728   0.321037 -0.0300025   0.133896 -0.0405003  -0.177449    1.02188
   61.6783   0.337016 -0.0161541   0.136559 -0.0312229  -0.180378    1.01748
   61.6828   0.336483 -0.0081646   0.138157 -0.026218 -0.187336   1.01992
   61.6885    0.334352 -0.00603408    0.141886 -0.0253635  -0.191487    1.02188
   61.6925    0.312515 -0.00869724     0.14082 -0.0289036  -0.192463    1.02066
   61.6984   0.290677 -0.0113604   0.139755 -0.0324436   -0.19344    1.01944
   61.7026   0.269371 -0.0156215   0.133364 -0.0249973  -0.193318    1.00772
   61.7084    0.23262 -0.0225457   0.112591 -0.017551 -0.193196  0.995997
   61.7126   0.203858 -0.0262741  0.0859593 -0.0074192  -0.197102   0.995875
   61.7184   0.190542 -0.0273394  0.0737088 0.00271263  -0.201008   0.995753
   61.7226  0.154323 -0.022013 0.0513382 -0.010471 -0.200276   1.00344
   61.7284   0.118104 -0.0166867  0.0289677 -0.0236546  -0.199543    1.01113
   61.7326  0.0834827 0.00408594  0.0268371 -0.0409885  -0.185261     1.0043
   61.7382 0.0488616 0.0248586 0.0247066 -0.0583225  -0.170979   0.997462
   61.7425 0.0264911 0.0482944 0.0358919 -0.0551487  -0.169148   0.990626
   61.7484 0.00412052  0.0717302  0.0470772 -0.0519749  -0.167317    0.98379
   61.7526 -0.0129237  0.0754587  0.0486751 -0.0484348  -0.176228   0.995265
   61.7584 -0.0299679  0.0791871   0.050273 -0.0448948  -0.185139    1.00674
   61.7627 -0.0470122   0.074926  0.0476098 -0.0541721  -0.184651    1.01211
   61.7684 -0.0640564   0.070665  0.0449466 -0.0634495  -0.184162    1.01748
   61.7727 -0.0693827  0.0637407  0.0438814 -0.0619846  -0.179768    1.00881
   61.7784 -0.0747091  0.0568165  0.0428161 -0.0605198  -0.175373    1.00015
   61.7825 -0.0608606  0.0461639  0.0428161 -0.0599094  -0.176838    1.00405
   61.7884 -0.0470122  0.0355112  0.0428161 -0.0592991  -0.178303    1.00796
   61.7926 -0.0299679  0.0296523  0.0358919 -0.0696751  -0.178303     1.0209
   61.7984 -0.0129237  0.0237933  0.0289677 -0.080051 -0.178303   1.03384
   61.8025 0.0211647 0.0221954 0.0337614 -0.0894505  -0.169148    1.02639
   61.8084 0.0552532 0.0205975 0.0385551 -0.0988499  -0.159993    1.01895
   61.8127 0.0818848 0.0110102 0.0465445 -0.0883518  -0.163166    1.00454
   61.8184   0.108516 0.00142278   0.054534 -0.0778538   -0.16634   0.990138
   61.8224    0.120234 -0.00709934   0.0609256 -0.0789524  -0.171345   0.994777
   61.8282   0.131952 -0.0156215  0.0673172 -0.080051  -0.17635  0.999415
   61.8325    0.14154 -0.0198825  0.0795677 -0.085178 -0.177082  0.998805
   61.8384   0.151127 -0.0241436  0.0918183 -0.0903049  -0.177815   0.998195
   61.8425   0.154855 -0.0321331  0.0928835 -0.0876194   -0.17342   0.987208
   61.8484   0.158584 -0.0401225  0.0939488 -0.0849339  -0.169026   0.976222
   61.8526   0.171367 -0.0561015  0.0998078 -0.0794407  -0.172444   0.983913
   61.8584    0.18415 -0.0720805   0.105667 -0.0739475  -0.175862   0.991603
   61.8626   0.194803 -0.0848636   0.105134 -0.0783421  -0.180256    1.00332
   61.8684   0.205456 -0.0976468   0.104601 -0.0827366  -0.184651    1.01504
   61.8728  0.209717 -0.100843  0.112058 -0.0831028  -0.181111    1.00808
    61.878  0.213978 -0.104038  0.119515 -0.083469 -0.177571   1.00112
   61.8825  0.215043 -0.101908  0.124309 -0.0738255  -0.180378   0.993678
   61.8884   0.216108 -0.0997773   0.129103 -0.0641819  -0.183186   0.986232
   61.8928   0.217173 -0.0981795   0.131766 -0.0589329  -0.189045   0.990504
   61.8982   0.218239 -0.0965816   0.134429 -0.0536839  -0.194905   0.994777
   61.9026   0.209184 -0.0955163   0.141353 -0.0534397  -0.193074   0.988063
   61.9084  0.200129 -0.094451  0.148277 -0.0531956  -0.191243   0.981349
   61.9125   0.187346 -0.0885921   0.152006 -0.0514866  -0.185261   0.961818
   61.9184   0.174563 -0.0827331   0.155734 -0.0497776   -0.17928   0.942287
   61.9227   0.156986 -0.0704826    0.15094 -0.0478245   -0.18404   0.941188
   61.9284  0.139409 -0.058232  0.146147 -0.0458714  -0.188801   0.940089
   61.9328   0.122365 -0.0417204   0.148277 -0.0567356  -0.193806   0.954616
   61.9382   0.105321 -0.0252088   0.150408 -0.0675999  -0.198811   0.969142
   61.9426   0.0898743 -0.00177302    0.139223 -0.0724827  -0.195881   0.969508
   61.9484  0.074428 0.0216628  0.128037 -0.0773655  -0.192951   0.969874
   61.9525 0.0754932 0.0317828  0.115787 -0.0623508  -0.188557   0.966701
   61.9584 0.0765585 0.0419028  0.103536 -0.0473362  -0.184162   0.963527
   61.9626 0.0776238 0.0328481 0.0944814 -0.0413548  -0.190876   0.967555
   61.9684  0.078689 0.0237933 0.0854267 -0.0353733   -0.19759   0.971583
   61.9727 0.0669711 0.0195323 0.0763719 -0.0447727  -0.196003   0.967189
   61.9784 0.0552532 0.0152712 0.0673172 -0.0541721  -0.194416   0.962794
   61.9827 0.0398069 0.0264565 0.0614582 -0.0603977  -0.186848   0.950465
   61.9884 0.0243605 0.0376418 0.0555993 -0.0666233   -0.17928   0.938136
   61.9925 0.0206321 0.0525555 0.0593277 -0.0619846  -0.177815    0.94546
   61.9984 0.0169037 0.0674692 0.0630561 -0.057346  -0.17635  0.952785
   62.0025 0.0110447 0.0759913 0.0683825 -0.0564915  -0.173909   0.965358
   62.0084 0.00518578  0.0845134  0.0737088 -0.055637 -0.171467  0.977931
   62.0126 0.0137079 0.0855787 0.0870246 -0.0536839  -0.162556   0.966334
   62.0185   0.02223 0.0866439   0.10034 -0.0517307  -0.153645   0.954738
   62.0225 0.0142405 0.0898397  0.110993 -0.0479465   -0.15633   0.939845
   62.0284 0.00625105  0.0930355   0.121646 -0.0441624  -0.159016   0.924953
   62.0328 -0.0150542  0.0919703   0.116852 -0.0387913  -0.165974   0.932155
   62.0382 -0.0363595   0.090905   0.112058 -0.0334202  -0.172932   0.939357
   62.0426 -0.0523385  0.0914376   0.105134 -0.0384251  -0.168537   0.953517
   62.0484 -0.0683175  0.0919703  0.0982099 -0.0434299  -0.164143   0.967677
   62.0526 -0.0683175  0.0930355  0.0838288 -0.0466038  -0.159626   0.967799
   62.0584 -0.0683175  0.0941008  0.0694477 -0.0497776   -0.15511   0.967921
   62.0626 -0.0496753  0.0823829  0.0540014 -0.041843 -0.154988  0.974147
   62.0684 -0.0310332   0.070665  0.0385551 -0.0339085  -0.154866   0.980372
   62.0728 -0.0273048  0.0610776   0.034294 -0.0334202  -0.157063   0.985988
   62.0782 -0.0219785   0.038707  0.0247066 -0.0373264  -0.160969   0.994166
   62.0826 -0.0352943  0.0158038  0.0135213 -0.0489231  -0.158161   0.986354
   62.0884  -0.050208 0.00568383 0.00766239 -0.0561253  -0.153645   0.975978
   62.0927   -0.0720459 -0.000175121    0.0145866 -0.0501438  -0.155964   0.966945
   62.0984  -0.0938838 -0.00603408   0.0215108 -0.0441624  -0.158284   0.957912
   62.1025  -0.122646 -0.0097625  0.0279024 -0.0381809  -0.164875   0.963527
   62.1084  -0.151408 -0.0134909   0.034294 -0.0321995  -0.171467   0.969142
   62.1126  -0.17005 -0.011893 0.0476098 -0.0379368  -0.171467   0.970973
   62.1184  -0.188692 -0.0102951  0.0609256 -0.0436741  -0.171467   0.972804
   62.1225  -0.196149 -0.0113604  0.0870246 -0.0448948  -0.166951    0.96255
   62.1284  -0.203606 -0.0124257   0.113124 -0.0461155  -0.162434   0.952296
   62.1331 -0.200943 -0.017752  0.123244 -0.041843   -0.1628  0.951442
   62.1381  -0.191888 -0.0310678   0.147745 -0.0345188  -0.166096   0.954372
   62.1427  -0.178572 -0.0491773   0.177039 -0.0307346  -0.171345   0.964137
   62.1484  -0.171115 -0.0715478   0.198877 -0.0312229   -0.17342   0.974757
   62.1525 -0.171115 -0.106169  0.216987 -0.0351292  -0.170368   0.974147
   62.1584 -0.171648 -0.128539  0.228172 -0.0378147  -0.167561   0.968898
   62.1626 -0.173246 -0.144518  0.223911 -0.0204807  -0.169636   0.960597
   62.1684 -0.174844 -0.160497   0.21965 -0.00314674   -0.171711    0.952296
   62.1728 -0.173779 -0.163161  0.214324 0.00515404  -0.178791   0.955104
   62.1784 -0.174844 -0.162095  0.202073 0.0176052 -0.195881   0.96255
   62.1828 -0.184964 -0.145051  0.188225 0.0146755 -0.216877   0.96963
   62.1884 -0.198812 -0.106702  0.182366 -0.00351295   -0.232136    0.975856
   62.1926  -0.214791 -0.0486447   0.177572 -0.0221897  -0.230671   0.987086
   62.1984 -0.221716 0.0179344  0.172778 -0.0368382  -0.210285   0.996852
   62.2026 -0.217987 0.0754587    0.1813 -0.0429417  -0.194538   0.993556
   62.2084 -0.229172  0.110612  0.194084 -0.0342747  -0.205159   0.986598
   62.2126 -0.259532  0.122863  0.201541 -0.0230442   -0.22176    0.99258
   62.2184 -0.28936 0.119667 0.194084 -0.0173069  -0.222981    1.00967
   62.2225 -0.293088  0.106884  0.172778 -0.0163303   -0.21053    1.01919
   62.2284 -0.273381 0.0919703  0.156799 -0.0198704  -0.191853    1.00845
   62.2327 -0.249945 0.0818502  0.148277 -0.0217014  -0.178059   0.983668
   62.2384 -0.238227 0.0754587  0.136559 -0.0186497  -0.178547   0.958278
   62.2426 -0.242488 0.0701323   0.11845 -0.0153538   -0.19344    0.94192
   62.2484 -0.256337 0.0664039 0.0918183 -0.0203587  -0.213826   0.936671
   62.2526 -0.278175 0.0680018 0.0571972 -0.0359837  -0.226521   0.941432
   62.2584 -0.294686 0.0733281 0.0332287 -0.0536839  -0.226399   0.949855
   62.2625 -0.296817 0.0781218 0.0209782 -0.0645481  -0.217732   0.955226
   62.2684 -0.285099  0.080785 0.0129887 -0.0658909  -0.207722   0.957789
   62.2728 -0.256337 0.0791871  0.018315 -0.0582005  -0.203205   0.961207
   62.2782 -0.217454 0.0722629 0.0316308 -0.0466038  -0.205891   0.967433
   62.2826 -0.176442  0.060545 0.0470772 -0.0373264  -0.212727   0.975246
   62.2884 -0.146082  0.044566 0.0534688 -0.0325657  -0.216023   0.979762
   62.2929 -0.123179 0.0237933  0.050273 -0.0308567  -0.210408   0.974391
   62.2982  -0.108798 0.00142278   0.044414 -0.0303684  -0.199177   0.958522
   62.3026  -0.114656 -0.0166867  0.0316308 -0.0289036  -0.188557   0.936671
   62.3084  -0.136494 -0.0284046 0.00712975 -0.0259739  -0.183918   0.917872
   62.3126  -0.165789 -0.0353288 -0.0216324 -0.0346409  -0.182698   0.918727
   62.3185  -0.194019 -0.0422531  -0.054123 -0.048679  -0.17928  0.945582
   62.3225  -0.216922 -0.0592973  -0.100462 -0.0489231  -0.176472   0.976588
   62.3284 -0.225444 -0.094451 -0.152127 -0.0453831  -0.178303   0.988551
   62.3325 -0.234499 -0.138127 -0.217641 -0.0489231  -0.180744   0.981349
   62.3384 -0.247815  -0.17914 -0.290079 -0.0531956  -0.180622   0.966212
   62.3426 -0.249412 -0.216956 -0.347603 -0.0512424  -0.183308   0.950587
   62.3485 -0.254206 -0.251045 -0.402464 -0.0472141   -0.19466   0.937038
   62.3526 -0.279772 -0.278209 -0.453065 -0.0468479   -0.21468   0.926295
   62.3584 -0.317589 -0.299514 -0.493012 -0.0481907  -0.236409   0.920314
   62.3625 -0.350613 -0.313896 -0.527633 -0.0531956  -0.248371   0.920436
   62.3684 -0.366059 -0.317091 -0.547873 -0.0610081  -0.246174   0.924464
   62.3728  -0.35008  -0.31283 -0.540416 -0.0649143  -0.237873   0.928615
   62.3784 -0.304274 -0.301645 -0.500469 -0.0602757  -0.233479   0.937648
   62.3831 -0.236629 -0.287797  -0.44614 -0.0405003  -0.236775   0.956447
   62.3884 -0.158332 -0.277144 -0.398203 -0.0265842  -0.243855   0.977565
   62.3928 -0.0949491  -0.269687   -0.36305 -0.0368382  -0.248493   0.992335
   62.3984 -0.050208 -0.267557 -0.332157 -0.053928 -0.247517  0.996486
   62.4025 -0.0193153  -0.274481   -0.30233 -0.0580784  -0.244221   0.990504
   62.4084 -0.0123911  -0.294721  -0.290079 -0.045261 -0.240071  0.980983
   62.4126 -0.0187827   -0.33307  -0.292742 -0.026218 -0.232502  0.981349
   62.4184 -0.0193153  -0.386866  -0.299666 -0.0158421  -0.227131   0.992824
   62.4226 -0.0198479   -0.43427   -0.30233 -0.024509 -0.227864   1.00369
   62.4284 -0.0320985  -0.460369  -0.296471 -0.0311008  -0.228474     1.0104
   62.4326 -0.0496753  -0.471022  -0.287949 -0.0274387  -0.228352    1.00637
   62.4384 -0.0837638  -0.468359  -0.287949 -0.0188938  -0.231404   0.989039
   62.4428 -0.138092 -0.458771 -0.298601 0.00259056  -0.235066   0.970973
   62.4484 -0.195617 -0.453445 -0.313515 0.0270046 -0.237019  0.961574
   62.4526 -0.252076 -0.449717 -0.331624 0.0384792 -0.236775  0.964992
   62.4584 -0.298415 -0.440662 -0.341744 0.0318874 -0.234822    0.9761
   62.4625 -0.335699 -0.418291 -0.340146 0.0094265 -0.236897  0.982204
   62.4684 -0.367657 -0.379409 -0.330026 -0.0218235  -0.239094   0.980495
   62.4727 -0.384701 -0.329342  -0.31245 -0.0478245   -0.23238   0.977687
   62.4784 -0.378309  -0.28247  -0.29434 -0.0564915  -0.222126   0.974391
   62.4824 -0.355939  -0.25211 -0.273035 -0.0516087   -0.21761   0.969997
   62.4884 -0.337829 -0.245186 -0.245338 -0.0225559  -0.236409   0.961818
   62.4925 -0.355939 -0.272883 -0.229359 0.0177273 -0.286579     0.949
   62.4984 -0.421453  -0.32082 -0.215511 0.0141872 -0.334675  0.947291
   62.5028 -0.494423  -0.36343 -0.176628 -0.00754127   -0.348957    0.960353
   62.5084 -0.526914 -0.398584 -0.123898 -0.0148655  -0.328205   0.972438
   62.5125  -0.497086  -0.418824 -0.0573187 -0.0314671  -0.295246   0.973903
   62.5184 -0.431573 -0.411367 0.0273698 -0.0495335  -0.277668   0.964625
   62.5226 -0.364994 -0.379409  0.107265 -0.0531956   -0.28011   0.954738
   62.5284 -0.302676  -0.33307  0.171713 -0.0461155  -0.291218   0.950831
   62.5326 -0.259532  -0.28034  0.216454 -0.0325657  -0.300862   0.948146
   62.5384 -0.239825 -0.229207  0.244151 -0.012302 -0.303303   0.94424
   62.5426 -0.226509 -0.185531  0.253738 0.0130886 -0.295491  0.943141
   62.5484 -0.211063 -0.148247  0.238292 0.0333523 -0.282063  0.949245
   62.5526 -0.187627 -0.115224  0.208997 0.0431179 -0.272541  0.960353
   62.5584  -0.159398 -0.0859289   0.178637 0.0473904 -0.272053   0.97549
   62.5626  -0.146082 -0.0566341   0.146679 0.0488552 -0.278157    0.9938
   62.5684  -0.148745 -0.0273394   0.115787 0.0464138  -0.28426   1.01052
   62.5727   -0.151408 0.000890144     0.10034 0.0403103 -0.287068   1.01919
   62.5797 -0.158865 0.0317828 0.0912856 0.0318874 -0.287434   1.01602
   62.5825  -0.17005 0.0642734 0.0838288 0.0221218 -0.287434   1.00418
   62.5883  -0.18017 0.0967639 0.0880899 0.0177273 -0.291706  0.989284
   62.5924  -0.20041  0.128189 0.0950141 0.0160183 -0.301838  0.977443
