            0.400178 -0.214842  0.447407 0.0873286 -0.00202894 -0.00128995 -0.00159889 -0.000803088  0.000119636 -9.24792e-05  9.50331e-08   1.9693e-08 -9.95999e-08 1.04949e-08 6.62734e-09 8.37278e-09 1 0 0 8345
            0.500026 -0.30326 0.399735 0.116256 -0.00304507  0.00214589 -0.00499831 -0.0102685  0.0280468 -0.0289361  9.14968e-06  1.26204e-06 -1.30493e-08  1.17021e-06 -4.05992e-06   4.2092e-06 1 0 0 8460
            0.600023 -0.279233  0.391793 0.0943684 -0.00130974  0.00369203 -0.00613223 0.00781337  0.0203343 -0.0158057 1.26762e-05 1.23821e-06 3.95623e-06 -8.77787e-06 -1.76651e-06  -2.9002e-06 1 0 0 8405
            0.698873 -0.306908  0.398502  0.093332 -0.00120545 0.000703298 -0.00583866  0.00228816  -0.0108912 -0.00381751  2.01096e-05 -3.33644e-07  5.56072e-06 -2.87232e-06  3.10095e-05 -1.68028e-05 1 0 0 8297
            0.800081 -0.258661  0.407055 0.0937103 -0.00251049 0.000929989 -0.00568059  -0.00884721  -0.00219523 -0.000950398  2.17015e-05 -1.69216e-06  7.27303e-06  1.59745e-05  1.87293e-05 -2.06079e-05 1 0 0 8555
            0.899913 -0.266317  0.421145  0.116463 -0.00398179  0.00100753 -0.00494818   -0.0136381 -0.000346751   0.00481114  2.70702e-05 -3.50199e-06  7.76059e-06  2.35459e-05  1.45756e-05 -3.29552e-05 1 0 0 8440
            0.998685 -0.258658  0.423366  0.104002 -0.00458455  0.00137209 -0.00574072 -0.00934076  0.00262406 -0.00330956  3.17379e-05 -5.16706e-06  1.06704e-05 1.10219e-05  7.1037e-06 -1.2385e-05 1 0 0 8329
             1.10002 -0.245109  0.459439  0.110475  -0.0037355  0.00159375 -0.00569833  0.00400434   0.0024637 0.000708333  3.58707e-05 -9.81324e-06  1.22061e-05 -2.15213e-05  7.43322e-06 -2.16456e-05 1 0 0 8301
              1.1998 -0.301327  0.426127  0.105114  -0.00286888 -0.000122427  -0.00343556  0.0081323 -0.0117861  0.0169733  4.31638e-05 -9.15069e-06  1.44638e-05 -3.13905e-05  3.93861e-05 -6.00113e-05 1 0 0 8453
              1.2999 -0.266916   0.40274 0.0897432 -0.00127204 0.000211333 -0.00532208     0.011717 -0.000342468  -0.00814275  4.67362e-05 -9.14879e-06  1.74321e-05 -4.25096e-05  1.45743e-05  -5.0252e-07 1 0 0 8305
             1.39995 -0.268915  0.407677 0.0857754  -0.00121603 -0.000138788  -0.00618366  0.00202951 -0.00309668  -0.0090007  5.13444e-05 -9.72344e-06  1.95846e-05 -2.38545e-05  1.99765e-05  1.03125e-06 1 0 0 8396
             1.49987 -0.286215  0.422568 0.0940521 -0.00297784 0.000213295 -0.00632015  -0.0134798  0.00101947 -0.00464473  5.78815e-05 -1.01835e-05  2.10658e-05  8.93364e-06  1.06752e-05 -9.44024e-06 1 0 0 8452
             1.59956 -0.309907  0.442021 0.0992633 -0.00419635 0.000702101 -0.00272475  -0.010381 0.00330029  0.0241644  6.44317e-05 -1.28485e-05  2.28735e-05  1.05128e-06  6.98421e-06 -7.85642e-05 1 0 0 8441
             1.69983 -0.258429  0.417812  0.101682 -0.00331605 0.000755542 -0.00393055   0.0025952  0.00223528 -0.00117961  6.58056e-05 -1.35541e-05  2.47243e-05 -3.07545e-05  1.08265e-05 -1.91384e-05 1 0 0 8410
             1.79985 -0.248738  0.457084 0.0865965  -0.0034106  0.00187476 -0.00437314 -0.000611427    0.0088879  -0.00381352  7.05481e-05 -1.69009e-05    2.784e-05 -2.52826e-05 -3.45475e-06 -1.29104e-05 1 0 0 8359
             1.89948  -0.26492  0.431403 0.0950135  -0.00208588 -0.000110448  -0.00574168 0.00911622 -0.0119124 -0.0101556  7.46615e-05 -1.73158e-05  2.94627e-05 -4.92875e-05  4.38388e-05  1.64174e-06 1 0 0 8432
             1.99828 -0.267421  0.403947  0.104077 -0.000891121  -0.00176802  -0.00737005  0.0102365 -0.0151841 -0.0144348  7.95269e-05 -1.66001e-05  3.09635e-05 -5.51088e-05  5.29015e-05  1.25865e-05 1 0 0 8293
             2.09985 -0.236161  0.413771  0.090944  -0.0015019  -0.0012346 -0.00669253  -0.00213043 -0.000419846 -0.000372945  8.38301e-05 -1.75221e-05  3.43389e-05  -2.8183e-05    1.814e-05 -2.20904e-05 1 0 0 8303
             2.19983 -0.262625   0.44177  0.111143  -0.00299697 -3.19692e-05  -0.00576043 -0.0119874 0.00811211 0.00565449   9.1621e-05 -2.03883e-05  3.51673e-05 -5.87406e-06 -2.83001e-06 -3.74317e-05 1 0 0 8420
             2.29985 -0.254467  0.484812   0.09651 -0.00424102 0.000641117 -0.00306547  -0.011297 0.00677535  0.0207233  9.66298e-05 -2.46056e-05   3.8564e-05 -8.52807e-06  4.86341e-07 -7.77454e-05 1 0 0 8456
             2.39968 -0.246411   0.44116  0.107089 -0.00292549 1.89203e-05 -0.00409194  0.00630037  -0.0015101 9.60205e-05  0.000100964 -2.30575e-05  3.99121e-05 -5.47649e-05  2.25714e-05 -2.27487e-05 1 0 0 8358
             2.49989 -0.276539  0.422966 0.0912744 -0.00207276 0.000430913  -0.0058204  0.0065277 0.00306601 -0.0125367  0.000109086 -2.29246e-05  4.34086e-05 -5.84454e-05   1.2151e-05  9.19009e-06 1 0 0 8469
             2.60012 -0.272614  0.450113  0.095305 -0.00263236  0.00101057 -0.00484674 -0.00220925  0.00494942  0.00270588  0.000114391 -2.58434e-05  4.54619e-05 -3.83266e-05  8.60238e-06 -3.01846e-05 1 0 0 8561
             2.69978 -0.242443  0.422206  0.102892   -0.002574 0.000713629 -0.00498696 -0.000671448 -0.000488536  3.77811e-05  0.000117502 -2.48589e-05  4.72615e-05 -4.40469e-05  2.29765e-05 -2.24489e-05 1 0 0 8264
             2.79925 -0.265812  0.420667  0.105075  -0.00163405 -0.000576936  -0.00370951  0.00723097 -0.00957153   0.0100483  0.000124206 -2.62995e-05  4.91734e-05 -6.78641e-05  4.67041e-05 -4.91162e-05 1 0 0 8270
             2.89974 -0.266105  0.445144  0.100175 -0.00192748 -0.00093513 -0.00461163 -0.00255949 -0.00470173  -0.0040998  0.000130107 -2.87778e-05  5.19574e-05 -4.67429e-05  3.51655e-05 -1.14378e-05 1 0 0 8421
             2.99983 -0.297693    0.4168  0.101471 -0.00116024 -0.00174453 -0.00539369  0.00454152 -0.00672262 -0.00623357  0.000137996 -2.81503e-05  5.42745e-05 -6.78053e-05  4.14005e-05 -6.34624e-06 1 0 0 8265
             3.10007 -0.248144  0.405578  0.136119 -0.000998533  -0.00223346  -0.00756509 0.000285543 -0.00479149  -0.0169869  0.000139945 -2.83422e-05  5.40218e-05 -6.06746e-05   3.7642e-05  2.43026e-05 1 0 0 8436
             3.19959 -0.242428  0.416146  0.106603 -0.00233628 3.19826e-05 -0.00636605 -0.00941331   0.0143103  0.00293752  0.000145222 -3.01717e-05  5.86284e-05 -3.74235e-05 -1.38168e-05 -3.04493e-05 1 0 0 8396
             3.29976 -0.306951   0.44085  0.107647 -0.00390989 -0.00145462 -0.00463341   -0.014521 -0.00656312   0.0134467  0.000155618 -3.31797e-05  6.08104e-05 -2.62775e-05  4.43496e-05 -5.94352e-05 1 0 0 8377
             3.39987 -0.275894  0.429185  0.103714 -0.00359132 -0.00253543 -0.00456054 -0.00138238 -0.00885198  0.00541511 0.000158774  -3.361e-05 6.36906e-05 -6.29705e-05  5.25121e-05 -3.68422e-05 1 0 0 8453
             3.49983 -0.255229  0.432944 0.0612608 -0.00176079 0.000245002 -0.00482427   0.0136279   0.0184163 0.000247089  0.000163389 -3.54681e-05  6.94046e-05 -0.000106018 -2.05094e-05 -2.32242e-05 1 0 0 8320
             3.59946 -0.286363  0.422902 0.0452224 -0.00195562 0.000332694 -0.00526919 8.50886e-05  0.00579006 -0.00378057  0.000171328 -3.55242e-05  7.30314e-05 -7.20539e-05  1.39726e-05 -1.19763e-05 1 0 0 8348
             3.69909  -0.25772  0.416835 0.0828902  -0.00231591 -0.000146921  -0.00600457 -0.00376947 -0.00248035 -0.00646836  0.000174103 -3.60244e-05  7.23428e-05 -6.44476e-05  3.55036e-05 -4.50801e-06 1 0 0 8189
             3.80081 -0.254991  0.439987 0.0705736  -0.00333093 -0.000376335   -0.0056068 -0.00876145 -0.00277739 0.000677993  0.000179846 -3.87737e-05   7.5448e-05 -5.36955e-05  3.62031e-05 -2.42251e-05 1 0 0 8357
             3.89991 -0.245304   0.41069  0.077449 -0.00324752 0.000980112 -0.00630759 -0.00190188  0.00878618  -0.0045378  0.000185575 -3.81062e-05  7.73703e-05 -7.37811e-05  5.45396e-06 -1.05908e-05 1 0 0 8464
             3.99982 -0.272512  0.456589  0.074562 -0.00461175 0.000531274  -0.0038057 -0.0100818 -0.0015028  0.0160369  0.000193277 -4.27853e-05  7.99969e-05 -5.37769e-05  3.35834e-05 -6.80022e-05 1 0 0 8437
             4.10075 -0.268954  0.426997  0.117071   -0.0035931 -0.000752552  -0.00360603  0.00490733 -0.00925983   0.0070387  0.000198426 -4.20217e-05  7.90025e-05  -9.7103e-05  5.59639e-05 -4.26049e-05 1 0 0 8343
             4.19983 -0.234967    0.4377  0.121121  -0.00299829 -9.53686e-06  -0.00455684  0.00445708  0.00312148 -0.00524631 0.000201919 -4.3948e-05 8.12234e-05 -9.87269e-05  2.24501e-05 -8.14975e-06 1 0 0 8295
             4.30061 -0.272734   0.43693 0.0924824  -0.0031343 0.000508977 -0.00434737 -9.09522e-05   0.00459058 -0.000485747  0.000211007 -4.49463e-05  8.60788e-05 -8.80416e-05  1.91465e-05 -2.18071e-05 1 0 0 8539
             4.39925 -0.252386   0.41802  0.154376  -0.00270607 -0.000238194  -0.00515459  0.00269735 -0.00411047 -0.00597812  0.000214906 -4.46946e-05  8.33335e-05 -9.74268e-05  4.33193e-05 -6.51627e-06 1 0 0 8230
               4.499 -0.243066  0.419282 0.0922239 -0.00227707 0.000781413 -0.00603175   0.0033696  0.00644239 -0.00829472  0.000219919 -4.61262e-05  9.10526e-05 -0.000102664  1.38608e-05 -1.24115e-07 1 0 0 8231
             4.59986 -0.263739  0.454173 0.0881613  -0.00345097 -3.77014e-05  -0.00524938 -0.00800971  -0.0043315  0.00188926  0.000227254 -5.00103e-05  9.38619e-05 -7.13902e-05  4.37403e-05 -3.19085e-05 1 0 0 8396
             4.70053 -0.268211  0.464927 0.0770236 -0.00360159 0.000290435 -0.00272109 -0.00148098  0.00135375   0.0187348  0.000233892 -5.24541e-05  9.73197e-05 -8.99313e-05  2.87872e-05 -8.20259e-05 1 0 0 8353
             4.80055 -0.275433  0.460363 0.0232959 -0.00357693 0.000339024 -0.00215627 -0.00100987  0.00135346  0.00920843 0.000240201 -5.3424e-05 0.000104133 -9.28171e-05  3.01291e-05 -5.43392e-05 1 0 0 8439
             4.90001    -0.203849     0.458499 -0.000201891 -0.00413887  0.00120323 -0.00431088 -0.00684279   0.0073387  -0.0133257   0.00024046 -5.42653e-05  0.000108673 -7.93171e-05  1.34616e-05  1.13419e-05 1 0 0 8277
             5.00044 -0.270982  0.486618 0.0567911 -0.00517573 0.000399705 -0.00321418 -0.00838931 -0.00372055  0.00424768 0.000251494 -5.7736e-05 0.000106353  -7.4951e-05  4.43495e-05 -3.98234e-05 1 0 0 8420
             5.10049 -0.259529  0.430342 0.0996105 -0.00437544 -0.00177882 -0.00497538 0.00313086 -0.0156494 -0.0103876  0.000255825 -5.48952e-05  0.000105397 -0.00010927  7.9284e-05 2.87636e-06 1 0 0 8466
                 5.2 -0.211697  0.426806 0.0919438  -0.00202355 -0.000844024  -0.00574299   0.0194367  0.00325563 -0.00762488  0.000258765 -5.64758e-05  0.000108587 -0.000158174  2.57841e-05 -6.00262e-06 1 0 0 8231
              5.2987 -0.258467  0.426809 0.0938835 -0.00169363  -0.0021687 -0.00628584  0.00565018  -0.0087301 -0.00643105  0.000267347 -5.69254e-05  0.000110753 -0.00012264 5.82123e-05 -8.6569e-06 1 0 0 8366
             5.40024 -0.288039  0.411472 0.0658795 -0.00124533 -0.00177972 -0.00611783   0.00425586   0.00121035 -0.000540243  0.000276755 -5.69197e-05  0.000115492 -0.000122092  3.26143e-05 -2.58176e-05 1 0 0 8281
             5.50028 -0.257474  0.408593  0.116282 -0.00115274 -0.00122178  -0.0060298 0.000687455  0.00482449 0.000566144  0.000280643 -5.78429e-05  0.000113719 -0.000116093  2.35935e-05 -2.89708e-05 1 0 0 8253
             5.60011 -0.227586  0.404666  0.111181 -0.00182607 -0.00128012 -0.00650853 -0.00671248 0.000791063 -0.00320827  0.000283819 -5.83756e-05  0.000116637 -9.93084e-05  3.42642e-05 -1.70742e-05 1 0 0 8409
             5.70022 -0.28556 0.417355 0.117972 -0.00248073 -0.00332132  -0.0056897 -0.00686564  -0.0145871  0.00533519  0.000294005 -6.06843e-05  0.000118613 -0.000101855  7.89112e-05 -4.27485e-05 1 0 0 8558
             5.79983 -0.288679  0.417651    0.1202 -0.00285188 -0.00402632 -0.00456044 -0.00490916 -0.00893172  0.00977921  0.000300618 -6.21646e-05  0.000120937 -0.000110875   6.3523e-05 -5.72242e-05 1 0 0 8296
             5.90011 -0.20437 0.422257 0.105152 -0.00213539 0.000319786 -0.00422471 0.00395629   0.029878 0.00541667  0.000301532 -6.46021e-05  0.000125037 -0.000140691 -4.81602e-05 -4.36952e-05 1 0 0 8337
             6.00004 -0.294361  0.431948  0.109513 -0.00120967 -0.00200114 -0.00327856  0.00730019 -0.00826863  0.00935317  0.000313667 -6.69108e-05  0.000127231  -0.00015314  6.19462e-05 -5.57265e-05 1 0 0 8531
             6.09891 -0.253197  0.395253  0.142922 -0.000521344  -0.00361402  -0.00518569 0.00437902 -0.0141267  -0.011119  0.000316159 -6.48784e-05  0.000126832 -0.000148686  7.88192e-05  5.15265e-06 1 0 0 8254
             6.20008 -0.263313  0.405266   0.13115 -0.000215427  -0.00313864  -0.00646391   0.00227606 -0.000449976   -0.0122712  0.000323651 -6.71113e-05  0.000130552 -0.000147089  3.95995e-05  8.81192e-06 1 0 0 8210
             6.29957 -0.28384 0.387614  0.13052 -0.000645249  -0.00421861  -0.00651864 -0.00347131 -0.00841289 -0.00383939 0.000331621 -6.6615e-05 0.000133275 -0.000134337  6.33869e-05 -1.67572e-05 1 0 0 8365
             6.39999 -0.268108  0.427135  0.103724 -0.00332096 -0.00281509 -0.00485267 -0.0214397 0.00751543 0.00959923  0.000337288 -7.05466e-05  0.000138229 -8.46951e-05  1.74126e-05 -5.79747e-05 1 0 0 8421
             6.49998 -0.256236  0.407236  0.125992 -0.00369219 -0.00202283 -0.00451213 -0.00810295  0.00743878   0.0057941  0.000342702 -7.07503e-05  0.000138959 -0.000127065  1.76552e-05 -4.72626e-05 1 0 0 8364
             6.59997 -0.253796  0.411318  0.114207  -0.00411126 -0.000190695    -0.005286 -0.00635815   0.0151243 -0.00415418 0.000349063 -7.2654e-05 0.000142542 -0.000136347 -5.27482e-06 -1.74893e-05 1 0 0 8378
             6.69893 -0.267357  0.429647  0.111439  -0.0026916 -0.00139715 -0.00456626   0.0102753 -0.00447779  0.00508899  0.000355562 -7.63111e-05  0.000145509 -0.000187575  5.48324e-05 -4.67745e-05 1 0 0 8343
              6.7998 -0.208557  0.424697  0.114007 -0.00201531 -0.00129857 -0.00571035   0.00609223 -0.000691333  -0.00742377  0.000356864 -7.70495e-05  0.000147918 -0.000178494  4.28828e-05 -8.37972e-06 1 0 0 8391
             6.89975 -0.210014  0.398093 0.0908399   -0.001707 -0.00155239 -0.00861172  0.00206288 -0.00219687  -0.0236547  0.000363366 -7.58748e-05  0.000152642 -0.000169365  4.60709e-05  4.25317e-05 1 0 0 8327
             6.99871 -0.266043  0.404903  0.113946 -0.00289059 -0.00465896 -0.00898725 -0.00891993  -0.0236223  -0.0105075  0.000373937 -7.73151e-05  0.000153377 -0.000140407  0.000109235  2.14801e-07 1 0 0 8375
              7.0982 -0.25466 0.431707 0.111396  -0.0034006 -0.00379494 -0.00579588  -0.00368948 -0.000785673    0.0198763  0.000380212 -8.12358e-05  0.000156403 -0.000159364  3.98106e-05 -9.65603e-05 1 0 0 8388
             7.19976 -0.232816  0.418833  0.122077 -0.00254931 -0.00211598 -0.00363159 0.00594896  0.0121004  0.0206586  0.000385251 -8.16804e-05  0.000158062 -0.000191371 -8.91262e-08 -0.000101747 1 0 0 8354
              7.2999 -0.238968  0.413366  0.106679 -0.000874418   -0.0026296  -0.00561602    0.0116831 -0.000158194  -0.00839975  0.000391732 -8.27732e-05  0.000162122 -0.000213516  3.66731e-05 -9.11991e-06 1 0 0 8322
             7.39984 -0.251537  0.449963  0.085231 -0.00240794 -0.00251148 -0.00618921   -0.010153 0.000794722 -0.00823365  0.000399351 -8.63943e-05  0.000166867 -0.000150033  3.39364e-05 -9.19524e-06 1 0 0 8528
             7.49954 -0.261124  0.427601 0.0695318 -0.00286711 -0.00159567 -0.00771624 -0.00640307   0.0075728  -0.0132903  0.000407068 -8.59846e-05  0.000171036 -0.000164058  1.38302e-05  7.25321e-06 1 0 0 8483
              7.5994 -0.248657  0.419085 0.0614279 -0.00423003 0.000119972 -0.00724897    -0.011509    0.0151239 -0.000828685  0.000413115 -8.62756e-05  0.000174334 -0.000150761 -8.24547e-06 -3.28127e-05 1 0 0 8179
             7.69834 -0.262659  0.453816 0.0586207  -0.00376395 -0.000957986  -0.00324585  0.00322426 -0.00303891   0.0300718    0.0004191 -9.16116e-05  0.000177225 -0.000198279  4.93858e-05 -0.000131652 1 0 0 8365
             7.79965  -0.29691  0.466426 0.0525274 -0.00480547 -0.00266307 -0.00156963 -0.00901129  -0.0120725   0.0198223  0.000427446 -9.27517e-05  0.000180694 -0.000164692  7.86161e-05 -9.93349e-05 1 0 0 8595
             7.89989 -0.261533  0.451963 0.0638962   -0.0039314 -0.000769027    -0.001769 0.00393413  0.0121513 0.00480752   0.00043236 -9.38756e-05  0.000182591 -0.000204882  8.72168e-06 -5.28506e-05 1 0 0 8339
             7.99796  -0.26514  0.437667 0.0599081 -0.00350051 0.000156581 -0.00463547 0.00165221   0.011002 -0.0191776  0.000439285 -9.41076e-05  0.000185579 -0.000201086  1.20497e-05  2.30444e-05 1 0 0 8274
             8.09956 -0.289592  0.453691 0.0791697 -0.00377766 -0.00234753 -0.00515848 -0.00203092   -0.014252 -0.00855283  0.000447458 -9.67293e-05  0.000186446 -0.000191976  9.22807e-05 -1.05134e-05 1 0 0 8495
             8.19984 -0.302591  0.451211 0.0815248 -0.00385403 -0.00324282 -0.00497103 -0.000926597  -0.00981109 -0.000491012  0.000455548 -9.78557e-05   0.00018903 -0.000196806  8.06424e-05  -3.5976e-05 1 0 0 8479
             8.29974 -0.230672  0.403883 0.0753629 -0.00294224  -0.0025493 -0.00646088  0.0054598 0.00330581 -0.0103319  0.000456628 -9.52495e-05  0.000192512 -0.000221428  4.13155e-05 -3.71873e-06 1 0 0 8369
             8.39951 -0.278864  0.426238 0.0933896 -0.00205848 -0.00280624 -0.00553715  0.00839881 -0.00140226  0.00434315   0.00046699 -9.93921e-05  0.000193517 -0.000234585   5.4935e-05 -5.03864e-05 1 0 0 8500
             8.49983  -0.25839   0.42751 0.0747146 -0.00335019 -0.00121723 -0.00566557  -0.00978674     0.011367 -0.000324401  0.000472542 -9.99088e-05   0.00019806 -0.000181145  1.54276e-05 -3.27563e-05 1 0 0 8354
             8.60006 -0.264618  0.423338 0.0821838 -0.00400942 0.000616001 -0.00452207 -0.00736584    0.016488  0.00879095  0.000480139 -0.000101196  0.000200104 -0.000191124 -2.78636e-07 -6.24554e-05 1 0 0 8192
             8.69933  -0.25218  0.433118 0.0928589 -0.00535637 5.85041e-05 -0.00454853  -0.0137072 0.000110743  0.00254886  0.000484402 -0.000103067  0.000201901 -0.000173598  4.98963e-05 -4.15042e-05 1 0 0 8197
             8.79995  -0.28605  0.432053 0.0792634 -0.00451685 -0.00199623 -0.00472323 0.00275926 -0.0146332 0.00131206  0.000493292 -0.000105322  0.000205883 -0.000228526  9.62644e-05 -3.74398e-05 1 0 0 8287
             8.89934 -0.281387  0.430153  0.104073 -0.00303506 -0.00221941 -0.00451654   0.0118055 -0.00555786  0.00245735  0.000500165 -0.000107265  0.000206451  -0.00026031  6.89879e-05 -4.18858e-05 1 0 0 8366
             8.99917 -0.259944  0.413807 0.0857918  -0.00170188 -0.000698453  -0.00613804  0.0115248 0.00983724 -0.0114261  0.000506266 -0.000107294  0.000211062 -0.000262604  2.03682e-05  3.42226e-06 1 0 0 8155
              9.1001 -0.253071  0.464272 0.0829437 -0.00419895   0.0010172  -0.0042692 -0.0159242  0.0136117  0.0073824  0.000512714 -0.000111603   0.00021399 -0.000175866  7.21442e-06 -6.16251e-05 1 0 0 8381
             9.20006 -0.263626  0.429532  0.112222 -0.00537587 0.000550141 -0.00447734  -0.0134969 -0.00012265 0.000968261  0.000519523 -0.000109933  0.000213962 -0.000185313  5.11194e-05 -3.89869e-05 1 0 0 8509
             9.29937 -0.267032  0.432519 0.0849999  -0.0049388 -0.00103415 -0.00529599 3.96044e-05  -0.0119139 -0.00528877 0.000525741 -0.00011266 0.000219342 -0.000230487  8.88815e-05 -2.05103e-05 1 0 0 8326
             9.39987 -0.240916  0.438968  0.102826  -0.00435776 -0.000732011  -0.00580213   0.00455021 -0.000949545  -0.00499589  0.000530846 -0.000115016  0.000220644 -0.000247159  5.51896e-05 -2.03703e-05 1 0 0 8412
             9.49957 -0.265021  0.436266 0.0609953 -0.00310476 -0.00234442 -0.00518392  0.0110049 -0.0118727 0.00335624 0.000539235 -0.00011674 0.000227385 -0.000270307  9.13013e-05 -4.93184e-05 1 0 0 8439
             9.59921 -0.300309  0.426412 0.0665108 -0.00304619 -0.00414313 -0.00440062 0.00257161 -0.0161523 0.00573844 0.000549144 -0.00011666 0.000229869  -0.00024488  0.000107405 -5.85661e-05 1 0 0 8463
             9.69992 -0.286286   0.37902 0.0937993 -0.00220285 -0.00409368 -0.00630684  0.00514006 -0.00321371  -0.0121921  0.000555182 -0.000113736  0.000230099 -0.000258519  6.69959e-05  2.65921e-06 1 0 0 8309
             9.79954 -0.272707  0.447747 0.0913294 -0.00310636  -0.0023423 -0.00545221 -0.00534079   0.0117397   0.0015724  0.000561703 -0.000121045   0.00023325 -0.000228945  2.16942e-05 -4.33235e-05 1 0 0 8328
             9.89972 -0.270341  0.448926  0.093306  -0.00359111 -0.000479829  -0.00427437 -0.00452986   0.0171717  0.00861557  0.000568703 -0.000122603  0.000235985 -0.000233228  6.15109e-06  -6.7363e-05 1 0 0 8465
             9.99981 -0.250666   0.42224 0.0854784 -0.00320236 0.000914325  -0.0059033 0.000363496   0.0155917  -0.0092275  0.000573412 -0.000121858  0.000239736 -0.000253017  1.27642e-05  -5.9908e-06 1 0 0 8291
             10.0998 -0.273328   0.43638 0.0937125  -0.00362144 -0.000271929  -0.00547935 -0.00304222  -0.0038024 0.000334512  0.000580778 -0.000124217  0.000241716 -0.000244242  7.78947e-05 -3.76318e-05 1 0 0 8332
             10.1995 -0.304023  0.450651 0.0612605 -0.00445834  0.00160532 -0.00389034 -0.00665037   0.0129932   0.0109176   0.00059211 -0.000126884  0.000247834 -0.000235391  2.55528e-05 -7.43007e-05 1 0 0 8525
             10.3008 -0.253361  0.462895 0.0689108 -0.00387611 0.000524448  -0.0023155  0.00320843 -0.00353886   0.0151579  0.000592769 -0.000130323  0.000250034 -0.000269446  8.26958e-05 -8.87085e-05 1 0 0 8400
             10.3999 -0.261895  0.411569  0.115119 -0.00340003 -0.00123387 -0.00538634 0.00111097 -0.0131046 -0.0179589 0.000599747  -0.0001266  0.00024864 -0.000267354  0.000113215  2.29439e-05 1 0 0 8267
             10.4994 -0.299473  0.402628  0.123379 -0.00223749 -0.00353694 -0.00841851 0.00796504 -0.0193657 -0.0261678  0.000609497 -0.000127811   0.00025079 -0.000294185  0.000135088  5.12638e-05 1 0 0 8287
             10.6007 -0.274625  0.450859  0.101404 -0.00212961  -0.0023452 -0.00597072   0.004546 0.00372804   0.010376  0.000616004 -0.000133753  0.000255807 -0.000286002  6.18994e-05 -7.29774e-05 1 0 0 8538
             10.6998 -0.268845  0.409816  0.096102 -0.00168673 -0.00189262 -0.00555267 0.00344391 0.00476736 0.00609377  0.000622656 -0.000131196  0.000259111 -0.000285556   5.8776e-05 -5.81863e-05 1 0 0 8254
             10.8006  -0.30892  0.416239 0.0997536 -0.00171536 -0.00390212 -0.00538037 -0.000978833   -0.0126936   0.00310552  0.000631436 -0.000132958  0.000261655 -0.000275583  0.000116917 -4.77063e-05 1 0 0 8298
             10.9006 -0.288226  0.442615 0.0894026 -0.00286335 -0.00266367 -0.00438907 -0.00946754  0.00564684  0.00719676  0.000638208 -0.000136358  0.000265394 -0.000251707  5.90085e-05 -6.21711e-05 1 0 0 8428
             10.9998 -0.285351  0.435379 0.0856604 -0.00339723 -0.00110195 -0.00375981 -0.00702033   0.0130721  0.00706458  0.000645613 -0.000137428  0.000268576 -0.000264114  3.42829e-05 -6.05767e-05 1 0 0 8443
             11.0995 -0.25958 0.410943 0.103696  -0.00242004 -0.000890625  -0.00559213 0.00425651  0.0055638 -0.0101816  0.000649446 -0.000137813  0.000269706 -0.000305799  5.91966e-05 -8.76214e-07 1 0 0 8269
             11.2005 -0.251811   0.40836 0.0983146 -0.00211193   0.0006751 -0.00807753 0.0015419 0.0126772 -0.020417  0.000656253 -0.000139098  0.000273127 -0.000301996  3.47665e-05  3.55181e-05 1 0 0 8426
             11.3005 -0.259123   0.42856   0.11351  -0.0020072 0.000898982 -0.00772974   0.0016075  0.00440553 -0.00267044  0.000663391 -0.000142762  0.000274635 -0.000305685  6.09559e-05 -2.57062e-05 1 0 0 8514
             11.3995 -0.256205   0.41423    0.1291  -0.0013863 -0.00126618 -0.00666726 0.00516077   -0.01521 0.00795049  0.000668189 -0.000143229  0.000276093 -0.000320595  0.000125351 -6.19766e-05 1 0 0 8268
             11.4969 -0.248294  0.456399  0.135723 -0.00231132 -0.00186181 -0.00474972 -0.00612589  -0.0094347   0.0155093  0.000675089 -0.000148271  0.000278537 -0.000285084  0.000105024 -8.84408e-05 1 0 0 7881
             11.6004 -0.281855  0.442807  0.105987 -0.00246676 -0.00195138 -0.00391489 -0.00344367 -0.00309961   0.0104772  0.000685694 -0.000148639  0.000284623 -0.000298036  8.38699e-05 -6.91882e-05 1 0 0 8730
             11.7004 -0.303722  0.419259  0.138548 -0.00163664 -0.00470891 -0.00414159 0.00474533 -0.0208768 0.00197728  0.000693133 -0.000148403  0.000284275 -0.000328481  0.000146934 -3.88436e-05 1 0 0 8273
             11.8004 -0.284399  0.446788  0.109044  -0.0023165 -0.00521658 -0.00446456 -0.00535007 -0.00891348 -0.00269986  0.000699543 -0.000151683  0.000290068  -0.00029816  0.000109417 -2.33359e-05 1 0 0 8266
             11.9004 -0.287354  0.417583  0.112654 -0.00323522 -0.00253335 -0.00513825 -0.00872542   0.0176731 -0.00639558  0.000709554 -0.000149983  0.000292784 -0.000290267  2.50995e-05 -1.11478e-05 1 0 0 8463
                  12 -0.263497  0.460431 0.0718077  -0.0045306 0.000175922 -0.00423457 -0.0113356  0.0248138 0.00438685  0.000715023 -0.000155496  0.000299931 -0.000282953  3.78409e-06 -4.84491e-05 1 0 0 8348
             12.1003 -0.252801  0.425447  0.109271 -0.00368111  0.00240993 -0.00491532  0.00395252   0.0237538 -0.00255977  0.000720989 -0.000155109   0.00029899 -0.000335655  9.76308e-06 -2.34395e-05 1 0 0 8267
             12.2002 -0.258431  0.434748 0.0824204 -0.00220679 0.000929895 -0.00354982   0.0130327 -0.00432507    0.010253  0.000725348 -0.000158759  0.000304745 -0.000368589  0.000104816 -6.75675e-05 1 0 0 8300
             12.2999 -0.295202  0.465539  0.101581 -0.00285658 -0.00217828 -0.00336846 -0.00382914  -0.0240887  0.00364247   0.00073421 -0.000161671  0.000305778 -0.000314694  0.000171041 -4.24134e-05 1 0 0 8468
             12.3991 -0.284677  0.428385 0.0881588 -0.00330814 -0.00294445 -0.00424077 -0.00531821  -0.0113839 -0.00575238 0.000741358 -0.00015937 0.000310267 -0.000311914  0.000130833 -9.41747e-06 1 0 0 8223
             12.4985 -0.270982  0.425945 0.0955811 -0.00346057 -0.00224143 -0.00534947 -0.00305221  0.00267703 -0.00946482  0.000748449 -0.000160946  0.000312733 -0.000323948  8.42744e-05  4.78109e-06 1 0 0 8258
             12.6001 -0.272527  0.426132 0.0615832 -0.00532987  0.00043718 -0.00519303  -0.0150448   0.0200707 -0.00248421  0.000757426 -0.000161583  0.000319265 -0.000284669  2.45271e-05 -2.09962e-05 1 0 0 8385
             12.7001 -0.283835   0.45033 0.0972784 -0.00455988 -0.00207658  -0.0034259 0.00375702 -0.0130809  0.0142147  0.000762413 -0.000167603  0.000318633 -0.000351777   0.00014167 -8.02973e-05 1 0 0 8374
             12.8001 -0.257049  0.411985  0.118703 -0.00280501 -0.00441491  -0.0042815   0.0134006  -0.0199628 -0.00161753  0.000765899 -0.000166537  0.000319651  -0.00038714  0.000165875 -2.36838e-05 1 0 0 8378
             12.8999  -0.26712  0.391612 0.0948495 -0.00213478 -0.00310892 -0.00528756  0.00656008  0.00457204 -0.00830932  0.000776473 -0.000165284  0.000324932 -0.00037105 8.17756e-05  3.5805e-07 1 0 0 8282
             13.0001 -0.263702  0.430604  0.108408 -0.00263123 -0.00137968 -0.00484213 -0.00289644   0.0139276 0.000296141  0.000784185 -0.000169803  0.000326634 -0.000343674  5.09322e-05 -3.00177e-05 1 0 0 8354
                13.1 -0.256221  0.403872  0.127087  -0.00320979 -0.000571838  -0.00643188 -0.00722777  0.00979237  -0.0115229  0.000789931 -0.000168128  0.000327846 -0.00033357  6.5031e-05   1.257e-05 1 0 0 8040
             13.2001 -0.260828  0.403899 0.0968338 -0.00300587 -0.00105807 -0.00552545 0.000399207 -0.00137923  0.00464703  0.000796307 -0.000170731  0.000333822  -0.00036361  0.000103373 -4.33606e-05 1 0 0 8229
             13.2988 -0.307399   0.40885  0.118215 -0.00198977 -0.00170527 -0.00577883   0.00675425  -0.00466224 -0.000345161  0.000807861 -0.000173594  0.000334621 -0.000390963  0.000116201 -2.73894e-05 1 0 0 8178
             13.3981 -0.277379  0.405254  0.101004 -1.53314e-05   -0.0021925  -0.00455701   0.0170257 -0.00506943  0.00976368  0.000812229 -0.000175583  0.000339599 -0.000431068  0.000118316 -6.28918e-05 1 0 0 8032
             13.4845 -0.264768  0.424831 0.0953813 -0.00116251 -0.00121811 -0.00499929 -0.00674492  0.00682306 -0.00256268  0.000817331 -0.000177892  0.000342835 -0.000352035   8.0993e-05 -2.07636e-05 1 0 0 8132
             13.5998 -0.24724 0.400078 0.111748  -0.00201382 -0.000384861  -0.00580376 -0.00929736  0.00694412 -0.00536074  0.000824179 -0.000176917  0.000344517 -0.000352745  7.87081e-05 -6.04524e-06 1 0 0 8308
             13.6999 -0.279298  0.454837  0.113587 -0.00461983  -0.0014041 -0.00475638  -0.0224826 -0.00651974   0.0059534  0.000833703 -0.000182642    0.0003471 -0.000308445  0.000124752 -4.51506e-05 1 0 0 8482
             13.7996 -0.273718  0.429806  0.125939 -0.00443004 -0.00220983 -0.00361831 -0.00282849 -0.00764137   0.0112788   0.00084011 -0.000183957   0.00034887 -0.000379613  0.000130169 -6.59668e-05 1 0 0 8285
             13.8998 -0.246599  0.425492 0.0987912 -0.00340737  0.00167218 -0.00431203  0.00652004   0.0268038 -0.00197385  0.000848844 -0.000186203  0.000354843 -0.000416225  8.28986e-06 -1.78477e-05 1 0 0 8204
             13.9999 -0.269132  0.470609 0.0892184 -0.00341436  0.00174035 -0.00411037 0.000947515  0.00718341 0.000999551  0.000856132 -0.000191775  0.000358813 -0.000398655  7.70519e-05 -2.79484e-05 1 0 0 8079
             14.0997 -0.278913  0.431466 0.0998634  -0.00328007 -0.000209723  -0.00397812 0.000854248  -0.0122284  0.00136948  0.000862198 -0.000189189  0.000360781 -0.000399421   0.00014672 -2.91347e-05 1 0 0 6767
             14.1986  -0.277187   0.422175 -0.0247408  -0.00264892 -0.000880353  -0.00394759   0.0182595 -0.00985625 0.000704341  0.000869252 -0.000191328  0.000365812 -0.000414399  0.000134743 -2.75369e-05 1 0 0 6322
             14.2998  -0.23312  0.458415 -0.804554 -0.00332959  0.00175574 -0.00361999 -0.00309765   0.0160315  0.00127679   0.00087339 -0.000194279  0.000375565 -0.000362201  6.19274e-05 -2.92867e-05 1 0 0 6598
             14.3999 -0.221728  0.472605 -0.606443 -0.00541944  0.00325746 -0.00344453  -0.0186439   0.0123725 0.000982507  0.000879355 -0.000196773  0.000370721 -0.000326353  5.90463e-05 -2.65038e-05 1 0 0 6456
             14.4998 -0.349548  0.271261 -0.956952 -0.00292661  0.00316115 -0.00470375   0.0385682  -0.0141566 -0.00952537  0.000889883 -0.000193306  0.000380019 -0.000419223  6.78565e-05  2.17995e-06 1 0 0 6592
             14.5999  -2.5847 -7.03096 -3.81741 0.000414998 -0.00314284  0.00168284  0.103068 -0.101605  0.100879  0.000913343 -0.000120821  0.000410368 -0.000261443  0.000114255 -4.44041e-05 1 0 0 6847
             14.6998 -13.9795 -21.0516 -7.65091  0.00699163 -0.00779101   0.0129371  0.0972621 -0.0701994   0.122424   0.00102328 -3.11135e-05  0.000468223   8.7696e-06 -5.74732e-05 -6.81692e-06 1 0 0 8086
             14.7997 -8.54651 -20.2643 -14.8409   0.0109256 0.000500535   0.0320856 0.0342432 0.0595338  0.218665  0.000904569 -0.000167751  0.000479742  4.94176e-05 -0.000295252 -0.000162635 1 0 0 8579
             14.8998 -0.785712  -21.7358  -20.3574    0.017997 -0.00356017   0.0548919   0.036215 -0.0389527   0.244039  0.000859598 -0.000166871   0.00046558 -0.000105962 -0.000159923 -4.35989e-05 1 0 0 9001
             14.9994  4.85282 -19.4622 -24.6317  0.0323519 -0.0232578  0.0726632   0.12164 -0.171846  0.163204  0.000852517 -0.000206033  0.000444922 -0.00041588 4.35826e-05 0.000201916 1 0 0 9263
             15.0984  9.46442 -16.5197  -28.335  0.0562135 -0.0441506  0.0831949  0.212045 -0.186032 0.0689312    0.0008527 -0.000220696  0.000436818 -0.000703244  1.91264e-06  0.000343963 1 0 0 9445
                15.2  9.79486 -9.27264 -29.2354  0.0803947 -0.0564731  0.0923057  0.230611 -0.112542 0.0692302  0.000876242 -0.000280417  0.000419144 -0.000844772 -0.000178544  0.000196884 1 0 0 9673
             15.2998  10.3229 -7.11424 -32.5456   0.107557 -0.0653949   0.100976  0.284625  -0.12075 0.0933999  0.000885186 -0.000217519  0.000433883 -0.000852464 -0.000322498  0.000200347 1 0 0 9504
             15.3998  8.79503  -6.7617 -37.8657   0.125519 -0.0692557   0.110217   0.201401 -0.0843163  0.0684058  0.000907421 -0.000190808   0.00045024 -0.000477501 -0.000385478  0.000116228 1 0 0 9641
             15.4998  7.32148 -3.17433 -43.0302  0.145282 -0.071386   0.11157   0.194726 -0.0745731  0.0159891  0.000896938 -0.000211165  0.000459934 -0.000332523 -0.000566292  0.000250135 1 0 0 9604
             15.5992  6.31491  -3.0751 -49.2169   0.162312 -0.0761971   0.109565   0.137285 -0.0521098 -0.0229636 0.000880223  -0.0001796 0.000473309 -0.000252841 -0.000619186  0.000345853 1 0 0 9596
             15.7003  4.52028 -3.04975 -51.6936    0.17173 -0.0739876    0.10765  0.0662877  0.0326688 -0.0422012  0.000891928 -0.000185273  0.000444088 -0.000152547 -0.000714142  0.000274427 1 0 0 9652
             15.8002    2.037 -2.14397 -51.2832   0.178962 -0.0710981   0.103292  0.0148865  0.0716402 -0.0453039  0.000892525 -0.000194703  0.000422088 -0.000304214 -0.000784349   0.00025944 1 0 0 9479
             15.8998 -0.204354 -0.665647  -46.9619   0.177328 -0.0645847  0.0999872 -0.0753349  0.0897596 -0.0397808  0.000905151 -0.000204701  0.000391999 -0.000428319 -0.000803495  0.000223507 1 0 0 9638
             15.9997 -1.81315  0.46984  -41.678   0.169655 -0.0639677  0.0986705  -0.0917141 -0.00656537  0.00371282    0.0009173 -0.000215603  0.000392918 -0.000606036 -0.000748584  0.000177001 1 0 0 9810
             16.0996  -1.60311 -0.618734  -37.8183   0.160539 -0.0661617  0.0984977 -0.0957227 -0.0441554  0.0210612  0.000921202 -0.000194955  0.000402961 -0.000578159 -0.000773796  0.000252973 1 0 0 9745
             16.2001 -0.968877 -0.949502  -33.6394   0.148865 -0.0644277  0.0973823   -0.118807  -0.0108191 -0.00537001  0.000942378 -0.000198061  0.000406862 -0.000431321 -0.000894404   0.00035513 1 0 0 9799
             16.2996 -0.562128 -0.845935  -29.7825   0.136199 -0.0625041  0.0967152   -0.117092 -0.00999259 -0.00486596  0.000963592 -0.000210621  0.000414098 -0.000338153 -0.000979655  0.000348705 1 0 0 9785
             16.4002 0.0599483  -1.55933  -27.1948  0.125905 -0.062889 0.0943846 -0.0886591 -0.0248473 -0.0129569  0.000980558 -0.000207876  0.000426095 -0.000293839  -0.00104838  0.000425387 1 0 0 9782
             16.5001  0.97668   -2.121 -25.7902   0.120672 -0.0649684  0.0923914 -0.0392956 -0.0296609 -0.0250916  0.000992902 -0.000205668  0.000438914 -0.000341083  -0.00111654  0.000438581 1 0 0 9684
             16.6001  1.25608 -2.14024  -25.202   0.119625 -0.0661426  0.0913809 0.00216266 -0.0235401 -0.0180941   0.00101031 -0.000211186  0.000446673 -0.000366983  -0.00121068  0.000367075 1 0 0 9588
             16.6993  1.11916 -2.07596  -25.265   0.120317 -0.0651911  0.0912103   0.0145959  -0.0101594 -0.00848806   0.00102425 -0.000219713  0.000456177 -0.000315582  -0.00132139  0.000305379 1 0 0 9521
              16.799   1.2203 -2.10106 -25.3282   0.121636 -0.0632221  0.0907072  0.00831012 0.000611692 0.000922807   0.00102879 -0.000216956  0.000459909 -0.000282383  -0.00142806  0.000307881 1 0 0 9527
             16.8999  1.54582 -2.44648 -25.3201   0.120653 -0.0624673  0.0936616  -0.0113218 -0.00659935   0.0329221   0.00103976 -0.000207447  0.000461855 -0.000236126  -0.00145772  0.000240208 1 0 0 9539
                  17  2.29345 -2.81296 -25.2885   0.116322 -0.0626644   0.097489 -0.0409878 -0.0131531  0.0312338   0.0010404 -0.00022057 0.000462431 -0.000141927  -0.00144604  0.000224012 1 0 0 9700
             17.0999  2.61776   -3.128 -25.1583   0.114194 -0.0630494  0.0973992 -0.0261864  -0.010314 0.00516726  0.00105288  -0.0002158 0.000463244  -0.0001824 -0.00151335 0.000308356 1 0 0 9565
             17.1994  2.94968  -3.3015 -25.1112   0.113489 -0.0634367  0.0946261 -0.0117808 -0.0131815 -0.0194648   0.00106076 -0.000219905  0.000468546  -0.0002196 -0.00157414 0.000423477 1 0 0 9454
             17.2999  3.13784 -3.42031  -25.175   0.114584 -0.0677395  0.0928263 0.00779144 -0.0451877 -0.0220601   0.00107655 -0.000219481  0.000470807 -0.000311989  -0.00155444  0.000412851 1 0 0 9569
             17.3998  3.25271 -3.32901 -25.2343  0.114339 -0.069345 0.0947651 0.000597974  -0.0303071  0.00887742   0.00108469 -0.000228712  0.000473531 -0.000265783  -0.00165337  0.000278469 1 0 0 9580
             17.4998  3.23501  -3.1409 -25.3726   0.115621 -0.0684686  0.0957548   0.0130072 -0.00812041   0.0105092  0.00109049 -0.00022797 0.000478004 -0.000253869  -0.00180319  0.000278367 1 0 0 9502
             17.5992  3.14483 -3.15053 -25.5785   0.117189 -0.0694537  0.0957721  0.0101954  -0.015698 0.00115745   0.00110193 -0.000226524  0.000483399 -0.000261348   -0.0018248  0.000310415 1 0 0 9501
             17.6988  3.12676 -3.17253 -25.7116   0.116282 -0.0689366  0.0968676 -0.00567201  -0.0121023   0.0110106   0.00111207 -0.000228622  0.000487001 -0.000188766  -0.00188368   0.00028346 1 0 0 9575
             17.7999  3.23422 -3.52693 -26.4198   0.115795 -0.0665114  0.0970372 0.00241711 0.00249819 0.00359428   0.00111793 -0.000222114  0.000496328 -0.000113154  -0.00199744  0.000322928 1 0 0 9534
             17.9008   3.1339 -3.53929 -27.1378    0.11489 -0.0672601  0.0965689 -0.00697125 -0.00930622  -0.0100264   0.00112924 -0.000230502  0.000499093 -8.06322e-05  -0.00195835  0.000335128 1 0 0 9518
             18.0005  2.84575 -3.51989 -27.7284   0.117284 -0.0699246  0.0938801  0.0136423 -0.0270967 -0.0183543   0.00113908 -0.000227611  0.000503339 -0.000190899  -0.00197705  0.000395406 1 0 0 9572
             18.0994  2.79742 -3.38344 -28.0684   0.119608 -0.0692903  0.0933196   0.0146916 -0.00913058 -0.00605926   0.00114072 -0.000232955  0.000505365 -0.000195977   -0.0021281  0.000360292 1 0 0 9504
             18.2007  2.85705 -3.45202 -28.1864   0.120572 -0.0669644  0.0966698 0.00860948 0.00691862  0.0241951   0.00114393 -0.000237159  0.000507926 -0.000156863  -0.00225453  0.000228472 1 0 0 9508
             18.3006  2.72855 -3.59529 -28.1708   0.119288 -0.0667021  0.0965697  -0.0128831 -0.00333761  0.00184148  0.00115921  -0.0002381 0.000508991 -8.99099e-05  -0.00221508  0.000300967 1 0 0 9540
             18.3998  2.70123 -3.65255 -28.2458   0.120014 -0.0693783  0.0957533 0.000792089   -0.030378 -0.00515759   0.00116436 -0.000235859  0.000514912 -0.000168541  -0.00220663  0.000342174 1 0 0 9638
             18.4992  2.40711 -3.79219 -28.3662   0.120482 -0.0682167  0.0950299  0.00480863 -0.00590409  -0.0146272   0.00117587 -0.000235346   0.00051926 -0.000123525  -0.00235711  0.000333037 1 0 0 9479
             18.6005  1.90842 -4.06893 -28.5883   0.122449 -0.0678206  0.0931559   0.0194453 -0.00939223  -0.0125707   0.00118958 -0.000230363  0.000526854 -0.000140831  -0.00243472   0.00033481 1 0 0 9461
             18.6995  2.26359  -4.3976 -29.1248   0.122973 -0.0685928  0.0958407 0.00549873 -0.0173286  0.0362542   0.00119294 -0.000235816  0.000533354 -9.90963e-05  -0.00243886  0.000257229 1 0 0 9559
             18.7993  2.99868 -4.45909 -29.6397   0.122712 -0.0710879  0.0983969 -0.0111441 -0.0328356  0.0273141   0.00119116 -0.000240227  0.000534036 -7.82689e-05  -0.00243579  0.000298204 1 0 0 9534
             18.9005  3.25823 -4.15833 -29.7477   0.122121 -0.0709629  0.0987803 -0.0119185 -0.0180252 0.00683653    0.0012019 -0.000243932  0.000533421 -5.31034e-05   -0.0025705  0.000362865 1 0 0 9434
                  19  3.41627 -3.99488 -30.4723   0.122348 -0.0726329   0.096771   0.015082 -0.0388843 -0.0095918  0.00121965 -0.00024246 0.000541032 -3.98408e-05  -0.00261659  0.000446543 1 0 0 9526
             19.1005  4.30529 -4.50403 -32.4698   0.125927 -0.0751192  0.0990421  0.0480672 -0.0444187  0.0234923   0.00121828 -0.000234862  0.000553084 -1.78761e-05  -0.00272726  0.000375325 1 0 0 9602
             19.2004   4.6878 -4.48955 -33.9066   0.130445 -0.0743916    0.10347 0.0470296 -0.001163 0.0243465   0.00122175 -0.000246344  0.000549681 6.05401e-05 -0.00287668 0.000262807 1 0 0 9648
             19.3003  4.17794   -4.244 -34.3235    0.13388 -0.0740387   0.104131  0.0128511 0.00417421  0.0050366   0.00124049 -0.000249483  0.000544602 6.41278e-05 -0.00287864 0.000295877 1 0 0 9610
             19.3998  3.91921 -4.19795 -33.9995   0.133387 -0.0762042   0.105163 -0.0426695 -0.0155916 0.00572375   0.00125197 -0.000246602  0.000539403 -3.08584e-05  -0.00284678  0.000271382 1 0 0 9589
             19.5002  3.75533  -4.2404 -32.5044   0.129618 -0.0744004   0.103149  -0.0446203 -0.00163413  -0.0147691   0.00125506 -0.000251278  0.000533345 -1.86166e-05  -0.00300001  0.000354531 1 0 0 9612
             19.5999  3.51515 -4.34649 -31.5394   0.125931 -0.0731553   0.102254  -0.0298041  -0.0049973 -0.00282584   0.00126732 -0.000254777  0.000543794 1.92286e-05  -0.0030776 0.000349255 1 0 0 9503
             19.6991  3.66201 -4.49679 -30.8632   0.123711 -0.0743482   0.101534  -0.0268871  -0.0176376 -0.00903808   0.00128034 -0.000255552   0.00054975 -2.15512e-07  -0.00309065  0.000381173 1 0 0 9591
             19.7985  3.29407 -4.58656 -29.8086   0.120875 -0.0735815   0.101389  -0.0279484 -0.00464816  -0.0143908   0.00129683 -0.000260424  0.000549333 3.03696e-05 -0.00318794 0.000316778 1 0 0 9556
             19.9002  2.82487 -4.80565 -28.9464    0.11992 -0.0699381   0.098163 -0.00896892   0.0196418  -0.0236567  0.00130611 -0.00025595 0.000558572 5.11849e-05 -0.00333979 0.000382302 1 0 0 9455
             19.9987  2.58849 -4.89364 -28.4884   0.117452 -0.0712338  0.0957272 -0.0202594 -0.0203318 -0.0154839   0.00132368 -0.000261147  0.000567453 8.71875e-05  -0.0032399 0.000416382 1 0 0 9471
             20.0985  2.58835 -5.09398 -28.0251   0.115898 -0.0739895   0.098494 -0.0216151 -0.0297274 0.00939837  0.00133104 -0.00026445  0.00056974 3.19797e-05 -0.00326817 0.000251752 1 0 0 9423
             20.2001  1.92949 -4.78187 -26.7528   0.113381 -0.0732157  0.0973221  -0.0289282 -0.00492547  -0.0152256   0.00134994 -0.000269473  0.000563148 7.33635e-05 -0.00338496 0.000293978 1 0 0 9597
             20.2999  1.38889 -4.78795 -25.8765    0.11224 -0.0694717  0.0952338 -0.0088472  0.0135851 -0.0078023   0.00136177 -0.000268798  0.000576727 0.000101767 -0.00356477 0.000339705 1 0 0 9491
             20.4002   1.2087 -5.11429 -25.3519   0.112191 -0.0698555   0.092618 -0.00410976 -0.00896504  -0.0200329   0.00137375 -0.000262756  0.000586969 8.09051e-05 -0.00355153 0.000419168 1 0 0 9429
                20.5 0.936803 -5.26003  -24.672   0.109809 -0.0667297  0.0904883 -0.0205928  0.0157742 -0.0268652  0.00138311 -0.00026596 0.000588746 0.000193522  -0.0036553 0.000403688 1 0 0 9377
             20.6002 0.621527 -5.33047 -24.2349   0.108351 -0.0678154  0.0909988 -0.0117157 -0.0122504 0.00241965   0.00139492 -0.000270088  0.000596378 0.000141072 -0.00360754 0.000309433 1 0 0 9346
             20.7001 0.440349 -5.33881 -24.1037   0.107929 -0.0668817  0.0906615 -0.00195485 -0.00505527 -0.00408948   0.00140654 -0.000270904  0.000603146  0.00016363 -0.00370649 0.000324405 1 0 0 9395
             20.7999 0.138299  -5.2904 -24.0147   0.106556 -0.0638525  0.0904157  -0.0140625   0.0148608 -0.00660295   0.00141663 -0.000277394  0.000611691 0.000239784 -0.00381671  0.00029674 1 0 0 9407
             20.8989 -0.0385979   -5.40611   -23.7361    0.10577 -0.0631798  0.0909384 -0.0117866 0.00231072 0.00635795   0.00142311 -0.000275309  0.000612146  0.00020423 -0.00382346 0.000272635 1 0 0 9296
             20.9999 -0.186104  -5.42708  -23.4821   0.105119 -0.0642303   0.090787 -0.00805102  -0.0155442  0.00113566   0.00142999 -0.000287152   0.00061732  0.00018223  -0.0038133 0.000307383 1 0 0 9320
             21.0999 -0.431289  -5.50218  -23.3061  0.102898 -0.064031 0.0921184 -0.0176976 -0.0104757 0.00783978   0.00144643 -0.000286151  0.000621853 0.000256611 -0.00386375 0.000253792 1 0 0 9339
             21.1999 -0.672786  -5.53247  -23.1757   0.106187 -0.0664709  0.0888753 0.0206838 -0.024416 -0.017145    0.0014566 -0.000281441  0.000629846 9.07565e-05 -0.00391869 0.000400257 1 0 0 9402
             21.2989 -0.819462  -5.51484  -23.0474  0.107788  -0.06877 0.0882388  0.0187007 -0.0315252  -0.010929   0.00146678 -0.000282046   0.00063211 0.000110023 -0.00393488 0.000356163 1 0 0 9288
             21.3981 -0.95935 -5.44117 -23.0691    0.10706 -0.0647597  0.0895118 0.00104164  0.0121111 0.00557437   0.00147225 -0.000288838  0.000639866  0.00027623 -0.00413222 0.000261642 1 0 0 9222
             21.4998 -1.16411 -5.44183 -23.0362   0.104223 -0.0609213  0.0881782  -0.0271202   0.0232601 -0.00710565   0.00148356 -0.000288093  0.000642699 0.000412318 -0.00418521 0.000317728 1 0 0 9212
             21.5998 -1.15528 -5.43869 -22.9308   0.103473 -0.0593446  0.0869936 -0.0145968  0.0109276 -0.0100208   0.00148975 -0.000289612  0.000646785 0.000336002 -0.00421803 0.000335395 1 0 0 9321
             21.6998 -1.17131 -5.48818 -22.8038   0.103985 -0.0618114   0.087874 0.00208612 -0.0229757 0.00484399   0.00149809 -0.000291909  0.000649867 0.000223618 -0.00416264 0.000278876 1 0 0 9399
             21.7998 -1.16873 -5.51164 -22.8476   0.105762 -0.0625214  0.0861137   0.015096  -0.018651 -0.0107399   0.00150753 -0.000292595  0.000657414 0.000209341 -0.00425635 0.000356629 1 0 0 9251
             21.8999 -1.15804 -5.52386 -22.9362   0.107304 -0.0629325  0.0850828  0.0157808   -0.01572 -0.0102225   0.00151706 -0.000290925   0.00066514 0.000231372 -0.00432402 0.000350487 1 0 0 9256
             21.9999 -1.13912 -5.52044 -22.9729   0.106156 -0.0642958  0.0844724 -0.00964741  -0.0218808 -0.00538905   0.00152817 -0.000291384  0.000663764 0.000328432 -0.00430277 0.000341438 1 0 0 9300
             22.0997 -1.04303 -5.51126 -22.9897   0.105384 -0.0636907   0.084963 -0.00722068 -0.00765733  0.00129418   0.00153352 -0.000294882  0.000669933 0.000344948  -0.0044172 0.000293792 1 0 0 9257
             22.1994 -1.08082 -5.52338 -23.0141   0.105621 -0.0629179  0.0859871  0.00227564 0.000681464  0.00479454   0.00154916 -0.000294875  0.000675125 0.000326509   -0.004493 0.000252656 1 0 0 9217
             22.2998 -1.27222 -5.43744 -23.0416   0.105096 -0.0631265  0.0878359 -0.00191578  -0.0120424   0.0183498   0.00156397 -0.000298477  0.000676748 0.000349403 -0.00448745 0.000203852 1 0 0 9269
             22.3999 -1.05667 -5.49894 -23.2209   0.105471 -0.0633594  0.0894516 -0.0030619 -0.0143329  0.0182476   0.00156509 -0.000300485  0.000685953 0.000341382 -0.00456772  0.00021986 1 0 0 9263
             22.4998 -0.929288  -5.53317  -23.1398   0.104838 -0.0619418  0.0883393  -0.0105745 -0.00183394 -0.00631306   0.00157297 -0.000302238  0.000686076 0.000386772 -0.00468179 0.000307713 1 0 0 9266
             22.5998 -0.843265  -5.56591  -23.0407   0.103576 -0.0636797  0.0884321  -0.0112415  -0.0207186 -0.00123488   0.00158412 -0.000304665   0.00069107 0.000376963 -0.00464849 0.000286469 1 0 0 9335
                22.7 -0.861529  -5.62153  -23.0265   0.102982 -0.0677102  0.0887913   -0.007566  -0.0401842 -0.00039518    0.0015968 -0.000304516  0.000695656 0.000337765 -0.00461052 0.000260718 1 0 0 9229
             22.7999 -0.803373  -5.61067  -22.9324   0.102612 -0.0668288  0.0889405 -0.00465177  -0.0103445  0.00529298    0.0016024 -0.000309833  0.000697596 0.000376306 -0.00479522 0.000253779 1 0 0 9230
             22.8999 -0.86237  -5.5815 -22.8073   0.101191 -0.0637772  0.0872025 -0.0101902  0.0121176 -0.0129614   0.00161655 -0.000312645  0.000701029 0.000476831   -0.004928 0.000315661 1 0 0 9285
             22.9997 -0.847269  -5.61708  -22.8255  0.101874 -0.064173 0.0880708  0.00779891 -0.00636145  0.00286552   0.00162687 -0.000310688  0.000707483 0.000399447 -0.00492069 0.000250249 1 0 0 9362
             23.0995 -0.969779  -5.60523  -22.9008   0.104696 -0.0638169   0.086546   0.0245429 -0.00324402  -0.0119304     0.001634 -0.000309033  0.000711689 0.000349621  -0.0050019 0.000299401 1 0 0 9192
             23.1998 -1.05079 -5.57797 -22.9724   0.104523 -0.0621234  0.0863325  0.00302669  0.00151949 -0.00356685   0.00164216 -0.000314277  0.000715461 0.000464799 -0.00504666 0.000258804 1 0 0 9141
             23.2999 -1.03914 -5.65062 -23.1451   0.103168 -0.0642143  0.0870797 -0.00962071  -0.0267245  0.00776656   0.00165129 -0.000315627  0.000720331 0.000502555 -0.00497251  0.00023196 1 0 0 9239
             23.3998  -0.9985 -5.81359 -23.5307    0.10381 -0.0675214  0.0870861 0.00943696 -0.0392379 0.00658484   0.00166339 -0.000310524  0.000724669 0.000465659 -0.00499699 0.000267199 1 0 0 9285
             23.4996 -0.660976  -5.78028  -24.4173   0.107766 -0.0692212  0.0897721  0.0634056 -0.0284991  0.0244103   0.00166484 -0.000320916  0.000736082 0.000435883 -0.00511511 0.000201305 1 0 0 9244
             23.5993 -0.425833   -5.5598  -26.6039   0.116174 -0.0665951  0.0914441   0.104694 0.00116994  0.0208714   0.00167331 -0.000327274    0.0007617 0.000535195 -0.00531492  0.00021732 1 0 0 9243
             23.7003 -0.0786253   -5.54694   -29.0334   0.126588 -0.0655387  0.0946035    0.114426 0.000230247   0.0243549   0.00167662 -0.000323264  0.000767077 0.000580477  -0.0053448 0.000178764 1 0 0 9435
             23.7999 -0.367971  -5.13466    -30.89   0.139577 -0.0644208  0.0952699    0.118157  0.00625283 0.000661759   0.00168805 -0.000321864  0.000767083 0.000555728 -0.00542676 0.000233065 1 0 0 9413
             23.8998 -0.981146  -4.76183   -32.308   0.151542 -0.0637285  0.0966725    0.108443 -0.00037412  0.00543522   0.00169372 -0.000324767  0.000769695 0.000508584 -0.00547936 0.000169149 1 0 0 9342
             24.0001 -1.24172 -4.53306 -33.9312   0.160305 -0.0650708  0.0979179  0.0783894 -0.0273121  0.0181449   0.00169313 -0.000325498  0.000774034 0.000532078  -0.0054533 0.000151129 1 0 0 9369
             24.0998 -1.04356  -4.3714 -35.5365   0.167721 -0.0674546  0.0985922   0.065063 -0.0390703  0.0175608   0.00169362 -0.000325069  0.000779595 0.000556993 -0.00550994 0.000211842 1 0 0 9411
             24.2002 -0.818078  -4.21106  -36.9479   0.173356 -0.0683959   0.100691  0.0610141 -0.0253128  0.0212182   0.00169938 -0.000325947  0.000780512 0.000647834 -0.00560405 0.000191314 1 0 0 9581
                24.3 -0.773998  -3.94445   -38.548   0.182906 -0.0689944   0.101375  0.0988179 -0.0185259  0.0033348    0.0017045 -0.000327679  0.000786968 0.000622509 -0.00575236 0.000207882 1 0 0 9451
             24.3993 -1.00449 -3.29845 -39.8702    0.19242 -0.0666138   0.101898      0.082 0.00314263 0.00469162  0.00171116  -0.0003294 0.000789017 0.000702315 -0.00589937 0.000176662 1 0 0 9443
             24.5001 -0.928116  -2.84825  -40.3457   0.195641 -0.0642068   0.102197 -0.0338856  0.0179522  0.0178546   0.00171183 -0.000328415  0.000786499 0.000768938 -0.00596979 0.000207453 1 0 0 9636
                24.6 -0.407365  -2.01055  -37.3154   0.185048 -0.0651332   0.103758  -0.173539 0.00281114  0.0253943   0.00171499 -0.000336188  0.000741351 0.000687828 -0.00587371 0.000253804 1 0 0 9704
              24.701 0.559408 -1.28956 -32.6933    0.16714 -0.0686099    0.10889  -0.200872 -0.0361402  0.0768893   0.00173074 -0.000344283  0.000721553   0.0005303 -0.00587267  0.00024747 1 0 0 9876
                24.8   2.60416 -0.919084   -30.317   0.155878 -0.0759846   0.119066 0.0122431 -0.148026  0.116485   0.00174684 -0.000344696  0.000749545 0.000483476 -0.00592708 0.000217376 1 0 0 9920
                24.9  6.58378 -2.63696 -41.1776   0.171058 -0.0978022   0.131821  0.219853 -0.311096  0.128732   0.00172218 -0.000297051  0.000935569 0.000534835 -0.00604748 0.000216188 1 0 0 9840
                  25  8.81116 -1.23463 -51.4166  0.177696 -0.114844  0.137809 -0.021586  -0.19007 0.0278911   0.00173869 -0.000312734  0.000907156  0.00110112 -0.00625007 0.000306923 1 0 0 9760
             25.0999  10.4857 -3.06608 -52.8613  0.156415 -0.115429  0.142692 -0.334006  0.035414 0.0641938   0.00173944 -0.000289507   0.00079786  0.00154314  -0.0064273 0.000282514 1 0 0 9767
             25.1999  11.2348 -4.20323 -42.6854  0.117815 -0.103086  0.144035   -0.48843    0.20282 -0.0323909   0.00176802 -0.000335389  0.000653323  0.00141748 -0.00661426 0.000357397 1 0 0 9839
             25.2995  8.98465 -4.07433   -29.71  0.0822458 -0.0950125   0.144209 -0.346309  0.089595 0.0174764  0.00184799 -0.00038065 0.000639963 0.000670277 -0.00675997 0.000269366 1 0 0 10165
             25.3998  9.09178 -4.78972 -23.6017 0.0754163 -0.101318  0.147695  0.111749 -0.116038 0.0900229   0.00187914 -0.000379441   0.00072261 9.17427e-05 -0.00678541 0.000450338 1 0 0 10528
             25.4998  10.7686 -6.52971 -30.3941   0.11012 -0.118737  0.156568  0.568716  -0.25252 0.0406171   0.00188866 -0.000338266  0.000863159 0.000230141 -0.00681321 0.000440477 1 0 0 10646
             25.6008  8.13007 -5.42735 -42.8472  0.161696 -0.131985  0.155398   0.528731   -0.21135 -0.0530123   0.00192627 -0.000328789  0.000920632 0.000905976 -0.00717705 0.000381158 1 0 0 10507
             25.6998  5.74121 -3.78405  -51.246  0.197802 -0.135659  0.156585  0.293631 -0.106654 0.0437885   0.00190565 -0.000351436   0.00088726  0.00154415 -0.00766421 0.000129968 1 0 0 10306
             25.7998  5.37432 -3.82516 -58.4006  0.216967 -0.148633  0.166195  0.075131 -0.122071  0.126864   0.00186734 -0.000339357  0.000888801  0.00148133 -0.00772934 9.49733e-06 1 0 0 10359
             25.9007   6.3431 -3.66894 -61.5741  0.217528 -0.168407  0.175094 -0.0769512  -0.200015   0.119658   0.00183219 -0.000347887  0.000840308  0.00122427 -0.00761856 0.000279307 1 0 0 10511
             26.0008  8.89867  -3.9761 -64.1217   0.20995 -0.197318  0.182987 -0.0982284  -0.298745  0.0797634   0.00181172 -0.000349454  0.000832012 0.000959444 -0.00758322 0.000480918 1 0 0 10642
             26.1005  10.4994 -4.17078 -66.9015  0.202702 -0.226152  0.183353 -0.0761583  -0.275851 0.00693382   0.00182937 -0.000353473  0.000822912 0.000942454 -0.00766255 0.000703029 1 0 0 10644
             26.1992  11.1103 -3.10352 -67.7265  0.201222 -0.247183  0.186195 -0.0113502  -0.203574  0.0322632   0.00185003 -0.000378402  0.000804723  0.00102378 -0.00796598 0.000636307 1 0 0 10804
             26.3007  11.8477 -2.05201 -69.1362  0.206441 -0.262696  0.194479 0.0542172  -0.14285 0.0626679   0.00185584 -0.000373856  0.000813106  0.00107503 -0.00829048 0.000457559 1 0 0 10791
             26.4006  11.0029  -1.0661 -70.7544  0.213806 -0.270926  0.199998 0.0828496 -0.109468 0.0392913   0.00188277 -0.000367093  0.000813214  0.00130313 -0.00844059 0.000425448 1 0 0 10842
             26.4998   9.74378 -0.728521  -73.6454 0.224628 -0.28438 0.206202 0.0826646  -0.14779 0.0572757   0.00189652 -0.000363798  0.000844282  0.00128183 -0.00860228  0.00042148 1 0 0 10977
             26.6007     8.24084 -0.00281788     -75.058  0.231809 -0.298222  0.210092 0.0289483 -0.156734 0.0528657   0.00189593 -0.000365877  0.000842514  0.00130489 -0.00870613 0.000510238 1 0 0 11052
             26.7006   8.57006 -0.861107  -78.4912 0.232387 -0.31307 0.217272 -0.0322334  -0.162785  0.0817339   0.00187675 -0.000341506  0.000861942  0.00138834 -0.00878809 0.000491773 1 0 0 10861
             26.8005   8.24837 -0.533187  -81.0843  0.226213 -0.321781  0.221825 -0.086989 -0.126339 0.0546855   0.00188533 -0.000347801   0.00085608  0.00169681 -0.00883668 0.000600147 1 0 0 11117
             26.9006   8.89333 -0.196735  -82.9296  0.216481 -0.328543  0.222692  -0.121869 -0.0756984   0.001784   0.00187216 -0.000345924  0.000850097  0.00193233 -0.00891181 0.000765322 1 0 0 11386
             27.0005   10.2634 0.0810852  -83.6589  0.205056 -0.338534  0.225158  -0.121915 -0.0617717  0.0240649    0.0018797 -0.000354526  0.000840302  0.00180329 -0.00901385 0.000675143 1 0 0 11269
             27.1004  11.8764  0.31234 -80.8478   0.19636 -0.337128  0.229554  -0.0493188    0.115597 7.10878e-05   0.00189141 -0.000359685  0.000788517  0.00175723 -0.00904278 0.000522003 1 0 0 11382
             27.2005  10.8597 -0.49497 -77.7407  0.205447 -0.324956  0.225816  0.150496  0.154052 -0.017741  0.00195037 -0.00036084  0.00080263  0.00155916 -0.00935665 0.000700714 1 0 0 11473
             27.3004  7.05012 0.169714 -75.8437  0.236363 -0.309361  0.218264  0.315852  0.122325 -0.100447   0.00200975 -0.000371588  0.000834616  0.00153618 -0.00978708 0.000874484 1 0 0 11248
             27.4004   3.60892 -0.698785  -78.4385  0.270445 -0.288254  0.211513    0.32852   0.227264 -0.0508101   0.00201661 -0.000349207  0.000894232  0.00194276  -0.0100596 0.000856858 1 0 0 11296
             27.5003   1.8562 0.730531 -74.1643  0.294445 -0.256358  0.209251   0.207419   0.296399 -0.0277777   0.00200224 -0.000376391  0.000828619  0.00227986 -0.00993713 0.000689254 1 0 0 11753
             27.5991 1.64125 1.86947  -71.57  0.307215 -0.238062  0.206369  0.0833648   0.109871 -0.0108043   0.00199164 -0.000389376  0.000865233  0.00211963 -0.00975496 0.000755554 1 0 0 11826
             27.7004  2.99043  0.77145 -72.1754  0.310754 -0.234889   0.20681  -0.0190752 -0.00938679  0.00940741   0.00198688 -0.000359707  0.000890365  0.00209029 -0.00974119    0.000769 1 0 0 12125
             27.8004  3.35546  1.70544 -69.8483  0.304343 -0.232482  0.207536  -0.127119 0.00688839 0.00410017   0.00201651 -0.000380167  0.000864075  0.00222151 -0.00986181 0.000738434 1 0 0 11991
             27.9001  3.84516  2.25462 -66.2214   0.28946 -0.227093  0.204865  -0.209497  0.0368622 0.00315257    0.0020351 -0.000389868  0.000851631  0.00237775  -0.0100732 0.000944476 1 0 0 12096
             27.9988   5.3683  2.73785 -61.8493  0.270321 -0.228868  0.207084   -0.24436 -0.0666178  0.0294717   0.00205471 -0.000389582  0.000850872  0.00223582  -0.0103213 0.000914969 1 0 0 11953
             28.1003  8.06859 0.894301 -60.0761  0.240022 -0.239266  0.211028  -0.32937 -0.124684 0.0487957   0.00205963 -0.000368539  0.000860791  0.00229208  -0.0102597 0.000911377 1 0 0 11917
             28.2002  10.5542 0.664613 -55.5645  0.206757 -0.248002  0.212372   -0.339652   -0.105352 -0.00389566   0.00209058 -0.000393073  0.000823627  0.00239019  -0.0103968 0.000968879 1 0 0 11673
             28.2999   12.5744 -0.296128  -52.1556  0.179045 -0.260597  0.212813   -0.272518   -0.162344 -0.00497584   0.00212404 -0.000386419  0.000837763  0.00232962  -0.0106234 0.000949587 1 0 0 11733
             28.3989  15.1431 -2.01991 -53.0894  0.156532 -0.275862  0.211559  -0.210121  -0.206753 0.00258432   0.00213995 -0.000365116  0.000884356 0.00242117 -0.0108346 0.00102693 1 0 0 11770
             28.4985  19.8911 -3.42571 -58.9537   0.13033 -0.290242    0.2124 -0.250931 -0.184263 0.0446816   0.00211861 -0.000340559  0.000933965 0.00285167 -0.0108149 0.00108081 1 0 0 12381
             28.5984  26.2496 -4.82185 -63.7135  0.102713 -0.296361  0.216754  -0.265031 -0.0404019  0.0183129   0.00209702 -0.000318976  0.000883407 0.00332518 -0.0109774 0.00110571 1 0 0 13261
             28.7001  27.8902 -3.96642 -63.8361 0.0872782 -0.300531  0.212958  -0.143564 -0.0604901 -0.0567632     0.002179 -0.000386546  0.000843016 0.00308915 -0.0112525 0.00133709 1 0 0 13640
             28.8001  29.1497 -3.78736 -68.6652 0.0865676 -0.304198  0.206281 0.00494865 -0.0185446 -0.0675205   0.00220369 -0.000356223  0.000873847 0.00300304  -0.011652 0.00160094 1 0 0 13807
             28.9001  27.6057 -3.99634 -68.2936 0.0959719 -0.300027   0.20354   0.13938   0.13195 -0.034866   0.00223384 -0.000382781  0.000818138 0.00286769 -0.0118891 0.00148982 1 0 0 13765
             28.9988  22.3731 -4.49965 -64.1948 0.122777 -0.27783 0.201148   0.271455   0.289414 -0.0678045   0.00230177 -0.000402914  0.000796834 0.00278965 -0.0123417 0.00143329 1 0 0 13367
                29.1  16.6325 -4.17209 -56.9072  0.154363 -0.251442  0.202765  0.275982  0.273131 0.0134767   0.00234165 -0.000439725  0.000789532 0.00246397 -0.0126357 0.00122538 1 0 0 12460
                29.2   12.592 -2.71068 -50.3847  0.178523 -0.233626  0.202988  0.213926  0.113255 0.0102307   0.00233719 -0.000454459  0.000841383 0.00227584 -0.0125002  0.0012125 1 0 0 12082
              29.299  10.3319 -2.69875 -49.1229  0.193629 -0.226655   0.19867    0.128221 -0.00803608  -0.0130658    0.0023378 -0.000427355  0.000903138 0.00250278 -0.0123957 0.00148349 1 0 0 11881
             29.3998   9.3971 -2.90122 -49.1631 0.197277 -0.22295 0.192607  0.0155971 -0.0234405 -0.0284865   0.00233688 -0.000408528  0.000927376 0.00299914 -0.0123787 0.00175698 1 0 0 11815
             29.4984  9.55809 -2.94263 -49.2018 0.192709 -0.21987 0.191182  -0.0667914   0.0020085 0.000457004   0.00233243 -0.000411089  0.000930109 0.00333669 -0.0124843 0.00175381 1 0 0 11638
                29.6  10.3671  -3.0377 -48.5079  0.185432 -0.215058  0.188441 -0.0981056  0.0204301 -0.0138079   0.00233053 -0.000418996   0.00092648 0.00347111 -0.0126867 0.00190625 1 0 0 11913
             29.6999  12.1589 -3.60297 -48.7108  0.175638 -0.220254  0.191926 -0.129904   -0.1152 0.0610632   0.00233452 -0.000410516  0.000937339 0.00330005 -0.0127348 0.00180434 1 0 0 11855
             29.7997  16.0679 -6.21935  -53.608  0.158126 -0.237018  0.198782 -0.188602 -0.218227 0.0666192   0.00231853 -0.000364951  0.000973212 0.00341961 -0.0126836 0.00185008 1 0 0 11989
             29.8987  19.4714 -6.52096 -58.8596  0.139376 -0.259831  0.202645 -0.181796 -0.250009  0.029112   0.00232398 -0.000383316  0.000981065 0.00344965 -0.0126867  0.0018976 1 0 0 12419
             29.9998  22.8092  -5.9147 -65.5515  0.124341 -0.278158  0.202838  -0.146163  -0.180809 0.00361377   0.00232357 -0.000375636  0.000999042 0.00365554 -0.0129127 0.00202911 1 0 0 12924
             30.0999  25.3083 -4.66223 -68.8648  0.116041 -0.286255  0.205658 -0.0914511 -0.0624176   0.019271   0.00233994 -0.000398826  0.000940652 0.00382718 -0.0133552 0.00202035 1 0 0 13480
             30.1999  26.7706 -3.47174 -69.7496  0.112096 -0.290523  0.206422  -0.050186 -0.0315837 0.00565193   0.00235665 -0.000419932  0.000905332 0.00375933 -0.0135514 0.00213978 1 0 0 13359
             30.2996  27.7816 -3.24136 -70.6355  0.113221 -0.293197  0.206833 0.0104589 0.0100586 -0.012269   0.00237284 -0.000410367  0.000892796 0.00361869 -0.0137588 0.00221649 1 0 0 13433
             30.3986  26.6016 -3.16577 -69.3072  0.119049 -0.290662  0.204948   0.050601  0.0298548 -0.0211727   0.00240717 -0.000426724  0.000875137 0.00353592 -0.0139356 0.00225497 1 0 0 13537
             30.4979  25.6244 -3.50962 -68.7308  0.122982 -0.290709  0.205911  0.0291451 0.00292438 0.00149133  0.00241363 -0.00041928 0.000893216 0.00345424 -0.0139728 0.00212813 1 0 0 13268
                30.6  23.9261 -3.94443 -65.8226  0.126918 -0.287954  0.205753  0.0221224  0.0457391 -0.0114177   0.00243626 -0.000430163  0.000871266 0.00344714 -0.0140815 0.00214307 1 0 0 13160
             30.6998  21.5427 -4.45382  -61.042  0.131394 -0.278733  0.204499  0.0215051   0.104146 -0.0212096   0.00246341 -0.000443451  0.000866939 0.00350487 -0.0142891 0.00219962 1 0 0 13021
             30.7994  18.1631 -4.66612 -54.8298  0.136098 -0.267551  0.201782   0.020116   0.106067 -0.0327643   0.00250717 -0.000461581  0.000873316 0.00343432 -0.0144744 0.00223874 1 0 0 12497
             30.8998  15.3759 -4.77296 -49.4948  0.140288 -0.256767  0.196003  0.0252237  0.0659379 -0.0371587   0.00252729 -0.000466426  0.000901337 0.00347659 -0.0146234 0.00243126 1 0 0 12226
                  31  14.1661 -5.07623 -46.9588   0.13667 -0.251902  0.192853 -0.0208163 0.00236813 -0.0161085   0.00253298 -0.000455135  0.000945177 0.00373722 -0.0144657 0.00242058 1 0 0 12179
             31.0995  13.9396 -5.29615 -46.6389   0.13767 -0.251475  0.191466   0.0108269  -0.0213645 -0.00752065    0.0025364 -0.000448283  0.000982262 0.00378029  -0.014626 0.00247567 1 0 0 12129
             31.1993  12.9807  -5.3753 -45.7294  0.137816 -0.250034  0.189424 -0.0140955  0.0242582 -0.0350819   0.00256064 -0.000449327  0.000979441 0.00387131 -0.0147193 0.00248612 1 0 0 11943
             31.2999  10.9532 -5.63085 -42.8543 0.136365 -0.24419 0.186264 -0.0297119  0.0718728 -0.0474787   0.00259185 -0.000457212  0.000963151 0.00385814 -0.0148358 0.00243898 1 0 0 11825
             31.3998  8.49164  -5.7335 -39.4925  0.134967 -0.235825  0.182245 -0.00528269   0.0805528  -0.0315416   0.00261891 -0.000467513  0.000967643 0.00383208 -0.0149142  0.0024123 1 0 0 11994
             31.4998  7.53949 -6.11411 -38.2658  0.141481 -0.226613  0.180535  0.0810397  0.0809241 -0.0035223   0.00261869 -0.000464851    0.0010021 0.00373389 -0.0151236 0.00245112 1 0 0 11818
             31.5994  7.82479 -6.67797 -37.5092  0.147552 -0.215992  0.179506  0.0549553   0.129844 0.00211293   0.00261565 -0.000462355   0.00102211 0.00385883 -0.0151048 0.00251587 1 0 0 11929
             31.6998  7.31034 -6.12306 -33.8634   0.14871 -0.200136  0.174346 0.00101265   0.177223 -0.0486494   0.00263855 -0.000479967  0.000990466  0.0040037 -0.0149929 0.00263793 1 0 0 11876
             31.7999  6.29633  -4.8349 -29.0539  0.147448 -0.180292  0.169257 -0.0319093   0.200654  -0.042774   0.00266162 -0.000490834   0.00098992 0.00400175 -0.0150694 0.00260279 1 0 0 11899
             31.8998  5.42901 -3.16517 -23.2524  0.14984 -0.16051 0.168907 0.0147476  0.200153 0.0220368   0.00269468 -0.000518351  0.000984298 0.00368981 -0.0152187 0.00255702 1 0 0 11702
             31.9995  6.52102 -4.69181 -18.2962  0.158384 -0.138974  0.172512  0.100858  0.222621 0.0521212   0.00271046 -0.000474194  0.000989964 0.00353489 -0.0153871 0.00261805 1 0 0 11356
             32.0998  7.79476 -6.70717 -12.2743  0.164984 -0.117615  0.176019 0.0751162  0.179835 0.0673387   0.00272825 -0.000475106  0.000969514 0.00372513 -0.0152859 0.00271993 1 0 0 11107
                32.2  11.0836 -10.5583 -7.21356  0.166124 -0.104542  0.179838 -0.00223334   0.0922036  0.00929752   0.00273717 -0.000443422    0.0009773 0.00404175 -0.0151913 0.00283491 1 0 0 11141
             32.2999  11.7468 -13.7124 -1.62605  0.158829 -0.101192  0.181169   -0.150844  0.00775627 -0.00233907   0.00279042 -0.000465142  0.000948105 0.00415325 -0.0150554  0.0026655 1 0 0 10902
             32.4002  10.0902 -16.4747  2.86334   0.148033 -0.0957365   0.174449  -0.102517  0.0614897 -0.0910573   0.00286482 -0.000481476  0.000968668 0.00396518 -0.0153025 0.00275106 1 0 0 10839
             32.4999  10.4622 -18.6366  8.81704   0.145436 -0.0825236   0.164622 -0.0415327   0.108665 -0.0818621  0.00287267 -0.00049997 0.000951997 0.00355366 -0.0155573 0.00288541 1 0 0 10716
             32.6003  6.39235 -21.8384  17.9231   0.150084 -0.0767293     0.1598  0.0244874  0.0698199 -0.0362236   0.00294279 -0.000489173   0.00092132 0.00314376 -0.0152372 0.00295758 1 0 0 10755
             32.6996  1.47225 -23.6154  30.3303    0.14676 -0.0667736   0.168422 -0.0172246   0.118367  0.0712386   0.00298222 -0.000533556  0.000873685 0.00319643 -0.0154597 0.00242687 1 0 0 10918
             32.7999  -4.0656 -28.5403   41.522   0.150932 -0.0488041   0.166356  0.0116124     0.1816 -0.0365427   0.00306542 -0.000449228  0.000866875 0.00300338 -0.0154397 0.00285283 1 0 0 11455
             32.8998  -8.8377 -23.5601  48.7132   0.140558 -0.0343828   0.163438 -0.0859978   0.154877 -0.0566604   0.00309232 -0.000597408  0.000930822 0.00337692 -0.0156009 0.00248968 1 0 0 12091
             32.9999 -12.7828 -20.5276  59.9007   0.127087 -0.0230165   0.162682  -0.125429   0.114856 0.00978683  0.00310054 -0.00057938 0.000898202 0.00346663 -0.0156045  0.0022682 1 0 0 12300
             33.0997 -15.2133 -19.8699  69.3258    0.125218 -0.00860176    0.163277 -0.0357536     0.1458  0.0445566   0.00314697 -0.000574901  0.000907768 0.00315313  -0.015296 0.00257507 1 0 0 12064
             33.2002 -15.9557 -18.5395  74.4773    0.127353 -0.00138655    0.166767 0.00562363   0.115265  0.0526053   0.00316235 -0.000600161  0.000974375 0.00343994 -0.0149093 0.00267532 1 0 0 11978
             33.2998 -16.8063 -19.2892  78.6849    0.12855 0.00312162   0.169613 -0.00454467   0.0925669   0.0536354  0.00319922 -0.00057525 0.000999098 0.00387843 -0.0147963 0.00280494 1 0 0 12193
             33.3999 -17.0849  -17.314  82.4849   0.119837 0.00932698   0.175846 -0.0888141  0.0833065  0.0586667   0.00322005 -0.000604505  0.000990278 0.00411692 -0.0150194 0.00265215 1 0 0 12231
             33.4994 -18.0174 -17.8922  85.7222  0.107329 0.0164599  0.182125 -0.127953 0.0902698 0.0561989   0.00325869 -0.000574254   0.00100725 0.00417479 -0.0151127  0.0025743 1 0 0 12123
             33.5998 -18.1811  -16.152  87.9001 0.0943306 0.0244156  0.189818 -0.127878  0.110497 0.0656947   0.00326255 -0.000610505   0.00101505 0.00425889 -0.0149903 0.00240568 1 0 0 12115
             33.7001 -17.8357  -14.204  88.7641 0.0884967 0.0340789  0.195337 -0.0622675   0.118997  0.0501428  0.00327299 -0.00062246  0.00103785 0.00439763 -0.0146872 0.00245726 1 0 0 12101
                33.8 -17.7394 -14.2313  88.9689 0.0852822 0.0425012  0.197918  -0.03702 0.0940151  0.024349   0.00328812 -0.000593032   0.00106712 0.00459758 -0.0145901 0.00252058 1 0 0 11871
             33.8999 -18.3554 -15.7568  89.5182 0.0820901 0.0468874  0.199573 -0.0363757  0.0637335  0.0276668   0.00330551 -0.000562588   0.00108099 0.00482476 -0.0145378  0.0025222 1 0 0 11932
             34.0001 -16.6873 -15.5231  91.0422 0.0798077 0.0501932  0.205379 -0.0177172  0.0657498  0.0614659  0.00327099 -0.00057482  0.00105895 0.00512007 -0.0144683 0.00238621 1 0 0 12078
                34.1 -16.5876 -17.8854  94.6591 0.0827117 0.0530113  0.207392  -0.0107607  0.00535102 -0.00296628   0.00329509 -0.000540616   0.00103733 0.00518652 -0.0141938 0.00255362 1 0 0 12121
             34.1999 -18.6674 -18.4205  96.6295 0.0816695 0.0516498  0.203281 -0.0282278  0.0240973 -0.0598231   0.00334587 -0.000564311   0.00105873 0.00538767 -0.0141118 0.00253569 1 0 0 12308
                34.3 -20.5072 -17.6902  100.225 0.0724464 0.0511207  0.199714  -0.107078 0.00881185 -0.0295931   0.00335913 -0.000573501   0.00104773 0.00549216 -0.0142526 0.00234937 1 0 0 12337
             34.4001 -22.5281  -19.311  103.315 0.0638581 0.0536259   0.19877 -0.0940645  0.0460038  0.0107753    0.0033804 -0.000560828   0.00107244 0.00552461 -0.0141231 0.00236016 1 0 0 12211
                34.5 -23.2149 -22.5261   104.12 0.0579517 0.0484636   0.20143 -0.0651676 -0.0213827  0.0340387   0.00337765 -0.000535114   0.00111771 0.00596141 -0.0140355 0.00224471 1 0 0 12266
                34.6 -22.0369 -24.3046  103.252 0.0574341 0.0437467   0.20143  -0.0260613 -0.00598967 -0.00263786  0.00336413 -0.00055148  0.00114277 0.00630801 -0.0138174 0.00236022 1 0 0 12294
             34.6999 -21.0934 -25.5259  101.878 0.0591931 0.0407102  0.201541 -0.0115487 -0.0302258 -0.0110693   0.00337114 -0.000555801    0.0011534 0.00648718 -0.0136209 0.00238716 1 0 0 12448
              34.801 -21.9368 -22.9815  99.8207 0.0552063 0.0388312  0.201961  -0.0702402   0.0196662 -0.00164732   0.00340589 -0.000612058   0.00114404 0.00645306 -0.0135923 0.00222488 1 0 0 12440
             34.8998 -23.2244 -25.3014  99.9638  0.042546 0.0435254  0.209094 -0.148623 0.0448057 0.0953729   0.00340191 -0.000537795   0.00115281 0.00629819 -0.0136792 0.00209545 1 0 0 12217
             34.9998 -24.8716 -24.3114  102.155 0.0209711 0.0443067  0.219735 -0.299657  0.041617  0.126078   0.00340332 -0.000569305   0.00111786 0.00649581  -0.013591 0.00198338 1 0 0 12524
              35.101 -26.0686 -25.1483   106.37 -0.0091866  0.0455994   0.235478 -0.315083 0.0508002  0.202523   0.00338544 -0.000532841   0.00111313 0.00671378 -0.0133837  0.0020275 1 0 0 12478
             35.1998 -24.2485 -25.8757  108.285 -0.0210176  0.0464142    0.25187 -0.086019 0.0707491  0.187658   0.00335934 -0.000544018     0.001155 0.00725986 -0.0128698 0.00219611 1 0 0 12515
             35.2999 -19.7625 -26.2818  106.712 -0.0168482  0.0568168   0.272058 0.0537395  0.114109  0.216206   0.00333197 -0.000570234   0.00119179 0.0073263 -0.012502 0.0022702 1 0 0 12985
             35.3998 -16.3625 -27.6134  105.342 -0.0131459  0.0629942   0.296159 0.0181692 0.0596486  0.266064   0.00335236 -0.000537084   0.00118796 0.00748536 -0.0125725 0.00214777 1 0 0 13411
             35.4997 -13.7479 -30.7183  105.808 -0.0138552  0.0594326   0.322391  -0.011569 -0.0120505   0.256506   0.00336517 -0.000498942   0.00116489 0.00782858 -0.0127142 0.00199753 1 0 0 14032
             35.5998  -11.972 -33.6971  105.746 -0.016081 0.0464937  0.345883 -0.00480641   -0.100623    0.205193   0.00338925 -0.000477344   0.00116056 0.00826937 -0.0129007 0.00175698 1 0 0 14903
             35.7009 -10.836 -34.992  104.42 -0.011395 0.0359943  0.358683   0.041739 -0.0583631    0.06597  0.00340722 -0.00049055  0.00115981 0.00850881 -0.0127813 0.00175824 1 0 0 15912
             35.7998 -8.96805 -32.7894  104.017 -0.00896371   0.0382645    0.363926 -0.00620238   0.0408446 0.000233456   0.00339675 -0.000537342   0.00114181 0.00822428 -0.0126454 0.00175019 1 0 0 15980
              35.901  -8.5776 -29.1168  104.012 -0.00954037   0.0503719    0.362967 -0.00462541    0.115097  -0.0701394   0.00341912 -0.000564286   0.00113653 0.00784335 -0.0124875  0.0017153 1 0 0 16092
             36.0009 -9.36127 -25.4285  100.103 -0.00196948   0.0615743    0.355948  0.142371  0.100004 -0.126466   0.00345675 -0.000565078   0.00119645  0.0077337 -0.0123422  0.0014456 1 0 0 15648
             36.0974 -10.1116 -22.2455  93.1557 0.0116006 0.0552431  0.334847   0.196634 -0.0698468  -0.276457   0.00346149 -0.000562113   0.00125371 0.00830115 -0.0127452 0.00129203 1 0 0 14311
             36.1998  -8.6593 -17.9347  86.0108 0.0374391 0.0367066  0.302086  0.276008 -0.175367 -0.328996  0.00342026 -0.00059376  0.00129147  0.0087801 -0.0126633 0.00124798 1 0 0 14492
             36.2996 -7.10606 -14.6313   80.006 0.0673043  0.016273  0.270427  0.235069 -0.180778 -0.277752   0.00336944 -0.000559546   0.00127352 0.00893627 -0.0123975 0.00120867 1 0 0 13726
             36.4009 -6.12853 -13.0815  76.8738 0.0928054  0.005242  0.242313   0.155277 -0.0831025  -0.226284   0.00334991 -0.000520764   0.00124569 0.00878261  -0.011993 0.00154438 1 0 0 13577
             36.5006 -3.05741 -11.5332  78.0597    0.101973 -0.00785164    0.225714 0.00298273  -0.125357  -0.128782   0.00330066 -0.000505409   0.00116949 0.00894949 -0.0117146 0.00150127 1 0 0 13098
             36.6008 -4.65115 -13.7471  80.2088   0.097015 -0.0267637   0.213471 -0.100777 -0.154153 -0.109958   0.00337739 -0.000433115   0.00116193 0.00929697 -0.0116874 0.00145288 1 0 0 13033
             36.7008 -4.81046 -14.9942  85.8682  0.0833165 -0.0466533   0.204609 -0.109289 -0.130438 -0.105826   0.00336271 -0.000424894   0.00112112 0.00969005 -0.0117513 0.00127894 1 0 0 13081
             36.8008 -4.59747 -13.4599   89.737  0.0800963 -0.0542481   0.195518 -0.00715193  -0.0662201  -0.0919893   0.00337796 -0.000482051   0.00114044  0.0095118 -0.0115128  0.0012369 1 0 0 12966
             36.8992 -4.19988 -11.7696  91.0853  0.0894921 -0.0547641   0.184308  0.0878253 0.00218906  -0.119525   0.00339688 -0.000502457   0.00117247 0.00933436 -0.0111115  0.0013366 1 0 0 12446
             37.0007  -4.5291 -10.5146   93.667  0.0940982 -0.0529679   0.170596 0.0233171 0.0341594 -0.125467   0.00341852 -0.000499126    0.0011531 0.00934701 -0.0112026 0.00145455 1 0 0 12260
             37.1007  -6.9162 -11.0748  95.9675  0.0923618 -0.0554322   0.158305 -0.016141   0.01107 -0.133992   0.00346571 -0.000460409   0.00117832 0.00969399 -0.0114035 0.00135277 1 0 0 12149
             37.2007 -11.6591 -11.9985  97.0635  0.0883658 -0.0682364   0.147608 -0.0456928 -0.0747989  -0.129777    0.0035112 -0.000438795   0.00121441  0.0102893  -0.011573 0.00101585 1 0 0 11763
             37.3007 -10.4055 -9.54933   95.721  0.0805895 -0.0727299   0.144827    -0.1243 0.00176163  0.0594455   0.00344796 -0.000489585   0.00124786   0.0104227  -0.0115409 0.000894643 1 0 0 11677
             37.4002 -9.98267 -10.3762  96.2661  0.0804356 -0.0764344   0.147714 -0.0240897 -0.0350677  0.0382414   0.00344147 -0.000424646    0.0012363   0.010625 -0.0109868  0.0010887 1 0 0 11512
             37.5006 -9.80544 -11.4333  95.9673  0.0862504 -0.0830482   0.150842   0.039161 -0.0384236  0.0364872   0.00343717 -0.000422095   0.00125236  0.0108861 -0.0106284 0.00118429 1 0 0 11633
             37.6007 -9.65066 -12.4365  95.7241  0.0919654 -0.0908497   0.148443  0.0403004 -0.0281993 -0.0265953   0.00344369 -0.000407291    0.0012553  0.0112309 -0.0106097 0.00137711 1 0 0 11581
             37.7006 -8.94367 -11.8725  95.5486  0.0929827 -0.0897851   0.146486 0.00399253  0.0328475 -0.0358069   0.00344251 -0.000429844   0.00124968  0.0111555 -0.0106533 0.00130495 1 0 0 11605
             37.7991 -8.86024 -11.4882  94.9042  0.0941702 -0.0867357   0.145955 0.000880396    0.053844  -0.0117794   0.00346186 -0.000431915    0.0012638  0.0112218 -0.0105657 0.00114977 1 0 0 11593
             37.9006 -8.70878 -11.0608  94.3515   0.094008 -0.0846472   0.145558   -0.019719   0.0385568 -0.00561279  0.00346251 -0.00042608  0.00126291  0.0114123  -0.010527 0.00106676 1 0 0 11457
             38.0005 -8.83112   -10.91  94.1198  0.0913534 -0.0826458   0.146706 -0.0440199  0.0319852 0.00838796   0.00347038 -0.000420098    0.0012656  0.0115095 -0.0104739 0.00098061 1 0 0 11388
             38.1005  -9.1273 -10.8208  94.1097  0.0900403 -0.0827814   0.145276 -0.0324237  0.0211013 -0.0071044   0.00347316 -0.000409141   0.00127187  0.0117512 -0.0103159  0.0010749 1 0 0 11558
             38.1992 -9.23356  -10.838  94.0732  0.0887575 -0.0825744   0.146679 -0.0236486  0.0238271  0.0104006   0.00347178 -0.000403861   0.00128169   0.0118866  -0.0101972 0.000960491 1 0 0 11332
                38.3  -9.1325 -10.6896  93.8935  0.0875586 -0.0829126   0.147051  -0.022973  0.0226228 0.00447141   0.00347412 -0.000402233   0.00128802    0.012095  -0.0101419 0.000963944 1 0 0 11364
             38.4004 -9.11967 -10.4405  93.6568   0.089131 -0.0834277   0.144448 -0.00343764   0.0211348  -0.0240806   0.00348222 -0.000393674   0.00129527   0.0123395 -0.00995292  0.00107609 1 0 0 11388
             38.5005 -8.95505 -10.1302  93.4195  0.0908442 -0.0810109   0.143549  0.00312784   0.0382936 -0.00816609   0.00347625 -0.000390824   0.00129876   0.0123844 -0.00980095  0.00100836 1 0 0 11392
             38.6004 -8.92056 -10.0069  93.2029  0.0915401 -0.0777835    0.14319 -0.00840339   0.0477253 -0.00189513   0.00348941 -0.000394682   0.00130366   0.0124605 -0.00973708 0.000994387 1 0 0 11221
             38.6989 -8.97167 -10.0199  93.0764  0.0910144 -0.0792621   0.144118  -0.021372  0.0184335 0.00273382    0.0034899 -0.000381329   0.00130948   0.0127896 -0.00968272 0.000879046 1 0 0 11161
             38.7983 -9.15764 -9.80329  92.9622  0.0919863 -0.0810046   0.144188 -0.00807699  0.00762018 0.000623186   0.00349719 -0.000381815   0.00131621   0.0130274 -0.00949775 0.000856876 1 0 0 11256
             38.8992 -9.16453 -9.68817  92.8828  0.0919251 -0.0812679   0.142223 -0.0125288  0.0131252 -0.0114705   0.00350493 -0.000380619   0.00131796   0.0131611 -0.00946234 0.000961458 1 0 0 11082
             39.0003 -9.20438 -9.75498  92.7286  0.0910522 -0.0791524   0.142822  -0.023682  0.0351481 0.00203662   0.00350852 -0.000378095   0.00132351   0.0131686 -0.00937152 0.000878745 1 0 0 11199
             39.1004 -9.22998 -9.79452   92.742 0.0907524  -0.07873  0.143043   -0.0214128    0.0270885 -0.000215824 0.00351046 -0.0003677 0.00132709   0.0133757 -0.00922807 0.000860105 1 0 0 11282
             39.2001 -9.33269  -9.7433  92.8187  0.0906953 -0.0796324   0.141503  -0.017299  0.0151853 -0.0129709   0.00351633 -0.000364931   0.00133234   0.0136141 -0.00910567 0.000911594 1 0 0 11193
             39.2986   -9.425 -9.74107  92.8093  0.0903068 -0.0813846   0.143026 -0.0155546  0.0072123  0.0106513   0.00352099 -0.000362515    0.0013388   0.0137974 -0.00899839  0.00075509 1 0 0 11058
             39.4002 -9.45151  -9.6372  92.7833  0.0904689 -0.0835013   0.146558 -0.0111287 0.00719284  0.0274317   0.00352218 -0.000360694   0.00134502   0.0139814 -0.00885702 0.000605033 1 0 0 11217
             39.5002 -9.35017 -9.29977   92.728  0.0924274 -0.0831664   0.144684 0.00451041  0.0208717 -0.0107869   0.00352755 -0.000363982   0.00135148    0.014111  -0.0087216 0.000830856 1 0 0 11239
             39.5989 -9.15015 -9.08299  92.7369  0.0923195 -0.0813677    0.14259 -0.0153837  0.0354844 -0.0202145   0.00353222 -0.000361403   0.00135267   0.0141884 -0.00871228 0.000877863 1 0 0 11182
             39.6984 -9.04777 -8.79976  92.7936  0.0907016 -0.0801424   0.141666 -0.0303168  0.0375692 -0.0144615  0.00353951 -0.00035663  0.00135895   0.0143562 -0.00866221  0.00079109 1 0 0 11049
              39.798 -9.03003 -8.50125  92.8804  0.0912635 -0.0805617   0.141453  -0.0120477   0.0224071 -0.00266564    0.0035447 -0.000349229   0.00136467   0.0146131 -0.00844359 0.000726249 1 0 0 11108
             39.8987 -9.01708 -8.30073  92.9203   0.091601 -0.0785908   0.142168 -0.00750923   0.0395194  0.00369625   0.00355212 -0.000351268    0.0013677   0.0146864 -0.00831881 0.000677933 1 0 0 11089
             39.9988 -8.87524 -7.96892  92.8694  0.0912126 -0.0774211   0.142847  -0.019574  0.0330998 0.00774547   0.00355394 -0.000344814    0.0013752   0.0148793 -0.00825523 0.000640513 1 0 0 11092
             40.1001 -8.97859 -7.90282  92.9112  0.0912513 -0.0768878    0.14226  -0.0161487    0.025656 -0.00487395   0.00356594 -0.000342873   0.00137894     0.01509  -0.0081382 0.000702094 1 0 0 11155
             40.1987 -8.97514 -7.79931  92.9229  0.0920408 -0.0786378   0.140559 -0.0105378 0.00697753  -0.014282   0.00357175 -0.000332811   0.00138581   0.0153561 -0.00801229 0.000745172 1 0 0 11142
             40.3001 -8.99836 -7.80637  92.9445 0.0917126 -0.079334  0.140797  -0.0156918   0.0149697 -0.00132725   0.00357349 -0.000329132   0.00139095   0.0154785 -0.00792255 0.000657247 1 0 0 11104
                40.4 -9.02888  -7.7455  92.8993  0.0906481 -0.0792069   0.140901  -0.0212534   0.0227225 -0.00160174   0.00357795 -0.000326127   0.00139895   0.0156108 -0.00786952 0.000631847 1 0 0 11030
             40.4988 -8.96393 -7.52852  92.8821  0.0904008 -0.0787536   0.142073 -0.0178702  0.0243696  0.0100496  0.00357808 -0.00032912  0.00140074   0.0157456 -0.00772794 0.000564291 1 0 0 11053
             40.5986 -8.93573 -7.54677  92.8527   0.091956 -0.0786816   0.142922 -0.00370672      0.0221   0.0108849   0.00357758 -0.000314954   0.00140817   0.0159236 -0.00752424 0.000581367 1 0 0 11155
              40.698 -9.00025 -7.49499   92.894  0.0929211 -0.0803806   0.141592 -0.00426884  0.00975891  -0.0103918   0.00359328 -0.000316046   0.00140737   0.0161922 -0.00745869 0.000680712 1 0 0 11043
             40.7978 -8.93747  -7.3832  92.7393  0.0921281 -0.0814403   0.142281 -0.0196434 0.00990275 0.00232956   0.00359413 -0.000316118   0.00141975   0.0163473 -0.00742898 0.000566853 1 0 0 11039
             40.8987 -8.98285  -7.3407  92.6613  0.0930637 -0.0798456   0.142984 -0.00730867   0.0301541  0.00830589   0.00360162 -0.000316986   0.00142511   0.0163812 -0.00722118 0.000571588 1 0 0 11125
             40.9999 -9.01041 -7.35594  92.6671  0.0919755 -0.0788469   0.142182  -0.0234257   0.0292705 -0.00452937   0.00360767 -0.000309624   0.00142545   0.0165484  -0.0072156 0.000639447 1 0 0 11291
             41.0987 -9.06287  -7.3845  92.5778  0.0912808 -0.0794057   0.141351 -0.0224106  0.0216856 -0.0113147   0.00361445 -0.000311294   0.00143657   0.0167893 -0.00711163 0.000638143 1 0 0 11133
             41.1984 -9.05349 -7.23033  92.5686  0.0913511 -0.0795374   0.142308 -0.0141047  0.0228393 0.00392659   0.00361465 -0.000307454    0.0014373   0.0169622 -0.00693744 0.000517542 1 0 0 11086
             41.2998 -9.03481 -7.07166  92.5068  0.0929613 -0.0789944   0.141419  -0.0004804   0.0246399 -0.00200306   0.00361914 -0.000300597   0.00144336    0.017123 -0.00676715 0.000592837 1 0 0 11252
             41.3999 -9.02584 -7.18007   92.464   0.092839 -0.0787784   0.142123 -0.0135644  0.0223466 0.00581959   0.00362486 -0.000291639   0.00144931   0.0172745 -0.00672647 0.000547289 1 0 0 11227
             41.4986 -9.01836 -7.12186  92.4655  0.0906894 -0.0807756   0.143376 -0.0339613 0.00785431 0.00579536  0.00362557 -0.00029452    0.001455   0.0175303  -0.0067211 0.000466071 1 0 0 11070
             41.5984 -9.04739 -6.89186  92.4845  0.0927023 -0.0849812    0.14358 0.00113851 -0.0112754 0.00473567 0.00363598 -0.0002923 0.00145716   0.0178441 -0.00643963 0.000479719 1 0 0 11224
             41.6998 -8.98508 -6.81479  92.3821 0.0938653 -0.085244  0.140723 -0.00351041   0.0116013  -0.0200235   0.00364259 -0.000290319   0.00146462   0.0178947 -0.00637909 0.000656911 1 0 0 11143
             41.7999 -8.95623 -6.75666  92.3826  0.092196 -0.083481  0.140537  -0.0271933   0.0310481 -0.00563116   0.00365147 -0.000298467   0.00146934   0.0179068 -0.00636845 0.000556208 1 0 0 11091
             41.8998  -8.9718 -6.82462  92.4366  0.0911243 -0.0774475   0.141722 -0.0228194  0.0730416 0.00983387   0.00365815 -0.000295591    0.0014723   0.0178173 -0.00620084 0.000492089 1 0 0 11126
             41.9997 -8.90462 -6.82984  92.4031  0.0912369 -0.0757685   0.142361 -0.0128241  0.0497176 0.00503078   0.00365447 -0.000277122   0.00148141   0.0181664 -0.00607034 0.000475852 1 0 0 11307
             42.0996 -8.88502 -6.46535  92.2814  0.0915311 -0.0757518   0.140689 -0.0115161  0.0314055 -0.0174075  0.00367351 -0.00028328  0.00148684   0.0184865 -0.00599933 0.000542285 1 0 0 11003
             42.1998 -9.03175 -5.57599  91.9591  0.0926597 -0.0752696   0.137577  0.0245063  0.0630596 -0.0395445   0.00367637 -0.000279152   0.00149145   0.0187601 -0.00593309 0.000551646 1 0 0 10966
             42.2998 -7.13992 -3.15094  90.0666   0.100385 -0.0647006   0.137896 0.0820348   0.16713 0.0347447   0.00364812 -0.000286026   0.00151095   0.0188042 -0.00573724 0.000444101 1 0 0 10973
             42.3999 -4.77643 -2.66038  87.5688    0.11413 -0.0481036    0.14899 0.116223 0.209902 0.160045   0.00363054 -0.000266281   0.00152272   0.0190082 -0.00540116 0.000319714 1 0 0 10938
             42.4995 -2.58045 -3.89343  85.3021   0.130581 -0.0287255   0.163054 0.167273 0.219123 0.160521   0.00363771 -0.000236017   0.00151648   0.0191893 -0.00521289 0.000555744 1 0 0 10997
             42.5999 -1.18594 -4.74741  81.7481   0.146374 -0.0120636   0.173138  0.132248  0.195271 0.0834271   0.00366198 -0.000233257    0.0015348   0.0195946 -0.00528789 0.000736507 1 0 0 11489
             42.6997  0.46876 -4.05011  80.2645   0.151368 0.00303545   0.182358 0.0139527  0.150169 0.0761054   0.00365704 -0.000251408   0.00149986    0.019831 -0.00548457 0.000632297 1 0 0 12000
             42.7999  1.17139 -3.50564  80.1629   0.15059 0.0173051  0.190107 -0.0328053   0.147432  0.0520311 0.00367895 -0.0002526 0.00147237   0.0198181 -0.00542102 0.000539361 1 0 0 12290
             42.8997  1.93473 -2.05617  80.3379  0.149785 0.0323973  0.196167 -0.0184298   0.153149  0.0410297   0.00368441 -0.000270897    0.0014611   0.0197578 -0.00519578 0.000379768 1 0 0 12364
             42.9998  2.21966 -1.20066  80.3525   0.15202 0.0440483  0.196411 0.0050396 0.0954573 -0.017118   0.00370652 -0.000265671   0.00146812    0.019839  -0.0048773 0.000438109 1 0 0 12474
             43.0998  1.04452 -1.75175  80.5461  0.152387 0.0450216  0.188465 -0.00226424 -0.00857668   -0.107193   0.00374437 -0.000251228   0.00146736   0.0200853 -0.00485023 0.000602433 1 0 0 12502
             43.1999 -0.580024  -1.94885   80.6707   0.14609 0.0400206  0.181059 -0.0842114 -0.0271764  -0.079177   0.00376192 -0.000251999   0.00148286   0.0203601 -0.00501745 0.000388459 1 0 0 12067
             43.2998 -1.40826 -1.90727   81.365  0.136626 0.0367833  0.176043  -0.109273 -0.0162191  -0.018876    0.0037587 -0.000255699   0.00148445   0.0204713 -0.00496135 0.000389178 1 0 0 11970
             43.3994 -2.06991 -2.67799  81.8525  0.131461 0.0330819  0.177195 -0.0496513 -0.0138152  0.0254928   0.00377163 -0.000255704   0.00149507    0.020605 -0.00462949 0.000334572 1 0 0 11810
             43.4996  -1.9551 -3.27958  81.7314  0.132832 0.0277057  0.181334  0.0141436 -0.0235001  0.0378015   0.00375587 -0.000256759     0.001512  0.0208474 -0.0042959 0.00024182 1 0 0 11697
             43.5999 -1.90391 -3.74985  81.3098  0.133371 0.0254775  0.184883 -0.00343151 -0.00319181   0.0258987   0.00375947 -0.000254546   0.00151786   0.0209269 -0.00431079 0.000223912 1 0 0 11804
             43.6999 -1.99852 -3.61805  81.2681  0.132467 0.0259825  0.183174 -0.0243246   0.027685 -0.0208181   0.00377162 -0.000266606   0.00151553   0.0209894 -0.00427992 0.000396753 1 0 0 11962
             43.7998  -2.1001 -3.31575  81.4917  0.131487 0.0274304  0.180017 -0.0229782  0.0289548 -0.0240567   0.00378289 -0.000271659   0.00151473      0.0211 -0.00411291 0.000443696 1 0 0 11815
             43.9001 -2.29921 -3.63892  81.5039 0.131723  0.02496 0.177347 -0.0110649 0.00218739 -0.0171066   0.00379019 -0.000261401   0.00152547   0.0214237  -0.0038929 0.000491796 1 0 0 11726
             43.9998 -2.27191 -3.69582  81.5894  0.130698 0.0263575  0.178874 -0.0142695  0.0297448 0.00952833   0.00380202 -0.000268512   0.00153187   0.0214314 -0.00383069 0.000327834 1 0 0 11790
             44.0997 -2.29635 -3.75699  81.5938  0.131694 0.0254564  0.180514 0.000491133   0.0141447   0.0101232   0.00380992 -0.000269359    0.0015327   0.0216659  -0.0036334 0.000261473 1 0 0 11816
                44.2 -2.18445 -3.63449  81.5197  0.132954 0.0242454  0.179893 0.000835371   0.0111586 -0.00601517   0.00381195 -0.000271808   0.00153939   0.0218686 -0.00350427 0.000325266 1 0 0 11732
             44.2998 -2.04944 -3.36476  81.4303  0.131636 0.0257565  0.178866 -0.0219179  0.0265998 -0.0108806   0.00381777 -0.000275384   0.00154457   0.0219098 -0.00352806 0.000342085 1 0 0 11651
             44.4001 -2.0728 -3.3278 81.3212  0.131021 0.0271371  0.177108 -0.022811 0.0330962 -0.013238   0.00383121 -0.000270834   0.00155202   0.0220169 -0.00335784 0.000383127 1 0 0 11750
                44.5 -2.04877 -3.28038  81.4669  0.130068 0.0259823  0.177114  -0.0213538   0.0118783 0.000860688   0.00383798 -0.000270332   0.00154958   0.0222854 -0.00318331 0.000297307 1 0 0 11686
                44.6 -2.07291 -3.40848   81.531  0.129423 0.0241444  0.177728 -0.0124549 0.00219989 0.00899192  0.00384265 -0.00026829  0.00155314   0.0224928  -0.0030449 0.000268579 1 0 0 11707
                44.7  -1.9193 -3.68288  81.3638  0.130512 0.0215939  0.180661   0.0152862 -0.00966947   0.0287374   0.00385231 -0.000269497   0.00156563   0.0226604 -0.00289654 0.000163731 1 0 0 11697
             44.7999 -1.63478 -3.07363  80.4992  0.136291 0.0200189  0.180717    0.072476 -0.00493513  0.00753456   0.00386233 -0.000283282   0.00156985   0.0227588 -0.00276796 0.000307191 1 0 0 11772
                44.9 -0.600867  -1.37516   78.1635  0.150292 0.0134007  0.182761   0.192154 -0.0809178  0.0287685   0.00384688 -0.000299451   0.00159321  0.0229624 -0.0026171 0.00027579 1 0 0 11769
             44.9999    1.6557 -0.792488   73.9554   0.177766 0.00140397    0.18863  0.340047 -0.129722 0.0806678 0.00382053 -0.0002711 0.00161948   0.0230383 -0.00241357 0.000241844 1 0 0 11864
             45.1001  2.70195 -1.19797  67.7323   0.215607 -0.0174439   0.192481  0.354472 -0.176467 0.0193887   0.00383099 -0.000248628   0.00164254   0.0233139 -0.00236072 0.000423017 1 0 0 12413
             45.1999  2.59253 0.790694  66.2151   0.238062 -0.0382885   0.189946  0.133389 -0.173228 -0.088855   0.00383289 -0.000280602     0.001569   0.0236723 -0.00249826 0.000429134 1 0 0 12495
                45.3 2.61577 3.20672 70.5339   0.241967 -0.0533689   0.184586   -0.110781   -0.161346 0.000384534    0.0038574 -0.000321386   0.00147685   0.0234921 -0.00233662 0.000249966 1 0 0 11778
             45.3999 3.84465 7.83678 75.8401   0.239741 -0.0640415   0.185847  0.0350057 -0.0936746 -0.0111326    0.0038642 -0.000350774   0.00147498    0.023179  -0.0021365 2.29977e-06 1 0 0 12230
                45.5 8.80906 8.72239  77.889   0.258051 -0.0696925   0.188836   0.189978 -0.0499827  0.0779073   0.00382083 -0.000293462   0.00152079     0.022969  -0.00167847 -4.08668e-05 1 0 0 12421
             45.5999 10.9187 6.45973 77.0666   0.276065 -0.0805865   0.195701   0.17828 -0.042903 0.0508541   0.00386212 -0.000249015    0.0015412   0.0236245 -0.00158061 9.81984e-05 1 0 0 12796
             45.6998  9.6217 7.78482 78.8884   0.284115 -0.0874233   0.196484    0.127723 -0.00753074   0.0935577     0.003944 -0.000294848    0.0015233   0.0240151 -0.00199275 0.000675751 1 0 0 13088
             45.7999  12.019 9.09561 79.6405   0.297952 -0.0922758   0.211711   0.111593 -0.0636126   0.207271  0.00391844 -0.00029593  0.00152978   0.0243035 -0.00193979 0.000849706 1 0 0 13528
             45.8998 13.8858 7.15878 78.4885    0.30842 -0.0995291   0.234387  0.0519986 -0.0676146   0.177265   0.00391873 -0.000251993   0.00154147   0.0244182 -0.00173372 0.000573613 1 0 0 13969
             46.0006 14.3876  6.0128 78.6232  0.312623 -0.113879  0.248533 0.00926193  -0.111673  0.0928768   0.00394737 -0.000271834   0.00151318   0.0247966 -0.00153242 0.000462348 1 0 0 14258
             46.0998 13.8253 4.61271 76.4782 0.310076 -0.11341 0.258066 -0.0310529   0.058155  0.0565354   0.00396351 -0.000255062   0.00155464   0.0245765 -0.00177277 0.000313879 1 0 0 14182
             46.1998 13.4921 4.22274 74.5042   0.30643 -0.106475  0.256466 -0.0582984   0.141915  -0.079508  0.00396817 -0.00026447  0.00156128   0.0247397 -0.00163416 0.000425324 1 0 0 14205
             46.2995 10.4265 4.92869 70.9236   0.295578 -0.0911882   0.242145 -0.163065  0.230056 -0.222454  0.00399717 -0.00027836  0.00159008   0.0250242 -0.00159777 0.000359823 1 0 0 13986
             46.4006 4.16166  6.5811 67.4079   0.270928 -0.0625223   0.217595 -0.268559  0.310944 -0.253714   0.00403905 -0.000302439    0.0016176   0.0250352 -0.00183623 0.000239954 1 0 0 13634
             46.4999 -0.396176   10.5248   64.4644    0.24453 -0.0259429    0.20137  -0.26953  0.399947 -0.119028   0.00399349 -0.000339185   0.00164459   0.0249022 -0.00186944 -4.4133e-05 1 0 0 13327
             46.5998 -2.87502  15.1652  58.2232  0.224326 0.0224764  0.193002   -0.185534    0.504167 -0.00884763   0.00393831 -0.000377055   0.00174091   0.0244721 -0.00167042 1.83994e-05 1 0 0 13099
             46.7004 -2.98149  14.3773  49.9903  0.206853 0.0491322  0.192745  -0.214095   0.167515 -0.0260435    0.0038305 -0.000285899   0.00173449   0.0249918 -0.00102578  0.00018331 1 0 0 12775
             46.7993 -0.64964  19.1283  49.8404 0.197769 0.036927  0.17885 -0.0622336  -0.225283  -0.147299   0.00380846 -0.000332577   0.00159454    0.0252649 -0.000202921  0.000837612 1 0 0 12225
             46.8988 2.91609 24.5288 63.4867    0.204103 -0.00101376    0.161973 -0.0294433  -0.492099  -0.170513  0.00388799 -0.00041395  0.00135761   0.0248888  0.00063966 0.000710582 1 0 0 11768
             46.9998 -3.92756  23.6783  86.1758   0.181721 -0.0367115   0.139007 -0.268767 -0.447555 -0.250371   0.00426894 -0.000366172   0.00128519    0.0243368 -0.000457173  0.000521378 1 0 0 11686
             47.0998 -3.65417  31.2411  106.275   0.128239 -0.0519677   0.113375  -0.501108 -0.0108855  -0.252054  0.00430847 -0.00048327  0.00143511   0.0236512 -0.00196209 0.000541281 1 0 0 10707
             47.1998 0.0303751   32.8345   112.333  0.0791844 -0.0325938  0.0871361  -0.44103  0.277424 -0.205931     0.004228 -0.000469161   0.00164583   0.0233461 -0.00210588 0.000612176 1 0 0 9829
             47.2999   1.335 30.2199 115.289  0.0540889 -0.0312982  0.0736882 -0.330683  0.114505 -0.112083   0.00424072 -0.000412728   0.00167965   0.0249394 -0.00161982  0.00111833 1 0 0 9359
             47.3996 -1.69498  25.2018   110.98  0.0391568 -0.0420276   0.075894  -0.184348 0.00516271  0.0285475   0.00426345 -0.000345118   0.00176785   0.0268958 -0.00138361  0.00154131 1 0 0 8605
             47.4994 -7.37355  21.5805  104.115  0.0185303 -0.0444788  0.0850892 -0.196207  0.145177  0.127586   0.00425566 -0.000352121   0.00187427   0.0274479 -0.00180811  0.00148162 1 0 0 7737
             47.6004 -6.72765  24.2867  85.1488  0.0152824 -0.0290542  0.0963162   0.05021  0.308406 0.0959248   0.00409146 -0.000469759   0.00199795   0.0280843 -0.00159274  0.00188188 1 0 0 6617
             47.6998 -4.86544  26.2396  65.7363  0.0352356 0.00292102   0.100212  0.157389   0.22664 0.0468514   0.00398707 -0.000437211   0.00187883    0.027862 -0.00105801   0.0022217 1 0 0 6054
             47.7993 -2.78455  30.0645  58.4897 0.0424412 0.0187998 0.0941348   0.0855815    0.126948 -0.00431885  0.00401175 -0.00047653  0.00170679   0.0276624 -0.00143267  0.00281808 1 0 0 6318
             47.9003 2.77891 25.6685 56.0484 0.0493944 0.0238866 0.0922963 0.0579896  0.023498 0.0170158   0.00399519 -0.000329109   0.00158739   0.0276507 -0.00145115  0.00314152 1 0 0 6720
             48.0003 5.52055 23.6685 54.3823 0.0496229 0.0221551 0.0962929 -0.0273826  -0.031603  0.0187604   0.00405409 -0.000339858   0.00155655   0.0278967 -0.00148123  0.00299793 1 0 0 6662
             48.0998  7.8042 19.6015  53.972 0.0414759 0.0117146   0.10056 -0.0843758   -0.10106   0.070007   0.00409535 -0.000301329   0.00151883  0.0281547 -0.0014875 0.00308926 1 0 0 6318
             48.2003 10.8965 15.1068 53.8877  0.0302568 0.00221187   0.111734  -0.106397 -0.0689086   0.094304   0.00408499 -0.000278871   0.00149134   0.0283564 -0.00159285  0.00297121 1 0 0 6002
             48.2989 12.4466 17.8855 52.8143  0.027433 0.0122481  0.120268  0.036189   0.12839 0.0584798   0.00411652 -0.000419304   0.00150755   0.0279974 -0.00181352  0.00286476 1 0 0 5210
             48.3993 13.7772 14.6548 48.2418 0.0348026   0.02291  0.125352 0.0209713 0.0357955 0.0634631   0.00409879 -0.000332329   0.00153465   0.0279021 -0.00171226  0.00291693 1 0 0 7090
             48.4994 13.6858 6.76818 48.5897 0.0308316 0.0169624  0.129912 -0.0426962 -0.0818886  0.0559262   0.00414561 -0.000253488   0.00143121   0.028111 -0.0016793 0.00299721 1 0 0 7676
             48.5986 13.7275 3.32019 49.4461  0.0252527 0.00560377   0.131209 -0.0561285  -0.086784 0.00266065  0.00417212 -0.00032852  0.00143749   0.0281518 -0.00153807  0.00299645 1 0 0 8329
             48.6984    11.867 -0.112726   48.9528  0.0236883 0.00255406   0.129052 -0.0131614 -0.0243302 -0.0291294   0.00421214 -0.000301948   0.00146189   0.0279185 -0.00153456  0.00309369 1 0 0 9233
             48.8002  11.6788 -3.97664  49.4738    0.0204163 -0.000375709     0.128084   -0.04863 -0.0371283 -0.0218807   0.00419636 -0.000296209   0.00145672   0.0278775 -0.00160305  0.00292821 1 0 0 9481
             48.8999  10.1922 -4.66373  50.3566   0.0186379 -0.00856378    0.124556   -0.01335 -0.0207128 -0.0359504   0.00422407 -0.000362646   0.00147221   0.0280076 -0.00125896  0.00271397 1 0 0 9123
             48.9964   10.624 -4.87594  51.4443   0.0211078 -0.00685861    0.127416 0.0312364  0.031681 0.0447995   0.00419888 -0.000375878   0.00147497   0.0277889 -0.00122223  0.00259682 1 0 0 7365
             49.0992  9.15115 -7.35465   53.156   0.0276559 2.49297e-05    0.129023  0.0318183  0.0770114 0.00298445  0.00425291 -0.00034356  0.00144936   0.027574 -0.0010056   0.002576 1 0 0 6811
             49.2002  8.43494 -9.33551  55.1395 0.0262902 0.0027714    0.1288 -0.00254886   0.0493313  -0.0088814   0.00423936 -0.000343032   0.00147169   0.0278509 -0.00107503  0.00261707 1 0 0 6552
             49.2997  8.75676 -7.12694  54.2143  0.0286881 0.00590183   0.126151 -0.0132146  0.0659213 -0.0401761   0.00423797 -0.000410159   0.00153702    0.0279499 -0.000898582   0.00266669 1 0 0 6935
             49.3994  8.68272 -4.32006  60.8223 0.0282811 0.0124819  0.122961 -0.0353368  0.0889192   0.018355    0.0042493 -0.000473987    0.0014039    0.0278214 -0.000543016   0.00270799 1 0 0 7490
             49.4991  10.6263 -6.81249  63.9412 0.0323107 0.0192488  0.128545 0.0440669 0.0496357 0.0650123   0.00424897 -0.000380151   0.00145202    0.0276178 -0.000299739   0.00255657 1 0 0 7956
             49.5984 11.7562 -9.0101 62.1172 0.0377988 0.0185751  0.130695 0.0842684  0.025883 0.0175591   0.00428682 -0.000338011   0.00153703    0.0280194 -0.000177846    0.0025515 1 0 0 8350
             49.6982  9.69853 -12.0229  61.4715 0.0328882 0.0129608  0.129657 -0.0540954 -0.0415914 -0.0136247   0.0043596 -0.00029622  0.00152392    0.0285866 -0.000553565   0.00267267 1 0 0 8226
             49.7969  11.4202 -11.5364  63.0036  0.0237469 0.00728599   0.129884  -0.104501 -0.0139455  0.0341244   0.00430587 -0.000364319   0.00150041    0.0288175 -0.000577728   0.00264751 1 0 0 8268
             49.8996  12.0456 -23.0006  65.4705 0.0181575 0.0113609  0.144996 -0.113775 0.0275544  0.243734   0.00434235 -0.000123547   0.00140888    0.0284373 -0.000317018   0.00264806 1 0 0 9139
              49.999  10.9521 -32.4165  69.1486 0.00751186 0.00485057   0.162196  -0.133619 -0.0631035   0.158375   0.00437935 -0.000232422   0.00143504   0.0287834 5.82904e-05  0.00271178 1 0 0 9693
                50.1  7.52974 -34.9558  73.0911 -0.00216131  0.00222829    0.178197 -0.0749207 -0.0734383   0.150178   0.00443532 -0.000339968   0.00147115   0.0284107 0.000124632   0.0027672 1 0 0 9993
                50.2  11.2499 -37.4087  72.9161  0.00102132 -0.00722413    0.188655 0.00667736 -0.0309903   0.081918   0.00438636 -0.000351253   0.00151302   0.0284943 0.000646181   0.0025861 1 0 0 10308
             50.2999  10.7304 -40.3594  74.1472 0.00112916 -0.0135454    0.19972 0.00370131 -0.0410991   0.109768  0.00443833 -0.00035724  0.00149808   0.0285848 0.000763767  0.00228071 1 0 0 10620
             50.3999  16.8217 -42.0686  68.9563 0.00561854 -0.0190951    0.20999  0.101976 -0.082775  0.107532   0.00441139 -0.000366962   0.00157288   0.0286041 0.000728916    0.002341 1 0 0 10788
             50.4995  28.2167 -41.2439  53.7495  0.0215701 -0.0272565   0.209802   0.236182   -0.05499 -0.0778626   0.00442725 -0.000327898   0.00168907    0.029006 0.000690777   0.0026287 1 0 0 10925
              50.599   31.724 -33.6368  38.9537   0.039664 -0.0395743   0.195323    0.21694 -0.0866814  -0.231093    0.0045031 -0.000366415   0.00177934   0.0294377 0.000357353  0.00228018 1 0 0 10691
             50.6987   31.159 -24.5032  29.4139  0.0485146 -0.0466731   0.181012  0.0462551 -0.0414977  -0.157376   0.00443129 -0.000423206   0.00175486    0.0292071 -0.000337681   0.00179461 1 0 0 10390
             50.7982  30.3538 -20.8315  28.8118 0.0461803  -0.04657  0.186891 -0.112827 0.0378977 0.0689339    0.0043397 -0.000434766   0.00162415     0.028629 -0.000702395   0.00114008 1 0 0 10174
              50.898  30.8794 -17.9638  28.7893  0.0506848 -0.0386347   0.190315  0.102428 0.0636498  0.079153   0.00426624 -0.000419972   0.00163002    0.0279624 -0.000212651   0.00146677 1 0 0 10326
             50.9987  27.3896 -16.9486  19.5046  0.0676541 -0.0288455   0.189953   0.212826   0.158644 0.00154392   0.00437306 -0.000292719   0.00178595   0.0281035 0.000104773  0.00179673 1 0 0 9950
             51.0987  23.7999 -19.0168  6.51344  0.0764992 -0.0191162   0.197712 0.184954 0.227639 0.099832   0.00440047 -0.000241678   0.00185061   0.0294566 0.000287366  0.00138761 1 0 0 9871
             51.1998  20.7229 -12.6823 -1.99972 0.0906961 0.0181276  0.213197 0.154346 0.244238  0.19012   0.00433537 -0.000374729   0.00188865     0.029534 -0.000711402   0.00151638 1 0 0 11398
             51.2999  23.2605  -10.189 -10.0168  0.110902 0.0390777  0.233887 0.112944 0.138968 0.188527  0.00419019 -0.00034762  0.00186883    0.0289572 -0.000839344   0.00148301 1 0 0 12170
             51.3998  26.2877 -6.86895 -12.6407  0.127057 0.0347731  0.253233  0.0975265 -0.0557739   0.207292   0.00414988 -0.000401391   0.00181273    0.0282753 -0.000198949   0.00142468 1 0 0 12654
             51.4999  29.8079 -5.65174 -15.1028  0.143481 0.0176867  0.268286  0.179224 -0.159033  0.185221   0.00413127 -0.000384249   0.00178284   0.0278034 0.000369197  0.00167634 1 0 0 13165
             51.5998  32.5245 -1.18959 -19.9852   0.173491 0.00554219   0.288466  0.403712 -0.115899  0.270543   0.00414351 -0.000402979   0.00182088  0.0277871 0.00041993 0.00202087 1 0 0 13486
             51.6997  28.7551  6.94276 -22.4268    0.220185 0.000640231     0.32556  0.548094 -0.106584  0.369915   0.00423507 -0.000466065   0.00181864    0.0279873 -0.000287868    0.0018255 1 0 0 13944
             51.7998   23.261  14.0057 -22.3648    0.28744 -0.0134094   0.368367  0.751446 -0.222534  0.386019   0.00424526 -0.000474689   0.00179933     0.027811 -0.000942741   0.00144387 1 0 0 15133
             51.8999  24.4296  17.6983 -25.7386   0.371958 -0.0390652   0.399681   0.86827 -0.298037  0.234912   0.00409874 -0.000425422   0.00183656 0.0276113 -0.001103 0.0015703 1 0 0 15675
             51.9992  22.1719  21.6206 -29.7804   0.459238 -0.0783759   0.409159  0.950284 -0.415758 0.0445883   0.0041142 -0.00041461  0.00184945    0.0276529 -0.000263365   0.00195156 1 0 0 15844
             52.1005   17.524  24.0012 -32.0087  0.542358 -0.118578   0.40617  0.716915 -0.444013 -0.093295   0.00416932 -0.000392851   0.00183181    0.0281447 -0.000199527   0.00211985 1 0 0 16359
             52.2006  17.3987  20.7053 -35.6183  0.592524 -0.152959  0.393843  0.303868 -0.349569 -0.183129   0.00409636 -0.000303341   0.00182887    0.0287029 -0.000712491   0.00234463 1 0 0 16394
             52.3006   13.836  21.2114 -27.3706  0.611093 -0.187248  0.369246 0.0874065 -0.273108 -0.310235   0.00419782 -0.000397127   0.00171221  0.0285862 -0.0005718 0.00236854 1 0 0 16560
             52.4005  6.21459   19.145 -24.3857  0.615996 -0.199133  0.330381 -0.124046 0.0175315 -0.449313   0.00425856 -0.000378332   0.00181372   0.0279899 -0.00109732  0.00223798 1 0 0 16660
             52.5004  -5.2857  18.0671 -18.7224  0.602274 -0.183655  0.287455 -0.207004  0.212895 -0.405255   0.00433727 -0.000398653   0.00187496   0.0276945 -0.00171935   0.0019273 1 0 0 17059
             52.5999  -11.146  16.4424 -14.6216  0.580585 -0.150762  0.256823 -0.209775  0.329489 -0.207177   0.00430232 -0.000403714    0.0019869   0.0279241 -0.00232205  0.00189468 1 0 0 17214
             52.6998 -14.1723  16.6942 -7.43195  0.556835 -0.123304  0.240459  -0.194041   0.275379 -0.0485658   0.00429255 -0.000408615   0.00198159   0.0280572 -0.00198569  0.00260508 1 0 0 16361
             52.7998 -12.0884  13.6948 0.737576  0.526108 -0.110764  0.237901  -0.318724   0.123489 0.00180981  0.00424033 -0.00037499  0.00199572   0.0284914 -0.00117717   0.0032378 1 0 0 15778
             52.9005 -10.3313  14.6702  9.35641 0.494829  -0.1049 0.240689 -0.297928 0.0814686 0.0152095   0.00428561 -0.000449162   0.00196702    0.0286215 -0.000602315   0.00330834 1 0 0 15676
             52.9997 -9.74712  15.7443  21.0006   0.476558 -0.0950177   0.239624   -0.192281   0.0828719 -0.00724689   0.00438793 -0.000479515   0.00194134     0.027922 -0.000718226   0.00320231 1 0 0 15166
             53.0999 -9.89277  16.5307  31.8477   0.471206 -0.0734976     0.2343 -0.0640692   0.200164 -0.0866949  0.00447512 -0.00049422  0.00195974    0.026959 -0.00119907  0.00298969 1 0 0 14782
             53.2004 -14.5861  18.3393  42.8469   0.454444 -0.0583154    0.22828  -0.167662   0.108547 -0.0696673   0.00463106 -0.000541821    0.0019884   0.0274358 -0.00146736  0.00275443 1 0 0 14432
             53.2996 -15.4997  18.2265  61.3454  0.433013 -0.039546  0.226981  -0.201714   0.175957 -0.0131895   0.00468104 -0.000455576   0.00193487   0.0275041 -0.00198127  0.00238239 1 0 0 13366
             53.3999 -12.7515  18.3025  74.1823  0.409097 -0.030513  0.219208  -0.200084   0.113286 -0.0780406   0.00465811 -0.000494445   0.00202137   0.0279806 -0.00226301  0.00300487 1 0 0 12944
             53.5003 -12.5597  18.6744  74.4353   0.397824 -0.0330297   0.212098 -0.0825953   0.012354 -0.0777684   0.00464242 -0.000545698   0.00223394   0.0287991 -0.00180866  0.00341721 1 0 0 12853
             53.6003 -13.4583  18.7044  74.1533  0.395292 -0.035648  0.206388 -0.00294051   0.0209638  -0.0454696   0.0046576 -0.00054413  0.00226394   0.0290678 -0.00147341  0.00347291 1 0 0 12464
             53.7004 -13.9028  16.3792  71.7861   0.397643 -0.0363991   0.203016   0.0138784 -0.00357016  -0.0403921  0.00464728 -0.00051568    0.002296   0.0293651 -0.00135272  0.00356919 1 0 0 12576
             53.8004 -15.4905  12.9895  69.0895   0.397117 -0.0411498   0.197242 -0.0268023 -0.0405322 -0.0587607   0.00466438 -0.000497405   0.00231778   0.0295368 -0.00131475  0.00373145 1 0 0 12374
             53.9003 -16.0425  11.7716  69.7045   0.391564 -0.0464849   0.192879 -0.0654058 -0.0527769 -0.0286411   0.00466305 -0.000510426   0.00228559   0.0296281 -0.00139294  0.00371473 1 0 0 12020
             54.0003 -16.7044   7.0568  74.2535   0.384675 -0.0537573   0.196742 -0.0725265 -0.0570919  0.0187857    0.004672 -0.00045408  0.00224035   0.0297982 -0.00117085  0.00345953 1 0 0 11701
             54.1001 -16.2621  2.89484  76.7008   0.378813 -0.0567515   0.191342 -0.0675161 -0.0302096 -0.0388618    0.0046937 -0.000470127   0.00228465   0.0296022 -0.00123763  0.00388234 1 0 0 11718
             54.1999 -14.4373  4.06498  77.5972    0.37723 -0.0620248   0.192062 -0.0202481 -0.0231764 0.00086885   0.00465475 -0.000557085   0.00227604    0.0297694 -0.000801615   0.00375104 1 0 0 11714
             54.3001 -12.6922  3.52968  77.6015   0.382154 -0.0613054   0.191474  0.0310154 0.00728268 0.00071376  0.00465929 -0.00055065   0.0022916    0.0295806 -0.000413292     0.003869 1 0 0 11749
             54.3993 -11.7863  4.85311  79.3917   0.385632 -0.0607874   0.186373  0.0245483  0.0039007 -0.0490601   0.00469231 -0.000578636    0.0022488    0.0295538 -0.000421812   0.00415188 1 0 0 11828
             54.5003 -9.63266  7.29398  81.0875   0.387144 -0.0610576   0.182218 0.00131062 0.00900968 -0.0428758   0.00467946 -0.000603469   0.00224028    0.0296529 -0.000407064   0.00412023 1 0 0 11972
             54.6002 -9.88124  7.59763  81.7572    0.38584 -0.0634978   0.180226 -0.0308628 -0.0119793 -0.0393144   0.00474195 -0.000563194   0.00226648    0.0298852 -0.000309559   0.00397945 1 0 0 11775
             54.7002 -9.63937  6.15109  83.9172   0.376992 -0.0686818   0.173731 -0.0875299 -0.0321256 -0.0692923   0.00476778 -0.000511073   0.00225934    0.0301771 -0.000589117   0.00413622 1 0 0 11794
             54.8002  -9.228 5.95809 86.5352   0.370033 -0.0771967   0.166326 -0.0865056 -0.0575294   -0.07172    0.0047791 -0.000530902   0.00224108    0.0305447 -0.000419224   0.00423769 1 0 0 11540
             54.9002 -7.63116  4.88142  88.9758    0.36477 -0.0838454   0.162964 -0.0677427 -0.0221291 -0.0197279  0.00477261 -0.00051899  0.00224766    0.0307933 -0.000117697   0.00416189 1 0 0 11224
                  55 -7.34631  5.15732  90.2408   0.360543 -0.0813675   0.158968 -0.0378942  0.0431328 -0.0454302  0.0047974 -0.0005352 0.00225644   0.0306316 2.01188e-05  0.00424706 1 0 0 11162
                55.1 -8.21397  5.12075  89.4861  0.357917 -0.075987  0.156241 -0.0208498  0.0757083 -0.0219707    0.0048222 -0.000536021   0.00229464   0.0307075 5.70995e-05  0.00422423 1 0 0 11055
             55.1998 -8.22015  6.43086  88.0418   0.354656 -0.0729113   0.154764 -0.0331605  0.0567367  -0.038563  0.00481829 -0.00056424  0.00230514    0.0310723 -3.23433e-05   0.00414699 1 0 0 10798
             55.3001 -7.03968  8.17553  87.5548   0.352561 -0.0684253   0.149613 -0.0387634  0.0585518 -0.0454172   0.00480144 -0.000562277   0.00229356   0.0312017 0.000112468  0.00424647 1 0 0 10624
             55.4001 -7.05156  9.28759  87.2647   0.354032 -0.0647881   0.146577 0.00078049  0.0511787 -0.0129924   0.00482027 -0.000548194   0.00229258    0.031384 0.000455117  0.00428298 1 0 0 10763
             55.5001 -6.49204  9.26711  87.2965   0.356352 -0.0626952   0.145324   0.0185914   0.0348471 -0.00405143   0.00482672 -0.000530605   0.00229304   0.0315763 0.000586993  0.00438098 1 0 0 10739
                55.6 -6.40798  9.09302  86.8537   0.356845 -0.0621667   0.144593 0.000722295   0.0263392  -0.0108784   0.00483923 -0.000521128   0.00230377    0.031809 0.000515302  0.00445669 1 0 0 10825
             55.6999 -7.05048  9.75299  86.0841   0.358433 -0.0642904   0.142212 0.00209026 0.00552305 -0.0269281   0.00485433 -0.000531324   0.00231596   0.0321683 0.000622319  0.00456039 1 0 0 10589
             55.7999 -6.57305  10.2152  86.1772    0.35894 -0.0630125   0.141984 -0.00919813   0.0267781 -0.00203716   0.00484237 -0.000526361   0.00229979   0.0322017 0.000759113  0.00446528 1 0 0 10739
             55.8998 -6.60214  10.4264  86.1991   0.359949 -0.0617599   0.140595 -0.00365757   0.0265039 -0.00413986   0.00486112 -0.000523068   0.00230399   0.0323178 0.000914461  0.00459126 1 0 0 10648
             56.0006 -6.55679   10.274  86.0425   0.361109 -0.0607453   0.140621    0.0027348    0.0260623 -0.000359482   0.00486603 -0.000515908   0.00231138  0.0324688 0.00104464 0.00462434 1 0 0 10698
             56.0995 -6.35871  10.3345  85.8453   0.361221 -0.0608495   0.141372 -0.00813238   0.0195208  0.00169275   0.00486568 -0.000516172   0.00231503  0.0327032 0.00108239 0.00462849 1 0 0 10650
             56.1986 -6.22988  10.4721  85.8248 0.361134 -0.06101 0.141063  -0.0178925   0.0176625 -0.00243446   0.00487627 -0.000514478   0.00231222  0.0328801 0.00120375  0.0046992 1 0 0 10726
                56.3 -6.28159  10.5547    85.81   0.361227 -0.0609021   0.140647  -0.0117501   0.0179634 -0.00116604   0.00488543 -0.000511831   0.00231806  0.0330318 0.00137723 0.00477142 1 0 0 10793
             56.3997 -6.3353 10.5511 85.7467   0.359644 -0.0611494   0.141527 -0.0220709   0.016334 0.00399018   0.00488815 -0.000511551   0.00232227  0.0332288 0.00139633 0.00475849 1 0 0 10824
             56.4998 -6.33917  10.5929  85.7008   0.359514 -0.0630635   0.142437 -0.0141408  0.0016974 0.00730036  0.00489148 -0.00050956  0.00232292  0.0334925 0.00157491 0.00480144 1 0 0 10840
             56.5999 -6.36506  10.5731  85.5984   0.360345 -0.0629345   0.140943 -0.00504844   0.0149112 -0.00960162   0.00490076 -0.000504662   0.00233087  0.0335299 0.00173556 0.00494632 1 0 0 10878
             56.7007 -6.33099  10.5567   85.542   0.360897 -0.0635118   0.141704 -0.00445438   0.0131915  0.00180874    0.0048999 -0.000505146   0.00233155  0.0337256 0.00186325 0.00490443 1 0 0 10768
             56.8007 -6.35449  10.6222  85.4829   0.360694 -0.0643876   0.143182 -0.0109094  0.0102938 0.00973836   0.00490374 -0.000504316   0.00232964  0.0339249 0.00193362 0.00488016 1 0 0 10792
             56.8995 -6.35187  10.6872  85.4065   0.362043 -0.0631906   0.142924 -6.33869e-05    0.0291392  0.000449844  0.00491196 -0.00050429  0.00233405  0.0339695 0.00211294 0.00496904 1 0 0 10728
             56.9992 -6.32063  10.8018  85.3857   0.361501 -0.0648119   0.142754  -0.0163845  0.00670472 -0.00636357   0.00491816 -0.000500721   0.00233609  0.0343016 0.00213117 0.00506214 1 0 0 10771
             57.0999 -6.29992  10.9631  85.3693   0.361105 -0.0652089   0.140787 -0.0171997  0.0138193 -0.0153729   0.00491874 -0.000503269   0.00234189  0.0344145 0.00224833 0.00518386 1 0 0 10967
             57.2004 -6.39729  11.0637  85.3624   0.361648 -0.0623944    0.13945 -0.00592239   0.0427879 -0.00933616  0.00493046 -0.00050198  0.00234639   0.034395 0.00243852 0.00519127 1 0 0 10841
             57.3005 -6.37686   11.083  85.3089   0.361226 -0.0605211   0.139061  -0.0113743   0.0374075 -0.00556927   0.00493307 -0.000496271   0.00234982  0.0346091 0.00248168 0.00522227 1 0 0 10865
             57.3995 -6.21535  11.0866  85.1954   0.361433 -0.0602843   0.140769 -0.00894565   0.0202268   0.0149824   0.00493045 -0.000489013    0.0023527  0.0348678 0.00261667 0.00518253 1 0 0 10764
             57.4991 -6.14912  10.9891  85.1178  0.364096 -0.062428  0.142031 0.00701949 0.00209669  0.0146706   0.00493727 -0.000481087   0.00235453  0.0351448 0.00290057 0.00529189 1 0 0 10756
             57.6003 -6.09714  10.9268  85.1809   0.364611 -0.0642726   0.143882  -0.00529897 -0.000466365     0.012867   0.00494152 -0.000482644   0.00235206  0.0353379  0.0029545 0.00531188 1 0 0 10783
             57.7002 -6.15483  10.9755  85.1645   0.363066 -0.0655853   0.143639   -0.0241329 -0.000162846  -0.00282748   0.00495424 -0.000485366   0.00235947  0.0354581 0.00292155 0.00541487 1 0 0 10945
             57.7993 -6.23684  11.0619  85.1897    0.36214 -0.0635357   0.140139 -0.0217769  0.0300577 -0.0281836   0.00495963 -0.000481176   0.00236263   0.035376  0.0030246 0.00557468 1 0 0 10816
             57.9001 -6.29326  11.1598   85.176   0.362203 -0.0605878    0.13962 -0.00917953   0.0469768 -0.00905326   0.00496127 -0.000484174   0.00236438  0.0354661 0.00322608 0.00547686 1 0 0 10771
                  58 -6.32939  11.2508    85.15   0.360365 -0.0609143   0.141002 -0.0258561  0.0195227  0.0120169  0.00496753 -0.00048046   0.0023694  0.0358277 0.00323138 0.00545388 1 0 0 10764
             58.1001 -6.36148  11.1796  85.1362   0.361231 -0.0619596   0.140911 -0.00787608  0.00890645   0.0014857   0.00497152 -0.000467163   0.00237141  0.0360371  0.0034714 0.00559201 1 0 0 10925
             58.1999 -6.32083   11.327  85.1071   0.362344 -0.0621091   0.139735 -0.00228868   0.0145605  -0.0058609   0.00497576 -0.000472974   0.00237605  0.0361401 0.00362055 0.00570342 1 0 0 10822
             58.2991 -6.25366   11.366  85.1482   0.361472 -0.0624288   0.139477  -0.0165603   0.0144646 -0.00282784   0.00497811 -0.000469687   0.00237634  0.0363081 0.00363447 0.00572807 1 0 0 10700
             58.3997 -6.22321  11.3717  85.1607   0.360606 -0.0630132   0.141267 -0.0141835   0.012173  0.0120447   0.00498414 -0.000468964   0.00237853  0.0365099 0.00372992 0.00565625 1 0 0 10733
             58.4998 -6.09949  11.4414  85.0466   0.362583 -0.0628474     0.1413  0.0063957  0.0174589 0.00655483   0.00498507 -0.000470638   0.00238318  0.0366103 0.00395682 0.00576267 1 0 0 10817
             58.5999 -5.9858 11.3045 84.9404  0.364178 -0.061843  0.140336  0.00294544    0.025131 -0.00536496  0.00499055 -0.00045845   0.0023869  0.0366934 0.00405557 0.00589652 1 0 0 10958
             58.6994 -6.02752  11.2783  84.8477    0.36523 -0.0632534   0.140624  0.00105661  0.00891393 -0.00476438   0.00500183 -0.000453979    0.0023909  0.0369909 0.00416178 0.00591301 1 0 0 10763
             58.7998 -5.97808  11.4874  84.7954   0.365026 -0.0632729   0.138968 -0.0121162  0.0148197 -0.0153528   0.00500562 -0.000454924   0.00239332  0.0370971 0.00418631  0.0059936 1 0 0 10843
             58.8999 -5.83923  11.6408  84.6914   0.365435 -0.0624239   0.138366 -0.00329749   0.0289058 -0.00600408   0.00500847 -0.000456716   0.00239706  0.0372172 0.00432624 0.00599551 1 0 0 11007
             58.9998 -5.4301 12.0711 84.3983   0.367429 -0.0610973   0.138231   0.0112986   0.0349233 -0.00191611   0.00500734 -0.000455095    0.0023996  0.0373716 0.00451219 0.00600409 1 0 0 10861
             59.0996 -4.70413  12.8973  83.1404   0.371672 -0.0588838   0.139385 0.0431459 0.0518285  0.015552   0.00499983 -0.000465704   0.00241097  0.0375457 0.00470899  0.0060205 1 0 0 11001
             59.2005 -2.26149  14.2674  80.0543   0.379072 -0.0523577   0.140128 0.0815424   0.09454 0.0218673   0.00496257 -0.000474675   0.00243645  0.0376037 0.00482507 0.00616521 1 0 0 11192
             59.3004 -0.303025   16.1921   72.1423   0.391972 -0.0455324   0.139831  0.142212 0.0891362 0.0428971   0.00494411 -0.000478293   0.00249192  0.0378339 0.00494676 0.00647879 1 0 0 11530
             59.4003 6.47862 16.6386 61.4814   0.411655 -0.0516673   0.145679   0.218523 -0.0526716  0.0205662   0.00483054 -0.000439305   0.00248945  0.0386376 0.00529968 0.00656397 1 0 0 11949
             59.5002 11.2036 16.8773 54.1362    0.43152 -0.0702877    0.14661  0.197501 -0.177604 0.0108996   0.00484299 -0.000391707   0.00240833  0.0392428 0.00557001 0.00693447 1 0 0 12176
             59.5993 12.2385 12.9473  55.747   0.443889 -0.0871428   0.144717  0.0673447  -0.185369 0.00562474   0.00496273 -0.000334251    0.0022262   0.039256 0.00548879 0.00728992 1 0 0 12264
             59.7001 7.08839 5.52561 59.9333   0.440683 -0.0945684   0.151277 -0.0521694  -0.101975  0.0243007   0.00512549 -0.000293882   0.00218763  0.0389979 0.00462289  0.0068166 1 0 0 12826
             59.8002 4.31795 3.24103 65.7978   0.430764 -0.0923335   0.166302 -0.0985237  0.0196201  0.0990472   0.00510236 -0.000417728   0.00221085   0.038575 0.00405729 0.00593682 1 0 0 13231
             59.9001 2.88158 2.06956 67.6849   0.428382 -0.0872303   0.172685 -0.0189911  0.0473801  0.0673075   0.00509093 -0.000443048    0.0023096 0.0381953 0.0043775 0.0060686 1 0 0 13101
                  60 -0.146109  0.494764   67.0373   0.432336 -0.0910392   0.166061 -0.00865266 -0.00975652  -0.0281581  0.00512717 -0.00043471  0.00235554  0.0386212 0.00507215 0.00691504 1 0 0 13036
             60.0992 -3.87258 -2.25615  68.4552  0.429342 -0.101124  0.166742 -0.0330824 -0.0693217 0.00554112   0.00514168 -0.000400115   0.00235107  0.0392837  0.0052472 0.00684237 1 0 0 12808
             60.1989 -5.97021 -2.81507  70.5915  0.421749 -0.108057  0.169103 -0.0720829  -0.049486 0.00942593   0.00513072 -0.000421259   0.00235756  0.0394455 0.00505177 0.00671055 1 0 0 12431
             60.2998 -7.49586 -3.86221  73.2658  0.418449 -0.112517  0.174936 -0.0577137  -0.029796  0.0373425   0.00512612 -0.000432294   0.00235891  0.0393359 0.00547511 0.00643305 1 0 0 12329
             60.3995 -9.13213 -6.15196    74.98  0.418747 -0.112228  0.182262 0.00212408  0.0119357  0.0792315   0.00513249 -0.000434521   0.00238536  0.0390898 0.00576056 0.00628576 1 0 0 12265
             60.4999  -8.0689 -6.89253  74.6718   0.42517 -0.111327  0.180862 0.0834898 0.0480503 0.0255956   0.00510708 -0.000469558   0.00242852  0.0393085 0.00595447 0.00684374 1 0 0 12177
             60.6008 -5.91964 -5.84439  62.7574  0.436526 -0.108628  0.178093    0.12248  0.0392055 -0.0245993   0.00508395 -0.000503582   0.00259394  0.0396251 0.00597824 0.00718773 1 0 0 12506
             60.6997 -2.9719 -8.0391  55.432  0.449903 -0.109613  0.174851   0.153941 0.00840773 -0.0385937   0.00504611 -0.000425857   0.00252996  0.0400448 0.00603469 0.00718302 1 0 0 12635
             60.7999 -1.25491 -11.4808  51.1779  0.458715 -0.113623  0.172997  0.0838223 -0.0492841 -0.0164848   0.00504721 -0.000390115   0.00247289  0.0404393 0.00580444  0.0070473 1 0 0 12901
             60.9006 0.459637 -13.5603  46.0324  0.464544 -0.121065  0.175029  0.0536665 -0.0612185  0.0175802   0.00504258 -0.000406882   0.00249032  0.0405846 0.00579457 0.00685072 1 0 0 12865
             60.9995 1.06133 -14.121 42.2827  0.470607 -0.121867  0.177611 0.00171226 -0.0136682 0.00966527   0.00504147 -0.000423081   0.00245436  0.0401431 0.00582759  0.0067548 1 0 0 12877
             61.0994  1.32612 -15.0875  42.9784  0.468787 -0.122514  0.181874   -0.049284 -0.00200162   0.0271518   0.00502715 -0.000425524   0.00238883  0.0399467 0.00590981 0.00652379 1 0 0 12975
             61.2004  1.39204 -15.4907  43.3566  0.468301 -0.121954     0.184 -0.0195401  0.0153368  0.0115471   0.00503995 -0.000451367    0.0023917  0.0396834 0.00613958 0.00653841 1 0 0 12912
             61.2994  1.15132 -14.9478   43.885  0.473217 -0.119055  0.181087   0.031632  0.0389141 -0.0193954   0.00505761 -0.000468586   0.00239527  0.0394276  0.0064582 0.00682049 1 0 0 12869
             61.3993 0.596264 -15.0641  45.5141  0.475568 -0.117088   0.17992   0.0170141   0.0310204 -0.00563826   0.00506838 -0.000464024   0.00238234   0.039536 0.00658425 0.00680007 1 0 0 12948
             61.5003 -0.0888058   -15.2048    48.2689  0.470775 -0.111705  0.181085 -0.0469795  0.0673829 0.00965207   0.00509097 -0.000455142   0.00236898   0.039718 0.00627398 0.00668853 1 0 0 12899
             61.6002 -3.09899 -15.6911  52.8509  0.466956 -0.106275  0.184333 -0.0553941  0.0862446   0.023167   0.00514977 -0.000458088   0.00235547  0.0397416 0.00654932  0.0065061 1 0 0 12852
             61.7003 -6.88649 -15.5165  59.5105   0.459342 -0.0962283   0.190804 -0.0755493   0.114103  0.0664383   0.00517488 -0.000474132   0.00234313  0.0396979 0.00650441 0.00624981 1 0 0 13037
             61.8001  -8.9938 -14.1974  63.9267   0.457299 -0.0859115   0.195606 -0.0247202   0.111147   0.062443   0.00519517 -0.000496119   0.00237359  0.0396653 0.00684096 0.00645536 1 0 0 12935
             61.8997 -10.7389 -13.6828  66.9215    0.45663 -0.0792964   0.203782 -0.0315671  0.0843324  0.0636908   0.00521786 -0.000505608   0.00241432  0.0398616 0.00718915 0.00633198 1 0 0 12704
             62.0009 -12.3336 -11.4732  70.9081   0.449733 -0.0710483   0.207365 -0.0775257   0.103332  0.0234604  0.00523099 -0.00053414  0.00240775   0.040076 0.00710865 0.00639489 1 0 0 12713
             62.1001 -13.2973 -10.9745  73.8335   0.440808 -0.0612607   0.210176 -0.0870739  0.0984927  0.0332543   0.00524679 -0.000521333   0.00243908  0.0401509 0.00706216 0.00634714 1 0 0 12667
             62.1997 -13.3055 -11.3498  76.8488   0.437799 -0.0555086   0.214423 -0.0326135  0.0696267  0.0419694 0.00525788   -0.00051 0.00244517  0.0403219 0.00746492  0.0063635 1 0 0 12640
                62.3 -14.1356 -11.8996  79.2657   0.43704 -0.049898  0.211816  -0.020562  0.0635921 -0.0285515  0.00529473 -0.00050113  0.00246247  0.0405199 0.00757066 0.00674663 1 0 0 12700
             62.3999  -15.038 -11.0887  81.6459   0.431111 -0.0472109    0.20874 -0.0641659  0.0373418 -0.0388205   0.00532297 -0.000530695   0.00246373  0.0408033 0.00744164 0.00665126 1 0 0 12708
             62.4997 -15.6073 -10.4781  84.3278   0.425553 -0.0482836   0.213039 -0.0600908 0.00797907  0.0305231   0.00532367 -0.000549697   0.00246025  0.0410176 0.00775632 0.00615009 1 0 0 12691
                62.6  -16.114 -10.7538  86.9468  0.422524 -0.045006  0.213462 -0.0444348  0.0349533  0.0160829   0.00535454 -0.000533129   0.00247413  0.0409377 0.00790846 0.00641304 1 0 0 12728
             62.6997 -15.7571 -11.0246  89.5888   0.418224 -0.0425608   0.213254  -0.049226   0.035872 0.00577386   0.00536287 -0.000532089   0.00247122  0.0410868 0.00791727 0.00654747 1 0 0 12568
             62.7994 -15.4819 -11.7069  91.0339   0.417855 -0.0418861   0.214955 -0.0145046  0.0259221  0.0118028   0.00538034 -0.000539249   0.00248903  0.0413391 0.00826707 0.00651543 1 0 0 12776
             62.8998 -14.8783 -12.0027  91.9653   0.418368 -0.0426227   0.214906 -0.000422737    0.0136538  -0.00289921    0.0053955 -0.000544864   0.00249399  0.0416713 0.00839565 0.00656069 1 0 0 12754
             62.9996 -14.2331 -12.3894  92.6914   0.417684 -0.0439436    0.21471   -0.01379 0.00542183 -0.0100006   0.00541277 -0.000547429   0.00250096  0.0419335  0.0083922 0.00646771 1 0 0 12674
             63.0998 -13.6544 -12.3586  94.0964    0.41486 -0.0445592   0.216746 -0.0378208  0.0102069  0.0122026   0.00541888 -0.000557324   0.00248724  0.0420166 0.00845055 0.00622697 1 0 0 12911
             63.2004 -13.8693 -12.7211   94.502   0.411788 -0.0405877   0.214763 -0.0379365  0.0497919 -0.0186987    0.0054469 -0.000550316   0.00249882  0.0419745 0.00847837 0.00642729 1 0 0 12922
             63.2999 -13.4898 -12.5265  94.3545   0.411243 -0.0393934    0.21407   -0.0189194    0.0284798 -0.000521716   0.00545315 -0.000563526   0.00251374  0.0423284  0.0087326 0.00637998 1 0 0 12749
             63.4003 -12.4863 -13.3203  94.7468   0.412701 -0.0417597   0.213868   0.0038957  -0.0107566 -0.00010728   0.00544824 -0.000540015   0.00250787  0.0427336 0.00892759  0.0063828 1 0 0 12973
             63.5002 -11.6208 -14.4788  94.7259   0.413635 -0.0433602    0.21406 -0.00225659  0.00478053 -0.00707655   0.00545467 -0.000528413   0.00251952  0.0428636 0.00901276 0.00631547 1 0 0 12976
             63.6001 -11.8729 -14.1839  95.1739    0.41303 -0.0418717   0.213127 -0.0263056  0.0635828 -0.0071197   0.00548657 -0.000557368   0.00250496  0.0430248 0.00911341 0.00625802 1 0 0 12918
             63.7002 -12.3887 -13.0134  95.0264   0.408495 -0.0296366   0.217924 -0.0572808   0.166439  0.0597162   0.00550016 -0.000575913   0.00251818   0.042926 0.00916259 0.00602097 1 0 0 13013
                63.8  -12.491 -12.2698  95.9722   0.400832 -0.0138682   0.229535 -0.0995036     0.1858   0.147879   0.00549493 -0.000575496   0.00250655   0.043059 0.00919682 0.00579475 1 0 0 12933
                63.9 -9.67257 -14.3628  96.7362   0.397424 0.00364572    0.24095 -0.0181292   0.183107   0.121957   0.00546467 -0.000525232   0.00250675  0.0434063 0.00948337 0.00617349 1 0 0 13038
             63.9999 -9.26423 -15.1238  95.3341  0.402325 0.0143648  0.249875 0.0359823 0.0995342 0.0766357   0.00549992 -0.000542548   0.00254491  0.0438921 0.00973492 0.00613055 1 0 0 13369
                64.1 -8.90258 -15.2682  95.2809  0.405755 0.0175803  0.252353   0.0296026   0.0178666 -0.00781096   0.00551421 -0.000546511   0.00252247  0.0442096 0.00974171 0.00618421 1 0 0 13635
             64.1998 -8.30893 -15.1997  95.1986  0.409892 0.0182756  0.249204  0.0367849  0.0243798 -0.0642158   0.00551287 -0.000546482   0.00252015  0.0442857 0.00983898 0.00607948 1 0 0 13690
             64.2998 -8.43205 -14.0082  94.5008  0.411311 0.0224993  0.244154 -0.000282557    0.0421654    -0.054723  0.0055333 -0.0005723 0.00253199  0.0441616 0.00984159  0.0059252 1 0 0 13568
             64.3998 -8.43345 -13.7679    94.38 0.410152 0.024527 0.242786 -0.0221731  0.0272535 0.00285997   0.00553885 -0.000557565   0.00252935  0.0442459 0.00986507 0.00573832 1 0 0 13426
             64.5008 -8.21923 -14.0972  94.2252  0.408753 0.0250218  0.242573  -0.031742  0.0233949 0.00640305   0.00554175 -0.000543238   0.00253659  0.0445313 0.00997452  0.0058117 1 0 0 13632
             64.5997 -8.25908 -14.4821  94.0547  0.409368 0.0237809  0.241478 -0.0108896 0.00243884 -0.0204422   0.00554831 -0.000537754   0.00254237  0.0448868  0.0102516 0.00587648 1 0 0 13339
             64.6994 -8.5114 -14.247 92.6846  0.411255 0.0215749  0.241723    0.0180408 -0.000245041    -0.016913    0.0055607 -0.000546322   0.00257564  0.0450976  0.0104679 0.00559682 1 0 0 13281
             64.8006 -7.54531 -14.4012  93.4233  0.411424 0.0203551  0.237966  -0.0263347 0.000902655  -0.0483607   0.00553078 -0.000534506   0.00252866  0.0452517  0.0105419 0.00562618 1 0 0 13506
             64.8998 -7.81628 -14.1772  93.1589  0.406402 0.0215597   0.23117 -0.0793271  0.0339459 -0.0701106   0.00556307 -0.000545695   0.00255241  0.0453086  0.0105538 0.00569925 1 0 0 13397
             65.0006 -7.70482 -14.1199  94.6106  0.401371 0.0241555  0.226826 -0.0516599  0.0485027 -0.0354987  0.00555491 -0.00054042  0.00252663   0.045502  0.0108214 0.00556162 1 0 0 13260
             65.1004 -5.98241 -14.5308  95.7677  0.400728 0.0261682   0.22501 0.00311661  0.0287703 -0.0260691   0.00553544 -0.000531899   0.00252549  0.0456971  0.0110405 0.00539741 1 0 0 13261
             65.2005 -5.32334 -14.1067  95.3103  0.405515 0.0246689  0.218993  0.0316776 -0.0108488 -0.0525407   0.00556504 -0.000542631   0.00254875  0.0460648  0.0112866 0.00555121 1 0 0 13434
             65.3004 -4.34072 -14.8357  95.1326  0.409957 0.0207859  0.212749  0.0404033  -0.021332 -0.0552292   0.00556746 -0.000518871   0.00254324  0.0463391  0.0113928 0.00563078 1 0 0 13129
             65.4003 -3.34068 -15.3127  94.6552  0.411748 0.0205579  0.208622  0.0221963  0.0135099 -0.0454451   0.00557908 -0.000520992   0.00254562  0.0462814  0.0112211 0.00553408 1 0 0 13257
             65.4992 -3.52719 -15.0722    93.89  0.415878 0.0191913  0.206225   0.024921 0.00701105 -0.0284037    0.0056057 -0.000528124   0.00255024  0.0465213  0.0113916 0.00531479 1 0 0 13333
             65.6003 -3.78877 -14.8288  93.5536  0.417701 0.0157417  0.207094 -0.000894886   -0.0133251   0.00225029   0.00560584 -0.000527366   0.00255334  0.0467949  0.0114702 0.00498635 1 0 0 13226
             65.7001 -3.53996 -14.5935  93.5337  0.417876 0.0151144  0.207057 -0.0114959 0.00987742  -0.001528   0.00560072 -0.000528154   0.00254918  0.0468487   0.011576 0.00496834 1 0 0 13203
             65.8003 -3.54039 -14.3348  93.5285   0.41602 0.0173864  0.205227 -0.0299414   0.031685 -0.0126778   0.00560906 -0.000529544   0.00255824  0.0468858  0.0115935 0.00509238 1 0 0 13421
             65.9001 -3.38311 -14.3324    93.36  0.416794 0.0173009  0.204702  -0.00615965      0.01625 -0.000337064   0.00560439 -0.000522518   0.00256822  0.0471738  0.0118839 0.00501314 1 0 0 13290
             66.0001 -3.25051 -14.5355   93.161  0.419882 0.0150745  0.203579   0.0159405 -0.00245264 -0.00764187   0.00561593 -0.000511129   0.00256632  0.0475505  0.0121586 0.00503469 1 0 0 13113
                66.1 -3.24622  -14.712  92.8987  0.419842 0.0151049  0.202295 -0.0104155  0.0119953 -0.0151354   0.00562489 -0.000513904    0.0025773  0.0476065  0.0121057 0.00505275 1 0 0 13228
             66.1999 -3.26476 -14.8225  92.8564    0.4212 0.0127784  0.201029  -0.0025595 -0.00431079  -0.0190886    0.0056269 -0.000508075   0.00257228  0.0479053  0.0123377 0.00493943 1 0 0 13361
             66.2996 -3.61769 -14.7652  92.8169  0.421616 0.0100281  0.202392 -0.0107202 -0.0114032 0.00669175    0.0056375 -0.000511511   0.00257446  0.0480472  0.0124907 0.00465799 1 0 0 13083
             66.3999 -4.19075 -14.9684  92.7848   0.416855 0.00979599   0.203273 -0.0614425 0.00518548 0.00273692   0.00564951 -0.000509339   0.00258652  0.0480314  0.0123555 0.00463407 1 0 0 13018
             66.4997 -4.89782 -15.2759  93.0842   0.411976 0.00935227    0.20196 -0.0661503  0.0108794 -0.0176516   0.00565972 -0.000502186   0.00259136  0.0482093  0.0124886 0.00468581 1 0 0 13219
             66.5998  -5.0954 -13.2795  94.1573   0.406544 0.00807936   0.202792  -0.0759424 -0.00287529  0.00160842   0.00564794 -0.000541289   0.00258803 0.0483507 0.0127037 0.0044675 1 0 0 13146
             66.6998 -5.09979 -10.0216  95.6718  0.403407 0.0120456  0.201686 -0.0368009  0.0615605 -0.0138271  0.00566544 -0.00056264  0.00258955  0.0482597  0.0130464 0.00453419 1 0 0 12945
             66.7998 -5.96058 -8.85958  95.8733  0.402566 0.0194092  0.198677 -0.0168083  0.0931525 -0.0269808   0.00568907 -0.000536017   0.00260831  0.048342 0.0132366 0.0046424 1 0 0 12843
             66.8998 -5.47556 -9.59321   95.931 0.401593 0.023064 0.197854  -0.0114829    0.100617 -0.00838281   0.00567972 -0.000500588   0.00262444   0.048933  0.0132403 0.00448905 1 0 0 12750
             66.9997 -5.85334 -7.09578  95.3397  0.398227 0.0317222  0.199691 -0.0547464   0.135936  0.0498359   0.0056902 -0.00054703  0.00263078  0.0492788  0.0131965 0.00434868 1 0 0 12531
             67.0995 -5.61785 -7.42807  94.8909  0.392943 0.0466008  0.205907 -0.0650453   0.159012   0.089142    0.0056948 -0.000498955   0.00265047  0.0493748  0.0132453 0.00447983 1 0 0 12638
             67.1999 -5.93163 -8.16834  94.7889  0.391777 0.0535667   0.21643 -0.030526  0.061202 0.0915053   0.00570695 -0.000481046   0.00264229  0.0498959  0.0136511 0.00435181 1 0 0 12904
             67.3005 -7.26173 -8.48948  94.1569   0.38706 0.0511377  0.223525 -0.0525822 -0.0475277  0.0310292   0.00572783 -0.000485119   0.00266301  0.0502473  0.0135731 0.00426515 1 0 0 13032
             67.4004 -7.96638 -8.65614   93.165   0.38465 0.0399497   0.22139 -0.00661823   -0.118315  -0.0713347    0.0057099 -0.000489144   0.00267795  0.0505075  0.0136584 0.00425515 1 0 0 12743
             67.4998 -6.28247 -7.17177  91.4723  0.388868 0.0327128  0.211158  0.0448608 -0.0585491  -0.106002   0.00565542 -0.000524488   0.00268949  0.0503241  0.0138721 0.00434311 1 0 0 12612
             67.6003 -5.10331 -6.41184  90.4701  0.396875 0.0350597  0.202959   0.062034  0.0379497 -0.0477863     0.005657 -0.000514571   0.00267822  0.0499764  0.0141826 0.00443038 1 0 0 12741
             67.7002  -4.3731 -6.93161  89.8657  0.405266 0.0321401  0.198902  0.0633043 0.00148398 -0.0302037   0.00567236 -0.000483113   0.00267315  0.0505577  0.0143994 0.00446731 1 0 0 12563
             67.8002 -4.29401  -6.9553  89.2712  0.408888 0.0291969  0.196514   0.0224331 -0.00360847  -0.0279126    0.0056897 -0.000471994   0.00267363  0.0508795  0.0143073 0.00439545 1 0 0 12644
                67.9 -4.05287 -6.75174  89.0133  0.410493 0.0272442  0.192994 -0.00105215 0.000646645  -0.0362815   0.00569344 -0.000476051   0.00267049  0.0511001  0.0143579 0.00441813 1 0 0 12738
             67.9997 -3.91274  -6.5782  89.0306 0.410601 0.024408 0.194394 -0.0128021 -0.0117546 0.00943491   0.00569312 -0.000472909   0.00266902  0.0513069  0.0144973 0.00408768 1 0 0 12814
                68.1 -3.83962 -6.62557  89.0773 0.410262 0.022535 0.196469  -0.0149004 -0.00442365   0.0221397   0.00569529 -0.000469512   0.00267192  0.0514133  0.0146367 0.00403283 1 0 0 12648
                68.2 -3.87045 -6.69416  89.1211  0.409002 0.0254887  0.196846 -0.0225415  0.0372909 0.00787137   0.00570434 -0.000473783   0.00267669  0.0512933  0.0146989 0.00417443 1 0 0 12691
             68.2999 -4.01292 -6.68034  89.1146  0.410131 0.0271224  0.195459 -0.00177255   0.0299882  -0.0137962   0.00571291 -0.000473275   0.00268497  0.0515172  0.0149523 0.00428501 1 0 0 12908
             68.3999 -4.26066 -6.61065  89.0713  0.410625 0.0238531   0.19415 -0.00397387  -0.0135266  -0.0184458   0.00571706 -0.000466352   0.00268919   0.051975  0.0150469 0.00422259 1 0 0 12755
             68.4999 -4.46597  -6.5264  88.8598 0.409672 0.022588  0.19235  -0.015713 0.00102677 -0.0198052   0.00572556 -0.000459808   0.00269731  0.0520338  0.0150546 0.00418287 1 0 0 12638
              68.599 -4.56104 -6.39651  88.7033  0.40997 0.023178 0.190591 -0.0060487  0.0212065 -0.0139889   0.00572667 -0.000464331   0.00270036  0.0520915  0.0152171 0.00418279 1 0 0 12696
             68.7009  -4.5363 -6.43302  88.5875  0.411145 0.0210667  0.191223 -0.000247064  -0.00109168   0.00572686   0.00572823 -0.000451567   0.00270463  0.0524276  0.0154101 0.00404168 1 0 0 12861
             68.7996 -4.45276 -6.56595   88.465  0.410396 0.0190698  0.193188  -0.0161718 -0.00585263   0.0172999   0.00572829 -0.000447044   0.00270785  0.0526024  0.0154263 0.00393566 1 0 0 12554
             68.9008 -4.31973 -6.69568  88.3771  0.409485 0.0187418  0.193717   -0.01718  0.0082005 0.00366245   0.00573397 -0.000449983   0.00271294  0.0526576   0.015519 0.00399846 1 0 0 12696
             69.0008 -4.25002 -6.69043  88.1695  0.411902 0.0198574  0.192621    0.009889   0.0230273 -0.00932641   0.00573102 -0.000451684   0.00272098  0.0527129  0.0158275 0.00407858 1 0 0 12868
             69.1008 -4.20264 -6.66803  88.0545  0.413401 0.0168668  0.193726  0.00605581 -0.00768973  0.00802782  0.00572988 -0.00044488  0.00271594 0.0531035 0.0159196 0.0039204 1 0 0 12773
             69.2006 -4.15621 -6.79525  87.9514  0.413689 0.0180574  0.192649 -0.00980416   0.0225676  -0.0045301   0.00573721 -0.000437336   0.00272279  0.0530776  0.0159574 0.00405621 1 0 0 12620
             69.2998 -4.21242 -6.86874  87.8974  0.414134 0.0181064  0.191992 -0.00952521   0.0162403 -0.00750063   0.00574349 -0.000439324   0.00272979   0.053289  0.0161141 0.00405359 1 0 0 12849
             69.3992 -4.29301 -6.90639  87.9809  0.414001 0.0154311  0.191821  -0.0153978  -0.0130186 -0.00930517   0.00574594 -0.000433861   0.00272678  0.0535985   0.016247 0.00395627 1 0 0 12625
             69.4985 -4.41057 -7.11601   88.266  0.410235 0.0123199  0.192602 -0.0473281 -0.0205779  0.0092914   0.00575705 -0.000422774   0.00272924  0.0537404  0.0161918 0.00385004 1 0 0 12541
             69.6004 -4.71119 -7.65667  88.3548  0.407656 0.0111378  0.192262  -0.0361077  -0.0010812 0.000120413   0.00576436 -0.000419099   0.00274041  0.0537613  0.0163759 0.00397438 1 0 0 12778
                69.7 -5.03312 -7.85924  88.1965   0.406168 0.00930581   0.194396 -0.0254897 5.6163e-05  0.0112117    0.0057631 -0.000424507   0.00274803  0.0539139  0.0165773 0.00380749 1 0 0 12735
             69.7989 -4.99127 -7.79001  88.2175  0.404034 0.0077691  0.195953 -0.0301391  0.0047383  0.0127324   0.00575906 -0.000429539    0.0027523  0.0540954  0.0166568 0.00374426 1 0 0 12523
             69.9004  -4.9379 -7.85381  88.3468   0.403837 0.00757243   0.194471 -0.0197074  0.0138976  -0.013301   0.00576365 -0.000420155    0.0027541  0.0542592  0.0168978 0.00389483 1 0 0 12791
             70.0004 -5.00707 -7.84986  88.5976   0.401694 0.00920819   0.194452  -0.0288906   0.0273269 -0.00111985   0.00576907 -0.000424927   0.00275708   0.054294  0.0169469 0.00382571 1 0 0 12743
             70.1002 -4.89973 -8.05448  88.8226   0.401283 0.00648152   0.194936  -0.0122747 -0.00414767 -0.00133913   0.00576767 -0.000410133   0.00275875 0.0547029 0.0171398 0.0037434 1 0 0 12580
                70.2 -5.04682 -7.99657  88.8517    0.40109 0.00529977   0.193339 -0.0108975 0.00494667  -0.015931   0.00577909 -0.000408573   0.00276532  0.0548605  0.0172199 0.00381724 1 0 0 12611
              70.299 -5.18501 -7.83385  88.8409   0.399651 0.00563579   0.193071  -0.0233904   0.0164153 -0.00408644   0.00578373 -0.000414483   0.00277515  0.0549217  0.0172593 0.00372881 1 0 0 12636
             70.3983  -5.1885 -7.88045  88.9181   0.397992 0.00554745   0.194765 -0.0271208  0.0161554  0.0113545   0.00578414 -0.000406976   0.00277511  0.055077 0.0173852 0.0035774 1 0 0 12589
             70.4998 -5.23849 -7.76402  89.0472   0.396138 0.00792265   0.196441 -0.0246888  0.0345705  0.0116279   0.00578471 -0.000418869   0.00277954   0.055094  0.0174998 0.00352221 1 0 0 12525
             70.5999 -5.29984 -7.61164  89.0239  0.397214 0.0102553   0.19243 0.00123838  0.0353344 -0.0320223   0.00579124 -0.000410148   0.00278717  0.0552932  0.0177059 0.00384641 1 0 0 12548
             70.6987 -5.17034 -7.55695   88.854  0.398855 0.0112768  0.190948  0.0101702  0.0259842 -0.0138873   0.00578929 -0.000404253   0.00279315  0.0555012  0.0178374 0.00374436 1 0 0 12617
                70.8 -5.05356 -7.67639  88.5303   0.401613 0.00865214   0.192221   0.0141687 -0.00578051   0.0104812   0.00579053 -0.000391168   0.00280003  0.0558779   0.018028 0.00355349 1 0 0 12658
             70.8999 -4.98468  -7.7878  88.3775   0.402541 0.00960604   0.190555 -0.00253273   0.0200238  -0.0125172   0.00580193 -0.000390905   0.00280097  0.0558877  0.0180369 0.00372846 1 0 0 12581
             70.9998 -5.00723 -7.80264  88.3377 0.402275 0.008255 0.191097 -0.0121968 0.00413553 0.00116067   0.00580476 -0.000384891    0.0028029  0.0561527  0.0181128 0.00357913 1 0 0 12736
             71.0998    -5.02 -7.85453   88.301   0.402334 0.00483804   0.193538 -0.00870027  -0.0162221   0.0211322   0.00580472 -0.000381099   0.00280401  0.0564311  0.0182659 0.00340283 1 0 0 12751
             71.1994 -5.03108 -8.04271  88.2207    0.40186 0.00472685   0.196954 -0.0132529 0.00879331  0.0321509   0.00580337 -0.000382262   0.00281062  0.0563829  0.0183572 0.00332247 1 0 0 12572
             71.2983 -5.05315 -8.14116  88.1895   0.402846 0.00497168   0.195223 -0.00717844   0.0126422   -0.012349   0.00580771 -0.000380039   0.00281479  0.0565254   0.018542 0.00361089 1 0 0 12551
             71.3999  -4.9954 -8.13491  88.2551   0.402625 0.00879893   0.191649 -0.0146849  0.0495383 -0.0338326   0.00581392 -0.000382601   0.00281367  0.0564769  0.0186225 0.00374524 1 0 0 12790
             71.4995 -4.99245 -8.02299  88.3992   0.401926 0.00849845   0.194618 -0.0157648  0.0180652  0.0191403   0.00581708 -0.000385958   0.00281697  0.0568296   0.018799 0.00327088 1 0 0 12652
             71.5994 -5.09329 -8.08477  88.5243   0.401859 0.00655626   0.195221 -0.00769274 -0.00253278  0.00645803   0.00582625 -0.000374705   0.00282361  0.0571564  0.0189205 0.00333549 1 0 0 12551
             71.6998 -5.08797 -8.07892  88.4466   0.400563 0.00704061   0.194421   -0.018794   0.0160287 -0.00712498    0.0058333 -0.000380046   0.00283092  0.0571945     0.0189 0.00341776 1 0 0 12712
             71.7999 -5.09668 -8.05867  88.4121   0.402159 0.00618596   0.195067 0.00312778 0.00922066 0.00366506   0.00584183 -0.000382589   0.00283115  0.0574157  0.0192162 0.00330713 1 0 0 12794
             71.8999 -5.13646 -8.05041  88.3652   0.400147 0.00643121   0.195106   -0.0245486    0.0137415 -0.000609671    0.0058445 -0.000386556   0.00283583  0.057534 0.0191002 0.0033123 1 0 0 12647
             71.9996 -5.06102 -8.16444  88.2063   0.400373 0.00740272    0.19312 -0.0102499  0.0215997 -0.0220706   0.00584847 -0.000383068   0.00283994  0.0576429  0.0193183 0.00342009 1 0 0 12593
             72.1002  -5.1884 -7.98279  88.1467   0.402346 0.00714228    0.19296  0.00993571   0.0187414 -0.00394255   0.00586269 -0.000387899   0.00284076  0.0578591  0.0196137 0.00324916 1 0 0 12614
             72.1998 -5.09118 -7.92762  88.0333  0.403889 0.0058822  0.195462 0.00627149 0.00718477  0.0211453   0.00586369 -0.000393779   0.00284838  0.0581321   0.019741 0.00303322 1 0 0 12551
             72.2987 -5.04327 -7.91184  87.9828   0.403834 0.00599685   0.193652 -0.0103488 0.00994607 -0.0103827   0.00587209 -0.000388269   0.00285037  0.0582841  0.0197049 0.00329754 1 0 0 12430
             72.3994 -4.96362 -8.00601  87.9428   0.403976 0.00709666   0.193096    -0.00938    0.022541 -0.00733905   0.00587414 -0.000389665    0.0028545  0.0583256   0.019853 0.00325985 1 0 0 12732
                72.5 -4.89787 -7.96969  87.8712   0.404485 0.00531959   0.194722 -0.00339917 0.000886434    0.011342   0.00587714 -0.000390379   0.00285882  0.0586211  0.0200113 0.00307623 1 0 0 12660
             72.5998 -4.79347 -8.04227   87.699   0.404736 0.00636992   0.193545  -0.0105026   0.0194076 -0.00930329   0.00588401 -0.000383488   0.00286465 0.0586478 0.0200875 0.0032289 1 0 0 12619
             72.7009 -4.86488 -8.05021  87.6678   0.405103 0.00563105   0.192893 -0.00995255   0.0103178 -0.00943214    0.0058923 -0.000385076   0.00286543  0.0589107   0.020265 0.00318354 1 0 0 12732
             72.8008 -4.99011 -7.96712  87.7347   0.406071 0.00321433   0.192098 -0.00246055 -0.00483027 -0.00929955   0.00590423 -0.000386741   0.00286038  0.0592146  0.0204703 0.00314897 1 0 0 12668
             72.8998 -4.89561 -7.90461  87.7717   0.404641 0.00433777   0.195205 -0.019248  0.022427 0.0236355   0.00590135 -0.000395469   0.00286795  0.0591329  0.0204745 0.00286525 1 0 0 12609
             72.9995 -4.95145 -7.88999  87.7864   0.404644 0.00623297   0.192823 -0.00868779   0.0286553  -0.0187606   0.00591824 -0.000389009   0.00287315  0.0592751  0.0205999 0.00316677 1 0 0 12498
             73.1007 -4.89438  -7.8083  87.6332   0.404571 0.00748528   0.191756 -0.0104503  0.0283285 -0.0117562   0.0059182 -0.00039101  0.00288164  0.0594506  0.0207068 0.00310069 1 0 0 12681
             73.2004 -4.94811 -7.77362  87.6165   0.405902 0.00453527   0.193397 -0.000215453  -0.00779468     0.011897   0.00592652 -0.000395927    0.0028791   0.059883  0.0209703 0.00287965 1 0 0 12659
             73.2987  -5.0282 -7.78257  87.6113   0.405735 0.00355508   0.192462 -0.00731571  0.00234944  -0.0133466   0.00593414 -0.000396323    0.0028864  0.0599903  0.0209894 0.00298553 1 0 0 12376
             73.4007 -4.81955 -7.55784  87.4814   0.407419 0.00543049   0.189828  0.0100739  0.0299338 -0.0223344   0.0059311 -0.00039736  0.00288913  0.0599846  0.0211539 0.00305977 1 0 0 12598
             73.5007 -4.73453 -7.50002  87.2324   0.409095 0.00616705   0.189936 0.00656198  0.0209342 0.00330533   0.00593835 -0.000396039   0.00289225  0.0601629   0.021268 0.00292635 1 0 0 12589
             73.6005 -4.72244  -7.6494  87.0142   0.410264 0.00615738   0.191362 -0.00325875   0.0154493   0.0133304   0.00594498 -0.000396019   0.00289708  0.0603604    0.02139 0.00285351 1 0 0 12548
             73.7005 -4.66081 -7.79188  87.0904   0.41012 0.0054316  0.191128  -0.0159327  0.00961456 -0.00323353   0.00595264 -0.000386023   0.00289896  0.0606199  0.0214933 0.00291784 1 0 0 12568
             73.8005 -4.67745 -7.70764  87.2919   0.407781 0.00818822   0.191501  -0.0314786   0.0341762 0.000955792   0.00595716 -0.000394192   0.00290378 0.0605432 0.0215252 0.0028474 1 0 0 12569
             73.9003  -4.6867 -7.73656  87.4116    0.40645 0.00648532   0.192323 -0.0190485 0.00300761 0.00558224    0.0059582 -0.000393881    0.0029038  0.0609365  0.0216968 0.00277053 1 0 0 12611
             74.0003 -4.71514 -7.63738  87.3368   0.408294 0.00539653   0.190545  0.0104714  0.0030136 -0.0153314   0.00596815 -0.000395837   0.00291232  0.0611235  0.0219641 0.00290034 1 0 0 12606
             74.0993 -4.61102 -7.65175  87.1586   0.410399 0.00498246   0.190166  0.00920238  0.00847358 -0.00304443   0.00597023 -0.000392543   0.00292054  0.0612194   0.022111 0.00282894 1 0 0 12434
             74.2002 -4.63849 -7.74185  87.1415   0.410275 0.00416048   0.191948 -0.0124117 0.00951059  0.0146109   0.00597879 -0.000394386   0.00291862   0.061391  0.0221403 0.00267858 1 0 0 12560
             74.2999 -4.72078 -7.78631  87.3217   0.408399 0.00385805   0.192412 -0.0290164  0.0110959 0.00234271   0.00599182 -0.000397813   0.00291657  0.0615709  0.0221627 0.00272551 1 0 0 12576
             74.4002 -4.72535 -7.82737  87.4437   0.407677 0.00462765   0.192423   -0.0151201    0.0199599 -0.000225898   0.00599035 -0.000395113   0.00292281  0.0616573  0.0223614 0.00273447 1 0 0 12541
             74.5002 -4.71087 -7.83502   87.475   0.407666 0.00690503   0.191975 -0.00548401   0.0327021 -0.00523766   0.00600044 -0.000399225   0.00292818  0.0616845  0.0224999 0.00274853 1 0 0 12721
             74.6001 -4.61195 -7.86898  87.3959   0.407311 0.00539795   0.193847 -0.0110719  0.0074191  0.0124408   0.00599645 -0.000399799   0.00293454  0.0620517  0.0225911 0.00254273 1 0 0 12667
                74.7 -4.61274 -7.82502  87.3597   0.406873 0.00404464    0.19323  -0.0142803  0.00255723 -0.00415313   0.00601103 -0.000396895     0.002938  0.0623031  0.0226703 0.00263594 1 0 0 12611
             74.7999 -4.55162 -7.82123  87.3871   0.408277 0.00396648   0.193207  0.00249222  0.00949461 -0.00155099  0.00601166 -0.00039962  0.00293488  0.0623627   0.022936 0.00260129 1 0 0 12580
                74.9 -4.59583 -7.76025  87.2823   0.409738 0.00524268   0.193549  0.00554584   0.0267799 0.000412621   0.00602175 -0.000403607   0.00294425  0.0624016  0.0230791 0.00254734 1 0 0 12630
             74.9986 -4.57826 -7.72204  87.2061   0.409438 0.00555123   0.192889  -0.0121708   0.0172274 -0.00569194   0.00602894 -0.000406573     0.002948  0.0626475  0.0230649 0.00258394 1 0 0 12472
                75.1 -4.56948 -7.77381  87.1533   0.408533 0.00617911   0.191111 -0.0196926  0.0207068 -0.0162951   0.00603258 -0.000395963   0.00295376   0.062814  0.0231433 0.00265131 1 0 0 12499
             75.1998  -4.5126 -7.75055  87.1426   0.40773 0.0076294  0.191212  -0.0192183   0.0281015 -0.00162425   0.00603793 -0.000402896   0.00295674  0.0629062  0.0232997 0.00252554 1 0 0 12630
             75.2998 -4.59668 -7.73032  87.3217   0.409072 0.00437727   0.192598 0.0025579 -0.012981  0.010701   0.00604372 -0.000402707   0.00295011  0.0633557  0.0236086 0.00238453 1 0 0 12733
             75.3998 -4.54777 -7.86305  87.2062  0.409926 0.0015337  0.191425  0.0021632 -0.0145221 -0.0126516   0.00604878 -0.000392526   0.00296036  0.0635555  0.0236583 0.00251314 1 0 0 12585
             75.4997 -4.48903 -7.75908  87.0692   0.410103 0.00373388    0.19149 -0.00790811    0.028673 -0.00100083   0.00605507 -0.000403663   0.00296779   0.063355  0.0237239 0.00243223 1 0 0 12550
             75.5999 -4.48944  -7.7653  87.0921  0.409706 0.0053227  0.193422 -0.0119346  0.0299622  0.0154328    0.0060623 -0.000407701   0.00297005  0.0634823  0.0238389 0.00227898 1 0 0 12748
             75.6999 -4.52902 -7.80782  87.0523   0.410622 0.00315481    0.19392 -0.00269405 -0.00232241   0.0059599  0.00606703 -0.00040222   0.0029699    0.06392  0.0240402 0.00232401 1 0 0 12619
             75.7995 -4.51755 -7.85795  87.0291    0.40886 0.00445589   0.192076 -0.0254262  0.0216811 -0.0159852   0.00607161 -0.000401327    0.0029756  0.0639208  0.0239667 0.00248423 1 0 0 12431
             75.8998 -4.58178 -7.84255  87.0646    0.40816 0.00511281   0.191868 -0.0174621  0.0211796 -0.0059054   0.00608126 -0.000403783   0.00298086 0.0640637 0.0241779 0.0023659 1 0 0 12599
             75.9999 -4.55985 -7.74176   87.074   0.408685 0.00127349    0.19451 -0.00372933  -0.0169239   0.0191738   0.00608102 -0.000409956   0.00298344  0.0644945  0.0244182 0.00209875 1 0 0 12667
             76.0998  -4.5103 -7.75656  87.0092   0.408407 0.00180194   0.195143 -0.00971559   0.0127312   0.0089208    0.0060844 -0.000409465   0.00299258  0.0644269  0.0244457 0.00219753 1 0 0 12572
             76.2003 -4.61179 -7.80804  86.9841   0.408262 0.00455887   0.192203 -0.0141759  0.0370706 -0.0223313   0.00609847 -0.000408093   0.00299594  0.064446 0.0245338 0.0024735 1 0 0 12727
             76.3003 -4.58624 -7.80837  87.0486   0.408678 0.00449268   0.192439 -0.00770811   0.0184993 -0.00518555    0.0060953 -0.000403918   0.00299534   0.064741  0.0247558 0.00226416 1 0 0 12674
             76.3998 -4.70327 -7.73596  87.1835   0.409266 0.00108036   0.192673  -0.00625083   -0.0154249 -0.000360774   0.00610496 -0.000402556     0.002994  0.0651483  0.0249379 0.00217627 1 0 0 12563
             76.4998 -4.79546 -7.84865  87.2421   0.406494 0.00266372   0.192483   -0.0417683    0.0366022 -0.000294697  0.00611284 -0.00039833  0.00300347  0.0650392  0.0248556 0.00220086 1 0 0 12456
             76.6002 -3.81957 -8.67814  89.2911   0.402037 0.00978355   0.194073 -0.0974093   0.119786  0.0239833  0.00609255 -0.00037673  0.00295267  0.0650575  0.0251521 0.00217481 1 0 0 12557
             76.7001 -3.89916 -8.11782  92.5928  0.393801 0.0219226  0.195323  -0.0895943    0.139829 -0.00809331   0.00612424 -0.000408454   0.00292247  0.0652451  0.0254082 0.00207026 1 0 0 12651
                76.8 -3.98598 -7.47601  93.3478  0.388332 0.0353589  0.194681  -0.0370708    0.144832 0.000599558    0.0061523 -0.000416965   0.00297712  0.0653439  0.0254834 0.00214165 1 0 0 12606
             76.9001 -3.28695 -7.03876  93.7083  0.386601 0.0474347  0.193634   -0.01771   0.125505 -0.0167259   0.00614741 -0.000412703   0.00298517  0.0655917  0.0255296 0.00216665 1 0 0 12895
                  77  -3.6725 -6.36813  93.7242  0.385395 0.0524744  0.190462 -0.013907 0.0185123 -0.030833  0.00617298 -0.00041085  0.00298992  0.065915 0.0255454 0.0022328 1 0 0 12850
             77.0999 -4.25405 -6.64838  92.3577 0.386034 0.048366 0.190138  0.0183649 -0.0437004 -0.0221495     0.006187 -0.000397826   0.00302333  0.0661209  0.0255813 0.00195796 1 0 0 12710
             77.1998 -4.09465 -6.71931   90.473  0.386637 0.0424079  0.186961 -0.00607337  -0.0309652  -0.0412651   0.00617082 -0.000392983   0.00303488  0.066354 0.0255017 0.0019532 1 0 0 12669
             77.2999 -3.65189 -6.07601  90.0216  0.388545 0.0383473  0.182694 -0.00252503  -0.0246706  -0.0381295   0.00616063 -0.000403309   0.00301144  0.0665382  0.0258036 0.00194275 1 0 0 12592
             77.3994  -3.7119 -5.81443  89.7299  0.390785 0.0317819   0.18071 0.00651031 -0.0559336 -0.0173886   0.00616268 -0.000395404    0.0030103  0.0668264  0.0260655 0.00184422 1 0 0 12476
             77.4997 -3.67677 -5.75529  89.4684  0.391754 0.0271314  0.178594 0.00775898 -0.0336938 -0.0231853   0.00616387 -0.000392105   0.00301434  0.0668203   0.026115 0.00186286 1 0 0 12404
             77.5998 -3.64356 -5.48705  88.9795  0.394398 0.0264511   0.17508  0.0175525  0.0115838 -0.0243041   0.00617244 -0.000396656   0.00302443  0.0667826  0.0262616 0.00199391 1 0 0 12586
             77.6999 -3.67919 -5.23534  88.5747  0.396327 0.0270935  0.172233 0.00675489  0.0215992 -0.0245311   0.00617796 -0.000400811   0.00302666  0.0669254  0.0263265 0.00204611 1 0 0 12584
             77.7997 -3.73375 -4.97624  88.3136  0.397081 0.0252974   0.17157 -0.00689464  0.00488928 -0.00617908   0.00617611 -0.000394208   0.00302653  0.0672768  0.0264135 0.00191559 1 0 0 12402
             77.9007 -3.65161 -4.97316  88.2697  0.396924 0.0240966  0.172117   -0.01826 0.00507223  0.0062701   0.00617851 -0.000382741   0.00302436  0.0674726  0.0265509 0.00183475 1 0 0 12632
             78.0006 -3.84242 -5.02193  88.4464  0.396223 0.0229297  0.173152 -0.0193555 0.00207515  0.0143317   0.00619004 -0.000379758   0.00302364 0.0676499 0.0267057 0.0018239 1 0 0 12531
             78.1006 -3.97857 -5.18605  88.5319 0.396213 0.019517  0.17564 -0.00859731  -0.0171259   0.0193793  0.00618596 -0.00037353  0.00303056  0.0679399  0.0268913 0.00173277 1 0 0 12337
             78.2006 -4.02802 -5.23224  88.5165  0.394305 0.0207925  0.175437   -0.0226219    0.0187411 -0.000555475   0.00619322 -0.000380423   0.00304123  0.0678206  0.0268414 0.00186514 1 0 0 12359
             78.3004 -4.13508 -5.28627  88.4749  0.393754 0.0212407  0.175012  -0.0146119   0.0177944 -0.00451161   0.00619676 -0.000382175   0.00304328  0.0679776  0.0270009 0.00187287 1 0 0 12471
             78.4006 -4.25809 -5.34393  88.3583   0.39481 0.0207336   0.17606 -0.000108952    0.0105138   0.00753681   0.00619714 -0.000379179   0.00304982  0.0681769  0.0272294 0.00175922 1 0 0 12362
             78.5004 -4.34283 -5.23823  88.3001  0.395943 0.0187112  0.176088  0.00212531 -0.00241651  0.00457337   0.00620053 -0.000376832   0.00305129  0.0684555  0.0273587 0.00178562 1 0 0 12246
             78.6005 -4.38315 -5.38201  88.2263  0.393677 0.0182836  0.177873 -0.0278078 0.00956981  0.0187395   0.00620491 -0.000373733   0.00305746  0.0685488  0.0272501 0.00172143 1 0 0 12512
             78.7004 -4.45007 -5.51885  88.1346  0.393344 0.0159447   0.17909  -0.0150134 -0.00733323  0.00864753    0.0062093 -0.000369358   0.00306219  0.0688274  0.0274586 0.00172484 1 0 0 12541
             78.8002 -4.45541 -5.55132    88.16  0.395196 0.0137102  0.179136   0.00377108  -0.00736237 -0.000596522   0.00620362 -0.000367644   0.00305579  0.0689964  0.0277556 0.00175001 1 0 0 12316
             78.8986 -4.56831 -5.50088   88.208  0.395463 0.0138148   0.17617 -0.00655313   0.0110134  -0.0230673   0.00622033 -0.000369643   0.00306278  0.0690381  0.0277779 0.00194972 1 0 0 12224
             79.0002 -4.56205 -5.65425  88.2283  0.393808 0.0150781  0.176981 -0.0218015  0.0223053 0.00388667   0.00622405 -0.000368885    0.0030705  0.0690736  0.0277728 0.00175231 1 0 0 12458
             79.1002 -4.56341 -5.74828  88.1744  0.393626 0.0154735  0.180028 -0.00952142   0.0187127   0.0234982   0.00622559 -0.000370685   0.00307731  0.0692299  0.0279712 0.00155378 1 0 0 12439
             79.1989 -4.53298 -5.82197  88.1039  0.392978 0.0141101  0.180764 -0.0143547 0.00371683 0.00536042   0.00623123 -0.000365262   0.00307856  0.0695283  0.0280192 0.00163117 1 0 0 12260
                79.3 -4.58011 -5.78997   87.973  0.392378 0.0147248  0.181773 -0.0149903  0.0185426  0.0101822   0.00623587 -0.000369219   0.00308717  0.0695815  0.0281255 0.00159893 1 0 0 12461
                79.4   -4.557 -5.87349   87.906  0.393273 0.0155176  0.182462 -0.00316788   0.0203773   0.0074507   0.00623447 -0.000368679   0.00309204   0.069711  0.0283449 0.00161974 1 0 0 12571
             79.4999 -4.60676 -6.00784  87.9312  0.395853 0.0119102  0.180919  0.0133425  -0.016534 -0.0131127   0.00623965 -0.000353182   0.00308552  0.0701704  0.0285843 0.00175689 1 0 0 12420
             79.5999 -4.55241 -6.07406  87.8927  0.396101 0.0117926  0.179382 0.00671529 0.00610672 -0.0201782   0.00624968 -0.000358413    0.0030939  0.0701221  0.0285363 0.00175633 1 0 0 12474
             79.6999 -4.59273  -5.8988  87.4363 0.396876 0.011419 0.179246  0.00282963   0.0122556 -0.00833383   0.00625507 -0.000361505   0.00310107  0.0702272  0.0285841 0.00159466 1 0 0 12544
             79.7993 -4.61021 -5.78786  87.2378  0.397724 0.0100618  0.180539 -0.0057017 0.00448696 0.00935372   0.00625416 -0.000360752    0.0031003  0.0704525  0.0287322 0.00144276 1 0 0 12387
             79.8979 -4.64698 -5.83172  87.1964  0.398004 0.0112226  0.180214   -0.0087599    0.0219693 -0.000596312   0.00626211 -0.000356112   0.00310235  0.0704755  0.0288498 0.00154543 1 0 0 12275
             79.9998 -4.54295 -5.81175  87.0782  0.397401 0.0113564  0.181359 -0.0125595  0.0131511 0.00721359   0.00625952 -0.000358932   0.00311049 0.0706621 0.0289218  0.001448 1 0 0 12540
             80.0994 -4.65557  -5.7845  86.9697   0.398317 0.00943221   0.181675  -0.0030514 -0.00414515  0.00294164   0.00626673 -0.000357433   0.00311433  0.0709279  0.0291441 0.00146381 1 0 0 12511
             80.1999 -4.84783 -5.73962   86.887   0.398228 0.00757687   0.178358 -0.0115184 -0.0049459 -0.0298709   0.00627833 -0.000352221   0.00311829  0.0711251  0.0291772 0.00168994 1 0 0 12406
             80.2998 -4.79696  -5.7405  87.0153   0.397861 0.00525361   0.178273  -0.0155904  -0.0108093 -0.00898566   0.00627126 -0.000348405   0.00311682  0.0712764  0.0293377 0.00148316 1 0 0 12459
             80.3998 -4.94218 -5.63424  87.1335   0.398258 0.00492285   0.178092 -0.00183275  0.00502339 -0.00524699   0.00627674 -0.000353004   0.00312003  0.0712586  0.0295141 0.00142381 1 0 0 12480
              80.499 -5.04517 -5.50728  87.0155   0.399844 0.00448538   0.177273  0.00836671  0.00997653 -0.00689411   0.00628156 -0.000351891   0.00313023  0.0713907  0.0296646 0.00144956 1 0 0 12323
             80.5995 -5.26381  -5.1907  87.2202    0.397873 0.000974786    0.176147 -0.0462591 -0.0373959 -0.0180283   0.00629135 -0.000355237   0.00312325  0.0717341  0.0295837 0.00144135 1 0 0 12290
             80.6996 -6.41649 -5.34023    88.99    0.389871 -0.00451726    0.175643   -0.11392 -0.0690251 -0.0434205    0.0063066 -0.000342626    0.0031049  0.0717031  0.0296576 0.00129482 1 0 0 12246
             80.7999 -7.56652 -3.42302   91.456   0.380722 -0.0130378   0.165857 -0.0903071 -0.0865344  -0.120772    0.0063239 -0.000385421   0.00310029  0.0717633  0.0298289 0.00135274 1 0 0 11950
             80.8995 -7.57498  -2.2364  92.9421    0.37727 -0.0194226   0.151344 -0.0147725  -0.039851  -0.117012   0.00633171 -0.000380358   0.00312368  0.0716948  0.0301205 0.00155912 1 0 0 11582
             80.9992 -4.64547  -5.0289  90.7409   0.381733 -0.0242338     0.1464   0.0438454 0.000345596  0.00943026   0.00629746 -0.000321135   0.00317749  0.0721463   0.030264 0.00160072 1 0 0 11660
             81.1003 -5.66776 -8.94458   89.659   0.383466 -0.0369659   0.146246 -0.0077452 -0.0908922 -0.0300744  0.0063559 -0.0002862 0.00316338  0.0730418  0.0302584 0.00160121 1 0 0 12045
             81.1999 -7.64404 -8.47533  89.3911   0.379632 -0.0484235   0.144168 -0.0585437  -0.101466 -0.0360093   0.00637695 -0.000359002   0.00315188  0.0732879  0.0301612 0.00145445 1 0 0 11812
             81.3002 -7.67955 -8.89728  88.1057   0.369547 -0.0501463   0.138248   -0.118762 -0.00701437   -0.116759   0.00634031 -0.000354314    0.0031701  0.0728474  0.0300015 0.00135226 1 0 0 11633
             81.3995 -11.3487 -6.60326  88.7924   0.361529 -0.0502181   0.123183 -0.0897104 -0.0137217  -0.209707   0.00639927 -0.000404604   0.00315403  0.072701 0.0303545 0.0011964 1 0 0 11280
              81.499  -8.9669 -5.41774  88.0249   0.353978 -0.0487058  0.0994921  -0.102117 -0.0077416  -0.217335  0.00628478 -0.00038694  0.00318888  0.0724626  0.0306046 0.00142229 1 0 0 10893
             81.5988 -6.12907  -5.8189  88.0104   0.350327 -0.0511366  0.0742256 -0.0320652 -0.0151555  -0.200212   0.00626721 -0.000351028    0.0031746   0.072673  0.0308926 0.00187516 1 0 0 10580
             81.6999 -6.75859 -5.44379  87.6227   0.354703 -0.0560822  0.0594492  0.0536981 0.00136102 -0.0965454   0.00636173 -0.000355662   0.00317414  0.0730568  0.0311443 0.00179063 1 0 0 10466
             81.7992 -6.89547 -5.39465  88.3432   0.356768 -0.0612926  0.0617874 -0.00624296  0.00941547   0.0632629   0.00634678 -0.000339172   0.00315669 0.0736519 0.0311408 0.0013389 1 0 0 10342
             81.8988 -4.91269 -8.13172  89.5968    0.35931 -0.0684024  0.0741749    0.11551 -0.0724227   0.151552   0.00631336 -0.000270751   0.00314235  0.0741041  0.0311584 0.00122226 1 0 0 10547
             82.0009 -4.35996 -10.2806  81.1026   0.390328 -0.0796476  0.0853233  0.389572 -0.124594 0.0931228    0.0063726 -0.000295915   0.00332203  0.0742654  0.0313621 0.00144209 1 0 0 10775
             82.0998  -2.2255 -11.2642  71.8204   0.415806 -0.0927362  0.0884226  0.127915 -0.107233 0.0167993   0.00630996 -0.000306259   0.00335658   0.074435  0.0308781 0.00168505 1 0 0 10859
             82.1998 -4.38978 -11.4555   73.499   0.404924 -0.0991005  0.0870106  -0.306345  0.0321856 -0.0892102   0.00633872 -0.000311023   0.00320389  0.0746787  0.0307951 0.00154764 1 0 0 11224
             82.2995 -6.82637 -7.03879  84.5319    0.36351 -0.0820512  0.0778244 -0.516568  0.179603 -0.130344   0.00635763 -0.000375971   0.00304932  0.0739367  0.0309812 0.00127462 1 0 0 10807
             82.3999 -8.93432 -3.40774  95.5687  0.326723 -0.055909 0.0761142 -0.280581  0.216921 0.0259988    0.0064476 -0.000385867   0.00302674   0.0729563   0.0317543 0.000834661 1 0 0 10427
             82.5008 -8.74609 -3.91531  97.9099  0.320672 -0.039137 0.0828692 0.135595 0.153909 0.123258   0.00643955 -0.000339074   0.00320698  0.0731638  0.0319632 0.00104026 1 0 0 10484
             82.6004 -5.97463 -5.46604  90.2522    0.35303 -0.0423485  0.0839571    0.432134 -0.00468454  0.00276305   0.00640334 -0.000357708   0.00340317  0.0743756  0.0317484 0.00169844 1 0 0 10555
             82.6996 -1.22289 -5.99199  78.8169   0.395194 -0.0637097  0.0778267   0.374818  -0.182781 -0.0524868   0.00634362 -0.000349468   0.00349025 0.0756991 0.0314419 0.0019759 1 0 0 10741
             82.7987  3.60836 -8.02147  70.3287   0.418173 -0.0871052  0.0696603   0.064103   -0.17488 -0.0647345   0.00633603 -0.000293351   0.00342704  0.0763031  0.0312979 0.00228414 1 0 0 10996
             82.9006 0.868126 -8.66225  73.7708   0.397834 -0.0883393  0.0700468  -0.342678  0.0513876 -0.0560147   0.00646407 -0.000346572   0.00317401  0.0758521  0.0306693 0.00177937 1 0 0 11095
             83.0005 -3.55348 -4.83795  84.4377   0.356968 -0.0686389  0.0699104   -0.44338   0.173902 -0.0508926   0.00650396 -0.000447601   0.00302399 0.0748901 0.0305949 0.0011488 1 0 0 10998
             83.1004  -5.75636 -0.795823    94.349   0.328757 -0.0464172  0.0709765 -0.169779  0.184949 0.0321276   0.00652552 -0.000464846   0.00303326   0.0741983   0.0311231 0.000798712 1 0 0 10499
             83.1993  -5.39988 -0.420071   93.7003   0.330453 -0.0329157  0.0766316 0.0859754  0.151576  0.098719   0.00648485 -0.000420651   0.00325536   0.0745521   0.0316027 0.000946933 1 0 0 10299
             83.3004 -3.96701 -1.48967  91.4271   0.343625 -0.0321821  0.0786161  0.119026 0.0403456 0.0311047   0.00647506 -0.000409565   0.00331897  0.0755343  0.0315819 0.00157913 1 0 0 10518
             83.4005 -3.90335 -1.73591   89.727   0.351059 -0.0446559  0.0729958   0.039998 -0.0774794 -0.0491394   0.00650229 -0.000424663   0.00330935   0.076747  0.0311727 0.00216155 1 0 0 10588
             83.5003 -3.46005 -2.17841  89.3347   0.350793 -0.0536344  0.0692095 -0.0249571 -0.0716659 -0.0417274   0.00650785 -0.000413489   0.00329214   0.076922  0.0310623 0.00209959 1 0 0 10740
             83.5992 -3.40336 -2.10371  89.4857   0.349598 -0.0537914  0.0723122  -0.0224208 -0.00257782   0.0222247   0.00651719 -0.000434182   0.00328012  0.0764808  0.0313349 0.00157953 1 0 0 10743
             83.7002 -3.41737 -2.55728  89.4481   0.350093 -0.0527811  0.0772819 0.0030632 0.0231963 0.0435348   0.00651544 -0.000416317   0.00328232  0.0764576  0.0315788 0.00143424 1 0 0 10601
             83.8002 -3.43296 -2.35174   89.054   0.353808 -0.0504953  0.0742631  0.0285623  0.0339818 -0.0366241   0.00652794 -0.000429578   0.00329386  0.0765693  0.0317767 0.00180615 1 0 0 10663
             83.9001 -3.27748 -2.00219  88.6307   0.357949 -0.0506341   0.072079    0.035825   0.0166121 -0.00796559   0.00653155 -0.000433798   0.00329116  0.0768485  0.0318954 0.00176341 1 0 0 10813
             84.0002 -2.93098  -2.6255  87.2761   0.364659 -0.0527095  0.0735123   0.0575343 -0.00249755   0.0240209   0.00653515 -0.000414287   0.00330624  0.0771508  0.0321576 0.00171535 1 0 0 10943
             84.1001 -1.29138 -4.08065  83.8512   0.369664 -0.0547389  0.0763834  0.0502626 -0.0156715    0.02578    0.0065122 -0.000399651   0.00335204  0.0773152   0.032033 0.00173116 1 0 0 10835
             84.1999 -0.751393  -4.62449   81.9669   0.372377 -0.0605067  0.0766188 0.00913107 -0.0334252 -0.0118236   0.00652458 -0.000416675   0.00332222  0.0776797  0.0319932 0.00178835 1 0 0 11078
                84.3 -0.537491  -4.54763   81.6389   0.369617 -0.0661541  0.0774142  -0.0421572  -0.0362895 -0.00347821   0.00652196 -0.000426067   0.00329319  0.0779205  0.0319111 0.00160118 1 0 0 11058
             84.3999 -0.592584   -4.3531    81.697   0.367672 -0.0651405  0.0761562 -0.0317484  0.0146727 -0.0114698   0.00654137 -0.000437801   0.00328154  0.0776343  0.0321221 0.00163926 1 0 0 10937
             84.4996 -0.672334  -4.20796   81.8314   0.368897 -0.0620849  0.0750274  0.00183857    0.040315 -0.00859322   0.00654279 -0.000433973   0.00327978   0.077535   0.032479 0.00163074 1 0 0 10991
             84.5984 -0.814793  -4.12702   81.7301   0.371216 -0.0633063  0.0773819  0.0157713 0.00948564  0.0185279  0.00654239 -0.00043717   0.0032874  0.0778893  0.0327096 0.00140102 1 0 0 10996
             84.6998 -1.12294 -4.00534  81.6093   0.374519 -0.0649967  0.0755382  0.0171301 0.00131591 -0.0185008   0.00656575 -0.000440628   0.00329146  0.0781301   0.032901 0.00161847 1 0 0 10954
                84.8  -1.2799 -3.67067  81.6581   0.374064 -0.0646359  0.0741244 -0.00942366    0.015117  -0.0131389   0.00656553 -0.000448978   0.00330033    0.07819  0.0328071 0.00158577 1 0 0 11047
             84.8998 -1.40629 -3.63864  81.6705   0.370463 -0.0625341  0.0749223 -0.0371139   0.030071 0.00475179   0.00656872 -0.000450084   0.00330473  0.0782183  0.0326554 0.00146828 1 0 0 10994
             84.9999 -1.57488 -3.58132  81.6875    0.36928 -0.0609896  0.0756065 -0.0230104  0.0303046 0.00650111   0.00657932 -0.000445254   0.00330522  0.0783424  0.0328964 0.00143719 1 0 0 11090
             85.0998 -1.57551 -3.57518  81.7168  0.369053 -0.062167 0.0751656   -0.0152258   0.00614447 -0.000663823   0.00657767 -0.000446445   0.00330972  0.0786637  0.0331296 0.00151207 1 0 0 10915
                85.2 -1.63798 -3.72431  81.6441   0.367924 -0.0607704  0.0763836 -0.0197087  0.0252472 0.00762894   0.00658733 -0.000446429   0.00332139  0.0786533  0.0331987 0.00142847 1 0 0 10898
             85.2995 -1.96755  -3.5113  82.4687   0.366046 -0.0615984  0.0774736 -0.0461641   0.012586 0.00221452   0.00659816 -0.000453636   0.00330519  0.0789392  0.0333647 0.00135518 1 0 0 10937
             85.3999 -2.46772 -2.79472  85.1954   0.361729 -0.0591356  0.0780671 -0.0568165  0.0362205 0.00559595  0.00661054 -0.00046859  0.00326141  0.0788889  0.0335754 0.00128976 1 0 0 10856
             85.4998 -2.01374 -2.85517  83.7066  0.360925 -0.057948 0.0780816 0.00897797  0.0228389  0.0086382   0.00661159 -0.000456807   0.00335498   0.079123  0.0337434 0.00139281 1 0 0 10854
             85.5999 -1.19559 -2.61357  80.7975  0.364067  -0.05753 0.0759908  0.0561055  0.0119036 -0.0275228   0.00659583 -0.000465999   0.00338507  0.0792836  0.0337202 0.00154082 1 0 0 11125
             85.6998 -0.566006   -2.3261   78.7774   0.370098 -0.0606092  0.0709037  0.0452602 -0.0144904 -0.0446559   0.00659096 -0.000462759   0.00337249  0.0796157  0.0337903 0.00169942 1 0 0 10991
             85.7998 -0.740233  -2.30482   78.0117    0.37385 -0.0646987  0.0700063  0.00839432  -0.0190223 -0.00284157   0.00659998 -0.000447841   0.00334711  0.0798548  0.0339315 0.00150804 1 0 0 10890
             85.8998 -0.667248  -2.66136   78.1428   0.374332 -0.0662159  0.0745828  -0.0155736 8.18008e-09   0.0325593   0.00659892 -0.000451632   0.00332805  0.0798494  0.0341292 0.00116104 1 0 0 10977
             85.9999 -0.824666  -2.62015   78.4669   0.374644 -0.0667793  0.0767717 -0.00355332  0.00623906   0.0187537   0.00660993 -0.000460069   0.00332513 0.0799154 0.0343173  0.001189 1 0 0 11090
             86.0996 -0.878593  -2.51719   78.6126   0.374699 -0.0647599  0.0742817 0.000192101    0.024843   -0.017961   0.00661877 -0.000460396   0.00333457  0.0798955  0.0343188 0.00148185 1 0 0 10839
             86.1999 -0.828175  -2.50025   78.4399   0.375301 -0.0652206  0.0741286  0.00133406   0.0111917 -0.00152186   0.00662293 -0.000458097   0.00334083  0.0801237  0.0344225 0.00139178 1 0 0 10808
             86.3002 -0.840348  -2.51981   78.3306   0.373938 -0.0662488  0.0754674 -0.0176832 0.00495868 0.00849825  0.00662257 -0.00046527  0.00334385  0.0803342   0.034401 0.00128646 1 0 0 11156
             86.4001 -0.84545 -2.58862  78.3086  0.373352 -0.067235 0.0759125 -0.0141334 0.00402793 0.00234786   0.00663014 -0.000467357   0.00334282  0.0804669  0.0345662 0.00130676 1 0 0 10941
                86.5 -0.845248  -2.52552   78.3298   0.375287 -0.0700687  0.0748609  0.00743747  -0.0101537 -0.00838715   0.00663234 -0.000459355   0.00334096  0.0806947   0.034905 0.00137069 1 0 0 10906
              86.601 -0.887749  -2.56749   78.2426  0.376704 -0.071131 0.0778964  0.00857045 0.000426804   0.0254052   0.00663503 -0.000463363   0.00334597  0.0807079  0.0350146 0.00111581 1 0 0 11134
                86.7 -0.99295 -2.54055  78.1667   0.377457 -0.0708217  0.0772506  0.00145634   0.0122794 -0.00499234    0.0066497 -0.000472106   0.00335121  0.0807624  0.0350325 0.00131889 1 0 0 10913
             86.7999 -0.875491  -2.53648   78.1957   0.376435 -0.0673491  0.0737467 -0.0161343  0.0387673 -0.0258095   0.00665056 -0.000461472   0.00335446     0.0807   0.034962 0.00154059 1 0 0 10868
             86.8999 -0.919809  -2.62144    78.184   0.376295 -0.0657167  0.0736147 -0.00932267    0.032437 -0.00710017   0.00666556 -0.000461503   0.00335671  0.0808557  0.0351524 0.00136578 1 0 0 10928
             86.9991 -0.922052   -2.6263   78.0956   0.375726 -0.0665074  0.0755515 -0.0128095  0.0130124 0.00934163   0.00666508 -0.000467825   0.00336397  0.0811562  0.0352764 0.00115371 1 0 0 10988
             87.0998 -1.08559 -2.54334  78.0511   0.376424 -0.0663155  0.0762871 -0.00040965   0.0168773  0.00345518   0.00667217 -0.000473122   0.00336627  0.0812703  0.0354703 0.00114826 1 0 0 10902
             87.2007 -1.11945 -2.41282  78.0181   0.377378 -0.0694729  0.0765716 0.000539672  -0.0133134  0.00439648   0.00666849 -0.000466981   0.00336445  0.0816142  0.0356415 0.00115118 1 0 0 10966
             87.2999 -1.14014 -2.49296  78.0024   0.378424 -0.0701104  0.0774082 0.00179041  0.0030682   0.013099   0.00667449 -0.000464131   0.00336801  0.0816067  0.0357591 0.00116629 1 0 0 11028
             87.4007 -1.22048 -2.49965  78.0525    0.37989 -0.0699086   0.076832  0.00540833   0.0120107 -0.00770406    0.0066838 -0.000476414   0.00336981  0.0816422  0.0358991 0.00126649 1 0 0 11076
             87.5006 -1.18979 -2.52157  78.0934   0.378799 -0.0667553  0.0741092 -0.0160943  0.0391637 -0.0231873   0.00668817 -0.000467639   0.00337709  0.0816012  0.0358099 0.00140733 1 0 0 10913
             87.5998  -1.1952 -2.50541  78.1723   0.379355 -0.0662263  0.0729158   -0.00229  0.0220564 -0.0146976   0.00669495 -0.000466506   0.00337639  0.0818352  0.0360417 0.00132753 1 0 0 10879
             87.7006 -1.20637 -2.58269  78.1154     0.3815 -0.0670187  0.0738656   0.013804 0.00875825 0.00549711   0.00670098 -0.000465672   0.00337807   0.082025  0.0362891 0.00116199 1 0 0 10972
             87.8006 -1.17062  -2.6523  78.0409   0.381017 -0.0674136  0.0745577 -0.0131951 0.00915341 0.00622317   0.00670847 -0.000466353   0.00338286 0.0821912  0.036236 0.0011603 1 0 0 10845
             87.8999 -1.18018 -2.78937  78.1899   0.379693 -0.0683418  0.0759571 -0.0220143 0.00467027  0.0114688   0.00671004 -0.000460779   0.00337924 0.0823538  0.036331 0.0011083 1 0 0 10913
             88.0005 -1.18952 -2.73431  78.3403   0.376472 -0.0671769  0.0778319 -0.0331507  0.0204469  0.0149976   0.00671015 -0.000473428   0.00338481  0.0823748  0.0362919 0.00102964 1 0 0 11092
             88.1004 -1.16497  -2.8289  78.2875   0.375309 -0.0674476  0.0787149 -0.0202832 0.00965451  0.0145591   0.00671659 -0.000471495   0.00339451  0.0825391  0.0364866 0.00108681 1 0 0 11022
             88.2004 -1.18044 -2.99623  78.2525  0.376604 -0.069353 0.0778367  0.00208449 -0.00477861 -0.00545762  0.00671785 -0.00046135  0.00339432   0.082737  0.0367829 0.00123455 1 0 0 11055
             88.3004 -1.15388 -3.07012  78.1772   0.37805 -0.070182 0.0778048  0.00939304  0.00469994 -0.00670196   0.00672271 -0.000468095   0.00339562  0.0827941  0.0369153 0.00117787 1 0 0 11020
             88.4001 -1.06912 -2.90463  78.1734   0.379058 -0.0716985  0.0767316  0.00379386 -0.00227838  -0.0103248   0.00672218 -0.000464932    0.0033939  0.0829752  0.0369902 0.00116397 1 0 0 11083
             88.5003 -1.11165 -2.94691  78.0477   0.379044 -0.0683536  0.0752526    -0.00696   0.0346744 -0.00840266   0.00673973 -0.000471347   0.00340384  0.0827861  0.0369737 0.00123361 1 0 0 10892
             88.6003 -1.11166 -3.07943   78.037    0.37808 -0.0661464  0.0750576  -0.0168025   0.0340822 -0.00504985   0.00674101 -0.000464642   0.00340411  0.0829159   0.037024 0.00118369 1 0 0 10931
             88.6991 -1.12103 -3.03378  78.0257  0.378056  -0.06732 0.0750241 -0.00946078  0.00929891 -0.00591683   0.00674324 -0.000464429   0.00340813  0.0832525  0.0372322 0.00110163 1 0 0 11071
             88.8002 -1.10519 -2.96091   78.032   0.378862 -0.0672388  0.0758535 -0.00331125   0.0136126  0.00876489   0.00675022 -0.000467737   0.00340821  0.0833241   0.037431 0.00100885 1 0 0 10981
             88.9001 -1.20806 -2.91422  78.1828   0.378131 -0.0701033   0.077765  -0.0110867 -0.00964296   0.0146869   0.00674959 -0.000463337   0.00340456   0.0836592   0.0375084 0.000929865 1 0 0 10993
             89.0002 -1.23061 -2.90047  78.1794    0.37707 -0.0712788  0.0779381   -0.0156706 -0.000169416   0.00328685   0.00675584 -0.000467006   0.00341307  0.0837296  0.0375511 0.00101475 1 0 0 11161
             89.1001 -1.20809 -2.88081  78.1348   0.377111 -0.0707852  0.0784074 -0.00760913   0.0122596  0.00645727   0.00675704 -0.000471635    0.0034206  0.0837071  0.0377026 0.00100747 1 0 0 11146
             89.1999 -1.39489 -2.84728  78.0985   0.376334 -0.0678218  0.0777873   -0.014288   0.0367475 -0.00587307   0.00677144 -0.000472299   0.00342476   0.083641  0.0377283 0.00108772 1 0 0 10981
             89.2988 -1.78994 -2.63344  78.1002   0.376087 -0.0670158  0.0772144  -0.0125955   0.0257927 -0.00418317   0.00677426 -0.000471673   0.00342482  0.0838668   0.037907 0.00108424 1 0 0 10859
             89.3999 -1.59322 -2.83597  78.1993   0.375775 -0.0675675  0.0765005 -0.00846191   0.0104356  -0.0128589   0.00676391 -0.000458275    0.0034238  0.0841188  0.0380593 0.00109301 1 0 0 11032
             89.4999 -1.69053 -2.69173  78.1803   0.376749 -0.0678084  0.0760093  0.00288342   0.0116639 -0.00524166   0.00678004 -0.000467971   0.00342992  0.0842117  0.0382461 0.00103398 1 0 0 11034
             89.5986 -1.68778 -2.70316   78.166   0.377001 -0.0686606  0.0773375 -0.00360065  0.00705385  0.00533682  0.00678018 -0.00047099  0.00343083   0.0843893    0.038325 0.000905014 1 0 0 10903
             89.6982 -1.65741 -2.61908  78.1839   0.375119 -0.0698619  0.0788064 -0.0236584 0.00184834  0.0147603   0.00678041 -0.000468998   0.00343314   0.0845751   0.0382849 0.000845649 1 0 0 11012
             89.7998  -1.6597 -2.63832  78.1985   0.374061 -0.0704348  0.0802474 -0.0166094 0.00601926  0.0147147   0.00678893 -0.000475064   0.00343852   0.0846533   0.0384342 0.000860239 1 0 0 11113
             89.8998 -1.63339 -2.63968  78.2037    0.37549 -0.0720198  0.0796146  0.00359998 -0.00205186 -0.00315665  0.00678757 -0.00047443  0.00343501 0.0848124 0.0387059 0.0010047 1 0 0 11020
             89.9999 -1.58639 -2.64299  78.1296   0.375655 -0.0704069  0.0799083 -0.00484777   0.0231274  0.00244682   0.00679368 -0.000478342   0.00344535   0.0847323    0.038719 0.000954834 1 0 0 11089
             90.0988 -1.53282 -2.79572  78.1569   0.375922 -0.0693898  0.0790683 -0.00841861   0.0230873 -0.00803569   0.00680095 -0.000470361   0.00344475  0.0848596   0.038839 0.00104734 1 0 0 11068
             90.1997 -1.60274 -2.69905  78.3074   0.376627 -0.0692197  0.0781418 -0.00207215   0.0167333  -0.0111338  0.00680766 -0.00047017   0.0034418  0.0850265  0.0390286 0.00102224 1 0 0 10934
             90.2998 -1.63144 -2.66725  78.3808   0.376483 -0.0704015  0.0788339 -0.00567941  0.00346427  0.00655943   0.00680954 -0.000471359   0.00344674  0.0852577  0.0391141 0.00091907 1 0 0 11016
             90.3997 -1.67149 -2.87923  78.3461  0.372827 -0.068627 0.0786456 -0.0370839  0.0242387 -0.0110838   0.00681384 -0.000462403    0.0034548   0.0852654   0.0389071 0.000961442 1 0 0 11153
             90.4993 -1.76548 -2.42652  78.5031   0.372398 -0.0686171  0.0769217 -0.0143573  0.0174174 -0.0167275  0.00682264 -0.00047596  0.00345306   0.0854327   0.0392095 0.000944298 1 0 0 11081
             90.5999 -1.71513 -2.24424  78.6537   0.372845 -0.0691681  0.0785301 -0.00797031   0.0147024   0.0205114   0.00681674 -0.000476752   0.00345592   0.0856127   0.0394428 0.000770591 1 0 0 11003
             90.6998 -1.53626 -2.39176  79.1416   0.372164 -0.0685161  0.0818604 -0.0205579  0.0324136   0.045929   0.00681444 -0.000463783   0.00344861  0.0857507  0.0395597 0.00074209 1 0 0 11052
             90.7998 -0.983262  -2.59797   79.9744   0.372271 -0.0648133  0.0881704  0.011361 0.0635261  0.116701   0.00681715 -0.000471292   0.00344394   0.0858874   0.0397263 0.000857423 1 0 0 11243
             90.8997 -2.28556 -3.42012  74.5494   0.378508 -0.0600054   0.101589  0.125065 0.0613057  0.136239   0.00687281 -0.000448702   0.00359617    0.086083   0.0397305 0.000954959 1 0 0 11314
             90.9994 -5.87315  -1.3992  63.9138   0.387204 -0.0564529   0.117146 0.0620627 0.0522168  0.193622   0.00687635 -0.000505441    0.0036906    0.086294    0.039496 0.000835593 1 0 0 11281
             91.0992  2.3527 -2.3559 61.4232   0.396556 -0.0571572   0.136265   0.141156 -0.0115039   0.163639   0.00661915 -0.000445707   0.00356427   0.0866005   0.0397722 0.000818013 1 0 0 11889
             91.2002  4.26266 -3.98594  60.8085   0.417456 -0.0605324    0.15178   0.230827 -0.0497277    0.13144   0.00669234 -0.000434736    0.0035106   0.0863636   0.0403621 0.000834506 1 0 0 12557
             91.2995  1.37586 -6.27642  51.8863   0.439602 -0.0705543   0.157212  0.226068 -0.127531 0.0496196   0.00676959 -0.000391732   0.00363994   0.086626  0.0401396 0.00138171 1 0 0 12561
             91.3991  2.90168 -5.10248   45.808  0.448763 -0.081494    0.1572  0.0477391 -0.0847314 -0.0545099   0.00669187 -0.000458198   0.00361284   0.087066  0.0396151 0.00118113 1 0 0 12743
             91.5001  6.12244 -5.87444  44.6286   0.454176 -0.0901611   0.158766  0.0356555 -0.0714505   0.015982   0.00662431 -0.000435162   0.00350822   0.0868647   0.0398881 0.000768419 1 0 0 13137
             91.5998 4.48193 -6.2475 44.6541   0.462218 -0.0913913   0.157845  0.0596695 -0.0171959 0.00280865   0.00670301 -0.000455745   0.00348457    0.086273   0.0400478 0.000869197 1 0 0 13171
             91.7001  3.26809 -10.7937  44.8295   0.470154 -0.0926096   0.161322   0.0804188 -0.00322021   0.0443143  0.00671323 -0.00037784  0.00347794   0.0861275   0.0400857 0.000765973 1 0 0 13085
             91.7999  1.79892 -11.9406  43.6654   0.479966 -0.0889554   0.164135  0.154094 0.0819463 0.0256202   0.00673256 -0.000441732   0.00352894   0.0862168   0.0400427 0.000864954 1 0 0 12901
             91.9006 1.51152 -8.5432 41.0286   0.501048 -0.0778667   0.166963  0.243523  0.138597 0.0192793   0.00670724 -0.000543376   0.00356891   0.0861877   0.0400545 0.000763713 1 0 0 13141
             91.9991 0.771027 -7.72714  40.6995   0.527592 -0.0669378   0.171985  0.248246 0.0939593 0.0748663   0.00669916 -0.000503124   0.00353524   0.0860361   0.0403706 0.000642605 1 0 0 13400
             92.0998 0.102771 -8.60755  39.2476    0.54688 -0.0608825   0.182635  0.163026 0.0471612  0.113995  0.00670216 -0.00045124  0.00358059    0.086213   0.0403306 0.000553165 1 0 0 13635
             92.1997 -0.828312  -10.7376   37.0635   0.554293 -0.0604694   0.194191   0.0398099 0.000268197    0.109283   0.00670334 -0.000434364    0.0035852   0.0865962   0.0403183 0.000500817 1 0 0 13533
              92.299 -1.20589 -9.53462  38.9504   0.560391 -0.0589709   0.198457 0.0533624 0.0208604 0.0389655 0.00669582 -0.0004951 0.00351491   0.0864578   0.0404065 0.000944032 1 0 0 13812
              92.401 -2.60617 -10.0711  38.0154   0.568731 -0.0572814     0.2064   0.0724351 -0.00157372   0.0834613   0.00671474 -0.000480555   0.00357634   0.0861721   0.0404948 0.000735991 1 0 0 13936
             92.5009 -2.33665 -9.07717  38.7756    0.57782 -0.0609578   0.216508 0.0942921 -0.034097 0.0977523   0.00668681 -0.000504157   0.00356014    0.086091   0.0407885 0.000618447 1 0 0 13815
             92.6008 -1.60854 -8.20364  39.3478   0.591538 -0.0634679   0.225025  0.150655 -0.017713 0.0845795   0.00669284 -0.000506091   0.00356629   0.0858664   0.0409097 0.000696257 1 0 0 14264
             92.6997 -1.44977 -8.87508  36.4314   0.606284 -0.0628518      0.228  0.162476 0.0142611 0.0298203   0.00671201 -0.000480174   0.00361626  0.0859974   0.040756 0.00101138 1 0 0 14302
             92.8007 -1.54357 -10.6588  28.5242   0.617539 -0.0637952   0.231932   0.116921 -0.0155597  0.0138301   0.00672078 -0.000448257   0.00369088   0.0864676    0.040615 0.000830031 1 0 0 14396
             92.9007  1.59855 -6.28419  21.6035   0.620578 -0.0715384   0.235027    0.0330171    -0.094371 -0.000921013   0.00661581 -0.000547847   0.00370565   0.0870356    0.040661 0.000474436 1 0 0 14493
             93.0004 5.78516 -1.4764 11.3304   0.628196 -0.0782192   0.227193  0.039313 -0.095771 -0.107675   0.00658237 -0.000546372   0.00374631   0.0864801   0.0405126 0.000787243 1 0 0 15063
             93.1006  5.99216  3.85283 -4.88491   0.630235 -0.0861256   0.216878 -0.0434356 -0.0565864  -0.108784   0.00654397 -0.000537292   0.00384517   0.0861316    0.040463 0.000608071 1 0 0 15265
             93.2007  6.74387  4.91129 -14.5572   0.616461 -0.0871464   0.206641   -0.17452 0.00163173  -0.104755  0.00648512 -0.00044867  0.00372666   0.0865726    0.040243 0.000690553 1 0 0 15131
             93.3006  6.45121  5.81721 -22.7747   0.591644 -0.0825506   0.195372 -0.251157 0.0354244 -0.112483   0.00646854 -0.000436058   0.00369155   0.0870043   0.0401271 0.000749493 1 0 0 14789
             93.3993  6.50065  12.1655 -32.5022   0.569336 -0.0811332   0.186996  -0.239521 0.00776262  -0.079711 0.00641476 -0.0005662 0.00372819   0.0866515   0.0400402 0.000473748 1 0 0 14512
             93.5006  7.92801  17.2563 -40.1262   0.551308 -0.0850738   0.175442  -0.175152 -0.0512781 -0.0751566   0.00632435 -0.000554712   0.00369058   0.0860331   0.0399851 0.000846115 1 0 0 14593
             93.6005 9.15394 15.5387 -45.417   0.540464 -0.0857874   0.169623 -0.0998659 -0.0134657  -0.041958   0.00630352 -0.000444277   0.00358958   0.0859338   0.0394207 0.000927544 1 0 0 14434
             93.7004  8.80162   13.683 -50.3864   0.525621 -0.0822998   0.166989  -0.145413 0.00286004 -0.0239737   0.00633335 -0.000413391   0.00356682  0.0866034  0.0394083 0.00107218 1 0 0 14202
             93.8004  6.05627  8.23888 -57.3688   0.508229 -0.0753405   0.164541  -0.192522  0.0118483 -0.0342136   0.00635163 -0.000341805   0.00358467 0.0873316 0.0389846 0.0012018 1 0 0 14057
             93.9004  5.27835  1.49529 -68.7724   0.485976 -0.0651882   0.160519   -0.25752  0.0179685 -0.0124465   0.00632361 -0.000290326   0.00365957  0.0880857  0.0384648 0.00155876 1 0 0 13537
             94.0004   5.6931  2.32567 -77.2416   0.461151 -0.0643855   0.167873 -0.280273 0.0297534 0.0712854   0.00628991 -0.000441545    0.0036533   0.087638  0.0381796 0.00103727 1 0 0 13155
             94.1003  10.7757  5.41954 -82.0899   0.441366 -0.0722674   0.169583  -0.239622 -0.0544373  0.0111738   0.00620163 -0.000498391   0.00358914    0.08668  0.0375409 0.00155402 1 0 0 12788
             94.2003 9.63289 10.5792 -78.968   0.422569 -0.0886796    0.17121 -0.203636 -0.168259 0.0292801   0.00633204 -0.000601935   0.00344947 0.0856596 0.0372344 0.0014211 1 0 0 12693
             94.3002 12.0779 13.6404 -80.394  0.407791 -0.111215  0.174461 -0.169318 -0.231759 0.0470282   0.00626477 -0.000578282   0.00351936  0.0852537  0.0367655 0.00158166 1 0 0 12495
              94.399  12.8326  14.4012 -81.8086 0.389323 -0.12685 0.178359 -0.197972 -0.155687 0.0309051  0.00628802 -0.00051627  0.00351379  0.0857096  0.0367723 0.00167784 1 0 0 12360
             94.4986 13.6761 15.3258 -82.448   0.37069 -0.130999  0.181467  -0.172767 -0.0737985  0.0202102  0.00630572 -0.00049246  0.00348294  0.0867988  0.0366263 0.00182507 1 0 0 12106
             94.6001  13.0845  15.1451 -82.6591  0.363844 -0.124867  0.177389 -0.0591156  0.0817175 -0.0622658   0.00633478 -0.000475878   0.00347287 0.0874271 0.0360887 0.0023813 1 0 0 12025
             94.7002  13.0232  17.0946 -81.4748  0.362214 -0.120021  0.173932  -0.0669483   0.0233593 -0.00808344   0.00637199 -0.000525926   0.00348376  0.0874565  0.0353914 0.00224679 1 0 0 12141
                94.8  13.1462  16.2246 -80.4442  0.352081 -0.120909  0.173733   -0.125404 -0.00761278  0.00477347   0.00638299 -0.000490018   0.00345731  0.0872291  0.0353865 0.00222646 1 0 0 12092
                94.9  5.70701  15.7223 -83.0537  0.347588 -0.126733   0.17498  -0.0601313  -0.0642669 0.000288002   0.00652542 -0.000486092   0.00354302  0.0868932  0.0346889 0.00208344 1 0 0 12178
             94.9988 -6.77012  8.72089 -86.1239  0.349767 -0.125462  0.185711 0.0252157  0.039528 0.0832319   0.00664421 -0.000360388   0.00364157  0.0877422  0.0336995 0.00139388 1 0 0 12658
             95.0999 -6.05634   8.2184 -85.0188  0.360976 -0.109819  0.191567 0.110249 0.112095 0.125509   0.00646848 -0.000432646   0.00362674  0.0884482  0.0331335 0.00197524 1 0 0 12917
             95.1998 -2.43641  9.06256  -84.871  0.359502 -0.102519  0.190155 -0.0241501  0.0353324  0.0121691   0.00640455 -0.000480463   0.00361967  0.0882283  0.0339269 0.00325486 1 0 0 12632
             95.2997 -0.811953   10.1631  -84.5501  0.344397 -0.106033  0.186095  -0.158431 -0.0301442 -0.0480349   0.00641434 -0.000497388   0.00359846  0.0875706  0.0349206 0.00358235 1 0 0 12537
             95.3984  1.27296   10.183 -86.0671  0.329785 -0.113253  0.186095  -0.163048 -0.0582788 -0.0179147   0.00641397 -0.000493117   0.00362449  0.0873669  0.0347403 0.00318362 1 0 0 12286
             95.4998  2.08525  11.1137 -85.3535  0.325316 -0.114958  0.187752 -0.0582468 -0.0278661  0.0166946  0.00647469 -0.00050004  0.00358387  0.0877474  0.0336482 0.00291624 1 0 0 12456
             95.5998  2.67305  11.5605 -84.4827  0.330628 -0.113321  0.189739  0.0203677 0.00933235  0.0232455   0.00652444 -0.000494088   0.00358089   0.088177  0.0325482 0.00293618 1 0 0 12291
             95.6999  2.84711   11.188 -83.4412  0.336312 -0.112151  0.190483  0.0241869 0.00103747  0.0050956   0.00656191 -0.000482806   0.00357322  0.0882443  0.0320606 0.00302592 1 0 0 12418
             95.7999  1.89931  10.7059 -84.1186  0.339106 -0.109223  0.187933  0.0110188  0.0158623 -0.0206087   0.00657864 -0.000463758   0.00361464  0.0884954  0.0319137 0.00323874 1 0 0 12526
             95.8997  2.45133  10.6634 -84.5894  0.336826 -0.106928  0.190574 -0.0252471  0.0123614  0.0323574    0.0065668 -0.000464788   0.00362235  0.0887275  0.0320633 0.00299432 1 0 0 12496
             95.9995  3.66779  10.8312 -83.2779   0.33486 -0.105925  0.192964  -0.0326797 -0.00259419   0.0263062   0.00657476 -0.000476268     0.003576  0.0887649  0.0320088 0.00311139 1 0 0 12362
             96.0997   2.6523  12.0814 -85.6621 0.332267 -0.10528 0.189972 -0.0602975 -0.0033095 -0.0222847   0.00660834 -0.000501924   0.00365558  0.0888018  0.0316142 0.00346003 1 0 0 12314
             96.1992 -1.04451   13.936   -88.86  0.335242 -0.106813  0.192977   0.0223649 -0.00859515   0.0561525   0.00667371 -0.000516485   0.00370164  0.0887844  0.0307974 0.00316478 1 0 0 12544
             96.2998 -1.17999  15.9016 -90.0264  0.344747 -0.105291  0.201521 0.0723646  0.017648 0.0875834   0.00662538 -0.000531964   0.00367138   0.088883  0.0301454 0.00313831 1 0 0 12758
             96.3998 -1.68506  18.0167 -92.0842   0.350342 -0.0994679   0.208665 0.0416259   0.04358 0.0556572    0.0066208 -0.000539679   0.00368775  0.0891214   0.030243 0.00333018 1 0 0 12975
             96.4998 -5.14884  21.4289 -98.4852   0.352857 -0.0928603   0.211507 0.0143829 0.0491505 0.0212843   0.00662259 -0.000559752   0.00376902  0.0892941   0.030239 0.00332857 1 0 0 13335
             96.5998 -6.15785  20.6198 -99.4725   0.354576 -0.0913138   0.210436  -0.018145 -0.0327329 -0.0205309   0.00660704 -0.000488023   0.00368706  0.0893392  0.0299941 0.00349863 1 0 0 13658
             96.6999 -8.60313  19.8887 -102.233   0.357136 -0.0935314   0.207273 0.00446697 -0.0404614 -0.0260892   0.00661729 -0.000496474   0.00372733  0.0897274   0.029457 0.00360987 1 0 0 13653
             96.7999 -11.8182  17.4217 -104.954   0.362183 -0.0882527   0.205145   0.0345825    0.034963 -0.00788729   0.00662111 -0.000460545   0.00375959  0.0906048  0.0291146 0.00383023 1 0 0 13661
             96.8995 -12.4914  16.1571 -105.892   0.366414 -0.0832809    0.20552 0.0268183 0.0418302 0.0161095    0.0065838 -0.000482179   0.00373943   0.090809  0.0289583 0.00382572 1 0 0 13732
             96.9994 -11.8146  16.6832 -106.269   0.367141 -0.0835486   0.205893  -0.0141297 -0.00331491  0.00893463   0.00656494 -0.000521285   0.00371708 0.0904641 0.0288558 0.0038939 1 0 0 13507
             97.0998  -10.617   17.369 -105.517   0.362605 -0.0828521   0.205392  -0.0521005  0.00479795 0.000206673   0.00656523 -0.000525941   0.00368924  0.0904303   0.029007 0.00405506 1 0 0 13462
             97.1998 -8.27465  18.1357 -103.616   0.355759 -0.0851415   0.203762 -0.0926022 -0.0315327 -0.0192206   0.00657197 -0.000523971   0.00365653   0.090232  0.0289498 0.00413351 1 0 0 13643
             97.3001 -7.66248  17.3804 -102.242   0.351631 -0.0868191     0.2031  -0.0687797  -0.0239877 -0.00445401   0.00662234 -0.000498173   0.00366672  0.0906282   0.028368 0.00401816 1 0 0 13527
                97.4    -5.38  16.0028 -98.6843   0.352666 -0.0879471   0.202855 -0.0195128 -0.0218447  0.0039193   0.00661863 -0.000476173   0.00361526  0.0910075  0.0275339 0.00400319 1 0 0 13245
             97.4998 -4.35377  15.1194 -96.3712  0.352835 -0.087485  0.201039  -0.0208279 0.000553167  -0.0136769    0.0066581 -0.000490313   0.00363434  0.0912457  0.0271872 0.00420177 1 0 0 13190
             97.6009 -3.80314  14.8649 -95.4384   0.352056 -0.0859045    0.19842 -0.0271841 0.00890877 -0.0250494  0.00667991 -0.00051623  0.00366059  0.0913962  0.0269394 0.00431799 1 0 0 13230
             97.6998 -3.71532  14.5733 -95.1197   0.348747 -0.0840783   0.199006 -0.0478848 0.00839591 0.00249663  0.00670257 -0.00051606  0.00367485  0.0916273    0.02688 0.00411793 1 0 0 12945
             97.7994 -3.88865  14.2767 -95.1237   0.349035 -0.0863563    0.20064 -0.0208178 -0.0239741  0.0173932   0.00671623 -0.000507522   0.00368292  0.0915321  0.0262714 0.00392814 1 0 0 12962
             97.9007 -4.14846  14.0299 -95.1903   0.351997 -0.0872744   0.199685   0.00409131   -0.0172809 -0.000457677   0.00672439 -0.000520517    0.0036875  0.0917187   0.025658 0.00413885 1 0 0 13091
             97.9998 -4.20553  13.9955 -95.2591   0.353779 -0.0878041   0.199672 -0.000808647   -0.0166703   0.00542085   0.00673778 -0.000526688   0.00368982  0.0919122  0.0254024 0.00417619 1 0 0 13024
             98.1007  -5.2407  13.9704 -97.3499   0.352574 -0.0854878   0.201036  -0.0242765 0.000147764   0.0115879   0.00675307 -0.000526653   0.00374865  0.0923924  0.0254227 0.00420858 1 0 0 13144
             98.2006 -9.60428  13.0169 -104.198   0.357228 -0.0849717    0.20131   0.0216285 -0.00618311  0.00365048   0.00677551 -0.000516012   0.00384887 0.0926635 0.0246053 0.0041411 1 0 0 13299
             98.3006 -11.8783  11.3088 -110.495   0.363706 -0.0820783   0.201349 0.0435393 0.0147758 0.0080818   0.00672189 -0.000512513   0.00385909  0.0931553  0.0241593 0.00417284 1 0 0 13420
             98.4007 -13.7329  9.76858 -114.665   0.369297 -0.0800743   0.200532  0.0438511  0.0215294 0.00187705   0.00670328 -0.000512224   0.00382341  0.0932467  0.0239285 0.00431338 1 0 0 13386
             98.5005 -13.9537  9.87245 -115.647   0.371738 -0.0824481   0.198627 0.00714795 -0.0120244 -0.0207222   0.00667105 -0.000535773   0.00375437  0.0927532  0.0238013 0.00442079 1 0 0 13321
             98.5996 -13.0483  11.1975 -114.821   0.367011 -0.0826691   0.198097  -0.0524602 -0.00649782 0.000755022   0.00665461 -0.000549347   0.00371109  0.0926802   0.024154 0.00439363 1 0 0 13346
             98.7006 -13.2098   10.812 -114.438   0.365115 -0.0823345   0.199899   -0.0307739 -0.000496098    0.0219511   0.00668773 -0.000521513   0.00372276   0.092939  0.0239445 0.00432903 1 0 0 13311
             98.8006 -13.4192  10.4569 -114.602    0.36893 -0.0825353   0.200024  -0.00138994  -0.00774447 -0.000889344   0.00670064 -0.000525592   0.00375517  0.0933015  0.0231649 0.00429376 1 0 0 13384
             98.9004 -12.7196  11.0759 -114.113  0.371238 -0.080431  0.197619 -0.00570807   0.0039392  -0.0111826   0.00670043 -0.000538205   0.00373433  0.0937477  0.0228349 0.00446297 1 0 0 13449
             99.0005  -12.015  11.7463 -112.684   0.368915 -0.0801797    0.19902   -0.036304 -0.00270224   0.0197388   0.00671581 -0.000537819   0.00371697  0.0938212  0.0229033 0.00436439 1 0 0 13526
             99.1003 -11.5981  12.2026 -111.256    0.36836 -0.0806415   0.200347  -0.0296938 -0.00611454   0.0124374   0.00673755 -0.000548581     0.003723  0.0939811  0.0225082 0.00434728 1 0 0 13234
             99.2002 -11.1956  12.6404 -110.734  0.366959 -0.082914  0.200782 -0.0398273  -0.022419 0.00347761   0.00675276 -0.000548745   0.00373351  0.0939856   0.022164 0.00429523 1 0 0 13359
             99.3003 -11.1357  12.6654 -110.297   0.364882 -0.0830114   0.202444 -0.0378553 -0.0154727  0.0262885  0.00677425 -0.00054028  0.00374694  0.0943601  0.0219348 0.00424933 1 0 0 13476
             99.4003  -10.969  12.8032 -109.596   0.365675 -0.0824244    0.20475 -0.00913399 -0.00379354   0.0288112   0.00678301 -0.000541946   0.00374581  0.0947859  0.0215622 0.00430951 1 0 0 13347
                99.5 -10.7646  13.0898 -107.989   0.366288 -0.0841516   0.205789  -0.0200534 -0.00596098   0.0120521   0.0068059 -0.00054071   0.0037281  0.0946937  0.0212324 0.00439181 1 0 0 13381
             99.6002 -12.8507   11.759 -103.899   0.369263 -0.0813359   0.208228 0.00474844  0.0304632  0.0432309  0.00688197 -0.00050339  0.00370929  0.0951424  0.0206922 0.00433748 1 0 0 13444
             99.7003 -12.8422  11.5675 -97.9838   0.372644 -0.0772775   0.216887 0.0222476 0.0399666 0.0961807  0.00689399 -0.00052079   0.0036803  0.0953729  0.0204043 0.00408324 1 0 0 13597
             99.8001 -11.2336  9.55117 -88.2621   0.370685 -0.0729026   0.225504 -0.0361611  0.0401833  0.0753107    0.0069231 -0.000478824   0.00362267  0.0953427  0.0206153 0.00418511 1 0 0 13502
             99.9001 -8.98057  8.01266  -82.548   0.366277 -0.0650943   0.223829 -0.0711759  0.0415281 -0.0239391   0.00692773 -0.000515569   0.00369569  0.0957117  0.0203756 0.00478768 1 0 0 13518
                 100 -7.37324   7.3956 -79.3349   0.359022 -0.0654518   0.223181  -0.0940671 -0.00927556  -0.0148563   0.00697368 -0.000544839    0.0037363 0.0955024 0.0202476  0.004529 1 0 0 13498
             100.099 -6.10849  5.75796 -73.6573   0.354337 -0.0664332   0.220835 -0.0681469 -0.0158235 -0.0195465  0.00701728 -0.00053251  0.00370501  0.0954629  0.0197033 0.00450338 1 0 0 13238
               100.2 -5.74123  4.76718 -69.7489   0.353147 -0.0677707    0.22106 -0.0277292 -0.0199406 0.00614836   0.00708519 -0.000548329   0.00370847  0.0954275   0.019142 0.00427954 1 0 0 13588
               100.3 -5.60054   4.6104 -68.6793   0.356997 -0.0664604   0.220124   0.0150577 -0.00570438 -0.00703129   0.00711448 -0.000565419    0.0037731  0.0955904    0.01835 0.00428924 1 0 0 13291
             100.399 -4.98728   5.0409 -68.5347   0.357232 -0.0666999   0.222489 -0.00989272  -0.0132063   0.0150742   0.00712852 -0.000585838   0.00379082  0.0957211  0.0183026 0.00400851 1 0 0 13400
               100.5 -4.29236  5.44448  -67.929   0.355319 -0.0678085   0.224249 -0.0328024 -0.0195283  0.0176026   0.00714124 -0.000586831   0.00377871  0.0957917  0.0182347 0.00396961 1 0 0 13388
               100.6 -4.06872  5.68742  -67.203   0.351066 -0.0689718   0.222279 -0.0573764 -0.0208412 -0.0110477    0.0071573 -0.000586223   0.00377341  0.0958526  0.0181414 0.00426957 1 0 0 13381
               100.7  -4.1163  5.73273 -66.3596   0.347858 -0.0721681   0.222526 -0.0460531 -0.0386906  0.0049772   0.00718558 -0.000587168   0.00377301  0.0957322   0.017846 0.00413312 1 0 0 13363
               100.8 -3.74644  6.04333 -65.6359 0.348353 -0.07341 0.223667 -0.011861 -0.025391 0.0157988   0.00719653 -0.000595782   0.00377766  0.0958358  0.0172151 0.00401911 1 0 0 13394
             100.899 -2.92856   6.0658 -64.0006   0.346812 -0.0745461   0.221572 -0.0311617 -0.0217966  -0.013031   0.00720242 -0.000592625   0.00375723 0.0959268 0.0170691 0.0043007 1 0 0 13353
                 101 -2.20904  5.39568 -61.1426   0.343768 -0.0752346   0.219794 -0.0495926 -0.0123839 -0.0123842   0.00722382 -0.000572287   0.00373157  0.0960079  0.0168565 0.00434023 1 0 0 13252
               101.1 -1.27623  4.55058  -57.785   0.336947 -0.0766997   0.220993 -0.0787614 -0.0249367  0.0114931   0.00725445 -0.000581844   0.00372195   0.096101  0.0168624 0.00416168 1 0 0 13137
             101.199 -0.0846671    3.84394   -54.3737   0.331993 -0.0772097   0.221767 -0.0657518  -0.010606  0.0110103   0.00727644 -0.000589707    0.0037156  0.0961043  0.0164628 0.00416639 1 0 0 13114
             101.299  0.83401   2.8868 -50.6734   0.326734 -0.0749781   0.220991  -0.0655549     0.01155 -0.00617318   0.00731315 -0.000585514   0.00369749  0.0962691  0.0161049 0.00427452 1 0 0 13041
               101.4  1.10981  1.78595 -47.4026   0.324226 -0.0749264   0.219497 -0.0448954 -0.0111494 -0.0106163  0.00735058 -0.00059613  0.00370799 0.0959671  0.015743 0.0043104 1 0 0 13134
               101.5  2.5466 1.46014 -45.918   0.319937 -0.0795202   0.218928  -0.0530481  -0.0586342 -0.00721392   0.00735154 -0.000612467   0.00373219 0.0957701 0.0157591 0.0042786 1 0 0 13050
               101.6  3.60408  1.00285 -43.6646   0.315418 -0.0828428   0.218334  -0.0545691  -0.0505939 -0.00916907   0.00737902 -0.000618141   0.00371727  0.0959151  0.0154452 0.00423371 1 0 0 12890
             101.699   4.93954 0.0421826  -41.4239   0.309491 -0.0858724   0.218687 -0.0667381 -0.0412612 0.00313908   0.00740373 -0.000604795   0.00370617  0.0960735  0.0152357 0.00412515 1 0 0 12625
               101.8   6.03271 -0.523549  -40.3144   0.303946 -0.0889193    0.21963 -0.0647345 -0.0383314  0.0125676   0.00743632 -0.000615561    0.0037223  0.0960402  0.0150082 0.00410572 1 0 0 12450
               101.9   6.11571 -0.704868  -39.8466   0.301646 -0.0921799   0.220469 -0.0336201 -0.0384087 0.00848722   0.00746916 -0.000626417   0.00372446  0.0957997  0.0146673 0.00413941 1 0 0 12429
                 102  6.26837 -1.25551 -38.7266   0.299499 -0.0921592    0.22114 -0.0334428 -0.0100896 0.00914679   0.00748758 -0.000627529   0.00371643  0.0959067  0.0142706 0.00416256 1 0 0 12365
             102.099  6.32155 -1.99783 -37.2189   0.295801 -0.0916401   0.219172  -0.049274 -0.0081616 -0.0163445   0.00750444 -0.000629113   0.00370885  0.0959912  0.0141237 0.00439773 1 0 0 12298
               102.2  6.55771 -2.57046 -35.8014   0.291373 -0.0942364   0.216516  -0.052994 -0.0342474 -0.0309028   0.00751219 -0.000638514   0.00370836  0.0958608  0.0140988 0.00444485 1 0 0 12301
               102.3   7.0105 -3.16736 -34.6661   0.289244 -0.0985341     0.2161 -0.0298123 -0.0463654 -0.0113948   0.00753422 -0.000643975   0.00371352  0.0955839  0.0138648 0.00423703 1 0 0 12182
               102.4  7.47792 -3.72601 -33.7535  0.286365 -0.100987  0.214988 -0.0310105 -0.0322608 -0.0113517   0.00755464 -0.000645372    0.0037211  0.0956763  0.0136651 0.00423614 1 0 0 12146
               102.5  7.41826 -3.94433 -33.4083  0.283342 -0.101769  0.212627 -0.0307586 -0.0141896 -0.0186695   0.00757607 -0.000655199   0.00373329  0.0958113  0.0135013 0.00434027 1 0 0 11942
             102.599  7.09451   -4.281 -32.6912  0.281623 -0.102642   0.21183  -0.0285999  -0.0132576 -0.00697998   0.00759586 -0.000655892   0.00372513  0.0957183  0.0133322 0.00428845 1 0 0 11791
               102.7  6.30914 -4.89566 -30.7562  0.277944 -0.101704  0.211655   -0.065372 -0.00431897 -0.00178323   0.0076221 -0.00065939  0.00370771  0.0957534  0.0130593 0.00427732 1 0 0 11976
               102.8  5.67369 -5.29383 -28.4222  0.272106 -0.105313  0.211629  -0.0778959  -0.0582163 -0.00990143   0.00763582 -0.000671633   0.00370456  0.0954927  0.0129514 0.00423737 1 0 0 12007
               102.9  6.09452 -5.24738 -26.9688  0.267329 -0.112129  0.208379 -0.0455964 -0.0685314  -0.035887   0.00763846 -0.000681556   0.00372541  0.0952941  0.0128581 0.00437284 1 0 0 11877
                 103  5.97133 -5.81119 -25.7038  0.263165 -0.117027  0.204033 -0.0324285 -0.0412301 -0.0426769   0.00767002 -0.000675781   0.00372818  0.0953878  0.0128272 0.00440084 1 0 0 11698
             103.101   5.8094 -6.61185 -25.1105  0.258386 -0.115655  0.203371  -0.0466076 4.59149e-05 -0.00414026   0.00768695 -0.000668381   0.00373979  0.0956618  0.0124464 0.00416328 1 0 0 11923
               103.2  5.98745  -6.9088 -24.5127  0.253775 -0.117161  0.203695 -0.0508624 -0.0219063 0.00881814   0.00769322 -0.000677527   0.00374003 0.0956259 0.0124765 0.0041657 1 0 0 11519
               103.3  6.12958 -6.82886  -24.109  0.250549 -0.118748  0.201793 -0.0346757 -0.0196464 -0.0151032   0.00770752 -0.000697162   0.00374945  0.0955419  0.0123605 0.00438145 1 0 0 11658
               103.4  5.75698 -6.95866 -23.7131  0.251145 -0.118694  0.201937  0.00714007  0.00319898 -0.00345651    0.0077331 -0.000690437   0.00375122  0.0953087  0.0120747 0.00426544 1 0 0 11631
             103.499  5.09351  -7.1404 -23.3126  0.252659 -0.116995  0.202718  0.0135649  0.0142403 0.00994089   0.00774828 -0.000700707   0.00375529  0.0952992  0.0119449 0.00420068 1 0 0 11577
             103.601  4.16452 -7.46715 -22.2484  0.254824 -0.114287  0.204987 0.0119564 0.0147136 0.0269635   0.00776544 -0.000695357    0.0037469  0.0952494  0.0117418 0.00415427 1 0 0 11666
               103.7  2.55615 -7.57418 -19.3712  0.255991 -0.112867  0.205296 0.00265899 0.00387091  0.0162296   0.00779187 -0.000714041   0.00372782  0.0952652  0.0116963 0.00437092 1 0 0 11674
               103.8 0.992386  -6.7267 -16.0738   0.25867 -0.113679  0.208283  0.0124267 -0.0129476  0.0274152    0.0078148 -0.000750082   0.00371078   0.094997  0.0115974 0.00430653 1 0 0 11795
             103.901 0.963538 -5.71585  -16.779  0.259852 -0.114803  0.212132 0.00434703 -0.0203534  0.0171089  0.00780898 -0.00075654  0.00379859  0.0949151  0.0114539 0.00411658 1 0 0 11807
             104.001 0.758171 -4.40023 -20.6415  0.259657 -0.116852  0.211499   0.0044295 -0.00684205  0.00111161   0.00780978 -0.000746336   0.00386882  0.0949605  0.0115404 0.00425072 1 0 0 11924
             104.101 0.174413 -1.70251 -25.7667  0.259202 -0.110646  0.213737 0.00343482  0.0647879  0.0380511   0.00779886 -0.000773599   0.00389723  0.0952559  0.0112172 0.00420444 1 0 0 12383
             104.201 -0.0600362    0.98882   -30.4745  0.257848 -0.100144  0.217686 -0.0388286   0.111821  0.0366057   0.00778217 -0.000753156   0.00390573  0.0953621  0.0110353 0.00418209 1 0 0 12736
             104.301 -0.75744  2.73005  -34.645   0.252776 -0.0866999    0.21856 -0.0667574   0.130619 0.00642936    0.0077606 -0.000746152   0.00390317 0.0953944 0.0108641 0.0043168 1 0 0 12699
             104.399 -2.60867   3.7747  -37.514  0.249089 -0.073865  0.220738 -0.044567  0.117361 0.0192072   0.00776759 -0.000742569   0.00389169  0.0951986  0.0106161 0.00415131 1 0 0 12950
               104.5 -4.02357   4.5592 -39.9133   0.248013 -0.0640231   0.223372 -0.0132132  0.0828148  0.0304972   0.00774984 -0.000740355   0.00390673 0.0949634 0.0104403 0.0040895 1 0 0 13139
               104.6 -4.54739  4.91856 -40.6846   0.244567 -0.0572854   0.227426 -0.0303066  0.0526808  0.0429946   0.00773521 -0.000734429   0.00388349  0.0951028  0.0105581 0.00406813 1 0 0 13103
               104.7 -5.03992  5.57609 -41.7536   0.239872 -0.0532569    0.23307 -0.0459088   0.030884  0.0565966   0.00773907 -0.000742013   0.00388987  0.0951962  0.0106669 0.00400611 1 0 0 13140
             104.799  -4.9145  6.45926 -43.2246  0.238542 -0.049825  0.236375 -0.0208112   0.024704   0.035588   0.00772961 -0.000745451   0.00390469  0.0950394  0.0103688 0.00410105 1 0 0 13228
               104.9 -4.73289  7.50891  -44.983    0.23802 -0.0465278   0.236681 -0.00809635   0.0252228  0.00583177   0.00772213 -0.000754977   0.00391306 0.0949815 0.0101768 0.0043146 1 0 0 13238
                 105 -5.21361  7.92652 -45.9414   0.240217 -0.0415595   0.235823 0.00659951  0.0362496 -0.0119132   0.00773948 -0.000741233   0.00389869  0.0949526 0.00976034 0.00431301 1 0 0 13423
               105.1  -5.3736  8.50451 -47.3071   0.238547 -0.0398961   0.235138  -0.0370869   0.0140384 -0.00735331  0.00773563 -0.00075087  0.00390582  0.0948888 0.00984712  0.0042642 1 0 0 13398
               105.2 -4.91076  9.80119  -49.453   0.232077 -0.0360701   0.239181 -0.068494 0.0404164 0.0673217   0.00772662 -0.000759328   0.00391874  0.0951489 0.00983371 0.00406013 1 0 0 13346
               105.3 -5.37414  11.4314 -51.2735    0.22802 -0.0266649   0.249172 -0.0323631   0.089757   0.134121 0.00774421 -0.0007709 0.00392056  0.0953387 0.00944853 0.00408427 1 0 0 13490
               105.4 -6.55953  12.5951 -51.2317   0.230542 -0.0157829   0.263989 0.0193845  0.128482   0.17949    0.0077718 -0.000763839    0.0039051  0.0950738 0.00902938 0.00404464 1 0 0 13661
               105.5 -7.05668  12.9211 -51.5046  0.236409 0.0040211   0.28136 0.0565876  0.204281  0.182655   0.00776603 -0.000748887   0.00392342  0.0952148 0.00848769  0.0041584 1 0 0 14173
               105.6 -8.42931  9.82097 -51.6154  0.239368 0.0240934   0.29583 0.024161 0.192868 0.123764  0.00779105 -0.00069905  0.00392478  0.0952495 0.00864068 0.00434455 1 0 0 14625
               105.7 -8.67042  6.74434 -54.6654  0.236379 0.0487513  0.306367 -0.0351203   0.225196  0.0928873   0.00776806 -0.000687557   0.00398624  0.0958709 0.00858764 0.00447211 1 0 0 15001
               105.8 -10.6026  4.64156 -54.7463  0.233903 0.0717023   0.31519 -0.035469  0.203977 0.0709976 0.00779669 -0.0006959 0.00394709  0.0959476 0.00838182 0.00436457 1 0 0 15230
               105.9 -10.2576  4.59801 -56.9047  0.236546 0.0861867  0.322015 -0.00339058    0.120663   0.0497173   0.00777338 -0.000745895   0.00397507  0.0953708 0.00796399 0.00408683 1 0 0 15435
                 106 -8.82614  4.78794 -58.6231  0.236912 0.0910022  0.323512 -0.0148436  0.0307114 0.00302427   0.00774384 -0.000755228   0.00397061  0.0949185 0.00798749 0.00422572 1 0 0 15548
               106.1 -7.20866  4.60488 -60.0339  0.233714 0.0944436  0.320561 -0.0491636  0.0315224 -0.0285431   0.00773223 -0.000746054   0.00395668  0.0950111 0.00790804 0.00441384 1 0 0 15475
               106.2 -6.12312  4.16533 -61.6383  0.22719 0.101956 0.318999 -0.0713012  0.0742376 -0.0102029   0.00774929 -0.000736908   0.00395244  0.0953132 0.00781817 0.00437195 1 0 0 15535
               106.3 -5.16593  3.81267 -63.0939 0.223631 0.110856 0.320092 -0.0477269  0.0655208 0.00664008   0.00776398 -0.000735043   0.00394401  0.0953777 0.00738653 0.00412812 1 0 0 15325
               106.4 -4.59746  3.41603 -63.2617 0.223067 0.116766 0.318848 -0.0208097  0.0275703 -0.0155026   0.00778297 -0.000735791   0.00391152 0.0953405 0.0068955 0.0041564 1 0 0 15363
               106.5 -4.26699  3.41961  -63.212 0.221637 0.117975 0.317391 -0.0268821 -0.0101834 -0.0143953   0.00780968 -0.000736728   0.00390727   0.095382 0.00671189 0.00411341 1 0 0 15179
               106.6 -3.76158  3.76675 -63.2891  0.22064 0.116592 0.317298 -0.0132668 -0.0162205 0.00727716   0.00781332 -0.000750426   0.00390658  0.0953276 0.00653781 0.00404169 1 0 0 15301
               106.7 -3.25309  3.93747 -62.6687 0.221401 0.117114 0.317594 -0.00275471  0.00674733   0.0111096    0.0078249 -0.000750278   0.00389949  0.0953884 0.00624807 0.00411627 1 0 0 15087
               106.8 -2.97756  4.22934  -61.189 0.221996 0.121424    0.318 -0.0200879  0.0366506 -0.0143683   0.00785537 -0.000750424   0.00388518  0.0955419 0.00588669 0.00404727 1 0 0 15201
               106.9  -2.0932   5.3243 -60.2284 0.219944 0.122796  0.31621   -0.0505288    0.0289627 -0.000888798   0.00785259 -0.000777795    0.0038887  0.0951997 0.00584795 0.00410606 1 0 0 15080
                 107 -1.53789  3.86236 -58.5573 0.212522  0.12533 0.319234  -0.0808339 -0.00303214   0.0430098   0.00787898 -0.000740771   0.00387444  0.0952073  0.0058722 0.00403985 1 0 0 14952
               107.1 -0.636063   4.87014  -57.9302 0.208775 0.128973 0.321004 -0.0165984 0.00355373  0.0167077   0.00788863 -0.000773995   0.00389527  0.0956806 0.00541465 0.00425403 1 0 0 14824
               107.2 0.608991  4.97155 -58.5998 0.212997 0.133231 0.324641 0.0427199 0.0475121 0.0460141   0.00789861 -0.000759947   0.00392167  0.0957746 0.00489094 0.00409785 1 0 0 14971
               107.3 0.214386  3.41234 -59.2371 0.217126 0.139045 0.330681   0.03575 0.0515578   0.04488   0.00794276 -0.000727697   0.00391693  0.0958296 0.00477529 0.00390803 1 0 0 15113
               107.4 0.738567  3.35501   -60.85 0.222157 0.145183  0.33455 0.0400687  0.056848 0.0624256   0.00793795 -0.000747915   0.00393832  0.0958865 0.00453887 0.00403986 1 0 0 15226
               107.5 -0.215649   3.19035  -60.9358 0.226445 0.152106 0.343679 0.0141841 0.0625063 0.0818162   0.00798216 -0.000754434   0.00390499  0.0958942 0.00430528 0.00384444 1 0 0 15340
               107.6 -0.331231    3.7292  -61.2698 0.228894 0.156385 0.347934 -0.0116376  0.0441203  0.0315056   0.00797736 -0.000775719   0.00391978  0.0956176 0.00402667 0.00399249 1 0 0 15586
               107.7 -0.303159   4.27322   -61.727 0.228194 0.163758 0.349133 -0.0351899   0.102569   0.023671   0.00797588 -0.000778252   0.00392037  0.0955335 0.00377034 0.00413137 1 0 0 15738
               107.8 -0.625233   4.65492  -61.9319 0.223458 0.181509   0.3521 -0.0544794   0.180143  0.0270691   0.00799522 -0.000773985   0.00392422   0.095938 0.00355107 0.00409734 1 0 0 15684
               107.9 -1.40736  4.97578 -61.7863 0.219769  0.20042  0.35628 -0.0372068   0.173828  0.0442068   0.00801127 -0.000772282   0.00392368  0.0960235 0.00330561 0.00398681 1 0 0 15844
                 108 -1.15297  5.06599 -62.5681 0.220093 0.211523 0.359239 0.00991101  0.0537806  0.0244005    0.0080015 -0.000778512   0.00394955  0.0957853 0.00307286 0.00399271 1 0 0 15879
               108.1 -1.53426  4.72537 -62.5033 0.221651 0.213798  0.36104 0.00178488 -0.0130486  0.0207938   0.00801724 -0.000765441   0.00392692  0.0958786 0.00295404 0.00403619 1 0 0 15946
               108.2 -0.530855    4.2248  -62.5924  0.21995 0.215028 0.362876     -0.0365 -0.00898124   0.0224867   0.00800137 -0.000768219   0.00393774     0.0962 0.00275637 0.00409741 1 0 0 15997
               108.3 0.214841   3.5959 -62.3766 0.215109 0.210533 0.363704 -0.0654961 -0.0684571 0.00377949   0.00801975 -0.000765827   0.00392168  0.0960887 0.00276161 0.00418076 1 0 0 15950
               108.4 0.766763  3.46153 -62.2256 0.211341 0.204978 0.363392 -0.0435145 -0.0545476 0.00523957     0.008029 -0.000776386   0.00392023  0.0961058 0.00238382 0.00423919 1 0 0 16067
               108.5 0.346007  3.88981 -61.4142 0.212095 0.203685 0.368386 -0.00287482   0.0105619   0.0550891   0.00806041 -0.000791356   0.00390964   0.096101 0.00182958 0.00392576 1 0 0 16091
               108.6 0.0870021   4.49371  -60.1597 0.214526 0.205905 0.371383 -0.00584327    0.033393   0.0215265   0.00806259 -0.000794191   0.00390287   0.095856 0.00144769 0.00404442 1 0 0 16323
               108.7 0.0863788   5.12016  -59.3087 0.211348 0.211564 0.372501 -0.0544607  0.0627719 0.00223633   0.00806605 -0.000802169   0.00392078  0.0959355 0.00137293 0.00402111 1 0 0 16405
               108.8 -0.831764   5.08359  -57.6567 0.206251   0.2204 0.372465  -0.051597  0.0693225 0.00320575  0.00809673 -0.00079208  0.00391303   0.096168 0.00116667 0.00408142 1 0 0 16371
               108.9 -0.155449   5.21176  -57.1342 0.202064  0.22824 0.373738 -0.0448571   0.046569  0.0105968   0.00807185 -0.000803104   0.00394185   0.0964225 0.000930358  0.00400436 1 0 0 16390
                 109 0.899683  5.45695 -56.6613 0.198448 0.227275 0.372338 -0.0449833 -0.0368561 -0.0198852   0.00807949 -0.000804316   0.00393465   0.0961015 0.000929181  0.00412241 1 0 0 16430
               109.1 0.871264  6.73281 -56.7233 0.196788 0.223382 0.368922 -0.0162495 -0.0529071 -0.0273157  0.00810456 -0.00082699  0.00394816   0.0961496 0.000606533  0.00420727 1 0 0 16324
               109.2 0.597709  7.21136 -56.3822 0.198691 0.220986 0.368324 -0.000517304  -0.00752157    0.0038859   0.00811617 -0.000809937   0.00393715   0.0960724 0.000184789  0.00412539 1 0 0 16410
               109.3 0.596096  5.44092 -53.7607 0.197905 0.226687 0.370053 -0.0254014  0.0537947  0.0100905   0.00812616 -0.000783876   0.00390148    0.0964567 -0.000160888   0.00404134 1 0 0 16299
               109.4 -0.18744  3.59313 -50.8241 0.193701 0.233749 0.370867  -0.0493667   0.0516322 -0.00726433   0.00816065 -0.000786849   0.00390353   0.0967383 -0.00029124  0.00397377 1 0 0 16124
               109.5 -0.23762  3.19453 -50.0306 0.191308 0.237151  0.36632 -0.0291052  0.0227267 -0.0343867   0.00816115 -0.000817079   0.00395396      0.09652 -0.000488603   0.00428027 1 0 0 15833
               109.6 -0.452269   3.12683  -50.2013 0.191757 0.239198 0.363657  0.00581259   0.0233648 -0.00790037   0.00817958 -0.000825378   0.00397921   0.0963533 -0.00072424  0.00428358 1 0 0 15918
               109.7 -0.75963  3.12973 -50.1656 0.193014 0.243748 0.368607 -0.00286253   0.0524433   0.0815112   0.00818072 -0.000829498    0.0039689    0.0963576 -0.000907848   0.00409153 1 0 0 15944
             109.801  -1.0423  3.72443 -49.3215 0.191038 0.250354 0.377257 -0.0514124  0.0591581   0.100818   0.00817831 -0.000844612   0.00396746   0.0964163 -0.00108946  0.00423061 1 0 0 16365
             109.901 -0.16749  4.39957  -49.769 0.182941  0.25543 0.387862 -0.101733 0.0454825   0.09482    0.0081745 -0.000849472   0.00399516   0.0964149 -0.00106148  0.00414449 1 0 0 16813
             110.001 0.16316 4.24409 -49.736 0.173786 0.262921 0.395749 -0.102876 0.0645252 0.0667363   0.00818543 -0.000835165   0.00398147   0.0965211 -0.00144335  0.00415804 1 0 0 17088
             110.101 -0.188353   4.38076  -50.5477 0.166508 0.269415 0.401929 -0.070788 0.0583832 0.0711295   0.00820463 -0.000842094   0.00400572   0.0964103 -0.00175547  0.00416757 1 0 0 17228
             110.201 -1.38171  4.41987 -49.9464 0.163622 0.278785 0.411302 -0.0252218  0.0908616   0.106488   0.00822791 -0.000841829   0.00397715   0.0964867 -0.00221393  0.00408956 1 0 0 17220
             110.301 -2.42907  4.48138  -49.235 0.162455 0.286665 0.421762 -0.012985 0.0603095  0.109522   0.00823291 -0.000843953   0.00399384   0.0964584 -0.00234245  0.00413448 1 0 0 17662
               110.4 -3.57609  4.72778    -48.9 0.162005 0.291594 0.434476 -0.0101627  0.0440261   0.132316   0.00825048 -0.000858005   0.00401342   0.0963958 -0.00241568  0.00402828 1 0 0 17812
               110.5  -3.8613  5.08251 -48.6518 0.159689 0.296026 0.447064 -0.0371462  0.0391108   0.121393   0.00824647 -0.000859584   0.00401967   0.0964447 -0.00245255  0.00406095 1 0 0 17939
               110.6  -4.2091  4.95244 -47.8129 0.156714 0.301869 0.458973 -0.0486788  0.0626428    0.11646   0.00825172 -0.000858693    0.0040163   0.0964441 -0.00273408  0.00403964 1 0 0 18061
               110.7 -4.61744   3.9891 -47.0167 0.152958 0.311178 0.468493 -0.0510067   0.084884   0.096712   0.00826044 -0.000844386   0.00402868   0.0964873 -0.00311957  0.00416298 1 0 0 18280
               110.8 -4.13809  3.48175 -46.3899  0.14683 0.318794 0.475664 -0.0651437  0.0576389  0.0660012   0.00826664 -0.000848175   0.00403041   0.0965726 -0.00314446  0.00435586 1 0 0 18184
               110.9 -3.58028  2.85736 -45.6194 0.140425 0.324194 0.480324 -0.0770976  0.0495552  0.0165447   0.00826299 -0.000852366   0.00402699   0.0965247 -0.00324674  0.00428741 1 0 0 18156
                 111 -3.50315  1.58873 -44.8436 0.130686 0.330478 0.480444  -0.103657  0.0680621 -0.0177578   0.00829309 -0.000845179   0.00402513   0.0966657 -0.00322181  0.00421915 1 0 0 18278
               111.1 -4.05971 0.233034 -43.0115 0.123948 0.340046 0.478173 -0.0807037  0.0896305 -0.0125135   0.00832376 -0.000842164   0.00401336  0.0965273 -0.0037118 0.00416547 1 0 0 18246
               111.2  -3.8975 0.124621 -39.7163 0.119899 0.349176 0.479701 -0.0423626   0.085232  0.0385993   0.00832703 -0.000868296   0.00399316  0.0962959 -0.0041075 0.00404141 1 0 0 18409
               111.3   -5.5534 -0.326173  -33.6112  0.11606 0.354294 0.481621 -0.0447688  0.0283062 0.00827564   0.00839698 -0.000869878   0.00396087   0.0959527 -0.00391004  0.00421114 1 0 0 18301
               111.4  -6.02222 -0.165717  -30.1632 0.113379 0.356858 0.484008 -0.0342304 0.00235588 0.00404086  0.00840431 -0.00089627  0.00401118   0.0958543 -0.00418451  0.00389948 1 0 0 18355
               111.5  -7.15911 -0.960063   -28.241  0.10881 0.360342 0.485009 -0.0458018  0.0246368  0.0120698   0.00844092 -0.000888264   0.00405137   0.0962238 -0.00454795   0.0037551 1 0 0 18428
               111.6 -8.72744 -1.06142 -24.9343   0.1064 0.366787 0.482263 -0.0323036  0.0617699 -0.0156818  0.00846422 -0.00089907  0.00404042   0.0961862 -0.00498968  0.00408957 1 0 0 18373
               111.7    -9.407 -0.832904  -20.8167 0.103443 0.371564 0.480745 -0.0283917   0.024062 -0.0166555   0.00848184 -0.000908237   0.00404378   0.0960129 -0.00491894  0.00407497 1 0 0 18441
               111.8 -10.3671 -2.13455  -19.524 0.0992785  0.371329  0.479443  -0.0462346  -0.0133063 -0.00913982   0.00850503 -0.000907827   0.00408158   0.0960183 -0.00481004  0.00407694 1 0 0 18530
               111.9 -10.9471 -1.56849 -16.7538 0.0944611  0.371732  0.480703 -0.0517113  0.0187394  0.0104699   0.00852433 -0.000918023   0.00407822   0.0959576 -0.00482418  0.00388189 1 0 0 18435
                 112 -10.3665 -0.77457 -14.7669 0.0905025  0.374703  0.482981 -0.0390927 0.00957566  0.0224476   0.00853401 -0.000934792   0.00408772   0.0958978 -0.00496009  0.00375154 1 0 0 18382
               112.1 -10.4761 -1.13529 -14.6728 0.0870708  0.376303  0.481428    -0.04159  0.00189676 -0.00948658   0.00855252 -0.000928546   0.00410383    0.095877 -0.00524643  0.00405012 1 0 0 18492
               112.2 -11.0023 -1.53619 -14.4186 0.081229 0.377207 0.483416 -0.0602679 0.00951913  0.0175507   0.00856483 -0.000929753     0.004105   0.0959789 -0.00525438  0.00377882 1 0 0 18558
               112.3 -11.3244  -2.1986 -15.0124 0.0759813  0.378364  0.484329 -0.0539711 0.00579182  0.0138008   0.00857642 -0.000931141   0.00412135    0.095913 -0.00529869  0.00386882 1 0 0 18465
               112.4 -11.5268 -2.51063 -15.4427 0.0702798  0.380336  0.485087 -0.0629451  0.0160049 0.00494589   0.00857308 -0.000934727   0.00412105    0.095931 -0.00546545  0.00386742 1 0 0 18538
               112.5 -11.7851 -2.99279 -14.8446 0.0654312  0.381427  0.484826  -0.0532409  0.00498241 -0.00369696   0.00857868 -0.000929679   0.00411826   0.0957431 -0.00552291  0.00389365 1 0 0 18391
               112.6 -11.8614 -3.15709 -14.6031 0.0619457  0.380959  0.484673  -0.0378944 -0.00932119 -0.00347647   0.00859274 -0.000932648   0.00412456   0.0955545 -0.00552851  0.00387141 1 0 0 18533
               112.7 -11.7022 -3.34832 -14.5406 0.0577337  0.382148  0.483793 -0.0512338 0.00538034 -0.0112442   0.00859572 -0.000939032    0.0041277   0.0956113 -0.00572998  0.00383847 1 0 0 18569
               112.8  -11.084 -3.74621 -14.4026 0.0523065  0.381505  0.485696 -0.0606373 -0.0163089  0.0221691   0.00859533 -0.000937601   0.00412862   0.0955575 -0.00570339  0.00361903 1 0 0 18450
               112.9   -10.63 -3.37636 -14.5879 0.0465985   0.37875  0.488729 -0.0600102 -0.0301563  0.0327784   0.00860363 -0.000953587   0.00412842   0.0954817 -0.00569144  0.00358413 1 0 0 18525
                 113 -10.3641 -2.96483 -14.1254 0.043005 0.375835 0.490481  -0.044837 -0.0241356  0.0214856   0.00861654 -0.000951688   0.00412352   0.0952221 -0.00576657  0.00372912 1 0 0 18420
               113.1 -10.0425    -2.91 -13.6982 0.0380102  0.375328  0.491378 -0.0604161 -0.0141397 0.00567354    0.0086239 -0.000955452   0.00412197   0.0952492 -0.00598796  0.00376111 1 0 0 18574
               113.2 -9.81702 -2.91531  -13.315 0.0306856  0.375083  0.491667   -0.0806891  -0.00444864 -0.000951919   0.00863331 -0.000951776   0.00412169  0.0953446 -0.0061342 0.00373179 1 0 0 18490
               113.3 -9.66315 -3.08118 -13.2093 0.0231397  0.374821   0.49275 -0.0713152  0.0037945  0.0141869   0.00863824 -0.000960767   0.00412503   0.0952758 -0.00609384  0.00364742 1 0 0 18486
               113.4 -9.19786 -3.13733 -13.3878 0.0184951  0.376838   0.49639 -0.0377574  0.0225423   0.041407   0.00864274 -0.000959024   0.00412819   0.0951694 -0.00622618  0.00349343 1 0 0 18494
               113.5 -8.49148 -3.42226 -13.4572 0.016121 0.378759 0.498582 -0.0315875   0.013733  0.0246561   0.00864864 -0.000953275   0.00412291   0.0950504 -0.00629048  0.00367598 1 0 0 18518
               113.6 -7.69476 -3.83845 -12.9973 0.0118604  0.378859   0.49993 -0.0532314 -0.0147643  0.0144177   0.00865495 -0.000957921   0.00411701   0.0950633 -0.00629846  0.00376113 1 0 0 18510
               113.7  -7.4185 -4.06275 -12.2142 0.00501244   0.377104   0.501688 -0.0702837 -0.0280465  0.0245815   0.00867707 -0.000965037   0.00411107   0.0951764 -0.00635845  0.00374537 1 0 0 18443
               113.8 -6.65105 -4.14993 -12.1132 -8.93869e-05     0.374071     0.506811 -0.0587426 -0.0405772  0.0580743  0.00868783 -0.00097341  0.00411504   0.0949298 -0.00645171  0.00356497 1 0 0 18496
               113.9  -4.6577 -4.59409 -12.8378 -0.00603666    0.368704    0.513032  -0.073631 -0.0656142  0.0701419  0.00867948 -0.00097228  0.00411572    0.094824 -0.00646239  0.00360147 1 0 0 18486
                 114 -3.18775 -4.16173 -12.9034 -0.014273  0.362201  0.517773  -0.094678 -0.0784245  0.0402649    0.0086992 -0.000983853   0.00410088   0.094823 -0.0066298 0.00371166 1 0 0 18403
               114.1 -3.41491 -3.63605 -12.4179 -0.0225089   0.355225   0.518787 -0.0804882 -0.0607183 -0.0151244   0.00872074 -0.000979007   0.00408737    0.094698 -0.00668125  0.00377712 1 0 0 18417
               114.2 -4.38766  -4.1171 -12.2009 -0.0283531   0.353688   0.520874 -0.0399912 -0.0144343  0.0108222   0.00874822 -0.000974766   0.00409408   0.0946648 -0.00704877  0.00329778 1 0 0 18318
               114.3  -4.4014 -4.35624 -12.3077 -0.030317  0.356164  0.520986 -0.0107067  0.0350287 0.00676212   0.00874528 -0.000976015   0.00410405   0.0947089 -0.00732227  0.00340146 1 0 0 18423
               114.4 -4.35883 -4.49661 -12.5912 -0.0296623   0.358596   0.519917 0.00477074  0.0173019 -0.0137051   0.00874556 -0.000977114   0.00411493   0.0945679 -0.00728199  0.00352295 1 0 0 18478
               114.5  -4.6607 -4.30637 -12.7992 -0.0291786   0.358004   0.519166  0.00614673 -0.00504254  0.00129354   0.00875113 -0.000980421   0.00411632   0.0945055 -0.00711861  0.00350689 1 0 0 18463
               114.6 -4.23108 -3.27727 -13.3817 -0.0277836     0.3565   0.521213  0.0167224 -0.0186307  0.0266473  0.00875499 -0.00100486  0.00412314   0.0944325 -0.00704792  0.00345081 1 0 0 18338
               114.7  -2.74764 -0.999165  -15.3416 -0.0234411   0.354347   0.523821  0.0408929 -0.0291454  0.0294431  0.00874276 -0.00101085  0.00413436    0.094227 -0.00713457  0.00350866 1 0 0 18379
             114.801   -1.133  1.79181 -17.7223 -0.0189952   0.351543   0.528361     0.0395 -0.0324136  0.0423472  0.00872256 -0.00102886  0.00413826    0.094167 -0.00719523  0.00338736 1 0 0 18533
               114.9 -1.16619  4.51003 -19.0925 -0.0147058   0.350007   0.530978  0.0383421 -0.0186962  0.0347482  0.00874134 -0.00101556  0.00411476   0.0941536 -0.00737049  0.00351565 1 0 0 18410
                 115 -1.64787  6.05572  -19.681 -0.00987953    0.351762    0.536041   0.042421 0.00595499  0.0511286  0.00874563 -0.00100112  0.00410939  0.0941688 -0.0078061 0.00338185 1 0 0 18481
               115.1 -2.03597  7.21442 -20.0979 -0.00663884    0.354607    0.540938 0.0341038 0.0283281 0.0494689  0.00875132 -0.00100189  0.00411796   0.0943219 -0.00798728  0.00340764 1 0 0 18387
               115.2 -1.65545  8.44872 -20.9038 -0.00290093    0.355278    0.545685 0.0447398 0.0081951 0.0445255  0.00873721 -0.00100714  0.00412708   0.0942818 -0.00779976  0.00342156 1 0 0 18316
               115.3 -0.402819   9.41723  -22.5246 0.00352127   0.355733   0.549231  0.0754888 0.00940463  0.0338315   0.00871984 -0.000998941   0.00413116   0.0941853 -0.00772586  0.00348763 1 0 0 18336
               115.4 0.475558  10.7574 -24.3194 0.0100805  0.357271  0.549779  0.0580619 0.00612309 0.00225782  0.00871577 -0.00100782  0.00412876   0.0942779 -0.00778473  0.00371466 1 0 0 18245
               115.5 0.776376  11.6814 -25.5276 0.0168939   0.35871  0.549935  0.0574569 0.00111146  0.0074109   0.00872515 -0.000999548   0.00411368   0.0941885 -0.00804915  0.00368589 1 0 0 18209
               115.6 0.951523  12.7554 -26.6194 0.0236224  0.358591  0.554891    0.064199 -0.00655874   0.0549667  0.00872966 -0.00100254   0.0041163   0.0941645 -0.00817404  0.00338995 1 0 0 18171
             115.701 0.599473   14.161 -27.7341 0.0331667  0.359746   0.55978  0.0875895 0.00469607  0.0513912  0.00873488 -0.00100841  0.00411474   0.0939832 -0.00849938  0.00342654 1 0 0 18214
             115.801 0.319231  15.6799 -28.6049 0.0425417  0.361411   0.56287  0.0832586 0.00148191  0.0229258  0.00873439 -0.00101201  0.00411836   0.0939505 -0.00874425  0.00353445 1 0 0 18104
             115.901 -0.354164   17.0033  -29.6017 0.047856 0.360931 0.566488   0.0506497 -0.00756158   0.0206666 0.00875004 -0.0010162 0.00412536   0.0941744 -0.00864983  0.00337353 1 0 0 18045
             116.001 -1.55089   17.797 -30.8176  0.05402 0.361496 0.566246  0.0561706  0.0123244 -0.0151913  0.00875645 -0.00101828  0.00413497   0.0940985 -0.00876938  0.00340639 1 0 0 18070
             116.098 -2.88637    17.55 -31.2907 0.0596928  0.364506  0.561596  0.0222597   0.039664 -0.0610575  0.00876589 -0.00100378  0.00413993   0.0939413 -0.00895124  0.00353103 1 0 0 17570
             116.201 -4.67972  15.0474 -30.6049 0.0584164  0.374116  0.552656 -0.0428486  0.0825248 -0.0799656   0.00880124 -0.000948166   0.00414539   0.0941663 -0.00931295  0.00377721 1 0 0 18647
             116.301  -5.1992  13.4503 -29.3602 0.0512141  0.384664  0.546127 -0.0941106   0.093485 -0.0435657  0.00877982 -0.00096603  0.00414795   0.0943748 -0.00954883  0.00390705 1 0 0 18138
               116.4 -5.51777  12.4295 -28.5326 0.0422251  0.391797   0.54483   -0.104626    0.069284 -0.00331888   0.00878451 -0.000985563   0.00416314   0.0941266 -0.00941829  0.00371834 1 0 0 18169
             116.501 -6.23868  12.0795 -27.4503  0.03445 0.394862 0.544907  -0.0957256   0.0293417 -0.00153783   0.0088011 -0.00100438  0.00416463   0.0936673 -0.00938696  0.00359543 1 0 0 18226
               116.6 -7.16963  11.1659 -26.5342 0.023925 0.399391 0.543481   -0.117083   0.0399452 -0.00306317   0.00881547 -0.000996009   0.00418238   0.0936473 -0.00956316  0.00367523 1 0 0 18259
             116.701 -7.42866  10.5649 -24.6558 0.0112677  0.403777  0.544554 -0.132746 0.0364388 0.0283438  0.00881976 -0.00100137  0.00417562   0.0937015 -0.00964518  0.00370366 1 0 0 18372
               116.8 -7.02264  9.52646 -22.3873 -0.000128709     0.407505     0.549362 -0.119517  0.030405 0.0428206  0.00883505 -0.00100806  0.00417698   0.0936028 -0.00977326  0.00353418 1 0 0 18357
               116.9 -6.48116  7.30426 -21.1389 -0.0140453   0.409557   0.553101  -0.143203 0.00821757  0.0439973  0.00884364 -0.00100086  0.00419338   0.0937172 -0.00975259  0.00356989 1 0 0 18482
                 117 -5.76975  6.41795 -19.6439 -0.0286339   0.410137   0.557119    -0.14961 -0.00325288   0.0501507 0.00885817  -0.001011 0.00418702  0.0937452 -0.0098512 0.00372983 1 0 0 18520
               117.1 -4.80858  5.77308 -19.0734 -0.0417019   0.409448   0.561844  -0.130607 -0.0118449  0.0436789  0.00887199 -0.00102765  0.00418777   0.0935763 -0.00990221  0.00372026 1 0 0 18521
               117.2 -3.75472  4.21761 -18.8305 -0.0545714   0.406866   0.562969   -0.136384  -0.0367961 -0.00480659  0.00888214 -0.00101652  0.00417808   0.0934925 -0.00986088  0.00388665 1 0 0 18465
               117.3 -4.37852  2.59672  -18.061 -0.066089  0.407668  0.561235   -0.11734  0.0118531 -0.0403743  0.00890464 -0.00101607  0.00417429   0.093449 -0.0103409 0.00379177 1 0 0 18532
               117.4 -5.67252 0.288929 -17.9594 -0.078235  0.411847  0.556336  -0.13232 0.0292454 -0.069765  0.00892086 -0.00101952  0.00418824  0.0935384 -0.0105688 0.00363438 1 0 0 18681
               117.5 -7.63965 -1.12971 -16.8496 -0.0886379   0.416343   0.552555   -0.107208   0.0383005 -0.00602587  0.00893581 -0.00102579  0.00420615  0.0933559 -0.0108118  0.0035289 1 0 0 18589
               117.6 -9.35117 -0.93833 -15.4115 -0.0971678   0.419623   0.554582 -0.090199 0.0297082 0.0291213 0.00894317 -0.0010475 0.00421283  0.0931343 -0.0108873 0.00341158 1 0 0 18564
               117.7 -10.4782 -1.58579 -14.5344 -0.104345   0.41981  0.557577  -0.0766449 -0.00342893   0.0401401  0.00894626 -0.00104984  0.00423338  0.0929058 -0.0107917 0.00346845 1 0 0 18584
               117.8 -10.4462 -1.62319 -13.9269 -0.113695  0.416096  0.562041 -0.0887621 -0.0341018  0.0511216  0.00893881 -0.00105763  0.00423121  0.0929712  -0.010581 0.00362184 1 0 0 18498
               117.9 -9.84215 -2.45989 -13.5161 -0.119917  0.415332  0.565304  -0.033772 0.00257653  0.0350805  0.00893672 -0.00105143  0.00423829  0.0929825 -0.0106883 0.00371678 1 0 0 18433
                 118 -8.94998 -1.70918 -13.4956 -0.122739  0.416772  0.569185 -0.0272248 0.00262535  0.0450887  0.00894716 -0.00107717  0.00423468  0.0930706 -0.0108065 0.00367221 1 0 0 18621
               118.1 -9.00133 -1.23835 -13.2169 -0.122385  0.413814  0.577279 0.000724486   -0.038195   0.0895769  0.00896273 -0.00107734  0.00423109  0.0927316 -0.0107132 0.00349833 1 0 0 18575
               118.2  -9.90688 -0.915921  -12.4192 -0.121978  0.411996  0.588615 -0.00631074  -0.0272137    0.109814  0.00898668 -0.00108218  0.00423478  0.0927245 -0.0109066 0.00327119 1 0 0 18537
               118.3  -11.7694 -0.998828  -10.7928 -0.121098  0.411491  0.596113 -0.0128146 -0.0235435  0.0780683  0.00902461 -0.00107764  0.00423962  0.0924835 -0.0113441 0.00339426 1 0 0 18514
               118.4 -12.6044 -1.16057 -10.0304 -0.124498   0.40944  0.599041  -0.039842 -0.0117237 0.00645038 0.00903031 -0.0010747 0.00425683  0.0926304 -0.0113598 0.00365167 1 0 0 18559
               118.5 -12.6699 -1.96469 -10.3137 -0.129751  0.409905  0.594778 -0.0448067 0.00944176 -0.0656844  0.00902682 -0.00106883  0.00427086  0.0927724 -0.0114681 0.00380142 1 0 0 18531
               118.6 -12.2572 -2.55285 -10.9321 -0.132404  0.410714  0.591713  0.00369349   0.0306928 -0.00887997  0.00902372 -0.00106886  0.00427379  0.0928013 -0.0112604   0.003623 1 0 0 18607
               118.7 -11.4863 0.109446 -12.6683 -0.126151  0.414561  0.596609 0.0636798 0.0355852 0.0475319  0.00902259 -0.00110667  0.00426929  0.0923874 -0.0112646 0.00324206 1 0 0 18463
               118.8 -10.6524  1.68239 -15.7773 -0.119178  0.417126  0.603977  0.0603679 0.00539905  0.0724865  0.00901951 -0.00111048  0.00428225  0.0923001 -0.0113066  0.0030106 1 0 0 18720
               118.9 -9.76634  5.17468 -18.0788 -0.110278   0.41757  0.609438   0.0946213 0.000774494   0.0493866  0.00900772 -0.00113632  0.00426627  0.0921112 -0.0114213 0.00313228 1 0 0 18646
                 119 -7.98234  8.28778 -20.8153 -0.100067  0.417797  0.610926 0.0941629 0.0101814 0.0266599  0.00898742 -0.00112751  0.00425923  0.0919806  -0.011432 0.00348497 1 0 0 18463
               119.1 -7.09151  9.91208 -22.5691 -0.0923542   0.418589   0.609947  0.0695033 0.00443196 -0.0175889 0.00899706   -0.00111 0.00425202  0.0920019 -0.0114302 0.00374014 1 0 0 18530
               119.2 -7.02619  10.1681 -23.4852 -0.088718  0.422997  0.606384   0.023061  0.0323883 -0.0605635  0.00900928 -0.00108627  0.00423796  0.0923557 -0.0117194 0.00373702 1 0 0 18584
               119.3 -7.77367  9.55718 -24.0806 -0.08701 0.429722 0.602788  0.0319103  0.0666508 -0.0263215  0.00901855 -0.00107642  0.00424716  0.0926029 -0.0119719 0.00350359 1 0 0 18306
               119.4 -7.36199  9.10137 -25.1652 -0.0817151   0.438191   0.604836 0.0507845 0.0811514 0.0247315  0.00900979 -0.00107689   0.0042504  0.0926272 -0.0121315 0.00321316 1 0 0 18451
             119.501 -8.00338  7.90771   -25.13 -0.0758421   0.445272   0.606535 0.0360097 0.0604837 0.0100857  0.00902261 -0.00107409  0.00424879   0.092414 -0.0122043 0.00313861 1 0 0 18559
               119.6 -8.41984  6.54465 -24.9666 -0.0755619   0.449829   0.604593 -0.0215717  0.0291814 -0.0157713  0.00902269 -0.00107469  0.00425082  0.0924227 -0.0122188 0.00345654 1 0 0 18568
               119.7 -9.08463  5.39168 -24.9608 -0.078204  0.451578  0.601106  -0.035275 0.00871453 -0.0364724  0.00902894 -0.00106948  0.00425763  0.0923714 -0.0122721 0.00355612 1 0 0 18449
               119.8 -8.95166  5.30514 -25.0293 -0.0787816   0.453645   0.599181 -0.0110275  0.0178167 -0.0160498  0.00903629 -0.00108049  0.00425815  0.0921522 -0.0125099 0.00346408 1 0 0 18610
               119.9 -9.61635  5.23547 -25.3038 -0.0796532   0.454244   0.597027  -0.0210786 0.000827282  -0.0267056  0.00904207 -0.00109157  0.00426283  0.0920538 -0.0125356 0.00342275 1 0 0 18446
                 120 -10.6658  4.81584  -25.007 -0.083069  0.457831  0.595822  -0.0513129   0.0384733 -0.00734498  0.00904839 -0.00109284  0.00426661   0.092192 -0.0128088 0.00325749 1 0 0 18552
               120.1 -11.5864  4.49818 -24.3869 -0.0891031   0.463054   0.596426 -0.080692 0.0485847 0.0286362  0.00905514 -0.00109261  0.00427441  0.0920873 -0.0129097 0.00322654 1 0 0 18501
               120.2 -12.0064  5.36717 -23.1373 -0.0988724   0.464374   0.598982  -0.139941 -0.0113592  0.0327843  0.00906381 -0.00110754  0.00427081  0.0918308 -0.0129683 0.00334902 1 0 0 18510
               120.3 -11.5627  3.41248  -21.893 -0.111134  0.460395  0.603208 -0.0753327 -0.0368245  0.0510215  0.00907002 -0.00109399  0.00428435  0.0916464 -0.0128216 0.00323728 1 0 0 18607
               120.4 -9.93514  1.87797 -22.4158 -0.118724  0.458105  0.607765  -0.062572 -0.0195321  0.0447468  0.00905638 -0.00109192  0.00428588  0.0921062 -0.0127547 0.00363063 1 0 0 18550
               120.5 -11.8747  2.36808 -22.1185 -0.123388  0.457828  0.610594 -0.0593672 -0.0125069  0.0193663  0.00910338 -0.00110953  0.00428647  0.0920583 -0.0131223 0.00356512 1 0 0 18541
               120.6 -12.9797  3.47158 -21.9009 -0.125045  0.459758   0.61668 -0.0432284 0.00514574  0.0544276  0.00911001 -0.00112914  0.00429577   0.091623  -0.013663 0.00305805 1 0 0 18524
               120.7 -12.8422  3.40917 -21.8474 -0.129463  0.457774  0.623226 -0.0537158 -0.0221919  0.0630512  0.00910222 -0.00113161  0.00431183  0.0914496 -0.0135461 0.00296878 1 0 0 18411
               120.8 -12.9609  4.57435 -21.0804 -0.136526   0.45426  0.627511 -0.0736716 -0.0289589  0.0221868  0.00911424 -0.00113758  0.00429381  0.0914573  -0.013352 0.00301793 1 0 0 18456
               120.9 -13.6263  6.37939 -20.2975 -0.142842    0.4526  0.622949 -0.0510085 -0.0109046  -0.050822   0.0091233 -0.00114246  0.00430471  0.0914136 -0.0135187 0.00342332 1 0 0 18439
                 121 -12.3089   8.1132 -20.2755 -0.142374  0.452435  0.621839    0.033695 0.000139478 -0.00428695  0.00912476 -0.00115602  0.00430973  0.0912651 -0.0135708 0.00326861 1 0 0 18460
               121.1 -10.8938  7.96598 -21.0548 -0.13987 0.451076 0.623463    0.019579   -0.030241 -0.00118277   0.0091302 -0.00114553  0.00431397  0.0914524 -0.0135038 0.00313319 1 0 0 18453
               121.2 -12.1776  6.39093 -20.2003 -0.140021  0.451889  0.619759 -0.0250532 0.00894097 -0.0556328  0.00916381 -0.00112349  0.00430649  0.0915711  -0.013875 0.00313871 1 0 0 18468
               121.3 -15.5065  4.11492 -18.3203 -0.14614  0.45715 0.608429 -0.0691091  0.0443223  -0.105761 0.00920707 -0.0011078 0.00432078  0.0918765 -0.0142765 0.00339371 1 0 0 18520
               121.4 -15.5474  3.73951 -18.3239 -0.14824 0.462905  0.60465 -0.00852586   0.0492991  -0.0028673  0.00918019 -0.00113964  0.00435498  0.0916584 -0.0144682 0.00313675 1 0 0 18535
               121.5 -14.2739  4.25838 -18.4611 -0.146367  0.463898  0.606983  0.0141807 0.00653632  0.0243043  0.00916822 -0.00116344  0.00434431  0.0913458 -0.0142296 0.00307387 1 0 0 18521
             121.601 -13.8305  4.88289 -18.5117 -0.142702  0.461085  0.605746  0.0226252 -0.0261778 -0.0272726  0.00917289 -0.00117034  0.00433885  0.0909376 -0.0141101 0.00322328 1 0 0 18584
               121.7 -13.8394  4.91728 -18.7028 -0.142339  0.458774  0.603814 0.00743235 -0.0227359 -0.0137906  0.00918145 -0.00116561  0.00434684   0.091063 -0.0140549 0.00320627 1 0 0 18461
               121.8 -13.4217  5.08283  -18.774 -0.143635  0.457979  0.604342  -0.0113399 -0.00913989   0.0047694  0.00918138 -0.00116783    0.004338  0.0913119  -0.014101 0.00310419 1 0 0 18381
             121.901  -13.352  5.16585 -18.8584 -0.142782  0.459413  0.604354 0.000505996  0.00950452  0.00368398  0.00920705 -0.00116802  0.00434508  0.0911859 -0.0144094 0.00304904 1 0 0 18548
             122.001 -13.2056  5.31504 -18.7702 -0.141561  0.461288   0.60432 0.00500883 0.00684153 -0.0050264  0.00921794 -0.00117405  0.00434336  0.0910922 -0.0146002 0.00303898 1 0 0 18533
               122.1 -13.5369  5.17839 -18.7935 -0.141061  0.462867  0.603314  -0.0008085   0.0100279 -0.00720387  0.00922873 -0.00117624  0.00434707  0.0910715 -0.0147626 0.00298195 1 0 0 18430
             122.201 -13.4827  5.17787 -18.7125 -0.140724  0.463788  0.601551  0.00264648  0.00891493 -0.00949247   0.0092259 -0.00116384  0.00434834  0.0909999 -0.0148102 0.00313452 1 0 0 18515
             122.301  -13.182  5.24338 -18.7631 -0.139527  0.463564  0.601553  0.00647355 -0.00417625 -0.00550055  0.00923434 -0.00117104  0.00435794  0.0908949 -0.0147426 0.00304286 1 0 0 18531
             122.401 -12.9499  5.43768 -18.6346 -0.139754  0.461937   0.60324 -0.00870184  -0.0225612   0.0170706   0.0092372 -0.00118581   0.0043502  0.0908815 -0.0146481 0.00286636 1 0 0 18507
             122.501 -13.0971  5.17053  -18.141 -0.141089  0.460848  0.604926 -0.0280415 -0.0228266   0.015878  0.00925175 -0.00117921  0.00434968  0.0909005 -0.0148506 0.00282492 1 0 0 18387
             122.601 -14.9988   5.6997 -15.5503 -0.14303 0.459541 0.604553 -0.0254544 -0.0237238 0.00410226  0.00928924 -0.00118711  0.00434614  0.0907489 -0.0151443 0.00289144 1 0 0 18516
             122.701 -15.2135  6.39586 -14.0009 -0.141424  0.460232  0.605264  0.0279543   0.021973 0.00957002  0.00929579 -0.00120123  0.00436931  0.0905722 -0.0153458 0.00285143 1 0 0 18488
             122.801 -14.9664  6.29921  -14.317 -0.140543  0.459305  0.604159 0.00120936 -0.0123957 -0.0220772  0.00928892 -0.00119927  0.00438503  0.0906083  -0.015096 0.00301014 1 0 0 18393
             122.901 -15.2026  6.19901 -14.3979 -0.141401  0.458457  0.601831 -0.00557747 -0.00814317  -0.0178767  0.00930283 -0.00120096  0.00439094  0.0907083 -0.0151085 0.00306797 1 0 0 18453
             123.001 -15.0724  6.09432 -14.4252 -0.141172  0.459897  0.600785  -0.0086408  0.00766388 -0.00414893  0.00930042 -0.00119887  0.00439128  0.0906693 -0.0153624 0.00293271 1 0 0 18406
             123.101 -14.0764  7.08876 -14.0173 -0.141502  0.457983  0.604146 -0.00674381  -0.0281171    0.074137  0.00929657 -0.00121393  0.00438131  0.0905379 -0.0151749 0.00285039 1 0 0 18491
             123.201  -11.817  14.2332 -12.8298 -0.136465  0.448944  0.616259 0.0494666 -0.149896  0.157909  0.00930481 -0.00131646  0.00433661  0.0900546 -0.0151667 0.00265973 1 0 0 18463
             123.301  -9.5562   19.163 -9.92403 -0.120197   0.42583  0.632362   0.19956 -0.291772  0.187727  0.00933946 -0.00132394  0.00430207  0.0891908 -0.0152059  0.0028179 1 0 0 18323
             123.401 -7.62464  19.7657 -9.77531 -0.10159  0.39601 0.645225 0.237852  -0.3068 0.101691  0.00935061 -0.00126842  0.00431934  0.0895556 -0.0152818  0.0031106 1 0 0 18348
             123.501  -4.4052  18.9178 -11.4673 -0.0866749   0.365803   0.655775  0.203456 -0.355999  0.105612  0.00934024 -0.00122081  0.00433232  0.0907565 -0.0153833 0.00355376 1 0 0 18211
               123.6  2.14615  24.6492 -14.1431 -0.0610825   0.322733    0.66843  0.342624 -0.488299 0.0913433 0.00930042 -0.0012696 0.00430617   0.090839 -0.0152298 0.00370022 1 0 0 18236
               123.7  1.75729  20.5813 -19.5856 -0.016997  0.270104  0.666289   0.43642 -0.526997 -0.142364  0.00934005 -0.00119817  0.00427219  0.0905032 -0.0153461 0.00342205 1 0 0 18198
               123.8 0.77264 22.0146 -26.142 0.0276861  0.226314  0.648726  0.493978   -0.5141 -0.233999  0.00933155 -0.00124186  0.00428068  0.0908303 -0.0161118 0.00334207 1 0 0 18208
               123.9 -4.63317  22.7172 -37.1031 0.0757291  0.171058  0.624024  0.446299 -0.611777 -0.289609  0.00932816 -0.00124062  0.00431464  0.0910307 -0.0166715 0.00298753 1 0 0 18164
                 124 -7.80373  26.3842 -41.2937 0.123959 0.111472 0.592133  0.472356 -0.613355 -0.393188  0.00931571 -0.00128003   0.0042841  0.0908661 -0.0172371 0.00277259 1 0 0 18076
               124.1 -8.66139  31.7998 -44.2706  0.174598 0.0415918  0.540601  0.447634 -0.646272  -0.54655  0.00926487 -0.00134217  0.00427584  0.0895007 -0.0168597 0.00276744 1 0 0 17588
               124.2 -8.24122  29.0825 -48.0182   0.209339 -0.0142984    0.47909  0.290856 -0.466038 -0.629623  0.00922086 -0.00122743  0.00428995  0.0894898 -0.0167056 0.00330182 1 0 0 17029
               124.3 -11.1426   20.922 -52.2505    0.22115 -0.0398146   0.415926 0.0739278 -0.174232 -0.630916  0.00926406 -0.00108758  0.00432084  0.0906961  -0.016796 0.00382253 1 0 0 16725
               124.4  -10.945  16.8974 -59.0994   0.216796 -0.0407868   0.352124 -0.0854663 0.00084929  -0.660245  0.00918184 -0.00112735   0.0043966  0.0917117  -0.017004 0.00415035 1 0 0 16388
               124.5 -8.54398  13.6411 -67.2899   0.214057 -0.0402648   0.285349 -0.0184873 -0.0943747  -0.610375  0.00913412 -0.00112363  0.00441725   0.091887 -0.0178853 0.00422634 1 0 0 15777
               124.6 -10.3432  14.3413 -70.5802   0.220036 -0.0689238   0.234945 0.0384593 -0.269692 -0.444517  0.00923288 -0.00123211  0.00430842  0.0905411 -0.0178579 0.00355152 1 0 0 14420
               124.7 -10.5722  13.9355 -72.9741  0.229375 -0.101486  0.196327  0.061411 -0.249764  -0.33897  0.00922087 -0.00122794  0.00427177  0.0895373 -0.0183419 0.00323728 1 0 0 13583
               124.8  -13.383  7.01998 -71.7465  0.242576 -0.114312  0.160831   0.163105 -0.0984382  -0.338722  0.00929264 -0.00109884  0.00425869  0.0899194 -0.0189129 0.00339318 1 0 0 12979
               124.9  -13.742   2.6531 -69.9419  0.255412 -0.106991  0.134485 0.0573454  0.107975 -0.143424  0.00927037 -0.00113265  0.00426692  0.0908719 -0.0192072 0.00351453 1 0 0 12369
                 125 -10.1369  4.65766 -71.6709  0.250822 -0.100153  0.126269 -0.0546839  0.0691313 -0.0478064  0.00921523 -0.00120847  0.00426671  0.0906982 -0.0185652 0.00372064 1 0 0 12169
               125.1 -8.49215  3.35031 -69.1899  0.242583 -0.096028  0.121639  -0.130271  0.0643055 -0.0381396  0.00923659 -0.00117584   0.0041981  0.0903617 -0.0185253 0.00386373 1 0 0 12096
               125.2 -3.96755  5.79928 -70.5797   0.228986 -0.0926324   0.116127 -0.158343 0.0367996 -0.084507  0.00921495 -0.00123616  0.00422515  0.0900144 -0.0186697 0.00382435 1 0 0 12128
               125.3   -7.3487 -0.349862  -66.9614   0.223023 -0.0839977    0.10325 -0.0580867  0.0399596  -0.166383  0.00938447 -0.00107438  0.00415215  0.0904206 -0.0196098 0.00368464 1 0 0 11885
               125.4 -5.25093 -2.64996 -67.3966   0.223633 -0.0811086  0.0860509 -0.0134762  0.0116983  -0.146918   0.0093022 -0.00117844  0.00421578  0.0903198 -0.0202114 0.00363743 1 0 0 11133
             125.499 0.920899 -1.48104 -71.5365   0.217183 -0.0778268  0.0693673 -0.0679021  0.0272575  -0.155747  0.00922196 -0.00121173  0.00426829  0.0905836 -0.0199859  0.0039819 1 0 0 10576
             125.598  4.01607  -3.9516 -73.7956   0.207949 -0.0693498  0.0498426 -0.0831134  0.0713585  -0.165084  0.00926539 -0.00110538  0.00421119  0.0910238 -0.0198477 0.00439146 1 0 0 9938
               125.7  2.44137 -9.32157 -72.4655   0.204478 -0.0577541  0.0457493    -0.0377    0.10517 -0.0550869  0.00938171 -0.00104727  0.00411352  0.0912102  -0.020421 0.00358867 1 0 0 9436
               125.8  2.99049 -9.16282 -69.1796   0.207654 -0.0510002  0.0443309 -0.0156226  0.0756891 -0.0476646  0.00937657 -0.00119186  0.00405889  0.0907153 -0.0212118 0.00328769 1 0 0 8959
               125.9  2.08461 -9.80579 -69.0732    0.20934 -0.0455866  0.0368522 -0.00650298   0.0492635  -0.0486209  0.00943344 -0.00119093  0.00412854  0.0905773 -0.0215597 0.00346385 1 0 0 8960
             125.998  1.22655 -10.1414 -68.4309   0.211882 -0.0424903  0.0308836  0.0269959  0.0288901 -0.0401051  0.00944278 -0.00119421  0.00413802  0.0904687 -0.0217365 0.00374555 1 0 0 8658
               126.1 0.201371 -9.68589 -67.4238   0.215743 -0.0452295  0.0310136  0.0158175 -0.0706071  0.0168488  0.00946248 -0.00123469  0.00412476   0.090239 -0.0218784  0.0035842 1 0 0 8620
               126.2 -1.02069 -9.18184 -66.5835    0.21484 -0.0508441  0.0327317  -0.0193141   -0.065438 -0.00332319 0.00947098 -0.0012222 0.00413624  0.0903169 -0.0218712  0.0034861 1 0 0 8758
               126.3 -0.365309  -7.86008  -66.6255   0.212268 -0.0504204  0.0325065 -0.0234013 -0.0245199 0.00359748  0.00945587 -0.00119927   0.0041579  0.0908489 -0.0220276 0.00334364 1 0 0 8826
             126.399    0.266 -8.19994 -66.6604   0.210165 -0.0489975   0.029359 -0.0333194 0.00227704  -0.014568  0.00946064 -0.00118221  0.00415829  0.0910912 -0.0222049 0.00358395 1 0 0 8635
             126.498 0.997217 -8.86574 -66.5391   0.208118 -0.0490449  0.0295495  -0.0306698 -0.00767166  0.00130601  0.00947483 -0.00117585  0.00415306  0.0910656 -0.0223512 0.00346017 1 0 0 8531
               126.6  1.49861 -9.17604 -67.2543  0.205196 -0.048238 0.0313406    -0.0352 0.00220502  0.0118977  0.00948958 -0.00118557  0.00415653  0.0911247 -0.0225462 0.00328785 1 0 0 8578
               126.7 0.0449818  -9.58505  -67.7339  0.206488 -0.044189 0.0332341 -0.00199442   0.0295206    0.024833  0.00954161 -0.00118167  0.00416199  0.0912484 -0.0230377 0.00329102 1 0 0 8764
             126.799 -0.438698    -9.463  -68.2114   0.209945 -0.0408144  0.0368662 0.0139799 0.0123331 0.0258678  0.00953296 -0.00120039  0.00417366  0.0912202 -0.0234923 0.00310335 1 0 0 8621
               126.9 -0.225178  -8.89115  -69.2038  0.210286 -0.038567 0.0360012  0.00112031   0.0145003 6.65495e-05 0.00951437  -0.001203 0.00419072  0.0913595 -0.0235292 0.00328032 1 0 0 8133
                 127 -0.339228  -9.36866  -69.0973   0.210019 -0.0352365  0.0352556 -0.00571527   0.0205341 -0.00103251  0.00951678 -0.00117816  0.00416623  0.0915309 -0.0235626 0.00335377 1 0 0 8156
               127.1 -1.01973  -10.339  -68.873   0.209949 -0.0307568  0.0385656 -0.00218131   0.0343705   0.0290597  0.00954373 -0.00117653  0.00416853  0.0916791 -0.0237163 0.00304296 1 0 0 7736
               127.2 -2.59734 -11.8618 -68.2977   0.210552 -0.0308168  0.0433192 -0.0112887 0.00167012  0.0339711  0.00957079 -0.00116159  0.00416404  0.0914056 -0.0238342 0.00293724 1 0 0 7401
               127.3 -3.34755 -12.1487 -68.9213   0.212456 -0.0298379  0.0463713  0.00263625 0.000564664   0.0296209  0.00957021 -0.00118733  0.00420289  0.0914236 -0.0242546 0.00287806 1 0 0 7483
               127.4 -3.37172 -12.7134 -68.8128   0.214391 -0.0302773  0.0457023 0.00345099 -0.0128796 0.00559888  0.00955262 -0.00117891  0.00420006  0.0914453 -0.0244376 0.00316045 1 0 0 7511
               127.5 -3.03236 -12.8892 -68.9883   0.213997 -0.0278095  0.0420743 -0.00489212  0.00281537   -0.028816  0.00955006 -0.00118035  0.00421015  0.0918057 -0.0245294 0.00329846 1 0 0 7278
               127.6 -3.48615 -13.1132 -68.7167   0.213727 -0.0252728   0.040822   -0.01993   0.014226 -0.0136092  0.00956395 -0.00118291  0.00420698  0.0919193  -0.024773 0.00315411 1 0 0 7257
               127.7 -3.64668 -13.0787 -68.5426   0.214223 -0.0260674  0.0406473 -0.00888934  -0.0106207 -0.00734871  0.00956961 -0.00119932  0.00420233  0.0917472 -0.0249847 0.00304804 1 0 0 7341
               127.8 -4.07955 -13.2703 -68.1705   0.213681 -0.0270615  0.0425644 -0.00884716  -0.0189673  0.00880431  0.00958109 -0.00119246  0.00420606   0.091726  -0.025096 0.00285924 1 0 0 7237
               127.9 -4.17061 -13.5437 -68.0545   0.213014 -0.0288693  0.0454336  -0.015145 -0.0259132  0.0199385  0.00958308 -0.00118852  0.00420773  0.0917175 -0.0252081 0.00265667 1 0 0 7357
                 128 -4.18566 -13.6695 -67.9758   0.212767 -0.0285572  0.0472599 -0.0121668 -0.0156865   0.018219  0.00958924 -0.00119832  0.00421244  0.0919131  -0.025473 0.00255579 1 0 0 7280
             128.099 -4.27152 -13.9153 -67.9445  0.212425 -0.027149 0.0462235   -0.0147265  -0.00243732 -0.000221974  0.00960013 -0.00118569  0.00422149  0.0921336 -0.0257063 0.00267066 1 0 0 7175
               128.2   -4.284 -13.8183 -67.8024   0.212755 -0.0265392  0.0434655 -0.00871333 -0.00473709   -0.019626 0.00960241 -0.0012065 0.00422147  0.0922158 -0.0259493  0.0027855 1 0 0 7197
               128.3 -4.22463 -13.6637  -67.539   0.213784 -0.0254681  0.0424567 -0.00581179 -0.00175197  -0.0125346  0.0095965  -0.001208 0.00421716  0.0922721 -0.0262235 0.00263916 1 0 0 7233
             128.399 -4.31848 -13.6402 -67.5186   0.214848 -0.0268281  0.0426975 -0.00178266  -0.0194042 -0.00596619  0.00961264 -0.00121246  0.00422129  0.0921496 -0.0264036 0.00253308 1 0 0 7114
             128.501 -4.27602 -13.4637 -67.7362   0.214593 -0.0279972  0.0410718  -0.010065 -0.0230611 -0.0127824  0.00961456 -0.00120572  0.00423317  0.0922428 -0.0265039 0.00254709 1 0 0 7101
               128.6 -4.15138 -13.0486 -67.8128   0.213512 -0.0267794   0.041489  -0.0160537  -0.0126464 -0.00214518  0.00961774 -0.00121201  0.00423091  0.0924711 -0.0266757 0.00231077 1 0 0 7159
               128.7 -4.15883 -12.8488 -67.8293  0.212205 -0.028763 0.0467326 -0.0208028 -0.0206114  0.0365421  0.00963748 -0.00122493  0.00423163   0.092326 -0.0267646 0.00194928 1 0 0 7242
             128.799 -4.08933 -12.9585 -67.8738   0.211783 -0.0306727  0.0487776 -0.0173295  -0.028127  0.0247658  0.00964617 -0.00121037  0.00423084   0.092341 -0.0269794 0.00200658 1 0 0 7084
             128.899  -3.9139 -13.0402  -67.923   0.212118 -0.0315172  0.0477287  -0.0082064  -0.0245514 0.000123687  0.00964364 -0.00121306  0.00422668  0.0924913 -0.0272788 0.00216223 1 0 0 7036
             128.999 -3.85309 -13.0962 -68.0593   0.211247 -0.0282326  0.0480561 -0.0169677 0.00785549 0.00323065  0.00965551 -0.00120778  0.00423966  0.0928585 -0.0275112 0.00199798 1 0 0 7189
             129.101 -3.83655 -13.0864 -67.9944   0.211939 -0.0277184  0.0475807  -0.00800207 -0.000765034  -0.00225342  0.00966573 -0.00121052  0.00422902  0.0928135 -0.0277558 0.00203135 1 0 0 7237
               129.2 -3.79241 -12.9598 -67.9613    0.21341 -0.0259659  0.0444941 -0.00110094  0.00530402  -0.0180829 0.00966694 -0.0012203 0.00423455  0.0929299 -0.0280572 0.00215473 1 0 0 7014
             129.299 -3.89485 -12.8095 -67.8765  0.212313 -0.025919 0.0438807 -0.0136967 -0.0131154 -0.0193381  0.00967644 -0.00122043  0.00423869  0.0929535  -0.028038 0.00202126 1 0 0 7157
             129.401 -3.91308 -12.8551 -67.8963   0.213145 -0.0273735  0.0439973 -0.00293684  -0.0192928  -0.0028076 0.00968331 -0.0012147 0.00424649   0.092853 -0.0283068 0.00187834 1 0 0 7348
             129.501 -3.91042  -12.763  -67.829   0.211634 -0.0288055  0.0443442  -0.0208193  -0.0245875 0.000705202  0.00968691 -0.00122298   0.0042351   0.092929 -0.0283147 0.00179292 1 0 0 7185
             129.601 -3.83898  -12.768 -67.7943   0.213119 -0.0272277  0.0429259  0.00157293 -0.00648283 -0.00932951  0.00967845 -0.00121937  0.00424588 0.0931377 -0.028788  0.001772 1 0 0 7179
             129.699    -3.89 -12.6972 -67.8061   0.215105 -0.0277627   0.043611 0.00825244 -0.0121278 0.00146373 0.00968992 -0.0012183 0.00424809  0.0930961  -0.029036 0.00161918 1 0 0 7274
             129.801 -3.98574 -12.6692 -67.7833   0.212977 -0.0286178   0.044635 -0.0247578 -0.0182196  0.0042443  0.00970263 -0.00122997   0.0042508  0.0931932 -0.0288969 0.00153913 1 0 0 7122
             129.901 -4.02616 -12.6969 -67.7205   0.212148 -0.0275097  0.0457448  -0.0188293 -0.00695433  0.00955413  0.00971463 -0.00121546  0.00424998   0.093351 -0.0291877 0.00140557 1 0 0 7085
                 130 -4.03598 -12.6859  -67.699    0.21035 -0.0271319  0.0482994    -0.02615 -0.00779704   0.0185364   0.0097206 -0.00122341  0.00425183  0.0934086 -0.0292986 0.00125469 1 0 0 7279
             130.099 -4.04565 -12.6508 -67.7051   0.211645 -0.0279169  0.0474333 -0.0039783 -0.0147809 0.00100357  0.00973103 -0.00123253  0.00425486  0.0933796 -0.0296829 0.00139914 1 0 0 7248
             130.201 -4.02434  -12.655 -67.7036   0.213852 -0.0287548  0.0450089  0.0061571 -0.0179219  -0.015098  0.00973077 -0.00123455  0.00426114  0.0934165 -0.0299939 0.00151335 1 0 0 7010
               130.3 -4.03543 -12.7671 -67.6447   0.212873 -0.0289124   0.044996  -0.0135806    -0.01591 -0.00709988  0.00973175 -0.00122086  0.00425951  0.0935604  -0.029989 0.00135863 1 0 0 7121
               130.4 -4.10293 -12.7519 -67.5735   0.212237 -0.0295695  0.0465329 -0.0149995 -0.0163033 0.00795254  0.00974818 -0.00123092   0.0042558  0.0935878 -0.0301537 0.00115771 1 0 0 7214
               130.5 -4.08037 -12.7473 -67.5909   0.212635 -0.0297935   0.046924 -0.00853421    -0.01442  0.00469375  0.00974808 -0.00123771  0.00426452  0.0936602 -0.0304234 0.00111464 1 0 0 7194
             130.599 -4.12682 -12.7797 -67.5331   0.213209 -0.0279675  0.0448737   -0.0062198 -0.000976562   -0.0119087  0.00975584 -0.00122521  0.00426537  0.0938867 -0.0306956 0.00118634 1 0 0 7093
               130.7 -4.18123 -12.7618 -67.5244   0.210591 -0.0249328  0.0461947 -0.0286018   0.011836 0.00433694  0.00976923 -0.00123354  0.00427264   0.0941164  -0.0307019 0.000932652 1 0 0 7246
               130.8 -4.17028 -12.7959 -67.4384   0.210887 -0.0264912  0.0461015 -0.0106801 -0.0134249 0.00390441  0.00977108 -0.00124237  0.00426743   0.0939032  -0.0309535 0.000985899 1 0 0 7323
               130.9 -4.30458 -13.1541 -67.0003   0.212536 -0.0255839  0.0449268 -0.00238775 -0.00777053 -0.00891139  0.00977012 -0.00123348  0.00426473  0.0940164 -0.0312952  0.0010089 1 0 0 7208
             130.999 -4.33776 -13.2081 -67.0274    0.21285 -0.0263698  0.0452961 -0.00526818  -0.0145094 -0.00156067  0.00978139 -0.00122557  0.00427993   0.0939982    -0.03141 0.000886174 1 0 0 7212
             131.099 -4.35313 -13.1581 -67.0137    0.21241 -0.0291048  0.0463363 -0.0133876 -0.0318345 0.00565578  0.00979203 -0.00123855  0.00427584   0.0939163  -0.0314653 0.000795598 1 0 0 7299
               131.2 -4.29593 -13.0944 -67.0115   0.213293 -0.0295276   0.044206 -0.00402894  -0.0201446  -0.0122194  0.00979117 -0.00124099  0.00427818   0.0940958  -0.0317819 0.000877182 1 0 0 7160
               131.3 -4.26601 -13.1276 -67.0053   0.213579 -0.0300372  0.0426796 -0.00692743  -0.0186686  -0.0148155  0.00979302 -0.00123141  0.00427905     0.09419  -0.0319585 0.000835771 1 0 0 7243
             131.399 -4.30874 -13.0731 -67.0257   0.212862 -0.0266624  0.0453945 -0.0109132  0.0100765  0.0143759  0.00981219 -0.00123971  0.00428368   0.0944579  -0.0321855 0.000419255 1 0 0 7269
             131.499 -4.33204 -13.0809 -67.0055   0.212517 -0.0258173  0.0449043   -0.0131765  -0.00171345 -0.000566013  0.00981887 -0.00124569  0.00428487   0.0944858  -0.0323147 0.000517554 1 0 0 7249
             131.598 -4.28539 -12.9775 -67.1182   0.213583 -0.0273494  0.0425378 -0.00504202  -0.0191194  -0.0173452  0.00981197 -0.00125018  0.00429524   0.0944013  -0.0325522 0.000650184 1 0 0 6932
               131.7 -4.32926 -13.0189 -67.0961   0.212713 -0.0275066  0.0438644 -0.0146941 -0.0126182  0.0048313  0.00982176 -0.00123088  0.00428646   0.0944832  -0.0326525 0.000397429 1 0 0 6883
               131.8 -4.38675 -13.0264 -67.0285   0.211508 -0.0271555  0.0475501  -0.0201764 -0.00504918   0.0289762  0.00984211 -0.00123741  0.00428856   0.0945256  -0.0327987 0.000139965 1 0 0 6862
             131.899 -4.39129  -13.317 -67.0167   0.212459 -0.0268963  0.0464242  -0.0080562   -0.010987 -0.00260463 0.00983984  -0.001232 0.00429498   0.0945771   -0.033124 0.000345253 1 0 0 6779
             131.998 -4.47783 -13.4579 -67.1142   0.211765 -0.0265048  0.0427318  -0.0142327 -0.00830165  -0.0241564  0.00984173 -0.00124101  0.00429359   0.0947553  -0.0332372 0.000524055 1 0 0 6726
             132.098 -4.44154 -13.7053 -67.1354  0.213796 -0.026552 0.0401756  0.0045556 -0.0104676 -0.0261061  0.00984097 -0.00122925  0.00430199   0.0947499  -0.0336305 0.000456838 1 0 0 6821
               132.2 -4.41945  -13.836 -67.1245   0.212805 -0.0256705  0.0436958   -0.012807 -0.00680448   0.0125165  0.00985843 -0.00124687  0.00430536    0.0948152   -0.0336516 -8.32103e-06 1 0 0 6950
             132.299 -4.36539 -13.8109 -67.1649   0.212884 -0.0238041  0.0425622  -0.0106831  0.00314286 -0.00298353  0.00985623 -0.00123977  0.00430295   0.0949871  -0.0338898 6.79476e-05 1 0 0 6708
             132.398 -4.37767 -13.8807 -67.2005   0.212845 -0.0235297  0.0436485  -0.0116925 -0.00212548  0.00737185  0.00986312 -0.00124308  0.00431306    0.0949428   -0.0340564 -4.72529e-05 1 0 0 6823
             132.498 -4.46864 -13.8646 -67.2111    0.21037 -0.0204458  0.0460067  -0.026563 0.00850371   0.014283  0.00988351 -0.00125253  0.00430985     0.095192   -0.0341241 -0.000273973 1 0 0 6765
             132.598 -4.44907 -13.8773 -67.2343   0.210305 -0.0232513  0.0462121 -0.0168798 -0.0230565 0.00596215  0.00988545 -0.00125199  0.00431099    0.0949413   -0.0342981 -0.000141168 1 0 0 6677
             132.696 -4.43199  -13.916 -67.2143   0.211373 -0.0262981  0.0446456 -0.00506414  -0.0354407 -0.00883539  0.00989048 -0.00124691   0.0043063   0.0948832  -0.0345557 -2.1234e-05 1 0 0 6647
             132.796 -4.42646 -13.9616 -67.2315   0.212812 -0.0242658  0.0435355  0.00451916 -0.00496967 -0.00987094  0.00990144 -0.00123916  0.00431116     0.095181   -0.0349188 -0.000154638 1 0 0 6796
             132.896  -4.4653 -13.9516 -67.2593   0.213132 -0.0235659  0.0459872 -0.00286597 -0.00339483   0.0137265  0.00991896 -0.00125088  0.00431607    0.0952175   -0.0350257 -0.000432037 1 0 0 6724
             132.995 -4.41283 -14.0205 -67.2521   0.212879 -0.0233936   0.044025  -0.0136455 -0.00951557  -0.0101517  0.00991266 -0.00123847  0.00431831    0.0953225   -0.0351096 -0.000254462 1 0 0 6643
               133.1 -4.40032 -14.0261 -67.2394   0.211783 -0.0239805    0.04404  -0.0191923  -0.0136163 -0.00407133  0.00991639 -0.00123885  0.00431759     0.095336   -0.0352259 -0.000361775 1 0 0 6826
               133.2 -4.43904 -13.9588 -67.2284   0.211526 -0.0240675  0.0453528 -0.0121009 -0.0116752 0.00741511  0.00993283 -0.00125736  0.00431835     0.095362   -0.0354751 -0.000543057 1 0 0 6750
             133.298 -4.43903  -14.008 -67.2325   0.212419 -0.0253326   0.045048 -0.00469529  -0.0195212 0.000703813  0.00993966 -0.00123946  0.00432043    0.0953447   -0.0357131 -0.000514831 1 0 0 6629
             133.398 -4.39323 -14.0006 -67.2322   0.213419 -0.0249675  0.0433843 -0.00194902  -0.0113917  -0.0105214  0.00993495 -0.00124066  0.00432302     0.095494   -0.0359719 -0.000484348 1 0 0 6640
             133.498 -4.39866 -14.0006 -67.2383   0.213916 -0.0248744  0.0422266 -0.00495201   -0.010908  -0.0121219  0.00994296 -0.00124361  0.00432673    0.0955669   -0.0361296 -0.000536921 1 0 0 6670
               133.6 -4.42232 -13.9448 -67.2335   0.213061 -0.0256132   0.043776 -0.0148004 -0.0141278 0.00755518    0.009956 -0.00125564  0.00432452    0.0955683   -0.0361912 -0.000748861 1 0 0 6630
             133.699 -4.40949 -13.9942  -67.185   0.212899 -0.0247542  0.0438627   -0.011422 -0.00932536  0.00130172  0.00995899 -0.00125313  0.00432486    0.0957003    -0.036429 -0.000799046 1 0 0 6583
             133.798 -4.42068 -14.0545 -67.1954   0.211249 -0.0214469  0.0445674  -0.021665  0.0109545 0.00391869  0.00996852 -0.00124087   0.0043336   0.0959721  -0.0365774 -0.00095127 1 0 0 6671
               133.9 -4.41636 -13.9915 -67.2051   0.211505 -0.0208984  0.0460481 -0.0113076 0.00111591  0.0121659  0.00997577 -0.00125977   0.0043319   0.0958703  -0.0368413 -0.00104846 1 0 0 6713
                 134 -4.38379 -14.0256 -67.2197   0.212501 -0.0230669  0.0434484 -0.00705157  -0.0233514  -0.0150114  0.00997701 -0.00125135   0.0043375    0.0957678   -0.0370122 -0.000790421 1 0 0 6655
             134.099 -4.39247 -14.0037 -67.2058   0.212998 -0.0235963  0.0426268 -0.00520566    -0.01937  -0.0110275  0.00998503 -0.00125243  0.00433815    0.0958556   -0.0372274 -0.000905225 1 0 0 6660
             134.199 -4.39516 -13.9277 -67.2387  0.212535 -0.024792 0.0438758 -0.0109845 -0.0212054 0.00425754  0.00999378 -0.00125883  0.00433947   0.0958727  -0.0373261 -0.00110469 1 0 0 6680
             134.298 -4.37631 -13.9663 -67.2672   0.214048 -0.0264516  0.0435697  0.00147647  -0.0255174 -0.00100136  0.00999642 -0.00125419  0.00434582   0.0958638  -0.0376184 -0.00110361 1 0 0 6575
               134.4 -4.37936 -14.0056 -67.2755   0.213563 -0.0273813  0.0435522  -0.0112642  -0.0228746 -0.00192006   0.0100036 -0.00125083  0.00434993  0.0959911 -0.0376938  -0.001165 1 0 0 6522
               134.5 -4.38333 -14.0279 -67.2422    0.21361 -0.0250175  0.0445314  -0.0076363 0.000920862  0.00604671   0.0100099 -0.00125232  0.00434447   0.0962377  -0.0379872 -0.00137445 1 0 0 6651
             134.599 -4.39459 -14.0091 -67.2958   0.213035 -0.0230488  0.0481094 -0.0113386 0.00701296  0.0252632   0.0100218 -0.00126014  0.00435281   0.0963117  -0.0381302 -0.00164379 1 0 0 6623
               134.7 -4.39482  -14.037 -67.2484   0.213903 -0.0219614  0.0447021  -0.007604 0.00264863 -0.0137227  0.0100234 -0.0012567 0.00434468   0.0963986  -0.0383638 -0.00129911 1 0 0 6560
               134.8 -4.33617 -14.2019  -66.966   0.213036 -0.0206482  0.0445103  -0.0163345  0.00895702 -0.00397023   0.0100274 -0.00125399  0.00434886   0.096448 -0.0384625 -0.0014104 1 0 0 6671
               134.9 -3.95532 -15.1547 -66.6503   0.211762 -0.0220393  0.0469598 -0.0235536 -0.0144816  0.0192096   0.0100349 -0.00123754  0.00434395   0.0962748  -0.0385442 -0.00157039 1 0 0 6641
                 135 -3.57846 -17.0335 -66.0563   0.206989 -0.0203996  0.0491478 -0.0593843  0.0100978  0.0280313   0.0100477 -0.00121526  0.00434027   0.0965005  -0.0384888 -0.00162111 1 0 0 6087
             135.101  -2.5823 -17.7833 -65.9381   0.204736 -0.0164881  0.0454949 -0.0435087  0.0132173 -0.0218766   0.0100396 -0.00123595   0.0043423   0.0967183   -0.038993 -0.00134959 1 0 0 6571
               135.2 -2.63037 -16.2327 -66.3859   0.205603 -0.0184383  0.0431705 -0.0117258 -0.0290095 -0.0358072    0.010069 -0.00128462  0.00434535   0.0965079  -0.0393402 -0.00140091 1 0 0 6783
               135.3 -4.06611 -14.8702 -68.1797   0.203839 -0.0217417  0.0482704 -0.0380855 -0.0703202  0.0581854  0.0101026 -0.0012916 0.00437757   0.0964051  -0.0395976 -0.00187926 1 0 0 7317
               135.4 -3.93787 -17.9909 -66.8745   0.210212 -0.0237278  0.0602239  0.0431898 -0.0138331   0.137019   0.0100563 -0.00121831  0.00434294   0.0963544  -0.0400346 -0.00187188 1 0 0 7266
               135.5  4.76276 -16.8959 -72.0088   0.202473 -0.0264641  0.0665762 -0.0797309 -0.0583558  0.0328038  0.00991268 -0.00123718  0.00443103   0.0967269  -0.0394062 -0.00152684 1 0 0 7311
             135.599  5.36866 -13.3648 -68.6329   0.192565 -0.0324063  0.0667587 -0.0609431 -0.0650587 -0.0124224   0.0100198 -0.00134322  0.00428826   0.0968936  -0.0391549 -0.00158249 1 0 0 7339
               135.7 0.341404 -8.26514 -63.9594   0.186282 -0.0441982  0.0699918 -0.0959665  -0.121976  0.0322319   0.0101778 -0.00141804  0.00419763   0.0962149  -0.0396551 -0.00197502 1 0 0 7855
               135.8 0.746802 -9.66917  -66.239   0.186126 -0.0531029  0.0761318 -0.00615709   -0.096321    0.058336  0.0101254 -0.0012599 0.00437481   0.0962908  -0.0404918 -0.00218798 1 0 0 7401
               135.9 0.484732 -9.85066 -67.4292    0.19129 -0.0520128  0.0775757 0.0371721 0.0137504 0.0100955    0.010126 -0.00127402  0.00436582   0.0967422  -0.0411682 -0.00208296 1 0 0 7598
             135.999 -1.59651 -7.77279 -64.8062   0.191326 -0.0417392  0.0756355 0.00579133  0.0815124 -0.0254503   0.0101679 -0.00132835  0.00429351   0.0973068  -0.0411239 -0.00214937 1 0 0 7924
             136.099 -2.40508 -7.16201 -63.1931   0.194214 -0.0393332  0.0719872  0.0174686  0.0257656 -0.0165607   0.0101508 -0.00130376  0.00431396   0.0970228  -0.0412134 -0.00195202 1 0 0 7956
               136.2 -2.30945 -7.05304 -62.5057   0.193946 -0.0398471  0.0739444 -0.00946621 0.000253777  0.00782143    0.010143 -0.00129551  0.00434989   0.0968239   -0.041018 -0.00211065 1 0 0 7879
             136.301 -2.69289 -6.09236 -61.7369   0.192813 -0.0399524  0.0697112 -0.0207809 -0.0134259 -0.0459131   0.0101572 -0.00130136  0.00435083   0.0968505   -0.041081 -0.00187327 1 0 0 8008
             136.399 -3.59654 -5.18687 -61.4211   0.192723 -0.0386252  0.0653437 -0.000857465   -0.0130321   -0.0378469   0.0101792 -0.00130601  0.00436788  0.0970352 -0.0413767 -0.0019331 1 0 0 8028
             136.501 -3.98526 -4.39905 -61.3387   0.193972 -0.0374403  0.0633094  0.00242742 -0.00921258 -0.00764197     0.01018 -0.00130543  0.00437754   0.0972143  -0.0416524 -0.00206485 1 0 0 7981
             136.601 -3.30515 -4.62833 -61.2279   0.195276 -0.0358719  0.0641101  0.00207029 -0.00668984  0.00973365   0.0101734 -0.00129212  0.00437786   0.0973588  -0.0419024 -0.00216441 1 0 0 8007
             136.701 -2.97229 -4.61113  -61.126   0.194948 -0.0336863  0.0616287 -0.00871099  0.00298636 -0.00815652   0.0101795 -0.00127493  0.00438553   0.0975801   -0.042044 -0.00195492 1 0 0 7982
             136.801 -2.47255 -4.52914 -60.8265   0.193003 -0.0332446  0.0611101  -0.0164233 -0.00702876     -0.0156   0.0101818 -0.00129127  0.00437943   0.0976298  -0.0420017 -0.00202108 1 0 0 7974
             136.899 -2.94839 -7.03442 -62.8671   0.190623 -0.0301689  0.0664275 -0.0292965  0.0213133  0.0244565   0.0102226 -0.00124843  0.00442498   0.0979229  -0.0421715 -0.00259778 1 0 0 7714
                 137 -3.12868 -6.36538 -61.8544    0.19141 -0.0297172  0.0656383 -0.00932903 0.000935578   0.0196969   0.0102149 -0.00129634  0.00436698   0.0976763  -0.0424639 -0.00226578 1 0 0 7674
             137.101 -2.89466 -6.24071 -61.7616   0.191527 -0.0294023  0.0651505  -0.0116873 -0.00205801 -0.00660783   0.0102145 -0.00129167   0.0043832   0.0976774  -0.0426377 -0.00215882 1 0 0 7695
               137.2 -3.08094 -6.12964 -61.6416   0.191263 -0.0273488  0.0633804 -0.00693426  0.00491377  -0.0139214   0.0102275 -0.00129956  0.00438842   0.0978224  -0.0428221 -0.00213348 1 0 0 7716
             137.299 -3.08845  -6.1848 -61.5407   0.194129 -0.0311606   0.060504 0.00996922 -0.0347363 -0.0235356   0.0102319 -0.00129421  0.00439078   0.0974859  -0.0430117 -0.00199887 1 0 0 7671
               137.4 -3.03647 -6.29995 -61.7493    0.19473 -0.0336697  0.0585379 -0.00346919  -0.0376666  -0.0113441   0.0102387 -0.00128621  0.00440319     0.09759  -0.0431324 -0.00201646 1 0 0 7689
               137.5 -2.56172 -6.31315 -61.9915   0.191809 -0.0339885   0.060587 -0.0276324 -0.0187493 0.00743423   0.0102295 -0.00129134  0.00439716   0.0978751  -0.0431402 -0.00227169 1 0 0 7758
               137.6 -2.38455 -6.30137 -62.0432   0.192483 -0.0342132  0.0622183 -0.00457756  -0.0106303   0.0116209   0.0102404 -0.00128844   0.0043943   0.0978669  -0.0435043 -0.00240946 1 0 0 7609
               137.7 -2.46014 -6.25075  -62.014   0.191709 -0.0334978  0.0630282  -0.0140202 -0.00343023  0.00598722  0.0102584 -0.0012932 0.00439565   0.0979842  -0.0435957 -0.00243315 1 0 0 7886
               137.8  -2.4278 -6.23239 -61.9752   0.190987 -0.0302623  0.0617627 -0.0163974  0.0112663 -0.0019098    0.010256 -0.00129089  0.00439194   0.0982174  -0.0438358 -0.00234544 1 0 0 7702
               137.9 -2.27148 -6.18034 -62.0735   0.19014 -0.032285 0.0649902 -0.0172661 -0.0173236    0.02586   0.0102721 -0.00130003  0.00439308  0.0980014 -0.0438899 -0.0025482 1 0 0 7584
                 138 -2.01258 -6.16068 -62.1701   0.190749 -0.0357691  0.0661153 -0.00613556  -0.0344237  0.00879245   0.0102803 -0.00130677  0.00440149   0.0978465  -0.0440597 -0.00246451 1 0 0 7867
               138.1 -2.01975 -6.15901 -62.2084   0.190812 -0.0359437  0.0636536 -0.00580587  -0.0157344  -0.0108586   0.0102798 -0.00129579  0.00440339    0.098062  -0.0442781 -0.00229131 1 0 0 7743
               138.2 -1.80817  -6.1543 -62.0473   0.190697 -0.0342606  0.0619706  -0.0111967 0.000871549  -0.0183371   0.0102868 -0.00129892   0.0043894   0.0982389  -0.0444867 -0.00230229 1 0 0 7610
               138.3 -1.96147 -6.12777  -62.027   0.192159 -0.0332948  0.0616359   0.0049945 -0.00136796 -0.00476918   0.0103067 -0.00129984  0.00440603   0.0982355   -0.044789 -0.00244541 1 0 0 7793
               138.4 -1.82233 -6.14183 -61.9955   0.190678 -0.0339996  0.0650716 -0.0182861 -0.0103846  0.0246564   0.0103113 -0.00129651  0.00440492  0.0982611 -0.0447103 -0.0026964 1 0 0 7846
               138.5 -1.74001 -6.17208 -61.8896   0.188001 -0.0325662  0.0655538   -0.032487 0.000617297  0.00699186   0.0103121 -0.00129167  0.00439847   0.0984551  -0.0447896 -0.00261521 1 0 0 7870
               138.6 -1.91683 -6.18975 -61.7909   0.187537 -0.0337452  0.0672788 -0.0152464 -0.0134179  0.0133873   0.0103298 -0.00129623  0.00440342   0.0982856  -0.0450219 -0.00270835 1 0 0 7749
               138.7  -1.9615 -6.13632 -61.7161   0.191094 -0.0329906  0.0659763   0.0187523 -0.00764487 -0.00029518   0.0103398 -0.00130291  0.00441134  0.0982914 -0.0455255 -0.0025588 1 0 0 7859
               138.8 -1.88388 -6.11858 -61.7105   0.189509 -0.0332205  0.0648736  -0.0181695  -0.0156587 -0.00891791   0.0103391 -0.00130109  0.00440749  0.0984608 -0.0453669 -0.0024823 1 0 0 7812
               138.9 -1.80681 -6.16686 -61.7409   0.189702 -0.0358936  0.0639543 -0.00950716  -0.0310339 -0.00922988   0.0103442 -0.00130066  0.00440555  0.0983442 -0.0455366 -0.0024873 1 0 0 7746
             138.999 -1.81347 -6.13522 -61.8414    0.19196 -0.0370382  0.0633168   0.0129694  -0.0225984 -0.00868592   0.0103567 -0.00130594   0.0044157   0.0983627  -0.0458947 -0.00256108 1 0 0 7754
               139.1 -1.86948 -6.15959 -61.8668   0.192322 -0.0376717  0.0639622 0.000195364   -0.019471  0.00111325   0.0103621 -0.00129374  0.00441758   0.0984965  -0.0459531 -0.00269933 1 0 0 7784
               139.2 -1.82278  -6.0886 -61.8855   0.191128 -0.0389902   0.063904   -0.0181284   -0.0236199 -0.000583572  0.0103609 -0.0013013 0.00441301   0.0985822  -0.0459512 -0.00268861 1 0 0 7824
               139.3 -1.84842  -6.1121 -61.9643   0.191114 -0.0385701  0.0647005 -0.00773359 -0.00807907    0.007031   0.0103728 -0.00129211  0.00442175   0.0986952   -0.046241 -0.00279284 1 0 0 7860
               139.4 -1.79523 -6.06168 -61.9476   0.190152 -0.0358415  0.0651428 -0.0158426  0.0101791 0.00481686   0.0103749 -0.00130263  0.00441651    0.098921  -0.0464136 -0.00282086 1 0 0 7985
             139.499 -1.64892 -6.11419 -61.9391   0.189303 -0.0346702  0.0635259 -0.0168379 0.00468795   -0.01089   0.0103762 -0.00129268  0.00442295   0.0989408  -0.0465173 -0.00267809 1 0 0 7755
             139.598 -1.76747 -6.22129 -61.8752   0.193223 -0.0359871  0.0625645  0.0205921 -0.0106859 -0.0110773   0.0103918 -0.00129657  0.00442556   0.0986495  -0.0469469 -0.00272376 1 0 0 7752
               139.7 -1.78616 -6.20791 -61.8915  0.194235 -0.038465 0.0642189 0.00389128  -0.031406   0.014522  0.0104041 -0.0013019 0.00443005   0.0986219  -0.0469238 -0.00288771 1 0 0 7847
               139.8 -1.41469 -6.31276  -61.932   0.191233 -0.0373638   0.062849 -0.0352559 -0.0100106 -0.0030715   0.0103919 -0.00129231  0.00442616   0.0989981  -0.0468914 -0.00270389 1 0 0 7867
             139.899 -1.18646 -6.32185 -62.1747   0.189647 -0.0361827  0.0627657  -0.0223581 0.000286302  -0.0044279   0.0104005 -0.00130546  0.00443414   0.0990883  -0.0471818 -0.00278483 1 0 0 7726
                 140 -1.26071  -6.3727 -62.2342   0.189881 -0.0359776  0.0626621  -0.00557355 -0.000943703   -0.0106602   0.0104176 -0.00129969  0.00443146   0.0990259  -0.0474075 -0.00287597 1 0 0 7755
             140.097 -1.58205 -6.27258 -62.0951   0.189682 -0.0341342  0.0628578 -0.00893148  0.00837646  0.00093347   0.0104328 -0.00131007  0.00443363   0.0991189  -0.0475543 -0.00299457 1 0 0 7728
               140.2 -1.48863 -6.32019 -62.0679    0.18966 -0.0348377  0.0630827 -0.0118563 -0.0146332 0.00834554   0.0104217 -0.00130043  0.00443467   0.0990369  -0.0476691 -0.00296156 1 0 0 8086
             140.299 -1.39288 -6.32425 -62.2032   0.192153 -0.0360868  0.0650268  0.0134628 -0.0156072  0.0175422   0.0104406 -0.00130791   0.0044433   0.0989472  -0.0480359 -0.00307231 1 0 0 7725
             140.398 -1.47392 -6.33963 -62.1646   0.193077 -0.0372781   0.067282 0.00364848 -0.0191381  0.0195838   0.0104554 -0.00130851  0.00444151   0.0989837  -0.0480819 -0.00314421 1 0 0 7784
               140.5 -1.42493 -6.37614 -62.1132   0.190467 -0.0388221  0.0673965 -0.0290194 -0.0259433 0.00610426   0.0104488 -0.00130997  0.00443655    0.099127  -0.0479254 -0.00301348 1 0 0 7810
               140.6 -1.37057  -6.3288 -62.1139   0.189995 -0.0377483  0.0644831  -0.017221 -0.0060959 -0.0151099  0.0104551 -0.0013179  0.0044432   0.0993128  -0.0482872 -0.00282513 1 0 0 7800
               140.7 -1.30375 -6.45111 -62.0753    0.18874 -0.0366664  0.0641864  -0.0262101 -0.00730514  0.00476238   0.0104679 -0.00130378  0.00444556   0.0993928  -0.0484904 -0.00289278 1 0 0 7801
               140.8 -0.695524  -6.43112  -62.5095   0.186315 -0.0359665  0.0671788  -0.0193125 -0.00313157   0.0153395   0.0104601 -0.00131762  0.00444429   0.0995269  -0.0486068 -0.00311792 1 0 0 7673
               140.9 -0.401942  -6.58402  -62.4847   0.186509 -0.0361215   0.069431 -0.00981781     -0.0204   0.0246092   0.0104705 -0.00131265   0.0044332   0.0995038  -0.0488096 -0.00319883 1 0 0 7581
                 141 0.354047 -6.80638 -63.3404   0.186471 -0.0392801  0.0672256  -0.0204179  -0.0393293 -0.00686768   0.0104718 -0.00131332  0.00445641   0.0994791  -0.0489688 -0.00282021 1 0 0 7396
             141.099 0.643641 -7.03308 -63.7072     0.1859 -0.0397089  0.0655258 -0.0113606    -0.0128 -0.0306529   0.0104755 -0.00131401  0.00443442    0.099619  -0.0492002 -0.00288048 1 0 0 7013
               141.2 0.339068  -7.0783  -63.661   0.184745 -0.0402721  0.0668959 -0.0186996 -0.0066468 0.00804307   0.0105024 -0.00131507  0.00443617   0.0995954  -0.0493048 -0.00319563 1 0 0 6927
               141.3 0.675932  -6.9352 -63.9568   0.183031 -0.0402577  0.0694391 -0.0254251 -0.0120096  0.0242455  0.0104973 -0.0013231 0.00443829   0.0996424  -0.0494152 -0.00329348 1 0 0 6932
               141.4  1.02763 -6.90863 -64.1787   0.182537 -0.0433219  0.0700243 -0.0138551 -0.0332151 0.00884297   0.0104974 -0.00131197   0.0044319   0.0995337  -0.0495341 -0.00317187 1 0 0 6920
               141.5  1.13555 -6.86103  -64.337   0.182714 -0.0435698  0.0715539 -0.00831497  -0.0163044   0.0124033   0.0105091 -0.00132348  0.00443506   0.0996715  -0.0498148 -0.00328246 1 0 0 6939
               141.6  1.19091 -6.91219 -64.4929   0.184117 -0.0445464  0.0713705 -0.000634334   -0.0156449     0.004912   0.0105073 -0.00131531   0.0044418  0.0996528 -0.0500689 -0.0031879 1 0 0 6812
             141.699  1.32729 -6.90455 -64.4502   0.183085 -0.0458782  0.0700299 -0.0150369 -0.0217604 -0.0123032   0.0105033 -0.00131631  0.00442668   0.0997238  -0.0500468 -0.00306439 1 0 0 6887
               141.8  1.26581 -6.87258 -64.4678   0.182658 -0.0445747  0.0709082 -0.00795391 -0.00323005 -0.00162352  0.0105213 -0.0013128 0.00444494   0.0999193  -0.0502892 -0.00327167 1 0 0 6996
               141.9  1.07337 -6.87722 -64.4162    0.18604 -0.0442618  0.0686334   0.0134848 -0.00663755 -0.00985596  0.0105199 -0.0013125 0.00444596   0.0998767  -0.0506922 -0.00312109 1 0 0 6933
             141.999  1.15319 -6.84519 -64.5665   0.186775 -0.0461924  0.0715269 0.00511036 -0.0178591  0.0152248   0.0105274 -0.00131736  0.00445433   0.0998007  -0.0507126 -0.00337909 1 0 0 6949
               142.1 0.990847 -6.86538 -64.4032   0.184602 -0.0453611  0.0708562  -0.0209035  -0.0115415 -0.00489863   0.0105324 -0.00131306   0.0044424    0.100069  -0.0506377 -0.00328653 1 0 0 6939
               142.2 0.908425 -6.81643 -64.4522   0.184339 -0.0452271  0.0705494  -0.0149061  -0.0103121 0.000607796   0.0105318 -0.00131777  0.00444963    0.100115  -0.0508906 -0.00330434 1 0 0 6937
               142.3  1.02049 -6.80476 -64.5185   0.184296 -0.0456266  0.0693962  -0.0140161  -0.0102069 -0.00527699   0.0105232 -0.00131356  0.00445646    0.100132  -0.0510904 -0.00320961 1 0 0 6927
               142.4  1.10628 -6.80427 -64.5776   0.184547 -0.0447833  0.0688933 -0.00509171 -0.00203056 -0.00808123   0.0105297 -0.00131509  0.00446322    0.100227  -0.0513365 -0.00324922 1 0 0 6936
             142.499 0.929058 -6.77501  -64.412   0.185579 -0.0436093  0.0699963 0.000467626  0.00131451  0.00600196   0.0105353 -0.00132388  0.00445794    0.100262  -0.0515782 -0.00342868 1 0 0 6925
             142.599 0.995227 -6.75946 -64.4245   0.186816 -0.0447337  0.0685973 -0.00115039  -0.0132173 -0.00721957   0.0105305 -0.00132338  0.00446314    0.100203  -0.0516833 -0.00326129 1 0 0 6943
             142.698 0.953372 -6.76368 -64.3984   0.186388 -0.0459858  0.0680908  -0.0113348  -0.0211398 -0.00549334   0.0105446 -0.00132119  0.00446268    0.100235  -0.0517258 -0.00328524 1 0 0 6912
             142.797 0.940721 -6.71225 -64.4442   0.184522 -0.0467447  0.0690012 -0.0221301 -0.0226048  0.0102793  0.0105535 -0.0013304 0.00446631    0.100359  -0.0518028 -0.00340582 1 0 0 6880
             142.899  1.25603 -6.71308 -64.5583   0.185379 -0.0454431  0.0706911 -0.00517324  0.00140118   0.0119993  0.0105458 -0.0013255 0.00447346    0.100486  -0.0522196 -0.00350492 1 0 0 6903
             142.999   1.0647 -6.72631 -64.4539   0.184878 -0.0431552  0.0717141 -0.0087254  0.0113068 0.00822398   0.0105665 -0.00132353  0.00447173    0.100621  -0.0523243 -0.00354445 1 0 0 6853
             143.098   0.8953 -6.72948  -64.432   0.185058 -0.0435637  0.0720653 -0.0101952 -0.0074486 0.00899468   0.0105758 -0.00131961  0.00447802    0.100551  -0.0524262 -0.00351041 1 0 0 6868
               143.2  1.06734 -6.61659 -64.5176   0.183808 -0.0424953  0.0723877  -0.0213403 -0.00269637  0.00866395  0.0105708 -0.0013341 0.00448304    0.100699  -0.0525519 -0.00347478 1 0 0 6858
               143.3  1.26241 -6.75365 -64.4043   0.184168 -0.0460118  0.0689912 -0.0161612 -0.0291287 -0.0258463   0.0105663 -0.00131458  0.00447544    0.100455  -0.0526728 -0.00316945 1 0 0 6784
             143.399  1.30357 -6.74636 -64.2428   0.183639 -0.0477093  0.0662279 -0.0120293 -0.0306511 -0.0257252   0.0105674 -0.00132902  0.00447818    0.100519  -0.0528488 -0.00318215 1 0 0 6837
             143.499  1.22757 -6.68352  -64.213  0.182453 -0.047133 0.0683488  -0.0130084 -0.00958209  0.00754753    0.010584 -0.00133589  0.00447675    0.100742  -0.0530344 -0.00357073 1 0 0 6815
             143.601  1.02866 -6.75356  -64.247   0.182601 -0.0472045  0.0698875 -0.0102128 -0.0125845  0.0188579   0.0105983 -0.00132093  0.00448479     0.10077  -0.0532565 -0.00364364 1 0 0 6748
             143.701  1.25422 -6.67948 -64.3697   0.183145 -0.0460235  0.0708097 -0.00698087 -0.00156563   0.0139765   0.0105925 -0.00133376  0.00448774    0.100912  -0.0535119 -0.00358417 1 0 0 6708
               143.8  1.18601 -6.69675  -64.365   0.182689 -0.0449723  0.0706203   -0.0104203   0.00154528 -2.59331e-05   0.0106024 -0.00132633  0.00448912    0.100994  -0.0536033 -0.00352243 1 0 0 6793
               143.9  1.04213 -6.69606 -64.2437   0.181156 -0.0435592  0.0712184 -0.0171088 0.00415713 0.00220524   0.0106127 -0.00132963   0.0044844    0.101107  -0.0536589 -0.00360646 1 0 0 6702
                 144 0.962197 -6.76142 -64.2087  0.182307  -0.04683 0.0692871 -0.00884758  -0.0284821 -0.00980928   0.0106083 -0.00132331  0.00449381   0.100823 -0.0538123 -0.0034141 1 0 0 6680
               144.1  1.00635 -6.75589 -64.2141  0.183041 -0.047935 0.0705774 -0.00383347  -0.0232509  0.00907386   0.0106166 -0.00132442  0.00448868    0.100887  -0.0540859 -0.00358657 1 0 0 6810
               144.2  1.06207 -6.71817 -64.2216   0.180413 -0.0465854  0.0726037    -0.020419 -3.89004e-05    0.0103354    0.010622 -0.00133975  0.00448645    0.101177   -0.054081 -0.00373439 1 0 0 6713
             144.299 0.693791 -6.71664  -64.106   0.183906 -0.0465315  0.0709997   0.0102474  -0.0118141 -0.00163047   0.0106268 -0.00132495  0.00449864   0.101073 -0.0545622  -0.003581 1 0 0 6695
             144.399  1.16205 -6.62786 -64.2113   0.184191 -0.0444141  0.0688507 -7.32815e-05   0.00406962    -0.011155   0.0106113 -0.00134194  0.00450391    0.101325  -0.0546434 -0.00340714 1 0 0 6759
               144.5  1.19567 -6.71172 -64.1153   0.183341 -0.0417625  0.0664066 -0.0120801  0.0120041 -0.0298411   0.0106242 -0.00133919   0.0044973    0.101498   -0.054697 -0.00340551 1 0 0 6732
               144.6 0.785424  -6.6732 -64.0332   0.182746 -0.0411972  0.0663109   -0.015184  -0.0017004 -0.00536486   0.0106334 -0.00134928  0.00451023     0.10144  -0.0548242 -0.00361544 1 0 0 6715
             144.699 0.976721 -6.70327 -64.0505    0.18407 -0.0449805  0.0678902 -0.00667689  -0.0347409   0.0192189   0.0106214 -0.00134164  0.00451056    0.101145  -0.0550293 -0.00367435 1 0 0 6714
               144.8  1.29786 -6.65405 -64.1129   0.184681 -0.0450167  0.0671382  -0.0011379  -0.0165215 -0.00578593   0.0106183 -0.00134333  0.00450509    0.101351  -0.0552845 -0.00353623 1 0 0 6758
               144.9  1.18124 -6.60066 -64.0995   0.183638 -0.0435932   0.069151 -0.00927173  0.00194363  0.00793709    0.010634 -0.00135218  0.00450852    0.101554  -0.0553753 -0.00380008 1 0 0 6740
                 145  1.04361   -6.681 -64.0754   0.183907 -0.0421928  0.0703488 -0.0067737 0.00444929   0.012762   0.0106434 -0.00134301  0.00451876    0.101611  -0.0555764 -0.00385109 1 0 0 6792
               145.1  1.12398 -6.66477 -64.0485   0.184367 -0.0430176  0.0672217 -0.0115408   -0.01557 -0.0129878   0.0106377 -0.00134908  0.00452165    0.101572  -0.0556788 -0.00349168 1 0 0 6734
               145.2  1.23133 -6.63521  -64.052   0.181322 -0.0418368  0.0692549  -0.0288999 -0.00531045   0.0101758   0.0106435 -0.00135686  0.00451795   0.101804 -0.0557349 -0.0037745 1 0 0 6795
             145.299  1.26763 -6.61615 -64.1316   0.182092 -0.0436886  0.0716422 -0.00693349  -0.0189197   0.0169998   0.0106535 -0.00134992  0.00452411    0.101622  -0.0560437 -0.00389057 1 0 0 6717
               145.4   1.2378 -6.57618 -64.1983   0.181888 -0.0454232  0.0712494   -0.010012  -0.0188631 0.000851379   0.0106573 -0.00135935  0.00452743    0.101639  -0.0561176 -0.00374307 1 0 0 6725
               145.5  1.10913 -6.63019 -64.0818   0.182414 -0.0442833   0.069264  -0.0044948 -0.00681789   -0.014885   0.0106614 -0.00135285  0.00452516    0.101821  -0.0563603 -0.00365014 1 0 0 6832
             145.599 0.988809 -6.60991 -64.0467   0.181962 -0.0429484   0.070283  -0.0106388 -0.00234717  0.00821331   0.0106656 -0.00135616  0.00452991    0.101966  -0.0565264 -0.00384618 1 0 0 6755
             145.699  1.09844 -6.65492 -64.0675   0.184202 -0.0452069  0.0682697  0.00220626  -0.0230365 -0.00930446   0.0106545 -0.00134578  0.00453091   0.101786 -0.0567562 -0.0036155 1 0 0 6623
             145.798  1.19337 -6.58039 -64.0605   0.183829 -0.0449013  0.0664733 -0.00963081  -0.0134905  -0.0150693   0.0106567 -0.00135828  0.00452356    0.101989  -0.0568604 -0.00357715 1 0 0 6709
               145.9  1.19832 -6.51347 -64.1033   0.183631 -0.0433922  0.0683783 -0.0051991 0.00489307 0.00625565   0.0106669 -0.00136904  0.00452455    0.102133  -0.0570824 -0.00387753 1 0 0 6663
                 146  1.10184 -6.53745  -64.131   0.183825 -0.0418426  0.0708457 -0.00449451  0.00537111   0.0201308   0.0106754 -0.00136489  0.00454187    0.102189  -0.0572335 -0.00404036 1 0 0 6719
             146.099  1.05196 -6.47929 -64.1267  0.183263 -0.045532 0.0702478 -0.0179864 -0.0374278 0.00434338   0.0106833 -0.00137291  0.00453333    0.101991  -0.0571545 -0.00380711 1 0 0 6660
             146.199  1.18587 -6.48374  -64.266   0.180978 -0.0450601  0.0702605 -0.0296484 -0.0162503 0.00393983  0.0106726 -0.0013668 0.00454286     0.10228  -0.0573235 -0.00381102 1 0 0 6543
               146.3  1.32973 -6.52354 -64.4007   0.181543 -0.0447509  0.0707765 -0.00602176 -0.00416414  0.00291248   0.0106769 -0.00135605  0.00455148    0.102315  -0.0576905 -0.00385962 1 0 0 6612
               146.4  1.20561 -6.51741 -64.3329   0.183405 -0.0449124  0.0686652   0.0056119 -0.00832505  -0.0141754   0.0106816 -0.00136119  0.00454883    0.102295  -0.0579233 -0.00372138 1 0 0 6643
               146.5  1.15634 -6.46506 -64.2568    0.18353 -0.0443857  0.0704152 -0.00433176 -0.00835575   0.0113463   0.0106895 -0.00137799  0.00454472    0.102394  -0.0580407 -0.00396033 1 0 0 6721
             146.599  1.30581 -6.48208 -64.2874   0.183866 -0.0446172  0.0708587 -0.00559707  -0.0104757  0.00529962   0.0106833 -0.00136954  0.00454584   0.102429 -0.0581768 -0.0039185 1 0 0 6649
             146.699  1.18194 -6.52085 -64.2817   0.183786 -0.0445313  0.0709085 -0.00735453 -0.00867423 0.000164111   0.0106971 -0.00136332  0.00455389    0.102495   -0.058293 -0.00392175 1 0 0 6589
             146.798  1.23451 -6.46159 -64.2384   0.183394 -0.0444147  0.0688887  -0.0139073 -0.00951713  -0.0127595     0.01069 -0.00137719  0.00455435    0.102574  -0.0583936 -0.00377582 1 0 0 6592
               146.9   1.3172 -6.46817 -64.2438   0.181333 -0.0439111  0.0680277  -0.0243044 -0.00368462 -0.00810855   0.0106915 -0.00137632  0.00456043    0.102689  -0.0584612 -0.00381846 1 0 0 6612
                 147  1.29018 -6.47306 -64.1393   0.180945 -0.0423452  0.0694347 -0.0143845 0.00336294  0.0101214   0.0107074 -0.00137324  0.00455494    0.102754  -0.0587794 -0.00401381 1 0 0 6636
             147.098  1.44065 -6.49623 -64.0733   0.181852 -0.0446127  0.0687696 -0.00369635   -0.021045 -0.00374441   0.0106999 -0.00137108  0.00455367    0.102563  -0.0589059 -0.00388132 1 0 0 6586
               147.2  1.31429 -6.49872 -64.0454   0.182678 -0.0454926  0.0696008 0.000334477  -0.0208487  0.00484881   0.0107146 -0.00137346  0.00455486    0.102634  -0.0591198 -0.00401345 1 0 0 6624
               147.3  1.31116 -6.50584 -64.1072   0.182013 -0.0425406  0.0694724  -0.0100752  0.00793966 0.000327577   0.0107124 -0.00137126  0.00456594    0.102988  -0.0592943 -0.00402654 1 0 0 6623
               147.4  1.21698 -6.49514 -64.1099   0.182471 -0.0405141  0.0700972 -0.00367581  0.00922144  0.00656986   0.0107148 -0.00137458  0.00457113    0.103038  -0.0595132 -0.00409261 1 0 0 6746
               147.5  1.22215 -6.50283 -64.0618   0.182494 -0.0419288  0.0692573  -0.0112261  -0.0129435 -0.00572234   0.0107148 -0.00137653  0.00456812    0.102899  -0.0595176 -0.00396516 1 0 0 6687
               147.6  1.09048 -6.47965 -64.0292   0.181712 -0.0436191   0.069438   -0.0140317   -0.0213451 -0.000745324   0.0107309 -0.00138615  0.00456473    0.102877  -0.0595991 -0.00402735 1 0 0 6576
               147.7  1.07361 -6.51647 -64.0342   0.183449 -0.0434172  0.0683147 0.000925511  -0.0120661 -0.00466738   0.0107246 -0.00138437  0.00457926    0.102958  -0.0599708 -0.00397654 1 0 0 6494
               147.8  1.03088 -6.54816 -63.9817    0.18574 -0.0455469  0.0662733  0.0119697 -0.0248596  -0.015245   0.0107235 -0.00138024  0.00457736     0.10287  -0.0601455 -0.00386566 1 0 0 6714
             147.899 0.930095  -6.5943 -63.9289   0.183768 -0.0468959  0.0694221 -0.0182776  -0.025989  0.0164004   0.0107409 -0.00137704  0.00457977    0.103008  -0.0600591 -0.00423122 1 0 0 6614
             147.998 0.952538 -6.55051 -63.9326  0.182435 -0.044087 0.0710282  -0.018225 0.00595158  0.0190574   0.0107423 -0.00138397   0.0045774    0.103363  -0.0603376 -0.00428673 1 0 0 6592
             148.097 0.982562 -6.49304 -63.9781   0.182638 -0.0409352    0.07099 -0.0100905  0.0164003 0.00666305   0.0107369 -0.00139755  0.00459323    0.103498  -0.0606216 -0.00419044 1 0 0 6387
               148.2  1.02592 -6.55773 -63.9803   0.184436 -0.0456439  0.0692569 -0.000110829   -0.0337083  -0.00968324  0.0107407  -0.001384 0.00459313    0.103059  -0.0606587 -0.00395371 1 0 0 7069
             148.299  0.99868 -6.56782 -63.9452   0.184332 -0.0455276   0.067646 -0.0077803 -0.0190257 -0.0143882   0.0107544 -0.00137983  0.00458456      0.1033  -0.0608304 -0.00395857 1 0 0 6526
               148.4  1.06762 -6.53204      -64   0.183609 -0.0445892  0.0682162  -0.0129865 -0.00644541  0.00341551   0.0107478 -0.00138976  0.00459266   0.103482  -0.060997 -0.0041296 1 0 0 6732
               148.5  1.17046 -6.49285  -64.058   0.185002 -0.0448649  0.0681202  0.00160046 -0.00803851 -0.00236982   0.0107463 -0.00139459  0.00459334    0.103439  -0.0612675 -0.00411959 1 0 0 6701
               148.6   1.1204 -6.52589 -64.0212   0.184847 -0.0453836  0.0683795 -0.00661415    -0.01296 -0.00196079   0.0107543 -0.00138776  0.00459455    0.103472   -0.061298 -0.00417161 1 0 0 6639
             148.699 0.935529 -6.53662  -64.027   0.182674 -0.0431017  0.0700066 -0.0228767 0.00374018  0.0113217   0.0107708 -0.00138903  0.00460226    0.103739  -0.0613772 -0.00435459 1 0 0 6629
               148.8 0.981387 -6.46627 -64.0686   0.182529 -0.0434552  0.0709579 -0.0168022 -0.0105654  0.0161207   0.0107636 -0.00140329  0.00461133    0.103658  -0.0615874 -0.00431456 1 0 0 6625
               148.9  1.13413 -6.48482 -64.0805    0.18182 -0.0419302  0.0718971 -0.0141384 0.00304206  0.0114471   0.0107664 -0.00140132  0.00459452    0.10381   -0.06179 -0.0042997 1 0 0 6559
                 149  1.10843 -6.54857  -64.041     0.1826 -0.0428721  0.0699973 -0.00413186 -0.00781812  -0.0155372   0.0107791 -0.00139415  0.00459848    0.103692  -0.0619307 -0.00410081 1 0 0 6825
               149.1 0.902917 -6.55842 -63.9509   0.183162 -0.0424703  0.0689135 -0.00261381 -0.00627014 -0.00884815   0.0107836 -0.00139709  0.00460959    0.103757  -0.0621121 -0.00416133 1 0 0 6657
               149.2  1.00628 -6.56803 -63.8912   0.183715 -0.0438669  0.0690533 -0.00579435  -0.0217679 0.000972203   0.0107737 -0.00140352  0.00460765    0.103713  -0.0622433 -0.00421052 1 0 0 6697
             149.299  1.08947 -6.59566 -63.9111    0.18353 -0.0455353  0.0678581 -0.00736584   -0.022458  -0.0101586   0.0107782 -0.00139638  0.00461276     0.10376  -0.0623211 -0.00413732 1 0 0 6650
               149.4  1.01088 -6.62402 -63.8782   0.184042 -0.0434904  0.0685165  -0.0014178 0.000534953   0.0020834   0.0107941 -0.00139113  0.00461476    0.104002  -0.0626425 -0.00433371 1 0 0 6739
             149.499 0.948668 -6.57516 -63.7979  0.183465 -0.042882 0.0691847  -0.0125221 -0.00435094  0.00606347   0.0107923 -0.00140559  0.00461621    0.104047  -0.0626926 -0.00437566 1 0 0 6641
               149.6  1.01914 -6.59558 -63.8222   0.185109 -0.0438661  0.0698782 0.00125644 -0.0135908 0.00853123   0.0107964 -0.00139985  0.00461386    0.103951  -0.0629603 -0.00436232 1 0 0 6679
               149.7  1.03679 -6.57769 -63.8503   0.185866 -0.0451274  0.0695135 -0.00054136  -0.0185402 0.000449684   0.0107956 -0.00140194  0.00462155    0.103958  -0.0630592 -0.00429001 1 0 0 6785
               149.8  1.05201 -6.55066   -63.86   0.183752 -0.0444186  0.0700204  -0.0204933 -0.00825055 0.000652519   0.0108076 -0.00140491  0.00461588    0.104196   -0.063058 -0.00436718 1 0 0 6743
               149.9 0.996493 -6.55402 -63.8942   0.185066 -0.0446455  0.0679787 -0.00306076 -0.00882842  -0.0128465   0.0108027 -0.00140289  0.00462452    0.104171  -0.0633716 -0.00423559 1 0 0 6818
             149.999   1.0859 -6.49583 -63.9458   0.184497 -0.0438795  0.0666945  -0.0147665 -0.00607443 -0.00789003   0.0108018 -0.00141888  0.00463079    0.104308  -0.0634857 -0.00422585 1 0 0 6712
               150.1   1.1677 -6.53135 -63.9864   0.183988 -0.0446572  0.0674763  -0.00902377   -0.0112444 -0.000934694   0.0108113 -0.00140837  0.00462932   0.104274 -0.0636157 -0.0043698 1 0 0 6703
               150.2  1.01003 -6.49238 -63.9048   0.185683 -0.0439204  0.0681715  0.00520375 -0.00458823  0.00516118  0.0108203 -0.0014186 0.00462726    0.104325  -0.0639337 -0.00448228 1 0 0 6631
             150.301  0.96664  -6.5308 -63.8808   0.187016 -0.0471331  0.0697794   0.001658 -0.0312751  0.0155688  0.0108253 -0.0014118 0.00462448   0.104145 -0.0639736 -0.0045293 1 0 0 6726
             150.399  1.05299 -6.54479 -63.9837   0.185576 -0.0460954  0.0711158  -0.0165676 -0.00901321   0.0144409   0.0108233 -0.00140538  0.00463967    0.104464  -0.0640547 -0.00455899 1 0 0 6764
               150.5 0.989254 -6.53316 -63.9428     0.1825 -0.0449471  0.0708339  -0.0339585 -0.00236703  0.00120069   0.0108372 -0.00140861  0.00463764    0.104653  -0.0640567 -0.00447254 1 0 0 6678
               150.6  1.02463 -6.54365 -63.9783   0.182495 -0.0451282  0.0694366  -0.0165118 -0.00839803 -0.00693105    0.010834 -0.00140562  0.00464695    0.104592  -0.0643599 -0.00436966 1 0 0 6733
             150.701  1.04579 -6.50038 -63.9471   0.183072 -0.0460838   0.067808 -0.00835093  -0.0128525  -0.0155343   0.0108447 -0.00141503  0.00463908   0.104532 -0.0645659 -0.0043118 1 0 0 6934
               150.8  1.00377 -6.55065 -63.9077   0.185099 -0.0465922  0.0662046  0.00763023  -0.0109595 -0.00982091   0.0108445 -0.00141146  0.00464549    0.104502  -0.0648459 -0.00431679 1 0 0 6672
             150.899  1.02206 -6.51066 -63.8296   0.185929 -0.0447302  0.0683241 0.00190631 0.00153457  0.0117048   0.0108553 -0.00141427  0.00464633    0.104667  -0.0650652 -0.00458888 1 0 0 6639
                 151   1.1007 -6.52202 -63.7569   0.184612 -0.0454577  0.0703574 -0.0140773 -0.0135169  0.0165002   0.0108553 -0.00141647  0.00464348    0.104674  -0.0649681 -0.00463856 1 0 0 6670
               151.1  1.05628 -6.53697 -63.7555   0.183171 -0.0444445  0.0712687  -0.0200941 -0.00515375   0.0128077   0.0108609 -0.00141646  0.00465131     0.10485  -0.0651119 -0.00463103 1 0 0 6790
             151.201   1.1215 -6.50599  -63.768   0.182469 -0.0445997  0.0708303   -0.0164846  -0.00949353 -0.000856088   0.0108661 -0.00141843  0.00465768    0.104867  -0.0652652 -0.00452037 1 0 0 6749
             151.299  1.13379 -6.50585 -63.7517   0.182466 -0.0449354  0.0697171 -0.00992377  -0.0106594  -0.0091396   0.0108712 -0.00141946  0.00465872   0.104878 -0.0654433 -0.0044658 1 0 0 6618
             151.401  1.07874 -6.53552 -63.7263   0.185621 -0.0478599  0.0675083  0.0121156 -0.0301369 -0.0175948   0.0108763 -0.00141824  0.00465166    0.104672  -0.0657386 -0.00436541 1 0 0 6780
             151.501  1.00236 -6.50102 -63.7437   0.185503 -0.0473809  0.0682965 -0.00306029  -0.0138377  0.00260509   0.0108891 -0.00141569  0.00465727    0.104927  -0.0658475 -0.00458242 1 0 0 6761
             151.601   1.0886 -6.49009 -63.7939   0.184286 -0.0471708  0.0706925   -0.017409 -0.00888135   0.0212096  0.0108909  -0.001414 0.00466467    0.105047  -0.0659171 -0.00474019 1 0 0 6700
             151.699  1.22481 -6.43363 -63.8711   0.181991 -0.0463548  0.0726617  -0.0244518 -0.00186052   0.0151913  0.0108922 -0.0014254 0.00466277    0.105184  -0.0659822 -0.00476972 1 0 0 6678
             151.801  1.13041 -6.49187 -63.8409   0.181268 -0.0426937  0.0706252 -0.0177936  0.0192245  -0.011755   0.0109024 -0.00141194  0.00466701    0.105402  -0.0662426 -0.00457331 1 0 0 6783
             151.901 0.963354  -6.4984 -63.7877  0.181785 -0.043763 0.0695739 -0.00895765 -0.00979314 -0.00710051   0.0109121 -0.00141363  0.00466889    0.105169  -0.0663746 -0.00454732 1 0 0 6817
                 152  1.14969 -6.48423 -63.7965   0.183704 -0.0457687  0.0706051 0.00682358 -0.0201537 0.00450337   0.0109035 -0.00142065  0.00466715    0.105015  -0.0666173 -0.00465531 1 0 0 6675
             152.101 0.995684 -6.45054 -63.7216    0.18476 -0.0480179  0.0715664   0.003566 -0.0252564  0.0076583   0.0109188 -0.00143389  0.00465854    0.104991  -0.0666916 -0.00471653 1 0 0 6793
             152.199 0.985939 -6.47524 -63.7587  0.183278 -0.045677 0.0711221  -0.0160747 -0.00300615 -0.00249087   0.0109215 -0.00142495  0.00466927    0.105373   -0.066775 -0.00468338 1 0 0 6783
             152.299 0.794993   -6.536 -63.7008   0.185179 -0.0443496  0.0691004  0.00301294 0.000819111 -0.00908783   0.0109243 -0.00141646  0.00467465     0.1054 -0.0671126 -0.0045794 1 0 0 6749
             152.398   1.0588 -6.49002 -63.7601    0.18478 -0.0451952  0.0690149 -0.0137974 -0.0142324 0.00184853   0.0109144 -0.00142915  0.00467498    0.105387  -0.0671304 -0.00458782 1 0 0 6793
             152.501  1.22585 -6.50283 -63.8228   0.183482 -0.0441969  0.0705006 -0.0119899 0.00182502 0.00237741   0.0109236 -0.00142269  0.00467719    0.105535  -0.0672614 -0.00475689 1 0 0 6904
               152.6 0.964732 -6.51533 -63.7132   0.183166 -0.0432069  0.0691109  -0.011873 0.00148898 -0.0130007   0.0109365 -0.00142797    0.004675    0.105572  -0.0673794 -0.00468753 1 0 0 6831
             152.699 0.807427 -6.46049  -63.587  0.184113 -0.043006 0.0684999 -0.00643673  -0.0121375  0.00316423   0.0109438 -0.00143315   0.0046819    0.105542  -0.0676155 -0.00470419 1 0 0 6783
               152.8  1.14255 -6.48011 -63.7937   0.185086 -0.0462737  0.0683624 -0.00375041  -0.0311156  0.00113463   0.0109351 -0.00142515  0.00468906    0.105398  -0.0677484 -0.00463233 1 0 0 6853
               152.9  1.22663 -6.44548 -63.8001   0.183987 -0.0470023  0.0701042 -0.0100085  -0.012252 0.00247638   0.0109412 -0.00143364   0.0046818    0.105549  -0.0678083 -0.00482464 1 0 0 6916
             152.999 0.922102 -6.55352 -63.7362   0.183657 -0.0450208  0.0699295 -0.00995536   0.0137763  0.00529091   0.0109646 -0.00142431  0.00468957    0.105717  -0.0680072 -0.00483842 1 0 0 6867
             153.099 0.673183  -6.5039 -63.7353   0.182559 -0.0451545  0.0703055 -0.0187822 -0.0146388 0.00674599   0.0109675 -0.00143502   0.0046916    0.105692  -0.0681026 -0.00484123 1 0 0 7172
             153.199 0.892725 -6.59374 -63.6297   0.181658 -0.0444447  0.0708411 -0.0165877 -0.0155044  0.0102421  0.0109617 -0.0014242 0.00468785    0.105861  -0.0682509 -0.00481921 1 0 0 7396
               153.3  1.22014  -6.8013 -63.6964   0.182769 -0.0469891  0.0729617 0.00208859  -0.013105  0.0162578   0.0109639 -0.00142331  0.00469649    0.105708  -0.0684763 -0.00488283 1 0 0 7732
               153.4 0.910163 -7.08204 -62.9449   0.185992 -0.0475935  0.0713297   0.019428 -0.0152632 -0.0202172   0.0109794 -0.00143179  0.00468508    0.105668  -0.0687459 -0.00470614 1 0 0 7759
             153.499 0.0292358  -7.55765  -62.1119   0.187127 -0.0486331  0.0708196 -0.00545641 -0.00954893   0.0383106   0.0109975 -0.00141864  0.00469351    0.105714  -0.0688222 -0.00469654 1 0 0 8014
             153.599 0.650296 -6.66085 -60.7745   0.183771 -0.0455461  0.0789079 -0.0523832  0.0333583   0.131556   0.0109694 -0.00144953  0.00467992    0.105848   -0.068956 -0.00472583 1 0 0 8155
               153.7 -0.345401  -3.02221  -60.1096   0.179908 -0.0421667   0.100275 -0.0348735  0.0504832   0.253591   0.0110103 -0.00151538  0.00469884    0.105688  -0.0691017 -0.00497233 1 0 0 8765
               153.8 -0.593843   1.77375  -61.4879   0.179539 -0.0346529   0.131768 -0.00539321    0.101984    0.325783    0.010995 -0.00153684  0.00474872     0.10565  -0.0693442 -0.00515126 1 0 0 9671
               153.9 -3.42281  5.17437 -63.0652    0.18262 -0.0179893   0.157544 0.024442  0.18795 0.205152  0.0110393 -0.0015104 0.00476648    0.105686  -0.0697389 -0.00499793 1 0 0 10538
                 154 -5.28424  6.04817 -64.3687    0.18782 0.00457103   0.173274 0.0534117  0.182954  0.116498   0.0110064 -0.00144472  0.00479003    0.105989  -0.0701295 -0.00503658 1 0 0 11224
             154.099 -7.34908  6.50239 -65.3645  0.189246 0.0202671  0.181453 -0.000768339     0.139907    0.0521136   0.0110144 -0.00144002  0.00479464    0.106147   -0.069924 -0.00508652 1 0 0 11528
             154.198 -6.59763  6.20392 -65.6391  0.183938 0.0344705  0.182139 -0.0617043  0.0942291   0.031936   0.0109207 -0.00142185  0.00480372    0.106541  -0.0697914 -0.00442958 1 0 0 11744
               154.3 -5.73266    6.975 -64.9024  0.171875 0.0389821  0.182434  -0.109528   0.024843 -0.0660322   0.0109575 -0.00145589  0.00474777   0.106443 -0.0692103 -0.0046089 1 0 0 11861
               154.4 -7.80084  7.93481 -64.3733  0.174535 0.0358006  0.172175  0.0717871 -0.0964286  -0.103148   0.0110282 -0.00146389  0.00478673   0.106127 -0.0700157 -0.0046144 1 0 0 11640
             154.499 -6.60073  7.36914 -68.2502  0.188375 0.0281025  0.166481   0.158851  -0.107872 -0.0096091   0.0109459 -0.00143051  0.00487949    0.106364   -0.070415 -0.00458841 1 0 0 11753
             154.599   -3.514  3.67615 -71.6354  0.198693 0.0215369  0.169249  0.0733616 -0.0689576  0.0223168   0.0108878 -0.00134753  0.00485005    0.106834  -0.0702368 -0.00465467 1 0 0 11474
             154.698 -1.50965  1.60439 -74.0566  0.201385 0.0152078  0.168962 -0.0238069 -0.0673295 0.00809358     0.01089 -0.00136712  0.00481522   0.106885   -0.07033 -0.0043905 1 0 0 11430
               154.8  2.04132 0.272989 -76.3674  0.194151 0.0112952  0.166063 -0.0991568 -0.0186304 -0.0502727   0.0108638 -0.00137582  0.00478957    0.106988  -0.0702869 -0.00416028 1 0 0 11233
               154.9  3.31683 -0.19004 -77.1752  0.186266 0.0113639  0.163505  -0.0846985 -0.00120653  -0.0171517    0.010913 -0.00139352  0.00474056    0.107044  -0.0705634 -0.00437224 1 0 0 11075
                 155   5.13884 -0.363392  -78.2401   0.183927 0.00941791   0.164488  -0.0409222 -0.00826843  0.00689643   0.0109159 -0.00139449  0.00473275    0.106805  -0.0711647 -0.00452058 1 0 0 10861
               155.1  5.34841  1.41276 -76.5545   0.183482 0.00810991   0.165535 -0.0300279 -0.0135027  0.0156501   0.0109474 -0.00145497  0.00468277    0.106695  -0.0716253 -0.00448536 1 0 0 10957
               155.2  5.51508  3.28872 -75.9763   0.178581 0.00284375   0.171347  -0.066743 -0.0635056   0.067485   0.0109638 -0.00146055  0.00469667    0.106584  -0.0716703 -0.00475589 1 0 0 10996
               155.3  6.40301  5.03428 -75.9646    0.173245 -0.00245914    0.178149 -0.0539074 -0.0568771  0.0608334     0.01096 -0.00145551  0.00471484   0.106529  -0.071791 -0.0047527 1 0 0 11066
               155.4  4.88726  6.19652 -75.8883    0.171751 -0.00778803    0.181155 -0.0123693  -0.072134 0.00611541   0.0110197 -0.00143783  0.00471383    0.106642  -0.0721098 -0.00467043 1 0 0 11111
             155.499  3.49957  6.56215 -76.7137   0.174947 -0.0117132   0.179481  0.0353911 -0.0559866 -0.0165228   0.0110156 -0.00140624    0.004742    0.106973  -0.0725466 -0.00447115 1 0 0 11299
             155.599  3.35616  8.04987 -75.4258   0.179723 -0.0138393   0.180062  0.0163107 -0.0370374  0.0410506   0.0109952 -0.00145086  0.00471685    0.107151  -0.0727969 -0.00443059 1 0 0 11251
               155.7  3.94927  7.16904 -77.4524   0.177262 -0.0174079   0.181657 -0.0358025 -0.0292662  0.0152108   0.0109675 -0.00137453  0.00478663    0.107383  -0.0725245 -0.00418754 1 0 0 11337
               155.8  2.84117  8.48543 -76.1188   0.174255 -0.0169169   0.180953  -0.009993 0.00802158 -0.0248507   0.0110203 -0.00143081  0.00473974    0.107537  -0.0725254 -0.00427928 1 0 0 11472
               155.9  2.71193   8.4188 -76.8418   0.175202 -0.0180055   0.181784 -0.0153289 -0.0214687  0.0248611   0.0110045 -0.00140071  0.00476991    0.107617  -0.0728758 -0.00428119 1 0 0 11355
                 156   2.6167  8.09818 -76.7587   0.177069 -0.0184193   0.181697    0.0087392 -0.000185467  -0.00142126   0.0110044 -0.00139651  0.00477168    0.107538  -0.0732786 -0.00408349 1 0 0 11330
             156.097  2.24232  8.34502 -76.9195   0.179037 -0.0181478   0.180746  0.00241161 0.000485506 -0.00107585   0.0110179 -0.00140639   0.0047798    0.107577   -0.073467 -0.00400202 1 0 0 11153
               156.2 0.404915  9.45926 -77.0887   0.176619 -0.0152133   0.181631 -0.033832 0.0310335 0.0214071   0.0110595 -0.00143362  0.00478444   0.107804  -0.073402 -0.0039879 1 0 0 11861
               156.3 -0.789898   9.45816  -78.2115    0.177194 -0.00966043    0.188355 -0.00986783   0.0721254   0.0855779   0.0110281 -0.00141091  0.00482137    0.107798  -0.0738444 -0.00418892 1 0 0 11905
               156.4 -1.54437  10.6293 -79.6345   0.173965 0.00277624   0.198722 -0.0292027   0.131223   0.148884  0.0110072 -0.0014371 0.00484036   0.108128 -0.0737714 -0.0040331 1 0 0 11974
               156.5  1.79356  14.5109 -81.8639  0.172456 0.0122523   0.21633 -0.0276134   0.113746   0.215159   0.0109222 -0.00149603  0.00484268    0.107694  -0.0738505 -0.00399056 1 0 0 12073
               156.6  6.66428  20.5473 -85.1423   0.16591 0.0285206  0.236847 -0.055645  0.165771  0.247256   0.0108623 -0.00152655   0.0048408     0.10791  -0.0735767 -0.00358683 1 0 0 12105
               156.7  5.43804   20.432 -87.1544  0.167248 0.0452389  0.268306 0.0289524  0.167269  0.366387   0.0109811 -0.00140172  0.00477678    0.107928   -0.073949 -0.00357343 1 0 0 12610
               156.8  2.87635  21.1455 -90.9886  0.179095 0.0645946  0.311041 0.100922  0.16783 0.421112   0.0110119 -0.00140445  0.00482833    0.108472  -0.0747496 -0.00374849 1 0 0 13439
               156.9 0.0202111   19.6824   -92.833 0.188816 0.087594 0.351391 0.0532855  0.204511  0.364927    0.011029 -0.00132905  0.00480173    0.109215  -0.0749969 -0.00362787 1 0 0 14474
                 157 -0.842338   20.3027  -94.4422 0.195148 0.114014 0.380238 0.0343985  0.240577  0.266493   0.0109769 -0.00139176  0.00480347    0.109678  -0.0752719 -0.00298604 1 0 0 15335
               157.1 -1.43066  20.7356 -95.7066 0.194288 0.129446  0.39886 -0.0188912   0.142312    0.15449    0.010959 -0.00138995  0.00479707    0.108924  -0.0750598 -0.00279414 1 0 0 15806
               157.2 -1.55082   21.852 -97.9046 0.190503 0.143925   0.4089 -0.0458332   0.142515  0.0812032   0.0109342 -0.00140802  0.00481609    0.108866  -0.0749733 -0.00254886 1 0 0 16245
               157.3 -0.605235   23.5616   -99.064 0.186065 0.157401 0.418894 -0.0441436   0.131225   0.101223   0.0109171 -0.00141507  0.00480056     0.10891  -0.0750104 -0.00279374 1 0 0 16253
               157.4 -1.93693  24.4347 -98.6046 0.185747  0.16966  0.43257 -0.00474797    0.107091    0.157943   0.0109769 -0.00139884  0.00477635    0.109119  -0.0753559 -0.00291314 1 0 0 16308
               157.5 -5.03967  23.3979 -97.4531 0.193097 0.182088 0.452194 0.0609978  0.122065  0.206625  0.0110267 -0.0013583 0.00479333    0.10955 -0.0760877  -0.003017 1 0 0 16704
               157.6 -8.10849  20.8507  -95.696 0.205067 0.198469 0.470443 0.0988235  0.162329  0.180245     0.01106 -0.00132265  0.00481767    0.109863  -0.0767277 -0.00274045 1 0 0 17261
               157.7 -9.72416  18.4483 -94.1316 0.213262 0.219111 0.482315 0.0589809  0.177158  0.097201   0.0110246 -0.00131174  0.00484791    0.110226  -0.0767039 -0.00221029 1 0 0 17545
               157.8 -10.0876  17.6653 -92.9183 0.213102 0.238726 0.489263 -0.0183059   0.167215  0.0489862  0.0110004 -0.0013523  0.0048591    0.110559   -0.076286 -0.00191109 1 0 0 17613
               157.9 -11.8993  14.6471 -88.7129 0.207887 0.248412 0.490426 -0.0645525  0.0911307 -0.0109986   0.0110447 -0.00131197  0.00482281    0.109994   -0.076166 -0.00191888 1 0 0 17673
                 158 -13.1403  13.4469 -86.4934 0.208478 0.256853 0.490077   0.0191871   0.0885824 -0.00361622   0.0110556 -0.00136236  0.00487928    0.109923  -0.0765948 -0.00210928 1 0 0 17706
               158.1  -13.175  11.9277 -83.3178   0.2129  0.26535 0.492265 0.0340883 0.0623571 0.0257192   0.0110529 -0.00136329  0.00488849    0.110142  -0.0767758 -0.00237393 1 0 0 17835
               158.2 -10.9332   12.714 -80.6486  0.21463 0.269789 0.495521 0.00571228  0.0303747  0.0607708   0.0110212 -0.00140201  0.00487339    0.11009 -0.0767182 -0.0021828 1 0 0 17800
               158.3 -10.7649  12.3895 -77.8132 0.211655 0.273285 0.502907 -0.0458617  0.0294414   0.099744  0.0110822 -0.0013879 0.00486846    0.110195  -0.0765781 -0.00198817 1 0 0 17939
             158.401 -9.49963  12.5827 -75.8635 0.209607 0.278024 0.514402 -0.0373374  0.0535813   0.119777   0.0110836 -0.00139741  0.00489206    0.110268  -0.0769657 -0.00208718 1 0 0 17959
               158.5 -8.38842   11.903  -73.647 0.206224 0.284078 0.524228 -0.051457 0.0642941 0.0900785   0.0111107 -0.00138467  0.00488407    0.110286  -0.0771407 -0.00202564 1 0 0 17942
               158.6 -7.67926  11.6803 -72.6424 0.202052 0.293896 0.533111 -0.0670423  0.0872299  0.0750705   0.0111276 -0.00138891  0.00490215    0.110568  -0.0775025 -0.00211886 1 0 0 18024
               158.7 -7.05442  11.9201 -72.4941 0.196403 0.303147 0.539129 -0.0688192   0.101533  0.0450986  0.0111363 -0.0014017  0.0049122     0.11054   -0.077692 -0.00212313 1 0 0 18066
               158.8 -7.01747  11.2492 -72.4839 0.188809 0.314199 0.539579 -0.0843187   0.106464 -0.0142075   0.0111527 -0.00138043  0.00491323    0.110572  -0.0777533 -0.00194736 1 0 0 17992
               158.9 -6.86984  10.2076 -71.9603 0.183998 0.325384  0.54096 -0.0483721  0.0974275 0.00831671    0.011166 -0.00137774  0.00490594   0.110628 -0.0780934 -0.0023254 1 0 0 18092
                 159 -7.58502  9.28986 -71.5412 0.181269 0.335805 0.541555 -0.0322143  0.0938519  0.0151393    0.011188 -0.00137878  0.00491735    0.110654  -0.0783598 -0.00227024 1 0 0 18253
               159.1 -8.10553   9.2799 -71.6769 0.178095  0.34805 0.543671 -0.0426304    0.11293  0.0327603  0.0111899 -0.0014016 0.00493287    0.110964  -0.0785254 -0.00218182 1 0 0 18146
               159.2 -6.75684  8.80108 -70.9945 0.172889 0.357523 0.548569 -0.0747612  0.0916319  0.0518383   0.0111643 -0.00139499  0.00492018    0.110834  -0.0785622 -0.00231101 1 0 0 18197
               159.3 -6.57285  8.17312 -70.0728 0.161587 0.365321 0.550805 -0.120422 0.0678913 0.0195893   0.0111943 -0.00139543  0.00490581    0.110758  -0.0783462 -0.00199688 1 0 0 18223
             159.401 -6.79995  7.22927 -68.4652  0.15489 0.373093 0.550912  -0.0779896   0.0812769 -0.00602553   0.0112158 -0.00138723   0.0048993    0.110657   -0.078929 -0.00200309 1 0 0 18329
             159.501 -5.98906  5.13474  -66.265 0.147515 0.383513 0.551013   -0.082436    0.105587 -0.00032994   0.0112239 -0.00136146  0.00489809    0.110814  -0.0791012 -0.00213683 1 0 0 18305
               159.6 -5.72013  2.34204 -63.2252 0.137574  0.39704 0.550285    -0.116996     0.120947 -0.000381915    0.011243 -0.00133638  0.00487704    0.111127  -0.0791974 -0.00197612 1 0 0 18319
             159.701 -6.24201 0.658472  -60.503 0.125362 0.407824 0.552793 -0.128635 0.0952852 0.0335211   0.0112749 -0.00135695  0.00488282    0.111061  -0.0792434 -0.00211325 1 0 0 18482
             159.801  -4.66793 -0.471546  -59.4136 0.114353 0.413904 0.557163 -0.107913 0.0399366 0.0525877   0.0112587 -0.00137444  0.00490319    0.110851  -0.0793383 -0.00215122 1 0 0 18513
               159.9   -4.37082 -0.0292205   -58.7797 0.106687 0.415773 0.565185 -0.0676018  0.0199694  0.0972628   0.0112841 -0.00140131  0.00490202     0.11068  -0.0794764 -0.00230616 1 0 0 18471
                 160 -7.93421 -0.21556 -56.3558 0.104343 0.418316 0.577084 -0.0350339  0.0297504   0.135715   0.0113433 -0.00140405  0.00489083    0.110468  -0.0798165 -0.00242255 1 0 0 18582
             160.101  -11.3016 -0.552965  -52.6828 0.103037 0.425767 0.595685 -0.0578409  0.0435334   0.180445   0.0113646 -0.00140996  0.00492599    0.110687  -0.0805186 -0.00282803 1 0 0 18672
             160.201 -10.0487 -1.54979 -50.6924 0.0907686   0.42618   0.60994  -0.161047 -0.0314882    0.13423   0.0113343 -0.00141231  0.00496177     0.11087  -0.0803936 -0.00253088 1 0 0 18578
             160.301   -6.148 -2.20523 -49.3446 0.0639107  0.413377   0.61791 -0.284472 -0.147886 0.0559608   0.0113113 -0.00141582  0.00493628    0.110883  -0.0795677 -0.00211196 1 0 0 18692
             160.401 -4.47328 -2.45254 -47.0414 0.0340111  0.395831  0.618724  -0.302274  -0.156374 -0.0103647   0.0113456 -0.00142012  0.00489517    0.110662  -0.0792935 -0.00186029 1 0 0 18741
             160.501 -4.29181 -2.98989 -46.2107 0.0124053  0.387254   0.61674   -0.205273  -0.0765408 -0.00817962     0.01139 -0.00142729  0.00491203    0.110584  -0.0801905 -0.00187016 1 0 0 18701
               160.6 -6.31648 -4.13345 -44.8411 0.000673017    0.388435    0.621059 -0.0813378  0.0418875  0.0492305   0.0114548 -0.00141647  0.00490855     0.11068  -0.0809709 -0.00230434 1 0 0 18646
             160.701 -11.2475 -7.30097 -42.1934 0.000653988    0.403467    0.626856 0.038903 0.155253 0.048972   0.0114991 -0.00138613  0.00493792    0.110957  -0.0817471 -0.00254321 1 0 0 18700
               160.8 -13.2804 -8.73217 -39.2805 0.00443364   0.418315   0.631792  0.0631706   0.152668 0.00587386   0.0114906 -0.00140217  0.00494643    0.111077  -0.0814446 -0.00275833 1 0 0 18529
             160.901 -15.1252 -8.55525 -35.8476 0.0107613  0.428004  0.627357  0.0843772   0.135544 -0.0673077    0.011485 -0.00143454  0.00494638    0.110758  -0.0807832 -0.00232867 1 0 0 18625
                 161 -14.1912  -10.105 -30.6077 0.0195377  0.433052  0.617735 0.0593461  0.026466  -0.10405  0.0114769 -0.0014458 0.00492914    0.110423   -0.080187 -0.00184963 1 0 0 18487
               161.1 -17.8695 -7.91958 -22.0304 0.0298399  0.437318  0.606945 0.0812238 0.0499695 -0.115402  0.0115546 -0.0014787 0.00489206    0.109892  -0.0804461 -0.00196165 1 0 0 18474
               161.2 -21.0915  -7.0443 -16.7807 0.041009 0.443806 0.600031 0.0952462 0.0388197 -0.061845    0.011617 -0.00149451  0.00492148    0.109551  -0.0809212 -0.00250993 1 0 0 18332
               161.3 -19.5419 -7.53113 -16.0671 0.048704 0.453318 0.597396    0.108706   0.0837883 -0.00328695   0.0116327 -0.00149065  0.00495791    0.109968  -0.0813835 -0.00291145 1 0 0 18397
               161.4 -17.4886 -6.60173 -17.9464 0.0576759  0.458304  0.597016   0.117699  0.0379859 0.00745004   0.0116206 -0.00149393  0.00496363    0.110404  -0.0811147 -0.00258244 1 0 0 18486
               161.5 -17.2344 -4.69427 -17.2552 0.0700146  0.460144  0.596761 0.0996014 0.0150175 0.0103701  0.0116228 -0.0015041 0.00493657    0.110183  -0.0810882 -0.00248341 1 0 0 18417
               161.6 -15.8347   -4.571 -16.8608 0.0788216  0.457728   0.59776    0.053899    -0.02849 -0.00281008  0.0116127 -0.0015066 0.00493587    0.109937  -0.0808363 -0.00235089 1 0 0 18492
               161.7 -15.0916 -3.21095 -15.9989 0.0840881  0.456989   0.59744   0.0401819 -0.00800288 -0.00146925   0.0116224 -0.00151648  0.00492743    0.109814  -0.0810761 -0.00241073 1 0 0 18611
               161.8 -12.5862 -2.44395 -16.8597 0.0889842   0.45473  0.599702  0.0504586 -0.0228782  0.0323673   0.0116162 -0.00151548  0.00493911    0.109678  -0.0809419 -0.00248744 1 0 0 18568
               161.9 -8.29081 -2.09528 -18.4727 0.0882567  0.453289   0.60478  -0.0238825 -0.00649324   0.0368926   0.0115882 -0.00150053  0.00491934    0.110071    -0.08094 -0.00263719 1 0 0 18662
                 162 -5.22605 0.408113 -18.8863 0.0846765  0.448592  0.606836   -0.051213  -0.0446279 -0.00280132   0.0116165 -0.00153423  0.00488265     0.10994  -0.0805647 -0.00251757 1 0 0 18627
               162.1 -2.31505  0.92855 -19.3672 0.0836598  0.443545  0.606276  -0.011255 -0.0575923 -0.0100949  0.0116123  -0.001522 0.00486362   0.109609 -0.0806906  -0.002527 1 0 0 18578
               162.2 -3.91701  1.95479 -18.6356 0.0868093  0.444984  0.601686    0.0442542 -2.42032e-05   -0.0274995   0.0117015 -0.00152848  0.00484061    0.109496  -0.0813936 -0.00238282 1 0 0 18747
               162.3 -3.06722  4.37718  -19.188 0.0925922  0.448984   0.59897  0.0619384  0.0395352 -0.0601934   0.0116969 -0.00154247  0.00484958    0.109584  -0.0818775 -0.00249548 1 0 0 18704
               162.4 -5.46057  5.62862  -19.147 0.102466 0.451637 0.598494  0.123383 0.0393091 0.0211534   0.0117224 -0.00154142  0.00486208    0.109344  -0.0817899 -0.00279874 1 0 0 18441
             162.499 -4.70534  3.56278 -21.1068 0.110247 0.455746 0.602768 0.0597783 0.0396467  0.020167   0.0116969 -0.00150584  0.00489188    0.109808  -0.0817508 -0.00290493 1 0 0 18570
               162.6 -4.78926  3.92872 -21.5177 0.108625 0.458547 0.601432  -0.0305549   0.0513645 -0.00982512   0.0116951 -0.00151099  0.00487668    0.110129  -0.0814377 -0.00248646 1 0 0 18682
               162.7 -1.15303  7.26635 -22.4014 0.114876 0.457206 0.601336 0.0630185 -0.011908 0.0194301   0.0116642 -0.00153974  0.00486741    0.109226  -0.0811939 -0.00238994 1 0 0 18498
               162.8  2.83587  8.33686 -19.0801 0.120876 0.450527 0.606274 0.0438078 -0.104049 0.0401469   0.0116721 -0.00154439  0.00480985     0.10878  -0.0808264 -0.00250243 1 0 0 18363
               162.9  2.91901  8.16577 -17.1118 0.124012 0.442658 0.606922   0.0192925  -0.0821394 -0.00960414  0.0117233 -0.0015345 0.00481214    0.108798  -0.0810786 -0.00230161 1 0 0 18472
                 163  2.48598  7.71368 -15.9742 0.125373 0.443127 0.608326  0.0243959 0.00266328   0.015858   0.0117597 -0.00151988   0.0048329    0.109129  -0.0818207 -0.00243781 1 0 0 18388
               163.1  3.37422  5.90684 -15.3425 0.121361 0.449195 0.609304  -0.0435942   0.0620511 -0.00115065   0.0117631 -0.00149525  0.00483947    0.109769   -0.082125 -0.00231305 1 0 0 18485
               163.2  2.13467  5.01288 -13.6511 0.119041 0.455333 0.608247 -0.0304323  0.0703475 0.00228208   0.0117893 -0.00151183  0.00483393    0.109523  -0.0820784 -0.00230105 1 0 0 18403
               163.3 0.565007  3.33094 -12.2641  0.11803 0.459163 0.609222 -0.0018712  0.0301945 0.00891614   0.0118082 -0.00151909   0.0048524    0.109216  -0.0818842 -0.00238423 1 0 0 18587
               163.4 -1.14389  2.91744  -12.545  0.12135 0.462793 0.611134 0.0287971  0.035973 0.0139747   0.0118052 -0.00154452   0.0048827     0.10892  -0.0819639 -0.00251018 1 0 0 18601
               163.5   2.9804  2.12642 -14.5119 0.124959 0.462405 0.615327   0.0599562 -0.00741762   0.0730265   0.0117274 -0.00154592  0.00490406    0.108899  -0.0815935 -0.00248174 1 0 0 18642
               163.6  9.22752  2.24791 -18.5528 0.126532 0.453925 0.614771   0.0309045  -0.0888934 -0.00242491   0.0116684 -0.00152811  0.00488708    0.109254  -0.0808581 -0.00182357 1 0 0 18476
               163.7  13.4295  2.66529 -22.8384 0.128176 0.447025 0.609952  0.0218909 -0.0622148 -0.0482838    0.011673 -0.00150605   0.0048562    0.109489   -0.080866 -0.00146173 1 0 0 18383
               163.8  14.6864  6.87366 -24.5975 0.135962  0.44597 0.609129  0.0704085 -0.0130974 -0.0195162   0.0116941 -0.00153301  0.00482887     0.10914  -0.0816148 -0.00178295 1 0 0 18305
             163.899  15.1863  9.94469 -26.2278 0.151178 0.447668 0.613908  0.134809 0.0218571  0.028176   0.0116925 -0.00154992  0.00482931    0.108569  -0.0823841 -0.00234489 1 0 0 18253
                 164 14.6639 10.7552 -27.962 0.164544 0.453516 0.615645   0.110419  0.0613592 0.00672263   0.0116952 -0.00154394  0.00483251    0.108526  -0.0827118 -0.00231221 1 0 0 18337
               164.1  12.9908  11.8033 -28.1141 0.171685 0.458918 0.614422   0.0530405   0.0495788 -0.00637533   0.0116979 -0.00153798  0.00482474    0.108628  -0.0825211 -0.00215195 1 0 0 18266
               164.2  11.8571  12.4455 -27.5953 0.174022 0.464496 0.610467    0.01301  0.0492137 -0.0306965   0.0116919 -0.00153373  0.00483235    0.108716  -0.0824386 -0.00178736 1 0 0 18292
               164.3   11.117  12.5147 -27.2618 0.173132 0.467075 0.607391 -0.0505301  0.0175829 -0.0208448   0.0116888 -0.00153817  0.00484233    0.108591  -0.0823568 -0.00173642 1 0 0 18279
               164.4 10.3457 12.5623 -25.312 0.164264 0.466929   0.6047   -0.130232 -0.00626284  -0.0222522   0.0116952 -0.00154442  0.00483024    0.108451  -0.0822646 -0.00163332 1 0 0 18257
               164.5  6.48012   11.792 -22.2409 0.152884 0.468322 0.604572   -0.115545   0.0228432 -0.00408317   0.0117638 -0.00154972  0.00484403    0.108267  -0.0825785 -0.00192929 1 0 0 18265
               164.6  4.23333  11.5562 -20.2431 0.144035 0.475531 0.608752 -0.0977131  0.0842305   0.051598   0.0117538 -0.00155788  0.00489347    0.108178  -0.0829652 -0.00211962 1 0 0 18380
               164.7  3.11662  11.1162 -18.2952 0.130233 0.484387 0.610783 -0.164784 0.0899976  0.021887   0.0117455 -0.00155261  0.00491627    0.108256   -0.082916 -0.00188196 1 0 0 18184
               164.8  3.03171  10.9481 -15.5666 0.111801 0.489397 0.608951    -0.189465    0.0442292 -0.000732564  0.0117338 -0.0015609 0.00491143    0.108115  -0.0824783 -0.00132844 1 0 0 18353
               164.9  5.78056  13.6358 -13.8469 0.091839 0.486919 0.610794  -0.211303 -0.0480221  0.0350173   0.0117303 -0.00159696  0.00491656    0.107892  -0.0820141 -0.00143045 1 0 0 18303
                 165  6.81768  12.2492 -12.1034 0.0687915  0.478302  0.613387 -0.230684 -0.111804 0.0352726   0.0117534 -0.00157049  0.00490376   0.107887  -0.081927 -0.0013159 1 0 0 18199
               165.1  5.68721  13.9629 -9.47743 0.047936 0.469248  0.61872  -0.177226 -0.0890874  0.0361406   0.0117823 -0.00159435  0.00490617    0.107931  -0.0822155 -0.00155911 1 0 0 18250
               165.2  4.16757   15.927 -8.53516 0.0389172  0.466169   0.62547 -0.0689205  -0.020772  0.0482467   0.0117939 -0.00160117  0.00493368    0.107549  -0.0828362 -0.00189381 1 0 0 18164
               165.3  3.21268  16.6774 -8.30606 0.0341863  0.468447  0.626485 -0.0346527  0.0375979 0.00889461   0.0117805 -0.00158999  0.00494916    0.107384  -0.0830653 -0.00161623 1 0 0 18370
               165.4  2.53518  16.8303 -9.10619 0.0286923  0.473219  0.626648 -0.0449596  0.0549075 0.00174901   0.0117753 -0.00158834  0.00497113    0.107727  -0.0830061 -0.00146557 1 0 0 18339
               165.5  2.36213  18.8283 -10.2711 0.0208717  0.473936  0.626551  -0.085365 0.00456752 -0.0023992   0.0117695 -0.00160813  0.00497722    0.107968  -0.0825085 -0.00130982 1 0 0 18326
               165.6  1.59891  20.6281 -10.9569 0.0141636  0.468978   0.62291  -0.074997 -0.0567312 -0.0287709   0.0117637 -0.00161067  0.00498268    0.107504  -0.0821598 -0.00129646 1 0 0 18271
               165.7  1.17315  20.3836 -11.3765 0.00810891   0.465833   0.622645 -0.0625195 -0.0321382  0.0297541   0.0117594 -0.00158672  0.00498267     0.10742  -0.0823811 -0.00127412 1 0 0 18393
               165.8 0.749269  21.6322 -10.9287 -0.000587102     0.464652     0.627811  -0.116043 -0.0226851  0.0483421   0.0117754 -0.00160584  0.00497957    0.107486  -0.0826181 -0.00134922 1 0 0 18257
               165.9 1.10707 21.5942 -10.327 -0.0136262   0.463673   0.628928    -0.13128 -0.00909581  0.00504754    0.011761 -0.00159393  0.00497719    0.107421  -0.0827814 -0.00122081 1 0 0 18225
                 166 0.601579  21.9165 -10.5279 -0.0266604    0.46091   0.629284  -0.124323 -0.0259413  0.0183824   0.0117735 -0.00159897  0.00499552    0.107384  -0.0825226 -0.00112729 1 0 0 18299
               166.1 0.0392963   23.2677  -10.0785 -0.036569  0.455803  0.631301 -0.085519 -0.051343  0.030577    0.011782 -0.00162033   0.0049967     0.10716  -0.0823277 -0.00119204 1 0 0 18227
               166.2 0.375219  23.8764 -9.62824 -0.0408151   0.452243   0.635086 -0.00943263  -0.0359173   0.0611148   0.0117733 -0.00161626  0.00499876     0.10705  -0.0824649 -0.00113987 1 0 0 18148
               166.3  1.51705  25.2715 -9.33465 -0.0376818     0.4488   0.644322  0.0596646 -0.0261746   0.105253   0.0117645 -0.00163093  0.00500535    0.107023  -0.0824429 -0.00129896 1 0 0 18259
               166.4  3.35965  27.6649 -9.88556 -0.0302685   0.443386    0.65325  0.0809917 -0.0409607  0.0776748   0.0117713 -0.00164224  0.00500312    0.106988  -0.0820331 -0.00121382 1 0 0 18212
               166.5   3.9691  28.9064 -10.7164 -0.0250119   0.440657   0.655035 -0.00938966  -0.0267529  -0.0253095   0.0117728 -0.00163117  0.00499105     0.106772   -0.0821119 -0.000947079 1 0 0 18247
               166.6  3.10236  28.3963 -10.6037 -0.0322168   0.439255   0.648072  -0.109619 -0.0110328  -0.106829   0.0117882 -0.00160737  0.00497489     0.106866   -0.0822169 -0.000870016 1 0 0 18169
               166.7 0.871602  24.2146 -10.8711 -0.050507  0.443627  0.635389 -0.231785 0.0155671 -0.133637   0.0118078 -0.00155788  0.00499448     0.107203   -0.0827839 -0.000708457 1 0 0 18176
               166.8 -0.998852   21.7386  -9.77788 -0.07525 0.446244 0.627759   -0.226996 0.000758866   -0.023095   0.0118164 -0.00158241  0.00499687     0.107361   -0.0831148 -0.000737941 1 0 0 18171
               166.9 -1.68039  20.4427 -9.30553 -0.0913666    0.44154   0.633437  -0.108306 -0.0452767   0.106346   0.0118021 -0.00161502  0.00502002     0.107301    -0.082816 -0.000900644 1 0 0 18186
                 167   -1.599   20.973 -9.82015 -0.0948725   0.433991    0.63795  -0.026458 -0.0625448   0.021128   0.0117887 -0.00163544  0.00504286     0.106538   -0.0825037 -0.000754461 1 0 0 18194
             167.101 0.0586775   20.7193  -10.0931 -0.0935815   0.425744   0.637231   0.0257017  -0.0788221 -0.00953172   0.0117538 -0.00162258  0.00503431     0.106074   -0.0822478 -0.000768433 1 0 0 18292
               167.2   3.5549  22.4767 -9.61981 -0.0830528   0.410172   0.638075  0.227121 -0.175876 0.0760518   0.0117379 -0.00165223  0.00500911      0.10591   -0.0815674 -0.000576232 1 0 0 18079
               167.3  10.0911  23.6814 -12.7019 -0.0476361   0.380147    0.64628  0.477022 -0.387381 0.0734609    0.011662 -0.00163904  0.00502034     0.105981   -0.0810604 -0.000441655 1 0 0 18147
             167.401  7.78147  28.4769 -17.7716 0.00203236   0.334558   0.647889   0.514224  -0.576804 -0.0775264   0.0117534 -0.00168402  0.00502429     0.106471   -0.0813906 -0.000276213 1 0 0 18171
             167.501  5.59422  36.9365 -16.1367 0.0616073  0.277761  0.638081  0.610591 -0.655447 -0.146307   0.0117705 -0.00173309  0.00499068     0.105988   -0.0826828 -0.000773038 1 0 0 18258
             167.601  10.7934  42.9255 -11.6023 0.133633  0.21172 0.610747  0.681079 -0.710683 -0.400118   0.0117115 -0.00175255  0.00496058     0.105049   -0.0834238 -0.000997689 1 0 0 18144
             167.701  7.88547  51.6843 -5.97438 0.192615 0.144147 0.554389  0.496691 -0.628444 -0.663593   0.0118066 -0.00178735  0.00499047     0.104366   -0.0834878 -0.000796708 1 0 0 17731
               167.8    2.7508   51.5685 0.0574008  0.239406 0.0902271  0.484271   0.46508 -0.498332 -0.771816   0.0118479 -0.00172794  0.00507322      0.10451   -0.0836668 -0.000651548 1 0 0 17407
             167.901 -4.57251  58.2781 -11.4592  0.279208 0.0497889  0.399841  0.362872 -0.267323 -0.906584  0.0116516 -0.0018076 0.00527963      0.10461    -0.083658 -0.000747323 1 0 0 16034
             168.001 -11.3604  51.5969 -24.8309  0.276638 0.0294423  0.306353 -0.044313 -0.116788 -0.933321   0.0116238 -0.00160405  0.00525167   0.106131 -0.0832166 0.00178581 1 0 0 14229
               168.1  -19.003  39.3921 -35.1249  0.245419 0.0191415  0.223311 -0.393335 -0.109642 -0.783517    0.011672 -0.00150055  0.00524513   0.107602 -0.0827196 0.00324169 1 0 0 13462
             168.201 -21.0161  30.5059 -36.9295  0.205367 0.0133388  0.166624 -0.409875 -0.039298  -0.40084  0.0115736 -0.0015326 0.00518481  0.108105 -0.082919  0.002683 1 0 0 11112
               168.3 -17.1324  27.2517 -35.6202   0.177039 0.00696454   0.142279  -0.333528 -0.0335909 -0.0773097   0.0115006 -0.00163103  0.00507946   0.107011  -0.083364 0.00158874 1 0 0 10035
             168.401 -10.9702  25.5431 -33.8791    0.147528 -0.00463469      0.1317  -0.372032 -0.0703061 -0.0570444   0.0114806 -0.00165111  0.00499926   0.105433 -0.0834744  0.0020289 1 0 0 10023
             168.501 -7.82527  21.3542  -34.026   0.114862 -0.0204816   0.114881  -0.351185 -0.0933974  -0.160312   0.0115159 -0.00157128  0.00499648   0.104046  -0.083317 0.00240688 1 0 0 10111
             168.601 -2.19051  13.6545 -33.8905  0.0754119 -0.0229279  0.0924558  -0.359757 -0.0347982  -0.218517   0.0115039 -0.00148462  0.00494899   0.104464 -0.0833113 0.00312725 1 0 0 9868
               168.7 -1.47267  10.6486 -35.4198   0.039878 -0.0225562  0.0659458  -0.289829 -0.0220171  -0.270574    0.011551 -0.00156384  0.00493181   0.104861 -0.0835252 0.00321769 1 0 0 9194
             168.801  1.49243  9.26901 -37.3371  0.0278774 -0.0178796  0.0487314 -0.0616578  0.0439167  -0.082222   0.0115294 -0.00159955  0.00493649   0.104577 -0.0843575 0.00278625 1 0 0 8418
               168.9  1.68024  9.77334 -39.9027  0.0292463 -0.0115046  0.0489326 -0.00430224   0.0880807   0.0241748  0.0115604 -0.0016436 0.00493557   0.104195 -0.0847523 0.00243989 1 0 0 8339
                 169  2.40341  7.82965 -40.3727   0.0306886 -0.00337375   0.0495047 -0.00702295   0.0877861  -0.0541577   0.0115721 -0.00159856  0.00489486    0.10383 -0.0849256 0.00210556 1 0 0 8336
               169.1  1.7012 5.21281 -39.926 0.0294201 0.0018972 0.0478999 -0.0184914  0.0397591  0.0123377  0.0116121 -0.0015799 0.00488817   0.103793 -0.0848721 0.00219985 1 0 0 8293
               169.2  4.70323  1.91489 -39.2924  0.0198987 0.00853544  0.0409902  -0.150561  0.0698867 -0.0819994   0.0115409 -0.00157486  0.00487662   0.104034 -0.0847848 0.00258303 1 0 0 8297
               169.3  8.18783 -4.70085 -36.8725 -0.00398008   0.0115973   0.0272157 -0.236881 0.0476343 -0.155926   0.0115669 -0.00150315  0.00479685   0.104165 -0.0843693 0.00262197 1 0 0 8084
             169.399  5.06726 -5.90787 -33.7083 -0.0204505   0.019074  0.0231903   -0.155172    0.055025 -0.00139855   0.0117079 -0.00161959  0.00478681   0.104062  -0.084731 0.00219888 1 0 0 7644
             169.499  1.93687  -4.1752 -30.4948 -0.0214312  0.0208724  0.0209372 -0.0256794  0.0293209 -0.0411454   0.0117687 -0.00170063  0.00479114   0.103162 -0.0850996 0.00221735 1 0 0 7148
               169.6  0.73708 -2.64559 -25.9064 -0.0115925  0.0231597  0.0134716  0.0522605  0.0217996 -0.0257627   0.0117246 -0.00167004  0.00477492    0.10247 -0.0855071 0.00287378 1 0 0 6873
               169.7 0.358321 -1.48552 -21.8859 -0.00372809   0.0241973   0.0138761   0.102413 -0.0113078 -0.0102342   0.0117348 -0.00169164  0.00479571   0.102288 -0.0855244 0.00262397 1 0 0 6755
               169.8 -0.319339   6.39162  -22.1279 0.00728482  0.0196867  0.0132339    0.108752  -0.0344173 -0.00596604   0.0117493 -0.00182659  0.00490558   0.102143 -0.0853256 0.00254555 1 0 0 6618
             169.899 -0.797869   11.4372    -21.99 0.0166731 0.0154232 0.0123038  0.0989557 -0.0431764 -0.0012823   0.0117465 -0.00179088  0.00492038   0.102255 -0.0852264  0.0026118 1 0 0 5988
             169.999 -0.581564   11.1335   -21.966 0.0243389 0.0140012 0.0166316  0.0855796 -0.0243021  0.0303339   0.0117053 -0.00168258   0.0049456   0.102488 -0.0853512 0.00237326 1 0 0 5088
               170.1 -0.662555   11.8493  -21.6949 0.0262762 0.0132817 0.0178045  0.0380007 -0.0118396   0.017814   0.0117205 -0.00165114   0.0049371   0.102902 -0.0852886 0.00263242 1 0 0 4933
               170.2 -0.608048   12.1267  -21.6067 0.0216909 0.0148315  0.017234 -0.0203528 0.00639407 0.00415549   0.0117209 -0.00165997  0.00493633   0.103402 -0.0852745 0.00297155 1 0 0 4989
               170.3 -0.545896   12.2802  -21.5408 0.0181214 0.0171551 0.0161213  -0.0346501    0.017514 -0.00613159   0.0117095 -0.00164983  0.00492789   0.103491 -0.0853529 0.00310396 1 0 0 4782
             170.399 -0.583205    12.651  -21.5601 0.0138733 0.0186072 0.0157004  -0.0449681   0.0153876 -0.00237329   0.0117172 -0.00167533   0.0049402   0.103509 -0.0853202 0.00310821 1 0 0 4996
               170.5 -0.605426   12.7156  -21.5435 0.0164668 0.0161124 0.0147658 -0.00111343  -0.0100046 -0.00270167  0.0117275  -0.001669 0.00494139   0.102929 -0.0852471 0.00299825 1 0 0 6463
               170.6 -0.594393   12.8457  -21.4874 0.0175796  0.015734 0.0154794  0.00512739 -0.00541981  0.00638895   0.0117303 -0.00167515  0.00493457   0.102847 -0.0853323 0.00290264 1 0 0 7287
               170.7 -0.583433   12.9407  -21.4652  0.017265 0.0162507 0.0159903 -0.00526505  0.00204198  0.00678755   0.0117325 -0.00167487  0.00493562   0.102904 -0.0853861 0.00294118 1 0 0 7326
               170.8 -0.570853   12.9534  -21.4365 0.0184136 0.0161241 0.0151965  0.00320512 0.000227315 -0.00123581   0.0117351 -0.00166989  0.00493419   0.102728 -0.0854166 0.00301261 1 0 0 7286
               170.9 -0.613472   13.0241  -21.5224 0.0178915 0.0155488  0.016963 -0.00636577 -0.00387557    0.013514  0.0117485 -0.0016775 0.00495892   0.102772 -0.0853563 0.00289196 1 0 0 7494
                 171 -0.554992   13.0975   -21.471 0.0160789  0.015351 0.0184637  -0.0185263 -0.00209091   0.0156935   0.0117421 -0.00168662  0.00494937    0.10284 -0.0853372 0.00291446 1 0 0 7481
             171.099 -0.550842   13.2744  -21.4861 0.0153168 0.0170382 0.0182536  -0.014239  0.0120977 0.00446331   0.0117423 -0.00168906  0.00495982   0.102758 -0.0855071 0.00303339 1 0 0 7276
             171.198 -0.573549   13.2632  -21.4563 0.0164763  0.016123 0.0174454   0.00130003   -0.0015913 -0.000635017   0.0117531 -0.00168504   0.0049574   0.102476 -0.0854411  0.0030612 1 0 0 7564
             171.298  -0.4951  13.2855 -21.4233 0.0174352 0.0174303 0.0146777  0.0032167 0.00945291 -0.0185298   0.0117407 -0.00168721  0.00495393   0.102389 -0.0855775 0.00326128 1 0 0 7434
               171.4 -0.536567   13.3041  -21.4521  0.017968 0.0167536 0.0149603  0.00187509 -0.00308073 -0.00142296   0.0117521 -0.00168494  0.00495973   0.102342 -0.0854869 0.00309449 1 0 0 7386
               171.5 -0.516439   13.3546  -21.4602 0.0186687 0.0160254  0.016584  0.00296419 -0.00554886   0.0135487    0.011753 -0.00168545  0.00496208   0.102297 -0.0854819 0.00296313 1 0 0 7495
               171.6 -0.529892    13.386  -21.4599 0.0175832 0.0163082 0.0171278  -0.0121021 0.000638404  0.00851929   0.0117596 -0.00169296  0.00496634   0.102381 -0.0855064 0.00307106 1 0 0 7585
             171.699 -0.530074   13.4227  -21.4421 0.0148862 0.0150489 0.0179137  -0.0280426 -0.00851897  0.00898315   0.0117646 -0.00169718  0.00496442   0.102436 -0.0853777 0.00311068 1 0 0 7459
               171.8 -0.479767   13.4181  -21.4409 0.0154942 0.0169561 0.0153338 -0.00596846   0.0125335  -0.0126794   0.0117583 -0.00169367  0.00496837   0.102177 -0.0856816 0.00331152 1 0 0 7412
               171.9 -0.505317   13.4645  -21.4739 0.0161526 0.0163144 0.0142498  9.62472e-05 -0.000361515  -0.00878196   0.0117706 -0.00169622  0.00497414    0.10202 -0.0856005 0.00325663 1 0 0 7594
             171.999 -0.456398   13.5173   -21.479 0.0173996 0.0170748 0.0142751   0.00672637   0.00536763 -0.000448122   0.0117675 -0.00170095  0.00497352   0.101936 -0.0857033 0.00316648 1 0 0 7487
               172.1 -0.430756   13.5511   -21.499 0.0172671 0.0179638 0.0149252 -0.00336764  0.00810461  0.00657933   0.0117667 -0.00170194  0.00498002   0.101989 -0.0857075 0.00314395 1 0 0 7327
               172.2 -0.399493   13.5948  -21.4895 0.0180415 0.0185695 0.0157791 0.00168214 0.00677627  0.0109051  0.0117643 -0.0017113 0.00498127   0.101885 -0.0857365 0.00310136 1 0 0 7466
               172.3 -0.395977    13.571  -21.4531 0.0176327 0.0176875 0.0156466 -0.00731473 -0.00461738  0.00430478   0.0117698 -0.00170659  0.00497567   0.101853 -0.0856195  0.0031974 1 0 0 7561
               172.4 -0.438002   13.5601  -21.4753 0.0165942 0.0161582  0.015968 -0.0136617 -0.0123235 0.00567694   0.0117813 -0.00170544  0.00498356   0.101825 -0.0855454 0.00320624 1 0 0 7475
               172.5 -0.433773   13.5764  -21.4512   0.01672 0.0159566 0.0164786 -0.00539704 -0.00461109  0.00839303   0.0117862 -0.00170689  0.00497902   0.101716  -0.085669 0.00317993 1 0 0 7457
             172.599 -0.452613   13.5898  -21.4865 0.0162172 0.0160848  0.017483 -0.00845877 1.03278e-05   0.0119348   0.0117928 -0.00170909  0.00498983   0.101709 -0.0857165 0.00316858 1 0 0 7561
             172.698 -0.444015   13.5912  -21.4926 0.0171357 0.0157152 0.0173458  0.00147144 -0.00215781  0.00490379   0.0117958 -0.00171234  0.00499415    0.10153 -0.0857497   0.003215 1 0 0 7435
             172.798 -0.418155   13.5969   -21.463  0.016977 0.0171949 0.0181717 -0.00420402   0.0102449  0.00897047   0.0117949 -0.00171459  0.00498961   0.101572 -0.0858649 0.00320761 1 0 0 7318
             172.898 -0.437985      13.6  -21.4763 0.0165371 0.0174993 0.0176232 -0.00866691  0.00568816  0.00105428    0.011801 -0.00171644  0.00499665   0.101512 -0.0858167 0.00331231 1 0 0 7517
                 173 -0.440582   13.5837  -21.4561 0.0164183 0.0174642   0.01833 -0.00559121  0.00152546  0.00820384   0.0118058 -0.00171531  0.00499498   0.101425 -0.0858018  0.0032433 1 0 0 7473
               173.1 -0.416448   13.7204  -21.4588 0.0156874 0.0177724  0.019294 -0.00988458  0.00261453  0.00963931   0.0118031 -0.00172562  0.00499962    0.10142 -0.0858136 0.00323375 1 0 0 7322
               173.2 -0.40035   13.736 -21.4823   0.01543 0.0170284  0.018801 -0.00843247 -0.00427981  0.00236194   0.0118064 -0.00172261   0.0050049   0.101297 -0.0857722 0.00332931 1 0 0 7312
               173.3 -0.456041   13.7359  -21.4806 0.0156267 0.0150296 0.0186106 -0.0039927 -0.0146914 0.00216379   0.0118251 -0.00171937   0.0050067   0.101159 -0.0856978 0.00332212 1 0 0 7587
               173.4 -0.397252   13.7558  -21.4707 0.0161263 0.0142897 0.0186798 0.000323697 -0.00878958  0.00288397   0.0118172 -0.00172771  0.00500787   0.101086 -0.0857774  0.0033174 1 0 0 7496
             173.499 -0.356466    13.742  -21.4315 0.0168442 0.0166474 0.0159163 0.00135707   0.014959 -0.0176021   0.0118169 -0.00172631  0.00500213   0.101043 -0.0860283 0.00355936 1 0 0 7348
             173.598 -0.400654   13.7332  -21.4701 0.0177704 0.0161262 0.0166645 0.00534805 0.00108483 0.00239324    0.011829 -0.00172593    0.005014   0.100949 -0.0859222 0.00334264 1 0 0 7549
             173.698 -0.340396   13.7406  -21.4277 0.0181808 0.0171356 0.0164801  0.00081144   0.0079062 0.000443369   0.0118203 -0.00172922  0.00500698   0.100949 -0.0859887 0.00339018 1 0 0 7529
               173.8 -0.356005   13.6949  -21.4425 0.0179174 0.0170565 0.0153868  -0.0063601  0.00203429 -0.00629674   0.0118282 -0.00172015  0.00501376   0.100911 -0.0859236 0.00348784 1 0 0 7476
               173.9 -0.373831   13.7113  -21.4317 0.0172323 0.0168825 0.0155808   -0.0100506 -0.000238566  0.000946226   0.0118373 -0.00172536  0.00501401   0.100892 -0.0859065 0.00342933 1 0 0 7435
             173.999 -0.410535   13.6974   -21.448 0.0169295 0.0144458 0.0153265 -0.0086942 -0.0165466 0.00107229    0.011847 -0.00172283  0.00502013   0.100755 -0.0857665 0.00342672 1 0 0 7564
               174.1 -0.36155  13.7311 -21.4353 0.0170752 0.0138298 0.0152521 -0.00411909 -0.00812412  0.00180972   0.0118394 -0.00173322   0.0050203   0.100679 -0.0858758 0.00342965 1 0 0 7500
               174.2 -0.338495   13.7334  -21.3959 0.0163901 0.0160252 0.0160332 -0.00918331   0.0139999  0.00743449   0.0118419 -0.00173556  0.00501455   0.100754 -0.0860835 0.00341834 1 0 0 7379
               174.3 -0.39693  13.6846 -21.4371 0.0172476 0.0156114 0.0161655 0.000759262  0.00229589  0.00583266   0.0118556 -0.00172968  0.00502722   0.100555 -0.0860207 0.00341213 1 0 0 7507
