                   0  0 -0  0 0 0 0 0 0 0 0 0 0 0 0 0 1 0 0
                   0  0 -0  0 0 0 0 0 0 0 0 0 0 0 0 0 1 0 0
                   0   0.83829  -20.8139 -0.153951 0 0 0 0 0 0 0 0 0 0 0 0 1 0 0
            0.400033  0.98264 -19.0179 -0.25131  -0.00166212   0.00154205 -0.000958107 -0.0255686  0.0264337 -0.0187606 0 0 0 0 0 0 1 0 0
            0.484806  2.26546 -17.2824 -1.81618 -0.00581386  0.00705143 -0.00216529 -0.0416509  0.0426529 -0.0250546 -7.24092e-08 -5.49355e-08  1.90148e-08  4.40437e-09 -1.21972e-08 -6.05271e-09 1 0 0
            0.599946  3.40954 -16.9709 -2.97549 0.000781661  0.00773925 0.000941516 0.0093698 0.0195034 0.0117555 -8.52801e-06  3.74672e-05  1.61228e-05 -7.53495e-06  2.33458e-06 -1.53611e-06 1 0 0
            0.699901  2.19731 -18.3406  -3.1926   0.00614026    0.0011719 -0.000671593 -4.69123e-06   -0.0112112    0.0197318 9.20139e-06 5.24262e-05 1.52342e-05 -1.36811e-05  1.39527e-05  8.84072e-06 1 0 0
            0.798838  3.52641 -17.1249 -5.85865 0.00709633 0.00517441 0.00072548 -0.0582487 0.00716543 -0.0122425 1.27086e-05 6.18919e-05 1.12252e-05 -4.31628e-05 -6.81672e-06  3.89826e-06 1 0 0
            0.897326  3.19884 -15.0019 -5.96163   0.009042 0.00536405 0.00197104 -0.0414481   0.015336 -0.0106556 4.55961e-06 5.04184e-05 2.01138e-05 -0.000140759  -6.0874e-06 -7.86296e-06 1 0 0
            0.999763  1.32991  -11.443 -4.35417  0.0186105  0.0106618 0.00450726 -0.0129784  0.0525657 -0.0109403 7.73312e-06 3.98376e-05 1.01105e-05 -0.000302546 -3.77514e-05 -1.57563e-05 1 0 0
             1.08337 0.389708  -9.2464 -4.65431 0.0331417 0.0106095 0.0143702 0.0073233 0.0346815 0.0169072 2.63604e-05 2.24274e-05 1.10228e-05 -0.000540313  -1.1002e-05 -9.29311e-05 1 0 0
             1.19375 -0.220429  -9.27068  -7.11356 0.0470692 0.0116592 0.0222469  0.010847 0.0318758 0.0372767 2.35869e-05 2.79321e-05 3.97219e-05  -0.00073041  8.13559e-06 -0.000130311 1 0 0
             1.28876 -0.473245  -9.30228  -8.07942 0.0440398  0.013069 0.0204572 -0.0389477  0.0250345 0.00862657 3.73477e-05 4.59452e-05 6.42743e-05 -0.000701106   3.0126e-05 -8.04598e-05 1 0 0
             1.39971 -0.161933  -8.66927  -8.63146  0.0358722 0.00865274  0.0122725 -0.0906526 0.00442239 -0.0379039 2.77029e-05 4.15029e-05 4.44671e-05 -0.000674447  0.000106436  5.20171e-06 1 0 0
             1.49968 -0.556062   -8.3483  -9.81065  0.0336247 0.00729974  0.0116089  -0.0870514 -0.00162205  -0.0291945 2.82722e-05 3.56121e-05 4.68572e-05 -0.000770557  0.000119631 -1.63374e-05 1 0 0
             1.58308 -0.628904  -8.35044  -9.98425 0.0391585 0.0112426 0.0136871 -0.0671514  0.0157259 -0.0184199  3.1187e-05 4.20358e-05 4.76738e-05 -0.000950548   4.1155e-05 -5.79932e-05 1 0 0
             1.68932 -1.29394  -7.8426 -10.2157 0.0371339 0.0117369 0.0150692 -0.0881851  0.0409912 -0.0144027 3.73612e-05 3.93995e-05 4.90051e-05 -0.00105681 6.35114e-05 -9.4159e-05 1 0 0
             1.79976 -1.60259 -7.04692 -10.7158   0.032524 0.00760988  0.0125995 -0.0874821 0.00916354  -0.033934 6.18026e-05 3.14023e-05  5.3562e-05  -0.00114198  0.000135407 -7.75843e-05 1 0 0
             1.89969 -0.786063  -4.59289  -12.4018 0.0309188 0.0075569 0.0163565  -0.0765108  0.00660284 -0.00919924 5.01604e-05 2.74845e-05 5.85413e-05 -0.00123636 0.000120193 -0.00016059 1 0 0
             1.99955 -2.01734 -5.66729 -12.5982 0.0418413 0.0111819 0.0131372 0.000508665   0.0222695  -0.0365174 5.26474e-05 2.52273e-05 6.20933e-05  -0.00143515  5.14867e-05 -0.000131719 1 0 0
             2.09972 -4.93122 -5.78161 -10.5611 0.0493924 0.0168286 0.0139703 -0.0169963  0.0576283 -0.0115225 6.78928e-05 4.36083e-05 6.14642e-05  -0.00156649  1.12951e-05 -0.000178553 1 0 0
             2.19949 -6.97889 -5.09841 -8.79529 0.0521866 0.0240804 0.0142186   -0.024311   0.0474405 0.000711607 7.94111e-05 3.04171e-05 5.63301e-05  -0.00163966 -2.40035e-05 -0.000191363 1 0 0
             2.29844  -5.8848 -5.47477 -11.1505 0.0613772 0.0274736 0.0138522  0.0102573  0.0222604 0.00607641 7.67122e-05 2.41039e-05 6.66731e-05  -0.00178674 -5.45949e-05 -0.000174405 1 0 0
             2.40023 -4.31322 -5.03237 -13.4581 0.0587032  0.017162 0.0165524  -0.0375867  -0.0216806 -0.00339947 6.83569e-05 2.38133e-05 9.52934e-05  -0.00179397  8.08988e-05 -0.000190296 1 0 0
             2.49968 -4.13684 -3.92857 -14.4216 0.0539282 0.0092678 0.0169156 -0.0931286 -0.0226238 -0.0193625 6.41849e-05 1.65697e-05 9.62229e-05  -0.00182648  0.000150146 -0.000199988 1 0 0
             2.59936 -4.64618 -3.82439 -14.2395  0.0570575 0.00885347  0.0144831  -0.0853942 -0.00992962  -0.0393838 8.14305e-05 2.08404e-05 8.56157e-05  -0.00199669  0.000101052 -0.000204476 1 0 0
             2.69958 -5.07144 -3.33221 -14.0107 0.0608962 0.0116848 0.0178072 -0.0593994  0.0208562 -0.0167816 9.08054e-05 2.32401e-05 8.54213e-05  -0.00215718  3.20812e-05 -0.000292373 1 0 0
             2.79967 -5.79308 -3.05584 -13.6954 0.0652136  0.018385 0.0156702  -0.047639  0.0475147 -0.0291672 9.51336e-05 1.77037e-05 8.31564e-05  -0.00229305 -4.48773e-05 -0.000298218 1 0 0
             2.90011  -6.2112 -2.83966 -13.8245 0.0653337  0.021578 0.0179361  -0.0550663   0.0336985 -0.00474458 0.000103654 1.42167e-05 8.54004e-05  -0.00238191 -4.72426e-05 -0.000355933 1 0 0
             2.99958 -6.12677 -2.84491 -14.2593 0.0656076 0.0231585 0.0161916 -0.0651853  0.0246541 -0.0157699 0.000105841 1.19688e-05 9.29752e-05  -0.00247934 -5.33318e-05 -0.000341801 1 0 0
             3.09934 -6.10272 -2.88004 -14.4879 0.0617564 0.0196866 0.0193276 -0.0847263 0.00478076  -0.006133  0.00011067 9.35601e-06 9.87701e-05  -0.00255693  5.47426e-06 -0.000394814 1 0 0
             3.19969 -6.13845 -2.77084 -14.4245 0.0604111  0.017587 0.0159128  -0.0890597 -0.00127462  -0.0316151 0.000113415 6.06802e-06 9.81012e-05 -0.00267444 9.05235e-06 -0.00037041 1 0 0
             3.29961 -6.18751 -2.40441 -14.2761 0.0623385 0.0187602 0.0115063 -0.0732848 0.00294678 -0.0404265 0.000117241  1.8731e-06 9.89468e-05  -0.00282359  -4.6041e-05 -0.000362933 1 0 0
             3.39955 -6.14255 -2.14633 -14.3996 0.0647404 0.0202746  0.009754 -0.0601062 0.00771355 -0.0356713  0.000127173 -5.01137e-07  0.000102313  -0.00296036 -9.21793e-05 -0.000399069 1 0 0
             3.49898 -5.98445 -1.93374 -14.8296 0.0660677 0.0199986 0.0127006  -0.059903  0.0096691 -0.0162962  0.000133029 -4.20576e-06  0.000105395   -0.0030818 -9.83903e-05 -0.000480835 1 0 0
             3.59991 -5.97807 -1.86003 -15.1419 0.0630665 0.0174029 0.0125487  -0.0785329 -0.00182441  -0.0204409  0.000137512 -5.82744e-06  0.000110233  -0.00315575 -6.92368e-05  -0.00050262 1 0 0
             3.69987 -5.92869   -2.079 -15.1963   0.06501 0.0200982 0.0140232  -0.0509803  0.00907373 -0.00730956  0.000145582 -7.48652e-06  0.000113119  -0.00328472 -0.000133479 -0.000555524 1 0 0
             3.79983 -5.78948  -1.4523 -16.1788 0.0666479 0.0201311 0.0143061  -0.041088  0.0177606 -0.0105344  0.000150733 -9.81333e-06  0.000113101  -0.00337991 -0.000139822 -0.000573081 1 0 0
             3.89972  -6.16425 -0.845173  -17.6334 0.0712619 0.0223813 0.0151729  -0.0246148   0.0149106 -0.00920929   0.00015645 -2.07659e-05  0.000119116  -0.00350755 -0.000175704  -0.00060916 1 0 0
             3.99983 -6.79877 0.466272  -19.225 0.0797019 0.0201907 0.0180556   0.0106198 -0.00353573  0.00131622  0.000164466 -2.61596e-05  0.000128148  -0.00365861 -0.000174269 -0.000657017 1 0 0
             4.10068 -7.56809  1.30801 -20.4453 0.0888614  0.022003 0.0146671 0.00102557   0.025512 -0.0311699  0.000170262 -3.30249e-05  0.000133908  -0.00377382 -0.000224581 -0.000637417 1 0 0
              4.1996 -8.70062  1.60637 -21.2228 0.0973922 0.0239263 0.0184052 -0.0211514  0.0352525 -0.0159223   0.00017317 -3.45393e-05  0.000134788  -0.00392138 -0.000246452 -0.000742505 1 0 0
             4.30057 -9.51351  1.79392 -20.6677 0.0973369 0.0281998 0.0167719 -0.0634275  0.0369356 -0.0160255  0.000180336 -3.21726e-05  0.000137064  -0.00398721 -0.000277313 -0.000753561 1 0 0
             4.39913 -9.83897  1.79649 -21.5934 0.0975467 0.0326853 0.0200935  -0.0691182   0.0443757 3.31219e-05  0.000185329 -3.64195e-05  0.000134315  -0.00407481  -0.00031302 -0.000831031 1 0 0
             4.49955 -10.3318  2.28475 -21.0231 0.0960146 0.0352924 0.0149707 -0.0703432  0.0241508 -0.0284633  0.000186497 -3.84384e-05  0.000147361  -0.00416335 -0.000339442 -0.000785292 1 0 0
             4.60069 -10.6602  2.89541 -20.2664 0.0971776 0.0307329 0.0117702 -0.0660137 -0.0145684 -0.0292864  0.000194503 -4.26387e-05  0.000137081  -0.00431246  -0.00031277 -0.000789514 1 0 0
             4.70055 -10.6703  3.27524 -20.3525  0.105711 0.0275336 0.0164955 -0.0245742 -0.0153551 -0.0125828  0.000197988 -4.97069e-05   0.00014192  -0.00452143 -0.000351215 -0.000917117 1 0 0
              4.8005 -12.0117  5.60438 -20.5803  0.109034 0.0280155  0.018911  -0.0202626 0.000906422  -0.0018646  0.000208875 -5.44059e-05  0.000150912  -0.00459218 -0.000379712 -0.000986754 1 0 0
             4.90038 -11.7903  5.58926  -20.809  0.113249 0.0270986 0.0194443 -0.0548312 -0.0126378 0.00192874  0.000221742 -6.98799e-05  0.000152996 -0.00471846 -0.00041231 -0.00100879 1 0 0
             5.00035 -10.7497  5.73715 -21.4029  0.113044 0.0265847 0.0225964  -0.074759 -0.0150213 0.00931248  0.000216855 -5.99539e-05  0.000158665  -0.00480689 -0.000450995  -0.00107464 1 0 0
             5.10046 -10.6806  6.92595 -21.1026  0.109703 0.0206696 0.0237494 -0.0644819  -0.058276 0.00314133 0.000219153 -6.7495e-05 0.000162088  -0.00487274 -0.000430391  -0.00109052 1 0 0
             5.20036 -10.2812  7.36496 -21.7435  0.110454 0.0138758 0.0221389 -0.0732496 -0.0609139 0.00298712  0.000232532 -7.26259e-05  0.000156721  -0.00498739 -0.000467723  -0.00107577 1 0 0
              5.3003 -9.75305  6.95309 -22.2566   0.115819 0.00850795  0.0252129 -0.0654631 -0.0319709 -0.0137503  0.000236993 -7.60676e-05  0.000165644  -0.00517211 -0.000515488  -0.00116724 1 0 0
             5.40029  -9.9893  7.44805 -22.7621   0.117533 0.00456662  0.0275074 -0.0542645 -0.0136407 -0.0185455  0.000242303 -7.70562e-05  0.000163891   -0.0052923 -0.000526547  -0.00125916 1 0 0
              5.5002 -10.7427  6.21616 -22.3822   0.113618 0.00724855  0.0254232  -0.082787  0.0166538 -0.0277692  0.000254856 -8.51447e-05  0.000168502  -0.00531991 -0.000572693   -0.0012784 1 0 0
             5.60048 -10.9295  5.54237 -22.5795  0.110392 0.0158738 0.0261913 -0.0931252  0.0487138 -0.0165464  0.000267352 -7.56829e-05  0.000167331  -0.00536462 -0.000679937  -0.00135911 1 0 0
             5.70029 -11.0828   5.4028 -22.7738  0.109102 0.0189932 0.0236165 -0.0950344  0.0430231 -0.0301097  0.000272297 -8.57727e-05  0.000176502  -0.00549852 -0.000706843  -0.00138068 1 0 0
             5.80019 -10.9638  5.14211 -22.2351  0.107504 0.0154212 0.0229159 -0.0966841 0.00313518 -0.0239066  0.000273135 -9.35941e-05  0.000173326  -0.00565951 -0.000662607  -0.00142593 1 0 0
             5.90006 -10.6276    4.966 -22.3285  0.110517 0.0135691 0.0214807 -0.0647611 -0.0098541 -0.0228963  0.000280786 -9.62472e-05  0.000173432  -0.00583715 -0.000704402  -0.00147505 1 0 0
             6.00002 -10.2406   4.5419 -21.9338  0.113147 0.0140245 0.0227921  -0.0591888 -0.00279822  -0.0124671   0.00028963 -0.000104361  0.000178879  -0.00596154 -0.000761789  -0.00155372 1 0 0
             6.09963 -9.92937  4.73845 -21.7166  0.109832 0.0129778 0.0217812 -0.0851559 -0.0132821 -0.0186131  0.000294574 -0.000103933  0.000175757  -0.00602226 -0.000781195  -0.00157716 1 0 0
             6.19998 -9.45472   5.0023 -22.0649  0.108436 0.0117168 0.0225138 -0.0811165 -0.0145293 -0.0128809   0.00030357 -0.000112786  0.000181063  -0.00612736 -0.000819698  -0.00163773 1 0 0
             6.30005  -9.1408  4.96062 -22.3926   0.109855 0.00865832  0.0238502 -0.0723316 -0.0122542 -0.0101455  0.000311884 -0.000117769  0.000184818   -0.0062777 -0.000840893  -0.00169993 1 0 0
             6.39991 -9.19621  4.80949 -22.3229  0.110152 0.0084229 0.0270692   -0.0788136  -0.00176032 -0.000295858  0.000320561 -0.000122595  0.000186107  -0.00639606 -0.000883972  -0.00179051 1 0 0
                 6.5 -9.32537  4.73058 -22.1206   0.110886 0.00637026  0.0225474  -0.0793095 -0.00461769  -0.0322749  0.000327779 -0.000125349  0.000185814  -0.00654816 -0.000915514  -0.00176362 1 0 0
             6.59989 -9.38428  4.68528 -21.2058   0.112694 0.00714226  0.0245033  -0.0654723 -0.00245172  -0.0138817 0.000338084 -0.00013263 0.000185017   -0.0066804 -0.000976175  -0.00186871 1 0 0
             6.69979 -9.16365  4.42523 -20.3325   0.111683 0.00584397  0.0255565  -0.0823106 -0.00411659  -0.0114765  0.000347026 -0.000135763  0.000181872  -0.00677778 -0.000994893  -0.00192112 1 0 0
             6.79991 -9.02076  4.07426 -17.6044   0.107415 0.00819796  0.0205457  -0.106518 0.00993616 -0.0381087  0.000353298 -0.000135629  0.000186866 -0.00685704 -0.00106167 -0.00190222 1 0 0
              6.8987 -9.09715  3.03868 -14.9205   0.104165 0.00536235  0.0209512  -0.119106 -0.0127954 -0.0242052 0.000367328 -0.00013975 0.000172428 -0.00699328 -0.00104986 -0.00197545 1 0 0
             6.99981 -8.66507  2.24411 -13.8494   0.102113 0.00412862  0.0240379   -0.103407 -0.00871852 0.000681763 0.000380749 -0.00014116 0.000176939 -0.00714512   -0.001088 -0.00207129 1 0 0
             7.09969  -7.72699 -0.274234  -15.7945   0.0972916 0.000904484    0.019309   -0.140799 -0.00744423  -0.0406483  0.000385876 -0.000142568  0.000187563 -0.00727788 -0.00108692 -0.00203586 1 0 0
             7.19972 -7.03231 -2.69782 -16.4939   0.086509 0.00164918  0.0216957  -0.158089  0.0100407 -0.0222115  0.000390846 -0.000140064  0.000205147 -0.00735234 -0.00109999 -0.00213627 1 0 0
             7.29964  -7.1398 -2.55569 -14.7379  0.0727787 0.00412354  0.0171922  -0.142041   0.021913 -0.0406043  0.000396992 -0.000143325  0.000186669 -0.00737892 -0.00112384 -0.00211981 1 0 0
             7.39962 -7.34902 -2.43923 -14.0298  0.0729157 0.00526267  0.0138178 -0.0887783   0.013926 -0.0426964  0.000412228 -0.000161569  0.000177629 -0.00758005 -0.00116283 -0.00214101 1 0 0
              7.4997 -7.54202 -3.09508 -14.2677  0.0828702 0.00548117  0.0139052 -0.0365831  0.0135326 -0.0344936  0.000421482 -0.000170936  0.000189782 -0.00786611 -0.00121604 -0.00220997 1 0 0
             7.59957 -8.18219 -4.68002 -14.6775 0.0873227 0.0078228 0.0127595 -0.0508761  0.0301504 -0.0330354  0.000429415 -0.000174043   0.00019494 -0.00801525 -0.00125097 -0.00225467 1 0 0
             7.69943 -8.75206 -5.97922 -14.2336 0.0820595 0.0111585  0.018389   -0.10044   0.038742 0.00206079  0.000438908 -0.000173174  0.000199755  -0.0080684 -0.00124753  -0.0023771 1 0 0
             7.79833 -8.69444  -7.2769 -14.0759 0.0764357 0.0128124 0.0193273      -0.11  0.0174813 0.00730704  0.000448559 -0.000177475  0.000196371  -0.0081524 -0.00125183 -0.00238804 1 0 0
              7.8997 -8.05703 -8.12687 -15.1851 0.0700119 0.0123447 0.0154531  -0.112793 0.00764682 -0.0211633  0.000447843 -0.000179949  0.000205843 -0.00824418  -0.0012591 -0.00232276 1 0 0
             7.99965 -8.00954 -8.67769 -15.1941 0.0680624  0.012547 0.0121385 -0.119681  0.010474 -0.039367  0.000453541 -0.000189486  0.000213594  -0.0084046  -0.0012843 -0.00230896 1 0 0
             8.09957 -7.67864 -8.87366 -14.9033 0.0665901 0.0122708 0.0113965 -0.0970283  0.0138355 -0.0324593  0.000460502 -0.000197141  0.000202753 -0.00858427 -0.00130448 -0.00234084 1 0 0
             8.19965 -7.91206 -9.50984 -14.4148 0.0670755 0.0136421 0.0154859 -0.0799238  0.0214254 -0.0134549  0.000466458 -0.000204629  0.000205279 -0.00876066 -0.00132807 -0.00244013 1 0 0
             8.29914 -8.07214  -9.8357 -13.6906 0.0653863 0.0110135 0.0164014   -0.0864027  -0.00736817 -6.54441e-05   0.00047921 -0.000208028  0.000202687 -0.00890681 -0.00130427 -0.00244897 1 0 0
             8.39956 -7.59254 -9.93926 -13.8697 0.0674815 0.0103415 0.0121863  -0.0572442 -0.00309121  -0.0270845  0.000484192 -0.000213197  0.000204419 -0.00905769 -0.00135665 -0.00238312 1 0 0
              8.4997 -7.55405 -9.49581 -13.5699 0.0664313 0.0087901 0.0134041 -0.0704104 0.00427294 -0.0246885  0.000491323 -0.000220531    0.0002082 -0.00916865 -0.00134763  -0.0024381 1 0 0
             8.59928  -7.8933 -9.65641 -13.7851  0.0652896 0.00932167  0.0162232  -0.0775797  0.00645658 -0.00262388   0.00050201 -0.000230084   0.00020626 -0.00929152 -0.00136593 -0.00250294 1 0 0
             8.69961 -7.98319 -10.2526 -14.1434 0.0657343 0.0085892 0.0160545   -0.071577 -0.00219898  -0.0097783   0.00051125 -0.000231008  0.000216758 -0.00943304 -0.00138728 -0.00249335 1 0 0
             8.80022 -8.03009  -10.321 -13.9271 0.0694175 0.0103604 0.0128997 -0.0614461  0.0170834 -0.0305945  0.000515778 -0.000232331  0.000219367 -0.00960132   -0.001454 -0.00246066 1 0 0
             8.90012 -8.21883 -9.81503 -13.6352 0.0667347 0.0106907 0.0151199 -0.0800255  0.0164278 -0.0171071  0.000521346 -0.000241413  0.000216387 -0.00970076 -0.00144059 -0.00252784 1 0 0
             8.99966 -8.31112 -9.50164 -13.5917   0.065882 0.00973285  0.0138162 -0.0761786 0.00456859 -0.0199039   0.00053119 -0.000245099  0.000221751 -0.00984233 -0.00143636 -0.00251766 1 0 0
             9.09937 -8.11855  -9.4252 -13.8894 0.0711653 0.0102103  0.011534 -0.0484877  0.0105917 -0.0307468  0.000536319 -0.000245223  0.000225506  -0.0100554 -0.00149333  -0.0024995 1 0 0
             9.19964  -8.1502 -10.2111  -13.459 0.0700519  0.012751 0.0143173 -0.0674596  0.0180769 -0.0148163    0.0005421 -0.000248961  0.000234253  -0.0101576 -0.00152271 -0.00258555 1 0 0
             9.30007 -8.37719 -10.6666 -13.8579 0.0688787 0.0111848 0.0133347 -0.0830593  0.0185109 -0.0192728    0.0005483 -0.000243078  0.000224932  -0.0102821 -0.00148859 -0.00257161 1 0 0
             9.39951 -8.48002 -11.1576 -14.5398 0.0652504 0.0128032 0.0138648 -0.0931724  0.0150687 -0.0152102  0.000560453 -0.000257201   0.00024368  -0.0103825 -0.00150659 -0.00260463 1 0 0
             9.49918 -8.45144 -11.2379 -14.0311 0.0618342 0.0132854 0.0167007  -0.0948621   0.0131549 -0.00332534 0.000564188 -0.00025683 0.000240346  -0.0105104 -0.00151226 -0.00265809 1 0 0
             9.59997 -8.41907  -11.085 -13.8901 0.0624156 0.0148055 0.0147164   -0.08122  0.0167341 -0.0163723  0.000571534 -0.000261783  0.000237289  -0.0106784 -0.00156157   -0.002625 1 0 0
             9.69997  -8.2899 -10.6591 -14.0717 0.0648672 0.0116601 0.0141879  -0.0585798 -0.00552616  -0.0225199   0.00057986 -0.000270901  0.000243954  -0.0108698 -0.00154037 -0.00261604 1 0 0
             9.80001 -8.12305 -10.3453 -14.6637  0.0655126 0.00889458  0.0126546 -0.0644057 -0.0187841 -0.0244196  0.000589305 -0.000273919  0.000249715  -0.0110066  -0.0015393 -0.00260985 1 0 0
             9.89985 -7.50374 -10.0068 -15.3041  0.0680221 0.00936159  0.0121597  -0.0585088 -0.00605805   -0.021329  0.000591457 -0.000272467  0.000256712  -0.0111801 -0.00161691  -0.0026323 1 0 0
             9.99918 -7.24241 -9.12162 -14.7574  0.0670882 0.00625536   0.013732  -0.0607607 -0.00813379  -0.0128867  0.000596655 -0.000275247  0.000256153  -0.0113016   -0.001592 -0.00267601 1 0 0
                10.1 -7.51122 -9.77071 -14.6684  0.0663852 0.00500426  0.0129111 -0.0863672 0.00476363 -0.0288915  0.000603201 -0.000278584    0.0002527  -0.0114474 -0.00160277 -0.00267949 1 0 0
             10.1998 -7.62389 -10.6517 -15.0021  0.0660821 0.00722304  0.0133839 -0.0801465 0.00944752 -0.0150805  0.000618884 -0.000264886  0.000261459  -0.0115992 -0.00166553 -0.00272027 1 0 0
             10.3003   -7.497 -10.6233 -15.0812 0.0633139 0.0113486 0.0130348 -0.0779405  0.0277116 -0.0208181  0.000623214 -0.000268084  0.000266599  -0.0116972 -0.00172906 -0.00274471 1 0 0
              10.399 -7.59114 -10.8628 -14.4013 0.0614456 0.0113193 0.0131072 -0.0841022  0.0181192 -0.0180973 0.000628655 -0.00027805 0.000267473  -0.0118321 -0.00171668 -0.00276308 1 0 0
             10.4997 -7.54597 -10.2536 -14.1296 0.0628164 0.0102761 0.0138748 -0.0747138   0.011163  -0.010373  0.000637728 -0.000273484  0.000262625   -0.012042 -0.00171898 -0.00277955 1 0 0
             10.5998 -7.77555 -9.77541 -13.8678  0.0620648 0.00942036  0.0155582   -0.069111 -0.00212068  -0.0072077 0.000643202 -0.00029259 0.000274044  -0.0121812 -0.00171524 -0.00281623 1 0 0
             10.6998 -7.65638 -9.87312 -14.2898  0.0633675 0.00811328  0.0133836  -0.0715226 0.000394866  -0.0213636  0.000655477 -0.000287793   0.00027748  -0.0123443 -0.00174017 -0.00277723 1 0 0
             10.7997 -7.51377 -9.70942 -14.2491  0.0668569 0.00632206  0.0150891  -0.0530035 -0.00246465  -0.0118384  0.000660399 -0.000287122  0.000284993  -0.0125607 -0.00175575 -0.00281776 1 0 0
             10.8991 -7.55447 -9.64373 -14.1778  0.0658014 0.00817364  0.0168927  -0.0684679   0.0134106 -0.00905596  0.000664575 -0.000289539  0.000287354  -0.0126645 -0.00180032 -0.00287023 1 0 0
             10.9988 -7.65919 -9.70178 -13.8628  0.0665771 0.00671661  0.0139711  -0.0638061 -0.00070924  -0.0237913  0.000675837 -0.000288777  0.000289083  -0.0128209 -0.00180233 -0.00282272 1 0 0
             11.0995 -7.44985 -9.31156 -13.8881  0.0647038 0.00617938   0.012468  -0.0673021 -0.00452909  -0.0267584  0.000680652 -0.000293594  0.000288609  -0.0129173 -0.00182168  -0.0028289 1 0 0
             11.1995 -7.42153 -8.14115 -12.7515  0.0695391 0.00332874  0.0124535 -0.0312394 -0.0227422 -0.0190241 0.000689086 -0.00030334 0.000292187  -0.0131084 -0.00183963  -0.0028542 1 0 0
             11.2991 -7.15824 -6.86895 -12.6154  0.0758164 0.00241319  0.0186336 -0.0185146 -0.0123349  0.0193754  0.000695947 -0.000312845  0.000284828  -0.0133028 -0.00189733 -0.00296264 1 0 0
             11.4005  -6.5927 -6.55464 -13.2814   0.0841075 -0.00292451   0.0193736 -0.0128331 -0.0309165 0.00782873  0.000708572 -0.000310147   0.00029681  -0.0135044 -0.00188676 -0.00292593 1 0 0
             11.5004 -5.64176 -6.75873 -14.5425   0.0853722 -0.00990139   0.0201793  -0.0531086  -0.0370149 -0.00658383 0.000711412 -0.00030439 0.000305437  -0.0136229 -0.00184254 -0.00292499 1 0 0
             11.5996 -5.11963  -6.6288 -14.7553   0.0799967 -0.00887225   0.0209157  -0.0783872 -0.00606305   -0.017259  0.000710963 -0.000304725  0.000315641   -0.013644 -0.00190398  -0.0029729 1 0 0
             11.7003 -5.06825 -6.86109 -14.6887 0.0750619 -0.011548 0.0152707  -0.0976399 -0.00726681   -0.045708  0.000722655 -0.000302304  0.000308557  -0.0137323 -0.00188714 -0.00290865 1 0 0
             11.8004 -5.07141 -6.75574 -14.3536  0.0749084 -0.0132219  0.0194685  -0.0806786  -0.0107767 -0.00902453  0.000732933 -0.000302936  0.000307371  -0.0139403 -0.00190993 -0.00304071 1 0 0
             11.9004 -5.01476 -6.70903 -14.4022  0.0778659 -0.0119035  0.0238483 -0.0630334  0.0074209 0.00442507  0.000742863 -0.000311537  0.000307905  -0.0141642 -0.00199175 -0.00313096 1 0 0
             12.0004 -4.94279 -6.63419 -14.2647  0.0821067 -0.0112046  0.0222698  -0.0445344  0.00322292 -0.00985023 0.000751531 -0.00030946 0.000317754  -0.0143592  -0.0020499 -0.00309398 1 0 0
             12.0999 -4.60726 -6.47152 -14.3844   0.081897 -0.0143351  0.0213104 -0.0579035 -0.0114543 -0.0186924  0.000756754 -0.000315873   0.00031696  -0.0144783 -0.00202254  -0.0030879 1 0 0
             12.1991  -4.3206 -6.00871 -14.5054  0.0840923 -0.0185757   0.022615 -0.0462572 -0.0217827 -0.0152924  0.000764959 -0.000316778  0.000322315  -0.0146565 -0.00200599 -0.00313656 1 0 0
             12.3002 -4.01271  -5.5407 -14.6978  0.0879101 -0.0215636  0.0188551 -0.0432446  -0.027039 -0.0280077  0.000771362 -0.000317032  0.000324064  -0.0148338 -0.00204064 -0.00309336 1 0 0
             12.4002 -3.53207  -5.5752 -15.6159  0.0874882 -0.0208617  0.0185321  -0.0624033 -0.00152568  -0.0243251  0.000779135 -0.000321852  0.000327658  -0.0149313 -0.00210857 -0.00313572 1 0 0
             12.5002 -3.35392 -5.39761 -15.7584  0.0865161 -0.0205353  0.0198691 -0.0749392  0.0116036 -0.0227542  0.000783509 -0.000316911  0.000337182   -0.015071 -0.00213505  -0.0032094 1 0 0
             12.6001 -3.52681 -5.29097 -15.4443  0.0835585 -0.0193009  0.0179435 -0.0857836  0.0193694 -0.0295266  0.000793798 -0.000320172  0.000334152   -0.015187 -0.00215384 -0.00321734 1 0 0
             12.7001 -3.74194 -5.39685 -15.2916  0.0887182 -0.0178713   0.017392  -0.053918  0.0176764 -0.0234633  0.000805522 -0.000319757  0.000334941  -0.0154561 -0.00221635 -0.00325096 1 0 0
             12.7988 -3.76883 -5.49512 -15.2447  0.0884094 -0.0180489  0.0174548 -0.0629484 0.00951744 -0.0213146  0.000812997 -0.000320571   0.00034122  -0.0155891 -0.00221746 -0.00328994 1 0 0
             12.9001   -3.823 -5.58157 -15.1461  0.0887584 -0.0185834  0.0198049  -0.0648213  0.00139598 -0.00862026  0.000819437 -0.000324443  0.000344892   -0.015753 -0.00222784 -0.00336415 1 0 0
                  13 -3.63628 -5.51305 -14.9744  0.0880153 -0.0209414  0.0187094 -0.0720706 -0.0132567  -0.013979  0.000828406 -0.000323226  0.000348646   -0.015894 -0.00222625 -0.00335395 1 0 0
             13.0991 -2.89545 -4.69334 -15.7683  0.0854932 -0.0224679  0.0173757 -0.0838271 -0.0115613 -0.0211091  0.000833846 -0.000327553  0.000351417  -0.0160221 -0.00225956 -0.00335288 1 0 0
             13.2002 -2.12123 -4.31217 -16.4507  0.0835307 -0.0286908  0.0194886  -0.0744845  -0.0369517 -0.00887586  0.000841997 -0.000335238  0.000370609  -0.0161737 -0.00222576 -0.00342111 1 0 0
                13.3 -1.59516 -3.93353  -16.641  0.0908986 -0.0284913  0.0179695  -0.0360062 -0.00886268  -0.0284191  0.000842825 -0.000333066  0.000361835  -0.0164531 -0.00235455 -0.00342645 1 0 0
             13.3999 -1.34636 -3.30806 -17.2996  0.092784 -0.029557 0.0150961  -0.0326083 -0.00773891  -0.0319515  0.000850218 -0.000337591  0.000364515  -0.0165672 -0.00238321 -0.00342449 1 0 0
                13.5 -1.27142 -3.08367 -17.7588  0.0953897 -0.0318705  0.0167795  -0.0528565 -0.00899331  -0.0163853   0.00086334 -0.000336724  0.000369811  -0.0167309 -0.00239539 -0.00351102 1 0 0
             13.5999 -1.25859 -3.46568 -17.9252  0.0947152 -0.0307311  0.0159781   -0.0697665 -3.64103e-05   -0.0211059  0.000869927 -0.000332516  0.000372139  -0.0168473 -0.00246424 -0.00353256 1 0 0
                13.7 -1.62301 -4.34822 -18.6383   0.092429 -0.0316212  0.0184211  -0.0755562 -0.00356227  -0.0103366  0.000876182 -0.000335327  0.000374451  -0.0169681 -0.00248611 -0.00361578 1 0 0
             13.7999 -2.09283 -5.29063 -18.9116  0.0917307 -0.0320656  0.0164963  -0.0766506 0.000507501   -0.021176   0.00089137 -0.000326474  0.000383063  -0.0171204 -0.00252712 -0.00360692 1 0 0
             13.8998 -2.39311 -5.76614 -19.5163  0.0887126 -0.0319571  0.0180834 -0.0797377 -0.0012608 -0.0167954    0.0008942 -0.000332817  0.000383109  -0.0172366 -0.00256501 -0.00368055 1 0 0
             13.9995 -2.98397 -6.76568 -20.2628  0.0917405 -0.0298269  0.0171235  -0.066675  0.0132475 -0.0196306  0.000901292 -0.000336343   0.00039182  -0.0174514 -0.00267731 -0.00369494 1 0 0
             14.0983 -3.15755 -7.42151 -20.4906  0.0927599 -0.0321506   0.017461  -0.0642285 -0.00490271  -0.0168578    0.0009085 -0.000333562   0.00040015  -0.0176441 -0.00267456 -0.00373009 1 0 0
             14.1998  -2.9724 -7.31919 -20.9437   0.094605 -0.0335375  0.0175121  -0.0659042 -0.00794581  -0.0157604  0.000910809 -0.000341631  0.000396821   -0.017835 -0.00272796 -0.00375612 1 0 0
             14.2999 -2.84176 -7.27507 -21.4561  0.0920131 -0.0342647  0.0224221 -0.0832686 0.00423734 0.00793849  0.000915927 -0.000352332   0.00040499  -0.0179571 -0.00275646  -0.0038674 1 0 0
             14.3998 -2.79077 -7.38337 -21.4152  0.0943421 -0.0374134  0.0220474  -0.0712353 -0.00204816 -0.00635803  0.000924959 -0.000350998  0.000407758   -0.018199 -0.00277113 -0.00383254 1 0 0
             14.4997 -2.78595 -7.28936   -21.17  0.0948336 -0.0376478  0.0145802  -0.0735224 -0.00244418  -0.0452205  0.000932898 -0.000347319  0.000407972  -0.0183535 -0.00283864 -0.00370913 1 0 0
             14.5997 -2.95249 -7.35271 -20.8734  0.0964894 -0.0369836  0.0137331   -0.06163 0.00220298 -0.0341786  0.000943441 -0.000355416  0.000407593  -0.0185381 -0.00292268 -0.00377187 1 0 0
             14.6997 -2.95535 -7.31663 -20.9581  0.0969378 -0.0348452  0.0169926  -0.0604718  0.00920867 -0.00984667  0.000952158 -0.000353198  0.000411211  -0.0186872 -0.00300875 -0.00389124 1 0 0
             14.7993 -2.86102 -7.30981  -21.307  0.0973169 -0.0348366  0.0185416 -0.0680968 0.00446013 -0.0041288  0.000960468 -0.000357546  0.000418298  -0.0188448  -0.0030496 -0.00392909 1 0 0
             14.8983 -2.74652 -7.24811  -21.474 0.0933666 -0.038506 0.0181464 -0.0858241  -0.009285 -0.0138068  0.000967704 -0.000362033  0.000425097  -0.0189558 -0.00301056 -0.00392721 1 0 0
             14.9977 -2.85855 -7.53919 -21.4316  0.0923303 -0.0367169  0.0201285 -0.0792896  0.0042955 -0.0028835  0.000976473 -0.000364626  0.000428299  -0.0191081 -0.00311347 -0.00398579 1 0 0
             15.0997 -2.95605 -7.96946 -21.4867  0.0956889 -0.0386303  0.0172073  -0.0615443 -0.00559171  -0.0247249  0.000988105 -0.000360976  0.000427365  -0.0193465 -0.00316726 -0.00392929 1 0 0
             15.1996 -2.96824 -8.07057 -21.7689  0.0989698 -0.0398076  0.0118633 -0.0545211 0.00392928 -0.0485135   0.00099391 -0.000361449  0.000433351  -0.0195359 -0.00322431 -0.00387633 1 0 0
             15.2997 -3.18317 -7.92048 -21.6081   0.099033 -0.0339057  0.0155906 -0.0414963  0.0313435 -0.0187177   0.00100466 -0.000369619  0.000441483  -0.0196462 -0.00334512 -0.00403702 1 0 0
             15.3997 -3.53566 -7.74906 -22.3767   0.102798 -0.0350879  0.0183687  -0.0155497 -0.00312448  0.00237488   0.00101225 -0.000373573  0.000438987  -0.0198227    -0.00335 -0.00410085 1 0 0
             15.4996  -3.8571 -7.18903 -23.3324  0.111408 -0.037017 0.0181457   0.0148879  -0.0135701 -0.00771558  0.00102293 -0.00037731 0.000454104  -0.0200234 -0.00340452 -0.00408453 1 0 0
             15.5997 -4.37914 -5.82925 -23.7786   0.120304 -0.0363628  0.0202313   0.0334043 -0.00600224 -0.00587761  0.00103125 -0.00038563 0.000459534  -0.0201596 -0.00349775 -0.00414085 1 0 0
             15.6996  -5.1271 -4.30076 -24.4137   0.135285 -0.0377893  0.0217184  0.0693608 -0.0166149 -0.0042917   0.00103833 -0.000396635  0.000461346   -0.020384 -0.00358107 -0.00417579 1 0 0
             15.7997 -5.70477 -2.84425 -25.8286   0.152711 -0.0387403  0.0262559  0.0858658 -0.0273677  0.0120588   0.00104994 -0.000401852  0.000472857  -0.0205901 -0.00369513 -0.00426944 1 0 0
             15.8996 -5.61087 -1.78413 -27.8158   0.162581 -0.0452122  0.0237102    0.041406  -0.0591198 -0.00424708    0.0010483 -0.000401797  0.000485939  -0.0206791 -0.00368939  -0.0041975 1 0 0
             15.9997  -5.2643 -2.25327 -31.1341   0.171069 -0.0534813  0.0256127 0.00712129  -0.065048 0.00365817   0.00104639 -0.000403331  0.000496919  -0.0208323 -0.00371434 -0.00423646 1 0 0
             16.0996   -4.851 -1.94923 -32.5148  0.173896 -0.056873 0.0256379 -0.0262931 -0.0389705 -0.0164872   0.00104462 -0.000385561   0.00052019  -0.0209043 -0.00379545 -0.00426346 1 0 0
             16.1996 -4.98814 -1.44445 -32.9406   0.176134 -0.0578537  0.0250014 -0.0300207 -0.0177808 -0.0243788   0.00104638 -0.000393329  0.000503898  -0.0209931  -0.0038941 -0.00430805 1 0 0
             16.2997 -5.69367 -1.09011 -33.5139   0.182585 -0.0590206  0.0235325  -0.0133592 -0.00695613  -0.0331715   0.00105765 -0.000395611  0.000499544   -0.021173 -0.00400633 -0.00435494 1 0 0
             16.3996  -6.65898 -0.329273  -33.5445   0.196916 -0.0621233  0.0248638  0.0233836 -0.0196386 -0.0217824    0.0010695 -0.000400249  0.000507316  -0.0214859 -0.00414885 -0.00447231 1 0 0
             16.4997 -7.54674 0.181494 -33.7843    0.20781 -0.0635899   0.028599  0.0184881 -0.0194064 0.00396101   0.00107944 -0.000406248  0.000508615  -0.0216649 -0.00426846 -0.00460253 1 0 0
             16.5996   -8.0893 0.0624317  -34.8807   0.213106 -0.0661577  0.0297988 -0.0171389 -0.0286079 0.00062463   0.00108784 -0.000405665  0.000519427  -0.0217785 -0.00433319 -0.00463921 1 0 0
             16.7001  -8.13704 -0.132873  -36.0695   0.216099 -0.0638714  0.0264561  -0.0395549 -0.00813962  -0.0176138   0.00109157 -0.000401572  0.000534929  -0.0218453 -0.00450477 -0.00460163 1 0 0
             16.7996  -7.99721 -0.534375  -37.0891   0.214686 -0.0666515  0.0239545 -0.0606054  -0.021549 -0.0276181   0.00109173 -0.000403565   0.00053594  -0.0219406 -0.00453134 -0.00459866 1 0 0
                16.9  -8.06842 -0.537653  -37.8517   0.217619 -0.0677315  0.0212673 -0.0532954 -0.0120439 -0.0419991   0.00109838 -0.000401051  0.000540438  -0.0221065 -0.00466842 -0.00464789 1 0 0
             16.9996  -8.41813 0.0762429  -37.5323   0.221428 -0.0681039  0.0269144  -0.0500225 -0.00553873 -0.00546151   0.00110928 -0.000412899   0.00054085  -0.0222854 -0.00478437 -0.00487548 1 0 0
             17.1001 -8.54457 0.432683 -37.4446   0.226506 -0.0684527  0.0267113  -0.0481473  -0.0215201 -0.00618438  0.00111818  -0.0004183 0.000531737  -0.0224782 -0.00494994 -0.00491365 1 0 0
                17.2  -8.1665 0.484068 -38.9548   0.232194 -0.0731668  0.0244693 -0.0380517 -0.0592962 -0.0190588   0.00112814 -0.000417703   0.00054482  -0.0226971 -0.00509101 -0.00491381 1 0 0
             17.2996  -7.1427  1.04005 -41.5709   0.230843 -0.0803914  0.0252345 -0.0597397 -0.0801665 -0.0111081   0.00112743 -0.000422916  0.000562242  -0.0227644 -0.00514285 -0.00498563 1 0 0
             17.3996  -6.3968  1.65903 -43.7335   0.230245 -0.0865498  0.0237246 -0.0726296 -0.0722522 -0.0273288   0.00112699 -0.000426786  0.000573553  -0.0228627 -0.00526134 -0.00501451 1 0 0
                17.5 -6.06086   2.0364 -45.7718   0.231665 -0.0899333  0.0234094 -0.0790856 -0.0414221 -0.0227952  0.00113363  -0.0004279 0.000571016  -0.0229949 -0.00544655   -0.005106 1 0 0
             17.5999  -5.9348  2.10137 -46.7801   0.231027 -0.0926884  0.0253839 -0.0956383 -0.0204689 -0.0151088   0.00114137 -0.000427393  0.000573226  -0.0231466 -0.00558082 -0.00522789 1 0 0
                17.7 -5.73481  1.11205 -47.9119   0.235269 -0.0913428  0.0270509  -0.0469078 -0.00553566   0.0159866   0.00114809 -0.000427307  0.000568335  -0.0233148 -0.00584664 -0.00531972 1 0 0
             17.7999   -6.8204 -0.813662  -46.7688   0.237771 -0.0921108  0.0308069 0.00586689 -0.0224579  0.0144326   0.00115836 -0.000420212  0.000574405  -0.0234007 -0.00592749 -0.00537865 1 0 0
             17.8999  -8.82012 -0.691119  -46.5838   0.246162 -0.0922397  0.0267693  0.0313167 -0.0630369 -0.0342091    0.0011788 -0.000412474  0.000555418  -0.0234298 -0.00611045 -0.00532282 1 0 0
                  18 -9.24447 0.688795 -47.8642  0.260729 -0.095518 0.0304187  0.0402607 -0.0873695 0.00523922   0.00120222 -0.000436133  0.000577897  -0.0235347 -0.00637463 -0.00549415 1 0 0
             18.0999 -8.74863  1.19335  -50.346  0.281836 -0.106501  0.037402  0.0685106 -0.0960706  0.0319422   0.00119676 -0.000454428  0.000595426  -0.0238443  -0.0066355 -0.00567525 1 0 0
             18.1998 -8.74728  1.04271 -52.4839  0.292848 -0.123888 0.0432056 0.0371077 -0.102648 0.0317815   0.00119469 -0.000453483  0.000614472  -0.0240835 -0.00661738 -0.00574958 1 0 0
             18.3008 -9.30572  1.30302 -52.0804  0.298881  -0.12713 0.0436718 0.00140701 -0.0526557 0.00538846  0.00119952 -0.00044834 0.000601938  -0.0240692 -0.00677179 -0.00573993 1 0 0
             18.4008 -10.2903  1.26502 -52.5814  0.305676 -0.127055 0.0430367  -0.0155721  -0.0280403 -0.00955485   0.00121655 -0.000446324  0.000594574  -0.0241093 -0.00697885 -0.00577107 1 0 0
             18.4997 -10.7556 0.606127 -54.1477  0.313935 -0.127826  0.041637 -0.0242835 -0.0337464 -0.0165796  0.00123208  -0.0004505 0.000608311  -0.0242262 -0.00721989 -0.00582018 1 0 0
             18.5998  -10.6505 -0.117897  -55.9457   0.32236 -0.129058 0.0420624 -0.0205896 -0.0334268 -0.0127043   0.00123249 -0.000449117  0.000626509   -0.024348 -0.00746957 -0.00592879 1 0 0
             18.6996 -10.5875 -0.39717 -57.3442  0.322453 -0.130257 0.0496149 -0.0482793 -0.0149078  0.0196245   0.00124277 -0.000451752  0.000632132  -0.0243733 -0.00753446 -0.00614166 1 0 0
             18.7998  -10.6459 -0.500265  -57.8529   0.32508 -0.129081 0.0523336 -0.0625332 0.00605089  0.0162001   0.00124719 -0.000457206   0.00063332  -0.0244602 -0.00772867 -0.00621195 1 0 0
             18.8996  -10.7241 -0.720695  -57.6368  0.326966 -0.133694 0.0504976  -0.0776275    -0.01492 -0.00811091   0.00125432 -0.000460644  0.000627506  -0.0246843 -0.00787843 -0.00618451 1 0 0
             18.9997 -10.9314 -1.39268 -57.9182  0.333769 -0.135491 0.0469109 -0.0506415 -0.0293186 -0.0313164   0.00126782 -0.000462845   0.00062739   -0.024865 -0.00818759 -0.00620512 1 0 0
             19.0996 -11.0793 -1.25038 -58.0574  0.331944 -0.131378 0.0544388  -0.070898 -0.0170627 0.00362779   0.00128471 -0.000460778    0.0006356  -0.0247852 -0.00832613 -0.00648687 1 0 0
             19.2006  -11.1162 -0.744652  -58.0433  0.338649 -0.130608 0.0540769 -0.0447749 -0.0136857 0.00165648   0.00129217 -0.000466072  0.000638007  -0.0249029 -0.00863847 -0.00654314 1 0 0
             19.2997  -11.1667 -0.798001  -58.2945  0.344506 -0.135301 0.0542746  -0.038512 -0.0377982 0.00594184   0.00130508 -0.000477138  0.000642164  -0.0250912  -0.0088373 -0.00657809 1 0 0
             19.3996  -11.0959 -0.903237  -58.3896  0.348212 -0.139736   0.05836 -0.0418067 -0.0501716 0.00868529   0.00132094 -0.000477636  0.000648384   -0.025206 -0.00899343 -0.00670032 1 0 0
             19.5006  -11.1077 -0.594543  -58.3635  0.349229 -0.141052 0.0577883 -0.0602598 -0.0425812 -0.0160902   0.00133236 -0.000474032  0.000650192  -0.0252163 -0.00917335 -0.00673482 1 0 0
             19.5996   -11.303 -0.495454  -58.7239  0.355155 -0.143493 0.0543957 -0.0458345 -0.0333309  -0.035539   0.00134012 -0.000479016  0.000654027  -0.0253421 -0.00945085 -0.00677819 1 0 0
             19.6998 -11.7872 -0.82755 -58.8915  0.360696 -0.140194 0.0563886 -0.0448086 -0.0126076 -0.0123305   0.00135872 -0.000480622  0.000659823   -0.025362  -0.0097256 -0.00696205 1 0 0
             19.7996  -11.8711 -0.899557  -59.2813  0.362636 -0.141501 0.0595304  -0.068669 -0.0315865 0.00110876   0.00137356 -0.000481596  0.000664287  -0.0254491  -0.0098952 -0.00710406 1 0 0
             19.9006  -11.6198 -0.764958  -59.9935  0.363235 -0.144262 0.0596467 -0.0846932 -0.0439968 -0.0111652   0.00138228 -0.000486222  0.000671462  -0.0255396  -0.0101004 -0.00716693 1 0 0
             19.9996 -11.3315 -0.42587  -60.754  0.363338 -0.151886 0.0585684 -0.0838363 -0.0597781 -0.0200942   0.00139071 -0.000488766  0.000676152  -0.0257124  -0.0102635 -0.00721816 1 0 0
             20.0997  -11.1902 -0.084274  -61.5528  0.362554 -0.155284 0.0600975 -0.0936531 -0.0557388 -0.0143849   0.00140429 -0.000495441  0.000676214  -0.0257685  -0.0104556 -0.00735055 1 0 0
             20.2004  -10.8333 0.0458899  -62.3499  0.364196 -0.158423 0.0607544  -0.0869118  -0.0482979 -0.00618008   0.00141911 -0.000495343  0.000679513  -0.0258606  -0.0107264 -0.00745877 1 0 0
             20.2997  -10.6831 -0.129476  -62.9653  0.366053 -0.160345 0.0578756 -0.0764356 -0.0341433 -0.0272184   0.00142552 -0.000493467  0.000684236  -0.0259411  -0.0109954 -0.00748341 1 0 0
             20.3996  -10.7723 -0.160097  -63.2353  0.364087 -0.157326 0.0595275 -0.0922282 -0.0130251 -0.0116983   0.00144294 -0.000495776   0.00068665  -0.0258958  -0.0111906 -0.00762981 1 0 0
             20.4993 -10.6999 -0.33962  -63.744  0.360563 -0.158302 0.0614051   -0.110333  -0.0332688 0.000516097   0.00145612 -0.000497526  0.000690097  -0.0259455  -0.0113523 -0.00773297 1 0 0
             20.6002  -10.3563 -0.495412   -64.464  0.363487  -0.16549 0.0611653  -0.0877899  -0.0667136 -0.00400989     0.001465 -0.000498391  0.000691872  -0.0261521  -0.0116459 -0.00779671 1 0 0
             20.6994  -10.0148 -0.764967  -65.2349  0.366731 -0.170498 0.0595129 -0.0658802  -0.060538 -0.0117757   0.00147391 -0.000503696  0.000698284 -0.0262489  -0.011935 -0.0078354 1 0 0
             20.8003 -9.91204 -1.08764 -65.0033  0.366305 -0.171763 0.0688892 -0.0600156 -0.0310323  0.0306119   0.00149074 -0.000502318  0.000700903  -0.0262396  -0.0120824 -0.00810706 1 0 0
             20.8997  -10.2968 -0.687229  -64.1976  0.369893 -0.175813 0.0731173 -0.0557985 -0.0497003  0.0171257   0.00150555 -0.000504084  0.000695536  -0.0263477  -0.0122987 -0.00821133 1 0 0
             20.9994 -10.3623  -0.4786 -64.3535  0.376812 -0.176814 0.0688013 -0.0388418 -0.0486898 0.00567016    0.0015233 -0.000511299  0.000696905  -0.0263788  -0.0126567 -0.00813722 1 0 0
             21.1003 -10.3685 -1.08742 -64.9981   0.38183 -0.179765 0.0780576 -0.0375344 -0.0545904   0.050199    0.0015428 -0.000515165  0.000709875  -0.0264272  -0.0128743 -0.00836009 1 0 0
             21.2002 -10.2048 -1.15789 -65.1335  0.384713 -0.185501  0.084398 -0.0437381 -0.0683414  0.0344367   0.00154881 -0.000508607  0.000716992  -0.0265032  -0.0130464 -0.00845507 1 0 0
             21.3002   -10.8424 -0.0431618   -64.0575  0.397334 -0.188991 0.0791356 0.00961404 -0.0528729 -0.0245268   0.00155811 -0.000512565  0.000718086   -0.026604  -0.0134633 -0.00837669 1 0 0
             21.4002 -11.7864  2.05732 -63.5191   0.40459 -0.194186 0.0814985 -0.0068404 -0.0719937 -0.0244436   0.00158024 -0.000525413  0.000717821  -0.0266622  -0.0136145 -0.00855004 1 0 0
             21.5001 -11.1006  3.94814 -65.7581  0.414048 -0.209184  0.088059 -0.0237803   -0.15588  0.0126742  0.00159579 -0.00053174  0.00072573  -0.0268822  -0.0138109 -0.00880447 1 0 0
             21.6002 -9.56996  5.38594 -69.4543  0.417507 -0.225188 0.0979768 -0.0352453  -0.153554  0.0577172   0.00160941 -0.000538254  0.000742886  -0.0269553  -0.0139421 -0.00902623 1 0 0
             21.7002 -9.21162   7.0206 -69.0068  0.423542 -0.235651 0.0941733  -0.0301933   -0.114015 -0.00177781   0.00160111 -0.000535824  0.000742988  -0.026994 -0.0142396 -0.0088924 1 0 0
             21.8002  -12.246  8.36549 -64.6932  0.424953 -0.235901 0.0924084 -0.0286565  0.0246529  -0.037724   0.00162534 -0.000535023  0.000725952  -0.0269051  -0.0143833 -0.00890911 1 0 0
             21.9001 -15.0245  8.20696 -53.3904  0.442032 -0.227309 0.0931058 0.000522555    0.104155  -0.0500498  0.00166847 -0.00053724  0.00072244  -0.0270349  -0.0148359 -0.00916188 1 0 0
             22.0002 -19.5258  6.88281 -47.4384  0.464449 -0.212219 0.0883605  0.0248196    0.15744 -0.0495893   0.00171738 -0.000524292  0.000714272  -0.0272055  -0.0153693 -0.00933976 1 0 0
             22.1002 -24.3603  2.83687  -42.448  0.472978 -0.184218 0.0855879 -0.0226761    0.23653 -0.0295195   0.00176314 -0.000533464  0.000774338  -0.0271581  -0.0156616 -0.00946658 1 0 0
                22.2 -26.1816 0.188784 -37.5023  0.458188 -0.148179  0.080983  -0.126774   0.256352 -0.0256852   0.00179119 -0.000499663  0.000804643  -0.026818 -0.0157362 -0.0093799 1 0 0
             22.3001  -26.4974 -0.029768  -33.7801  0.439734 -0.127054 0.0787628  -0.184141   0.211352 -0.0361554   0.00178197 -0.000515233  0.000814559  -0.0267944  -0.0156446 -0.00935847 1 0 0
                22.4 -27.1481 0.091786 -30.4874  0.427394 -0.117119 0.0751356  -0.177277   0.133548 -0.0511223   0.00179122 -0.000546018  0.000821712   -0.027048  -0.0155825 -0.00936002 1 0 0
             22.5001  -28.3909 -0.969587   -29.412  0.429953 -0.114455 0.0777267  -0.102153  0.0694448 -0.0243443   0.00182398 -0.000562104  0.000820993   -0.027552  -0.0155866 -0.00957801 1 0 0
                22.6 -29.4247 0.222653 -27.3859  0.436573 -0.112297  0.074042  -0.033431   0.035927 -0.0385426     0.001848 -0.000568091  0.000843879  -0.0279281  -0.0156941 -0.00962959 1 0 0
                22.7 -29.9917  1.66819 -24.8129  0.436965 -0.105183  0.075474 -0.0504115  0.0426012 -0.0202108   0.00186152 -0.000588109  0.000830155  -0.0279886  -0.0157539 -0.00980871 1 0 0
             22.7989 -29.3348  2.53044 -24.1585   0.441169 -0.0988029  0.0771006  -0.0556135 0.000601327   0.0145851   0.00188011 -0.000593601  0.000836491  -0.0281805  -0.0158987 -0.00997529 1 0 0
             22.9001 -23.8989    2.919 -28.3552 0.442945 -0.11021 0.079458  -0.05983 -0.174723 0.0429273   0.00188604 -0.000599341  0.000856108  -0.0284131  -0.0159379 -0.00997456 1 0 0
             22.9999 -18.3043  3.67088 -35.1641  0.436331 -0.144558 0.0888419 -0.109081 -0.307187 0.0528579   0.00183343 -0.000623658  0.000890933 -0.0285481 -0.0156955  -0.009991 1 0 0
             23.0999 -15.9326  4.27247 -39.4193  0.419463 -0.183529 0.0879406   -0.191255   -0.312883 -0.00992066   0.00183567 -0.000618428  0.000880341  -0.0286045  -0.0155481 -0.00981416 1 0 0
             23.1999 -16.4879  4.42527  -42.451  0.401785 -0.204165 0.0932022  -0.226944  -0.227334 0.00430171   0.00186882 -0.000607379  0.000850353 -0.0285763  -0.015674 -0.0100412 1 0 0
             23.2998 -15.3663  4.47816 -44.3724 0.403288 -0.20761 0.098145 -0.152495 -0.122916 0.0218919    0.0019043 -0.000609763  0.000839976 -0.0287881 -0.0162809 -0.0103687 1 0 0
                23.4 -13.4748  4.42804 -47.4762  0.400191 -0.214714  0.102408  -0.120941 -0.0969012  0.0200832   0.00189919 -0.000609975  0.000826674 -0.0289318 -0.0165501 -0.0105348 1 0 0
             23.4998 -11.7405  4.75436 -49.8688  0.394726 -0.225345 0.0988915 -0.0987442 -0.0617761 -0.0263541  0.00189472 -0.00060946  0.00083019 -0.0291003 -0.0166361 -0.0104749 1 0 0
             23.5999 -11.4558   5.2799 -50.3397  0.389213 -0.233491 0.0933907 -0.0923765  -0.053201 -0.0611863   0.00189337 -0.000612482   0.00081882 -0.0292367 -0.0166692 -0.0104634 1 0 0
             23.6998 -12.1869  5.82325 -50.7371  0.390114  -0.23806 0.0952731 -0.0753544 -0.0513697 -0.0283454   0.00192724 -0.000619349  0.000800725 -0.0293823 -0.0168271 -0.0107175 1 0 0
             23.7998 -12.4274   6.1949 -51.5579  0.394693 -0.241788 0.0973889 -0.0674714 -0.0635642 -0.0034806   0.00194778 -0.000619781  0.000806587 -0.0295453 -0.0170981 -0.0109129 1 0 0
             23.8998 -11.9828  6.50238 -52.0458  0.398629 -0.244148 0.0954919  -0.0478044  -0.0594937 -0.00669788   0.00195439 -0.000623693  0.000813608  -0.029644 -0.0173867 -0.0109498 1 0 0
             23.9998 -11.9162  6.50347  -52.416  0.403207 -0.249486 0.0918393  -0.039042 -0.0612041 -0.0313417   0.00196059 -0.000623229  0.000815897 -0.0297928 -0.0176016 -0.0109675 1 0 0
             24.0997 -12.0456  6.81521  -52.407  0.400858 -0.255224 0.0941083  -0.060604 -0.0667058 -0.0225292   0.00197632 -0.000630234  0.000816529 -0.0298101  -0.017644 -0.0111299 1 0 0
             24.1996 -12.3459  7.00332 -52.6977  0.406312 -0.257724 0.0953411 -0.0268317 -0.0518417 -0.0212531   0.00198974 -0.000630462  0.000821597 -0.0298915  -0.017904 -0.0113111 1 0 0
             24.2997 -13.1291  7.54897 -52.9257  0.414269 -0.262942 0.0924529 -0.00188186  -0.0676255  -0.0311276   0.00200256 -0.000635564  0.000826391 -0.0300415 -0.0181226 -0.0113838 1 0 0
             24.3997 -13.3974  8.89205  -52.406  0.423182 -0.273308 0.0926234 -0.00654172  -0.0971233  -0.0146892   0.00201569 -0.000638213  0.000830911 -0.0302412 -0.0182798 -0.0115285 1 0 0
             24.4996 -13.6578  9.26422 -52.6064  0.431267 -0.281615 0.0943935  -0.011345 -0.0931491 -0.0105616   0.00203258 -0.000655319  0.000834179  -0.030357 -0.0184889 -0.0116944 1 0 0
             24.5997 -14.0623  9.30146 -52.8295  0.438497 -0.289775 0.0929873  -0.019579 -0.0956528 -0.0200249   0.00204782 -0.000654695  0.000844872 -0.0304821 -0.0187034  -0.011781 1 0 0
             24.6997 -13.9319  9.59946 -53.0218  0.440896 -0.296155 0.0868828  -0.045972 -0.0835114 -0.0445128  0.00205661 -0.00064881 0.000851497 -0.0305354 -0.0188987 -0.0117473 1 0 0
             24.7996 -13.8584  9.84647  -53.621  0.441049 -0.299383 0.0870074 -0.0649439 -0.0449956 -0.0289364   0.00206309 -0.000651719  0.000858304 -0.0305382 -0.0190566 -0.0119165 1 0 0
             24.8996 -13.8001  10.2802 -53.8144  0.442698 -0.303185 0.0919124 -0.0686468 -0.0271209  0.0064961   0.00207843 -0.000659743  0.000865749 -0.0306552  -0.019194 -0.0121744 1 0 0
             24.9997  -13.932  10.2671 -53.6571   0.44727 -0.303217 0.0921633   -0.0502304   -0.0158351 -0.000733317   0.00209299 -0.000666631   0.00086599 -0.0307923 -0.0194701 -0.0122708 1 0 0
             25.0996 -14.1698  10.4644 -53.1037  0.444728 -0.307357 0.0888638 -0.0803593 -0.0355988 -0.0334739   0.00210915 -0.000663497  0.000868232 -0.0309028 -0.0195408 -0.0122583 1 0 0
             25.1996  -14.191  11.0123 -52.6382  0.447808 -0.309347 0.0875087 -0.0723625 -0.0292586 -0.0290894   0.00212505 -0.000668545  0.000873366 -0.0310459 -0.0197926 -0.0124213 1 0 0
             25.2997 -14.2135  11.0709 -52.5678  0.450057 -0.308649 0.0887217  -0.0718652 -0.00688639 -0.00969701   0.00214323 -0.000675716  0.000874558 -0.0311349 -0.0200263  -0.012606 1 0 0
             25.3996 -14.2567  10.8755  -52.419  0.451158 -0.307716 0.0877996  -0.0744061 -0.00467154  -0.0223371  0.00215797 -0.00067815 0.000882486 -0.0312469  -0.020238 -0.0127133 1 0 0
             25.4997 -14.2849  11.0913 -52.1665  0.450348 -0.305262 0.0885802 -0.0733299 0.00660369 -0.0133488   0.00217154 -0.000682764  0.000889801 -0.0312901 -0.0204074 -0.0128593 1 0 0
             25.5997 -14.3664  11.0684 -51.9477  0.450448 -0.306855  0.087848 -0.0808094 -0.0178493 -0.0110881    0.0021811 -0.000684351  0.000891256 -0.0314493 -0.0205526 -0.0129511 1 0 0
             25.6997 -14.2288  10.9283  -52.066  0.449991 -0.305607 0.0905374 -0.0852583  -0.021863 0.00314895   0.00220214 -0.000690219  0.000898465 -0.0314974 -0.0207665 -0.0131247 1 0 0
             25.7996 -13.8775  10.9481 -52.3459   0.44943 -0.307075 0.0887173 -0.0809441 -0.0266564 -0.0180794   0.00220797 -0.000690351   0.00090336 -0.0316168 -0.0209676 -0.0131718 1 0 0
             25.8996 -13.8198  11.1026 -52.7022  0.447255 -0.310635 0.0897142 -0.0882087 -0.0330775 -0.0132299   0.00222267 -0.000697704  0.000909598 -0.0317249 -0.0210747 -0.0133141 1 0 0
             25.9996 -13.6778  11.3205 -52.7943   0.44445 -0.313539 0.0906557   -0.101229  -0.0391225 -0.00683686   0.00223941 -0.000702506  0.000911444 -0.0318153 -0.0212205 -0.0134392 1 0 0
             26.0997 -13.3884  11.6069 -52.8789  0.445048 -0.316993 0.0903086 -0.0867327 -0.0344558 -0.0183085  0.00225391 -0.00070909 0.000912203 -0.0319787 -0.0214501 -0.0135652 1 0 0
             26.1997 -13.5512  11.8076 -52.7613  0.449736 -0.318858 0.0928276  -0.0472249  -0.0164728 -0.00302864  0.00226826 -0.00071428 0.000916703 -0.0321418 -0.0216944 -0.0137979 1 0 0
             26.2997 -13.5835  12.1778 -51.9619  0.455334 -0.314548 0.0906884  -0.0402463 -0.00331757 0.000475872   0.00228413 -0.000712123  0.000920884 -0.0322119 -0.0220123 -0.0138344 1 0 0
             26.3996 -13.1983  12.2494 -52.1078  0.456211 -0.316984 0.0956956 -0.0710695 -0.0371673  0.0306948   0.00229931 -0.000720985  0.000921188 -0.0323078 -0.0221315 -0.0139998 1 0 0
             26.4996 -12.7107   11.946 -52.8556   0.45165 -0.322323 0.0983715 -0.0841883 -0.0550829  0.0101872      0.00231 -0.000721265   0.00093225 -0.0323834 -0.0221964 -0.0140503 1 0 0
             26.5996 -12.5273  12.2424 -53.4545  0.452158 -0.322658  0.100517 -0.0696026  -0.037386  0.0122237   0.00232136 -0.000722203  0.000936698 -0.0324223 -0.0224473 -0.0141707 1 0 0
             26.6998   -12.53  12.2316 -54.1164  0.452103 -0.325513  0.106618   -0.07417 -0.0466459  0.0254399   0.00234072 -0.000729793   0.00093975 -0.0324899 -0.0226046 -0.0143658 1 0 0
             26.7997 -12.2407  12.5896  -54.409  0.455493 -0.333865  0.109154 -0.0693876  -0.072292   0.011529    0.0023501 -0.000735877   0.00094143 -0.0327245  -0.022801 -0.0144939 1 0 0
             26.8997 -11.9252  12.8134 -54.6696  0.460822 -0.334601   0.11046  -0.0555505  -0.0369599 -0.00186125  0.00236726 -0.00073799 0.000946562 -0.0328085 -0.0231576 -0.0146331 1 0 0
             26.9997 -11.709 13.0943 -54.776   0.45898 -0.337698  0.112839  -0.0690595  -0.0345649 -0.00716979   0.00237931 -0.000743964  0.000947833 -0.0328538 -0.0232543 -0.0147598 1 0 0
             27.1002 -12.0658  13.4206 -55.1137  0.460863 -0.341618  0.111175 -0.0574165 -0.0387467  -0.032616  0.00239519 -0.00074716 0.000952297 -0.0329946 -0.0234407 -0.0148532 1 0 0
             27.1996 -12.6742  13.7266 -55.3547   0.46152 -0.347002  0.110334  -0.065999 -0.0450651 -0.0339343   0.00241456 -0.000754999   0.00095609 -0.0331181 -0.0235596 -0.0149955 1 0 0
             27.3001 -13.0707  13.8943 -55.3784  0.467926 -0.346812    0.1105 -0.0496284 -0.0226363 -0.0130399   0.00243111 -0.000757495  0.000964727 -0.0332213 -0.0238974 -0.0151975 1 0 0
             27.4001 -13.1859  13.8487 -55.5516  0.474295 -0.344565  0.110442  -0.015549 -0.0224204 0.00905883   0.00244712 -0.000759972  0.000972122 -0.0332776 -0.0242077 -0.0152953 1 0 0
             27.5001 -13.4499  13.6632 -55.9953  0.477948 -0.346138  0.114435 -0.0234004 -0.0420147  0.0182829  0.00246212 -0.00076215 0.000978297 -0.0333048 -0.0243507 -0.0154247 1 0 0
             27.5996 -13.3183  14.1073 -55.9413   0.48105 -0.351442  0.116236 -0.0445025 -0.0652126  0.0023606   0.00247196 -0.000766879  0.000984703  -0.033393 -0.0244989 -0.0155155 1 0 0
                27.7 -13.2055  14.5999 -56.2095  0.486781 -0.360093  0.115091 -0.0363937 -0.0662937 -0.0136998   0.00248432 -0.000775699  0.000989661 -0.0336037  -0.024705 -0.0156042 1 0 0
                27.8 -13.5022  14.6951 -56.7951  0.487175 -0.363519  0.116581  -0.0526046  -0.0419818 -0.00747826   0.00249757 -0.000781192  0.000992179 -0.0336152 -0.0248386 -0.0157291 1 0 0
             27.8996 -13.9351   14.735 -57.1557  0.486954 -0.368726  0.121626 -0.0753405 -0.0568085  0.0158824   0.00251375 -0.000784549  0.000998531 -0.0336868 -0.0249409 -0.0159409 1 0 0
             27.9996 -13.9558  14.8281 -57.6812  0.493887 -0.370334  0.123099 -0.0520867 -0.0551193  0.0114327   0.00253003 -0.000787117   0.00100727 -0.0337977 -0.0253296 -0.0160784 1 0 0
             28.0996 -13.6134  15.2218 -58.1705   0.49707 -0.371969  0.126008 -0.0553878 -0.0414447  0.0224715   0.00254263 -0.000792559    0.0010156 -0.0338378 -0.0255886 -0.0162115 1 0 0
             28.1996 -13.0658  15.2358 -58.2879  0.494375 -0.376531  0.126967 -0.0814294 -0.0374539  0.0211707   0.00255289 -0.000795749   0.00101316  -0.033931  -0.025692 -0.0162219 1 0 0
                28.3 -12.6602   14.636 -58.4055  0.496436 -0.381526  0.129355 -0.0540852 -0.0476506  0.0072466   0.00256153 -0.000798768   0.00101697 -0.0340839 -0.0258954 -0.0163401 1 0 0
             28.3996 -12.8495  14.7365 -58.8257 0.502234 -0.38504 0.136033 -0.0185219 -0.0413161  0.0135613   0.00257825 -0.000797198   0.00101807 -0.0341445 -0.0261076 -0.0166246 1 0 0
             28.4996  -14.057  13.6706 -60.0041   0.50699 -0.384182  0.138697 -0.0376012 0.00201495  0.0196078   0.00259979 -0.000807511   0.00102699 -0.0341679 -0.0263286 -0.0167317 1 0 0
             28.5999 -14.9451  13.3761 -59.4196  0.510526 -0.378962  0.140064  -0.0394003   0.0202417 -0.00525014     0.002621 -0.000801586   0.00104208 -0.0341987 -0.0265776 -0.0168131 1 0 0
             28.6996 -14.7244  16.5459 -57.6984  0.523859 -0.373909  0.140923  0.0162248 0.00296932 -0.0208275   0.00263677 -0.000810775   0.00103427 -0.0342827 -0.0269893 -0.0170335 1 0 0
             28.7999 -14.7725  19.2246 -57.2475 0.535326 -0.38242 0.138617  0.0260743 -0.0410963 -0.0238794   0.00264955 -0.000842091   0.00103477 -0.0345903 -0.0271208 -0.0171575 1 0 0
             28.8999 -15.2106  20.3275 -56.7679  0.544684 -0.394269  0.139037   0.020122 -0.0824067 -0.0132154   0.00266223 -0.000857515   0.00104201 -0.0348294 -0.0271713 -0.0173212 1 0 0
             28.9996 -15.7657  21.3121 -56.3391  0.551641 -0.399563  0.139784 0.00501617 -0.0851435 -0.0227605   0.00268528 -0.000843994   0.00105575  -0.034821 -0.0273369 -0.0174579 1 0 0
             29.0999 -16.3987  21.8945 -56.7785  0.557849 -0.397996  0.137372 -0.00893554  -0.0518548  -0.0442842   0.00270655 -0.000844985    0.0010699 -0.0346991 -0.0276285 -0.0175291 1 0 0
             29.1999 -17.4029  21.4681 -58.5054 0.565595 -0.39515 0.132967 -0.0189175 -0.0112253 -0.0465312    0.0027207 -0.000843315   0.00108351 -0.0346834 -0.0279526  -0.017634 1 0 0
             29.3009 -18.3248  19.8192 -59.9751 0.569829 -0.39019 0.130139 -0.0429581  0.0455763 -0.0324604   0.00273048 -0.000844392   0.00110089  -0.034711 -0.0281866 -0.0177569 1 0 0
                29.4 -18.4778  19.9632 -59.0567  0.571952 -0.383755  0.133721 -0.0516597  0.0576944 -0.0119793   0.00273659 -0.000846903   0.00110638 -0.0347057 -0.0283088 -0.0180169 1 0 0
             29.4998 -18.5666  22.4382  -56.136  0.573306 -0.377675  0.134406  -0.035699  0.0636707 -0.0300398   0.00275229 -0.000853616   0.00110073 -0.0347621 -0.0284052 -0.0181689 1 0 0
             29.5999 -19.4561  24.3152  -53.719  0.582942 -0.380674  0.128596 -0.0162252  0.0086311 -0.0644505   0.00277789 -0.000880674   0.00109015 -0.0351034 -0.0285783  -0.018333 1 0 0
             29.6997 -19.1167  25.1626 -50.9337  0.595184 -0.382874   0.12168  0.0122421 -0.0257079  -0.058322   0.00281646 -0.000892128   0.00110856 -0.0353423 -0.0288343 -0.0185168 1 0 0
             29.7998 -18.8236  23.7227 -50.3206  0.611462 -0.384822  0.118674  0.0415165 -0.0246755 -0.0126369   0.00282644 -0.000890935   0.00112502 -0.0355251 -0.0291421  -0.018769 1 0 0
             29.8999 -17.4773  20.5335 -48.6224  0.611665 -0.376177  0.122744 -0.00900603   0.0482263   0.0507844  0.00284194 -0.00087175  0.00115084 -0.0353022 -0.0292513 -0.0187646 1 0 0
             29.9998 -15.9652  18.1059 -46.7302 0.603201 -0.35804 0.132338  -0.10258 0.0999131 0.0739091   0.00284631 -0.000849553   0.00115932 -0.0349809 -0.0293756 -0.0187729 1 0 0
             30.0998 -14.0952  16.2232 -47.1219  0.592263 -0.348985  0.146254 -0.189597 0.0592877 0.0845347   0.00286558 -0.000852989   0.00115565 -0.0349456 -0.0294226 -0.0190042 1 0 0
             30.1997 -11.4185  14.8157 -47.0998  0.579929 -0.355036  0.154153  -0.190235 -0.0139357  0.0470723   0.00286858 -0.000872793   0.00116894 -0.0352632 -0.0293824 -0.0191499 1 0 0
             30.2998 -11.6848   14.825 -47.3489   0.57374 -0.365113   0.14954  -0.123536 -0.0490613 -0.0180622   0.00287801 -0.000884031   0.00114625 -0.0356754 -0.0294661 -0.0191022 1 0 0
             30.3997 -12.8854  15.2754  -47.862  0.581439 -0.366431  0.147993 -0.0619542 -0.0298857  -0.020313  0.00291601 -0.00090418  0.00114674 -0.0359627 -0.0298824 -0.0193073 1 0 0
             30.4996 -13.5431  15.5031  -48.285  0.591267 -0.358394  0.153487 -0.0179133   0.028893  0.0168858   0.00294518 -0.000913832   0.00115555 -0.0360145  -0.030334 -0.0196329 1 0 0
             30.5996 -14.2619  15.2157 -48.7544  0.604282 -0.349618  0.159413 0.0365447 0.0719343 0.0245052   0.00295958 -0.000919374     0.001171 -0.0361321 -0.0306593 -0.0198816 1 0 0
             30.6997 -14.7283  14.8127 -48.2011  0.607969 -0.347504  0.162831 0.00279748  0.0425835 0.00901962   0.00296786 -0.000920676   0.00117394  -0.036249 -0.0305928 -0.0199516 1 0 0
             30.7997 -15.1547  14.5756 -49.2628  0.612517 -0.344864  0.162673 -0.00186749  0.00422871  -0.0120476   0.00297804 -0.000921603   0.00117962 -0.0363298 -0.0306968 -0.0200183 1 0 0
             30.8997 -15.9891  14.0699 -51.3635 0.618132 -0.34317 0.161906 -0.0148927 -0.0229243 -0.0197786   0.00298882 -0.000930421   0.00119722 -0.0363769 -0.0308811 -0.0201129 1 0 0
             30.9997  -16.572  14.3338 -52.6609  0.620287 -0.346059  0.160093 -0.0758394  -0.020553  -0.029566   0.00299469 -0.000933401   0.00120991 -0.0365138 -0.0310164 -0.0202175 1 0 0
             31.0997 -16.6689  13.9262 -53.0392  0.622162 -0.347575  0.161102  -0.0729502 -0.00781437  -0.0275107  0.00300445 -0.00094583  0.00120821 -0.0366726 -0.0312069 -0.0204668 1 0 0
             31.2008 -16.7811    14.02 -53.1366  0.627972 -0.346627  0.159373   -0.0428662 -0.000238633    -0.030472  0.00301558 -0.00094397  0.00120853 -0.0368422 -0.0314844 -0.0206544 1 0 0
             31.2996 -17.2095   14.618 -53.1444  0.623843 -0.342442  0.154802  -0.137007   0.084054 -0.0611964   0.00302911 -0.000952157      0.00121  -0.036883 -0.0316089  -0.020691 1 0 0
             31.3996 -17.7029  12.2755 -51.6036  0.612391 -0.329135  0.148278  -0.217334    0.13561 -0.0564655   0.00304471 -0.000957678    0.0012136 -0.0369943 -0.0317585 -0.0207623 1 0 0
             31.4996 -15.0411  10.4749 -49.5733   0.59875 -0.313663  0.146511  -0.201757   0.115729 -0.0345168    0.0030662 -0.000934663   0.00121762 -0.0370529 -0.0319872 -0.0209568 1 0 0
             31.6008   -14.69  9.55196 -48.2796  0.579964 -0.301755  0.145386  -0.23119  0.116369 -0.027598  0.00305272 -0.00093786  0.00121039 -0.0370662 -0.0320153 -0.0210397 1 0 0
             31.6996 -15.1846  6.11388 -46.9882  0.559974 -0.296904  0.145347  -0.31475 0.0626248 -0.011507   0.00309097 -0.000957321   0.00120829 -0.0373188 -0.0320535 -0.0211726 1 0 0
             31.8008 -12.9521  1.69947 -46.2745  0.535448 -0.284622  0.141343 -0.353355 0.0745882 -0.039477   0.00311587 -0.000946232   0.00122318 -0.0373755 -0.0324223 -0.0212269 1 0 0
             31.9007 -12.2378 -1.89228  -45.601 0.499944 -0.26707 0.135283 -0.435721  0.167505 -0.103639   0.00312012 -0.000934548   0.00122984 -0.0373251 -0.0326007 -0.0213045 1 0 0
             31.9997 -11.1039 -2.10919 -41.1837  0.459945 -0.240114  0.118445 -0.521965   0.36371 -0.236092   0.00314865 -0.000950694   0.00122368 -0.0374916 -0.0327856 -0.0213559 1 0 0
             32.0997 -10.1293  1.21082 -38.4727   0.41722 -0.214228 0.0901044 -0.494543  0.242661  -0.32418   0.00316149 -0.000971512   0.00120429 -0.0378221 -0.0328578 -0.0213947 1 0 0
             32.1997 -7.31864  11.9375  -31.645  0.396014 -0.204806 0.0645758 -0.343909  0.174442 -0.314295  0.00320226 -0.00101841  0.00120385 -0.0385243 -0.0330348  -0.021626 1 0 0
             32.2997 -8.10637  20.0611 -28.0866  0.381379 -0.207508 0.0427268 -0.312955   0.13256 -0.289927  0.00322819 -0.00109839  0.00115877 -0.0392351 -0.0329482 -0.0218604 1 0 0
             32.3993 -14.8802   24.104  -23.151  0.376182 -0.189152 0.0133471 -0.221446  0.160335 -0.235856  0.00330343 -0.00110664  0.00120358 -0.0398934 -0.0333361 -0.0220035 1 0 0
             32.5006 -18.3777  22.7107  -21.943    0.366996   -0.152622 -0.00345359  -0.129759   0.192929 -0.0479117  0.00342166 -0.00107203  0.00121867 -0.0398795 -0.0339816 -0.0220263 1 0 0
             32.6006 -15.7615  16.9501 -26.9388   0.337472  -0.109727 0.00560859 -0.138502  0.212665 0.0952998  0.00339326 -0.00100174  0.00131191 -0.0389829 -0.0344998  -0.021941 1 0 0
             32.7002 -10.8984  9.09692 -29.6691    0.29009 -0.0893501  0.0162829 -0.400971   0.24277 0.0548934   0.00328621 -0.000943105   0.00140879 -0.0384005 -0.0342975 -0.0216841 1 0 0
             32.8007 -9.72481  3.49716 -29.0439   0.231925 -0.0788197  0.0164403 -0.451605  0.151089 0.0152226   0.00325813 -0.000874855   0.00133437 -0.0380174 -0.0338202 -0.0213448 1 0 0
             32.8993 -7.64386 -1.94252  -29.356  0.216459 -0.079938 0.0255553 -0.339027 0.0918691 0.0447718   0.00332464 -0.000932325     0.001274 -0.0388101 -0.0337679 -0.0217237 1 0 0
             33.0006 -6.95891 -6.21628 -24.8326   0.208659 -0.0680944 0.00771436 -0.223335  0.116056 -0.105319    0.0032983 -0.000924437   0.00127911 -0.0394473 -0.0341667 -0.0213674 1 0 0
             33.1006 -3.41835 -4.85357 -21.9812    0.198196  -0.0512037 -0.00554607 -0.242105  0.128323 -0.146363    0.0033373 -0.000939116   0.00120588 -0.0397492 -0.0344417 -0.0213651 1 0 0
             33.1996 -2.37301 -5.61701 -19.7421   0.201751 -0.0404497 -0.0078692  -0.150872   0.121082 -0.0261423  0.00333345 -0.00102444  0.00121389 -0.0404514 -0.0346644 -0.0215573 1 0 0
             33.3005 -5.54361 -8.97324 -20.2373    0.200625  -0.0398134 -0.00513855  -0.131096 0.00035718 0.00788186   0.00340188 -0.000996357   0.00121555 -0.0409432 -0.0346276 -0.0216459 1 0 0
             33.4005  -8.3049 -13.0089 -22.7272   0.189772 -0.0334975 0.00961058 -0.150089 0.0376038 0.0436386   0.00345924 -0.000989927   0.00122973 -0.0410431 -0.0347829 -0.0220227 1 0 0
             33.5005 -8.98129 -13.4422 -21.8343    0.15448 -0.0118864  0.0127265 -0.280777  0.151548 0.0157789     0.003455 -0.000977775   0.00128136 -0.0405114 -0.0349912 -0.0221224 1 0 0
             33.6004 -10.6849 -13.6741 -19.4339   0.125054 0.00468358  0.0117869  -0.311747   0.171067 -0.0253716  0.00344103 -0.00100712  0.00124568 -0.0405075 -0.0350123 -0.0221094 1 0 0
             33.6992 -12.0834 -12.8657  -17.533     0.1173 0.00946048  0.0102229  -0.194198   0.113293 -0.0387442  0.00346786 -0.00103446  0.00123777 -0.0411139 -0.0349582 -0.0220191 1 0 0
             33.8004 -12.7633 -11.7598 -16.7546   0.128747  0.0100306 0.00667349 -0.0288584  0.0330982 -0.0458436 0.00347246 -0.0010796 0.00125141 -0.0418249 -0.0350161 -0.0218941 1 0 0
             33.9004 -13.3473 -10.8433 -18.4136   0.142083 0.00712064 0.00444577   0.0275963 -0.00602338  -0.0287459  0.00348598 -0.00110108  0.00125982 -0.0422533 -0.0350327 -0.0218599 1 0 0
             34.0004 -12.8462 -10.0409 -19.1787   0.146763 0.00442567 0.00031683  0.0109101  -0.013783 -0.0134182  0.00349684 -0.00110465   0.0013073 -0.0423377 -0.0350188 -0.0217708 1 0 0
             34.1004 -11.8227 -9.74092  -19.583   0.142479 0.00539758 0.00260357 -0.00776578  -0.0308283  -0.0140797 0.00347875 -0.0010961  0.0013018 -0.0422103  -0.035049 -0.0218996 1 0 0
             34.2003 -11.1659 -7.19296 -20.5661    0.145605  0.00039414 0.000103055 -0.00292154  -0.0602941   -0.050939  0.00348596 -0.00109306   0.0013023 -0.0423217 -0.0350624 -0.0219193 1 0 0
             34.2993 -10.9524 -4.61004 -22.0568    0.151824  -0.0100131 -0.00142647 -0.0128616 -0.0750003 -0.0242225  0.00349987 -0.00113356  0.00130865 -0.0425593 -0.0350289 -0.0219538 1 0 0
             34.4004 -10.5175 -3.88062 -22.5746   0.164605 -0.0180571 0.00190161 -0.0169801 -0.0359976  0.0209596  0.00350822 -0.00114443  0.00131614 -0.0430247 -0.0351057 -0.0220195 1 0 0
             34.5001 -10.3045 -4.79038 -21.7293   0.167619 -0.0233821 0.00749249  -0.0422483 -0.00925432   0.0202614  0.00350849 -0.00113232  0.00131321 -0.0432689 -0.0350678 -0.0220971 1 0 0
             34.5988 -10.2523 -4.84784 -20.3491   0.159903 -0.0187675 0.00355889 -0.0754126  0.0104886 -0.0234025  0.00352311 -0.00111236  0.00131083  -0.043158 -0.0351816 -0.0220094 1 0 0
             34.7003 -10.5065 -4.85304 -20.3586    0.153184  -0.0152579 4.82141e-05 -0.0874292 0.00888744 -0.0354329  0.00354282 -0.00112441  0.00130087 -0.0431658 -0.0352782 -0.0220099 1 0 0
             34.8004 -10.4976 -4.31425 -20.9574   0.156804 -0.0138286 0.00242225 -0.0599061  0.0175198 -0.0159444  0.0035589 -0.0011363 0.00131981 -0.0435138 -0.0353866 -0.0221766 1 0 0
             34.9004 -10.3608 -4.02017 -20.9812   0.156799 -0.0145423 0.00354004  -0.0680787   0.0171848 -0.00763145  0.00356495 -0.00115248  0.00132924 -0.0437407 -0.0353717 -0.0222291 1 0 0
             35.0003 -10.3519 -4.20133 -20.7526   0.156902 -0.0176041 0.00365983  -0.0652583 -0.00019635 -0.00855768  0.00357283 -0.00115369  0.00132535 -0.0440109 -0.0353279 -0.0222353 1 0 0
             35.1002 -10.3458 -4.25239 -20.6552   0.157679 -0.0206291 0.00504527  -0.0559638   -0.014405 -0.00458642  0.00358428 -0.00115284   0.0013288 -0.0442555 -0.0353277 -0.0222911 1 0 0
             35.1991 -10.2735 -3.95684 -20.8162   0.160725 -0.0202004 0.00647119  -0.0399162 -0.00414106 -0.00249785  0.00359342 -0.00116712  0.00133208 -0.0444783 -0.0354417 -0.0223602 1 0 0
             35.3003 -10.1061 -3.58077 -20.7116   0.160881 -0.0197007  0.0027568 -0.0535721 0.00963715 -0.0228929  0.00360804 -0.00117254  0.00133504 -0.0446161 -0.0355104  -0.022289 1 0 0
             35.4002 -9.63664 -2.94602  -20.083    0.158843  -0.0147251 0.000729409 -0.0734532  0.0337496 -0.0287801  0.00361678 -0.00117784  0.00133856 -0.0447209 -0.0356347 -0.0223263 1 0 0
             35.4991 -9.40119 -2.87082 -19.5785    0.161141  -0.0142668 0.000806056 -0.0539189  0.0157968 -0.0192681  0.00362172 -0.00119037   0.0013302 -0.0450174 -0.0356628 -0.0224007 1 0 0
             35.6003 -9.37112 -2.92071 -19.6141    0.163454  -0.0182521 -0.00220913 -0.0443621 -0.0126612 -0.0310177  0.00363589 -0.00118994  0.00133744 -0.0452818 -0.0356269 -0.0223719 1 0 0
             35.7002 -9.33894 -2.85996 -19.6826   0.162917 -0.0230356 0.00371275  -0.057817 -0.0200246   0.001949  0.00364592 -0.00120018  0.00134247  -0.045474 -0.0355476 -0.0225968 1 0 0
             35.8001 -9.30943  -2.8093 -19.6263   0.160047 -0.0232107 0.00277663  -0.0690577 -0.00428014 -0.00877437   0.0036608 -0.00120506  0.00134759 -0.0455755 -0.0356213 -0.0225905 1 0 0
             35.9002 -9.36784 -2.69625 -19.5358    0.15895 -0.0230087 0.00278539 -0.0678502 0.00123249 -0.0132753  0.00367385 -0.00121008  0.00134799 -0.0457537 -0.0356816 -0.0226368 1 0 0
             36.0002 -9.45767 -2.65726   -19.54     0.161478   -0.0176551 -0.000328568 -0.0560058  0.0263998 -0.0252493  0.00369047 -0.00121677   0.0013534 -0.0459835 -0.0358886 -0.0226331 1 0 0
             36.1002 -9.61949 -2.64186  -19.707   0.161895 -0.0168701 0.00625624 -0.0465938  0.0183286 0.00693842  0.00370081 -0.00123285  0.00135297 -0.0461913 -0.0358665 -0.0228666 1 0 0
             36.2002 -9.78444 -2.69076 -20.0564   0.165596 -0.0193894 0.00568807  -0.0199615  -0.0144267 -0.00766707 0.00370713 -0.0012399 0.00136278 -0.0464447 -0.0358574 -0.0228391 1 0 0
             36.3001 -10.1149 -2.47027  -21.016     0.170158   -0.0237196 -0.000612343 -0.00209038  -0.0439727  -0.0325567  0.00371597 -0.00124399   0.0013713 -0.0466217 -0.0358964 -0.0227023 1 0 0
             36.4002 -10.3064 -1.89107 -22.3688   0.175625   -0.03066 0.00190481 -0.0025495 -0.0640084 -0.0205024  0.00372891 -0.00126108  0.00138139 -0.0468169 -0.0358976 -0.0228653 1 0 0
             36.5002  -9.87126 -0.987766  -23.5561    0.181489  -0.0331138 0.000422906 -0.00488164  -0.0286864  -0.0237979  0.00373368 -0.00127413  0.00139386 -0.0469844 -0.0360278 -0.0229124 1 0 0
             36.6002  -9.40133 -0.372574  -24.1713    0.188907  -0.0387208 -0.00127288 -0.0195197 -0.0219657 -0.0268576  0.00372777 -0.00128348   0.0013873 -0.0472802 -0.0360344 -0.0229378 1 0 0
             36.7001  -9.29766 -0.258891  -24.3323   0.189058 -0.0431206 0.00172213   -0.0611637 -5.05465e-05   0.00278316  0.00373378 -0.00128597  0.00138583 -0.0474613 -0.0359763  -0.023063 1 0 0
             36.8002 -9.10976  -0.6884 -23.4787   0.185881 -0.0415257 0.00368987 -0.0786121  0.0105078   0.001432  0.00374542 -0.00128105  0.00138367 -0.0475733   -0.03604 -0.0231319 1 0 0
                36.9  -8.90711 -0.828826  -22.8847   0.181829 -0.0415694 0.00222859   -0.0870677 -0.000589665   -0.0137447  0.00375637 -0.00127449  0.00137267 -0.0477092 -0.0360837 -0.0231149 1 0 0
             37.0002   -8.7349 -0.825141  -22.7397     0.179351   -0.0428841 -0.000768406  -0.0875275 -0.00390368  -0.0269688 0.00377133  -0.001287 0.00137786 -0.0479094 -0.0361373  -0.023093 1 0 0
             37.1001  -8.54609 -0.807782  -22.6374    0.180738  -0.0412909 -0.00040969 -0.0690912 0.00922187 -0.0214599  0.00378267 -0.00130017  0.00138246 -0.0481801 -0.0362785 -0.0232117 1 0 0
                37.2   -8.4288 -0.791496   -22.481     0.17927   -0.041604 0.000876868  -0.0745617  0.00780958 -0.00936302   0.0037958 -0.00130965  0.00138561 -0.0483741 -0.0363012 -0.0233153 1 0 0
                37.3 -8.27204 -1.05404 -22.2537    0.180222   -0.040608 -0.00147009 -0.0658476 0.00940807 -0.0191847  0.00381096 -0.00131683  0.00138917 -0.0486182  -0.036405 -0.0233009 1 0 0
             37.4001 -8.15363 -1.31708 -22.1065   0.178463 -0.0415154  0.0055125 -0.0696039 0.00226739  0.0131614   0.0038217 -0.00132489  0.00138903 -0.0488019 -0.0363908 -0.0235415 1 0 0
             37.4989 -8.04222 -1.36829 -22.0505   0.176737 -0.0437521 0.00624034  -0.0726192 -0.00648847  0.00318392  0.00383058 -0.00133186  0.00139124 -0.0489912 -0.0363947 -0.0235417 1 0 0
             37.6001   -7.985 -1.35068 -22.0879    0.175621  -0.0402614 0.000839846 -0.0719461  0.0186043 -0.0313946  0.00384892 -0.00133917  0.00139938 -0.0491428 -0.0365715 -0.0234367 1 0 0
                37.7 -7.98512 -1.38316 -21.9396   0.174223 -0.0422403 0.00147281 -0.0736909 0.00619829 -0.0201374  0.00385797 -0.00134511  0.00140023 -0.0493764 -0.0365308 -0.0235421 1 0 0
             37.7999 -7.93279 -1.38579 -21.7525   0.173748 -0.0435018 0.00349821   -0.068797 -0.00109014 -0.00707379   0.0038637 -0.00135615  0.00140114 -0.0496109 -0.0365506 -0.0236622 1 0 0
                37.9 -7.96372 -1.43443 -21.6681   0.176439 -0.0419359 0.00192953  -0.049735 0.00504325 -0.0182168  0.00387917 -0.00136462  0.00140405 -0.0498671 -0.0366948 -0.0236714 1 0 0
                  38 -8.07927  -1.3285 -21.7534     0.176369   -0.0381268 -0.000207853 -0.0553059  0.0260685 -0.0249508  0.00389746 -0.00137018  0.00141459 -0.0500038 -0.0368227 -0.0237001 1 0 0
                38.1 -8.12087 -1.36049 -21.6155   0.178719 -0.0388821 0.00158277 -0.0493965  0.0137462 -0.0103314  0.00390188 -0.00138355  0.00141699 -0.0502827 -0.0368115 -0.0238171 1 0 0
                38.2 -8.11321 -1.37895 -21.4555   0.176148 -0.0409431  0.0039457 -0.0665708 -0.0022906 0.00161247  0.00390839 -0.00138691  0.00141591 -0.0504218 -0.0367575 -0.0239051 1 0 0
                38.3 -8.05103  -1.4015  -21.432   0.173191 -0.0375056 0.00164197 -0.0791477  0.0161653 -0.0142146  0.00392309 -0.00138753  0.00142551  -0.050532 -0.0369066 -0.0238702 1 0 0
                38.4 -7.99536 -1.41268 -21.4312    0.17383 -0.0411815 0.00121655   -0.0683947 -0.000760383   -0.0174505   0.0039313 -0.00139731  0.00142772 -0.0508449 -0.0368648 -0.0239039 1 0 0
                38.5 -8.00634 -1.52879  -21.305   0.176194 -0.0408205 0.00126913 -0.0536634 0.00711147 -0.0155101  0.00394263 -0.00140561  0.00143019 -0.0511156 -0.0369579 -0.0239765 1 0 0
             38.5999 -7.92748 -1.60231 -20.9836   0.175271 -0.0387953 0.00198748  -0.0648216   0.0186464 -0.00768407  0.00395398 -0.00140555  0.00143358 -0.0512808 -0.0370338 -0.0240585 1 0 0
             38.6998 -7.79582 -1.92622 -20.5243   0.173257 -0.0350822 0.00221677  -0.0763849   0.0318655 -0.00849897  0.00396314 -0.00140935  0.00143683  -0.051433 -0.0371264  -0.024108 1 0 0
             38.7998 -7.77247 -2.91046 -19.5918   0.171007 -0.0334579 0.00237797 -0.0915788  0.0414425 0.00012169  0.00397274 -0.00141406   0.0014371 -0.0516501 -0.0371376 -0.0241329 1 0 0
             38.8999 -8.01217 -4.86667 -17.8361   0.162921 -0.0352261  0.0101279 -0.131264 0.0401794 0.0325938  0.00398102 -0.00142226  0.00142983 -0.0518286 -0.0369735 -0.0243125 1 0 0
             38.9998 -8.41456 -7.36098 -15.6907   0.155149 -0.0248737  0.0111923 -0.148509   0.08126 0.0113571  0.00400525 -0.00140951  0.00142554 -0.0519788 -0.0371746 -0.0242911 1 0 0
             39.0998 -8.98916 -8.59123 -14.0775  0.144597 -0.016546 0.0088847   -0.172459   0.0902245 -0.00963783  0.00402524 -0.00140962  0.00142903 -0.0521587 -0.0372275 -0.0242103 1 0 0
             39.1988 -10.0873 -10.2785 -14.3982   0.135624 -0.0118434  0.0102126  -0.160403  0.0674294 -0.0107203 0.00404592  -0.001439 0.00143812 -0.0524338 -0.0371927 -0.0242388 1 0 0
             39.2997 -10.5952 -10.4277 -14.1748    0.128566 -0.00384551   0.0073487  -0.143019  0.0831354 -0.0304094  0.00407531 -0.00143835  0.00147727  -0.052711  -0.037277 -0.0241995 1 0 0
             39.3998 -9.98478 -10.0035  -13.581   0.125373 0.00111684  0.0052941  -0.107023  0.0583902 -0.0287689  0.00406886 -0.00146681  0.00145646 -0.0530338 -0.0372898 -0.0241776 1 0 0
             39.4998 -8.54973 -9.46421  -13.694   0.116665 0.00835567  0.0145883 -0.123034 0.0641262 0.0134122  0.00405972 -0.00148911  0.00146805 -0.0531914 -0.0373019 -0.0245033 1 0 0
             39.5994 -7.89888 -9.40173 -15.3261   0.113175 0.00673407  0.0141528   -0.103927   0.0312201 -0.00157631  0.00405945 -0.00150097   0.0014694 -0.0534845 -0.0371739  -0.024384 1 0 0
             39.6982 -7.73354 -9.29706 -16.2936  0.109149 0.0033429 0.0133578 -0.0788797  0.0032514 -0.0189422  0.00406855 -0.00150711  0.00149098 -0.0536908 -0.0370521 -0.0243323 1 0 0
             39.7999 -7.79964 -9.66169 -15.5488   0.108668 0.00436315   0.011564  -0.0502518 -0.00591877  -0.0238085  0.00408271 -0.00150767  0.00147353 -0.0538809 -0.0371391 -0.0243364 1 0 0
             39.8997 -8.15604 -10.6587 -14.4628   0.106646 0.00643846 0.00969316 -0.0736367   0.017065 -0.0302122 0.00409452 -0.0015082 0.00147157 -0.0540036 -0.0372198 -0.0243348 1 0 0
             39.9993 -9.02772 -10.4828 -13.0971   0.106749 0.00605202 0.00807426 -0.0756446  0.0137544 -0.0329617  0.00411558 -0.00150312  0.00146512 -0.0543117 -0.0372121   -0.02436 1 0 0
             40.0999 -10.3453 -10.4529 -14.0556   0.105935 0.00820735 0.00742346 -0.0605931  0.0254396 -0.0366545  0.00413424 -0.00153322  0.00147263 -0.0545102 -0.0372689 -0.0244267 1 0 0
             40.1986 -11.2619  -10.571 -14.4925   0.107837  0.0138977 0.00476432 -0.0420893  0.0413153 -0.0310865  0.00415763 -0.00153377   0.0015072 -0.0547322 -0.0373922  -0.024444 1 0 0
             40.2998 -11.4241 -9.86836 -15.4979   0.109636  0.0169724 0.00386334 -0.0592769  0.0312798 -0.0162775 0.00415665 -0.0015402 0.00151658 -0.0549817 -0.0374194 -0.0244676 1 0 0
             40.3998 -11.1897 -9.72924 -18.6987   0.107933  0.0175994 0.00203994 -0.0957531   0.029074 -0.0125517  0.00415769 -0.00155492  0.00153273 -0.0551988 -0.0374013 -0.0244157 1 0 0
             40.4998  -10.083 -10.3475 -24.3161 0.0934025 0.0156336 0.0049609   -0.204264   0.0657741 5.03092e-05  0.00415561 -0.00155792  0.00158105 -0.0553023 -0.0371906 -0.0244811 1 0 0
             40.5993 -9.40681 -12.0065 -27.2701  0.0726948  0.0231657 0.00258851  -0.248177   0.111725 -0.0397735  0.00413061 -0.00155361  0.00160426 -0.0553898 -0.0371677 -0.0244322 1 0 0
              40.698 -9.27435 -11.2776 -28.8498   0.0587036   0.0402822 -0.00649798  -0.217322   0.145174 -0.0884509 0.00413022 -0.0015353 0.00156877 -0.0556129  -0.037432 -0.0243839 1 0 0
             40.7998 -9.17219 -12.7781 -30.0254   0.0471593   0.0563731 -0.00958197  -0.179263   0.176963 -0.0522868  0.00414298 -0.00158166  0.00155637 -0.0558984 -0.0375706 -0.0244972 1 0 0
             40.8997  -12.836 -10.4796 -25.5767  0.0384486  0.0731996 -0.0155284  -0.166385   0.198962 -0.0581718  0.00413611 -0.00154609  0.00154684 -0.0562307 -0.0376432 -0.0244908 1 0 0
             40.9995 -14.1661 -9.14104 -22.8166  0.0307078  0.0887919 -0.0184696  -0.115667   0.150968 -0.0473399  0.00419825 -0.00160236  0.00149029 -0.0564831 -0.0376953 -0.0245179 1 0 0
             41.0996 -14.5452 -7.85639 -22.5189  0.0404685  0.0968624 -0.0189494   0.0779269   0.0402984 -0.00407706  0.00419668 -0.00160106  0.00152371 -0.0569156 -0.0378176 -0.0245629 1 0 0
             41.1996  -13.587 -7.06216   -26.78  0.0613434  0.0925296 -0.0139018   0.202141 -0.0707977  0.0575965  0.00421001 -0.00162419  0.00155234 -0.0571492 -0.0378065 -0.0246071 1 0 0
             41.2996 -11.4784 -10.3874 -31.7661   0.0868893   0.0827727 -0.00672909  0.201172 -0.121862 0.0908903  0.00420359 -0.00163399  0.00161111 -0.0572977 -0.0378891  -0.024599 1 0 0
             41.3996 -9.99433 -9.37597 -32.7784     0.097542    0.0710632 -0.000969976 0.0894134 -0.139405 0.0437772  0.00418173 -0.00157127  0.00162535 -0.0571658 -0.0378786 -0.0245765 1 0 0
             41.4994 -7.31324 -5.11695 -30.8111 0.0960268 0.0616252 0.0034418 -0.0475888  -0.104059  0.0164103  0.0041829 -0.0016266  0.0015632 -0.0570043 -0.0378892 -0.0246596 1 0 0
              41.598 -5.46346 -4.65677 -29.6996   0.111359  0.0486241 0.00686432 -0.0264787 -0.0769718 0.00406813  0.00417281 -0.00167603  0.00151865 -0.0576379 -0.0381302 -0.0246884 1 0 0
             41.6996  -5.7449 -6.04044 -29.5512   0.121129  0.0341291 0.00627605 -0.0376557 -0.0746554 -0.0356036  0.00421864 -0.00163382  0.00152485 -0.0581714 -0.0381789 -0.0246772 1 0 0
             41.7994 -5.78235  -6.4785 -28.4945   0.121492  0.0367536 0.00421378  -0.0511447 -0.00655756  -0.0252176  0.00426413 -0.00162101  0.00153665 -0.0582311 -0.0384513 -0.0247557 1 0 0
             41.8995 -5.19573   -10.26 -26.7515   0.114646   0.041155 0.00270481  -0.106941  0.0215381 -0.0312286 0.00427611 -0.0016218 0.00152646 -0.0581898 -0.0385759 -0.0247868 1 0 0
             41.9997 -4.16801 -9.41905  -25.583    0.105393   0.0460258 0.000157018  -0.125101  0.0332854 -0.0214571  0.00428618 -0.00157169  0.00152058 -0.0582166 -0.0386577 -0.0248032 1 0 0
             42.0996 -3.29568 -7.99553 -24.1822  0.0999837  0.0489612 0.00228191   -0.120615    0.024932 -0.00428959  0.00430658 -0.00166611  0.00151298 -0.0584435 -0.0387669 -0.0248968 1 0 0
             42.1996 -3.18572 -6.14968 -23.1001   0.102598  0.0401673 0.00240161 -0.0583622 -0.0333915 -0.0292707  0.00432959 -0.00166859  0.00151254 -0.0589564 -0.0386865 -0.0248803 1 0 0
             42.2995  -2.1282 -4.48861 -22.4228   0.114373  0.0341786 0.00194203 0.00404376 -0.0406789 -0.0141165 0.00435474 -0.0016989  0.0015165 -0.0594696 -0.0388454 -0.0248865 1 0 0
             42.3995 -2.56605 -4.01744 -21.6649    0.123754   0.0352169 -0.00103237  0.0172976 -0.0121937 -0.0372068  0.00436719 -0.00169389   0.0015259 -0.0597055 -0.0390593 -0.0248717 1 0 0
             42.4983 -3.53279 -3.11269 -21.5374   0.128281  0.0409792 -0.0087694 0.000276777   0.0265059  -0.0625267  0.00440485 -0.00168581  0.00153359 -0.0597451 -0.0392627 -0.0247992 1 0 0
             42.5996 -4.42757 -3.09062 -21.0301   0.125548  0.0449118 -0.0089244 -0.0543353  0.0362678 -0.0287739  0.00442327 -0.00168787  0.00155116 -0.0597492 -0.0392855 -0.0249401 1 0 0
             42.6998 -5.14693 -2.89243 -20.3293   0.122573  0.0501968 -0.0056937 -0.0686101   0.048945 -0.0157255   0.0044334 -0.00168055  0.00155615 -0.0598659 -0.0393591 -0.0251278 1 0 0
             42.7993 -5.52786 0.570988 -16.4415    0.125049   0.0532901 -0.00930695 -0.0426689  0.0676263 -0.0563048  0.00444222 -0.00169475  0.00155907 -0.0601918 -0.0393525 -0.0251366 1 0 0
             42.8996 -6.62081 0.559011 -15.0853   0.130564  0.0546451 -0.0088736 -0.0236477  0.0184335 0.00194063   0.0044554 -0.00174493  0.00152738 -0.0605248 -0.0393534 -0.0252643 1 0 0
             42.9997  -6.81748 -0.944188  -15.4642   0.145076  0.0534578 -0.0148039     0.022809 -0.000203085   -0.0130158  0.00449677 -0.00168665  0.00157945 -0.0610708 -0.0394489 -0.0250751 1 0 0
             43.0996 -6.63235  -2.3439 -15.8606  0.139217 0.0520112 -0.013155   -0.0388401 -0.000793866  -0.00302056  0.00448356 -0.00167983  0.00161168 -0.0608939 -0.0393559 -0.0251529 1 0 0
             43.1997 -6.93469 -3.59896 -16.1122   0.125147  0.0524202 -0.0121836  -0.110217  0.0102186 -0.0264583  0.00449303 -0.00167131  0.00161869 -0.0606634 -0.0392952 -0.0252168 1 0 0
             43.2996 -7.26166 -2.40333 -16.0084    0.119428   0.0575419 -0.00940472  -0.103146  0.0356425 -0.0141154  0.00450788 -0.00169193   0.0016216 -0.0608118 -0.0394107 -0.0254262 1 0 0
             43.3984 -7.14452 -1.67936 -15.8068     0.12468   0.0567313 -0.00988608 -0.0669272  0.0178966 0.00618428   0.0045232 -0.00173316  0.00161748 -0.0613497 -0.0394241 -0.0254173 1 0 0
             43.4989  -6.8868 -1.87105 -15.8457    0.13276  0.0556844 -0.0136926 -0.0328322  0.0113933 -0.0176061  0.00452047 -0.00173516  0.00161895 -0.0618273 -0.0394834 -0.0252877 1 0 0
             43.5997 -6.86878 -2.02922 -15.6667   0.136435  0.0535286 -0.0161473 -0.0279552 0.00294805 -0.0324502  0.00452878 -0.00172803  0.00162775 -0.0620954 -0.0394435 -0.0252863 1 0 0
             43.6994 -6.96421 -1.99759 -15.5012   0.135223  0.0546256 -0.0130693  -0.0464878  0.00994951 -0.00902369  0.00454363 -0.00173759  0.00162754 -0.0621936 -0.0394618 -0.0254804 1 0 0
             43.7996 -7.08424 -1.29208 -15.3068   0.130215  0.0578759 -0.0137527 -0.0699665  0.0323635  -0.028038  0.00455521 -0.00173641  0.00162993 -0.0622165  -0.039507 -0.0255133 1 0 0
             43.8996  -7.98919 0.0302592  -14.7607  0.128988 0.0590804 -0.017369 -0.0648145  0.0341235 -0.0300551 0.00456784 -0.0017529 0.00163675 -0.0624432 -0.0394675 -0.0255126 1 0 0
             43.9996 -8.29799  -0.4379 -14.8699   0.137476  0.0622676 -0.0172087  -0.0417324   0.0349941 0.000196457  0.00458186 -0.00175259  0.00164005 -0.0629548 -0.0395739 -0.0255924 1 0 0
             44.0997 -8.10828  -1.6794  -14.621    0.13545  0.0613525 -0.0129081 -0.0620825  0.0219374   0.020207  0.00457813 -0.00173512  0.00166213 -0.0631329 -0.0394689 -0.0256846 1 0 0
             44.1996 -8.37306 -1.61304 -14.6227   0.128949  0.0638771 -0.0134256 -0.0645022  0.0264185 -0.0505836  0.00459364 -0.00171952  0.00165933 -0.0631413 -0.0394576 -0.0256981 1 0 0
             44.2994 -10.6758 0.559194 -17.2805   0.123627  0.0644747 -0.0155131 -0.0856505  0.0226405 -0.0476574  0.00460861 -0.00176012  0.00166384 -0.0632014 -0.0394101 -0.0258314 1 0 0
             44.3993 -12.7617 0.872387 -19.0533   0.129695  0.0740087 -0.0177659 -0.0409932  0.0605007 -0.0232458  0.00463664 -0.00178672  0.00171663 -0.0636469 -0.0397186 -0.0259544 1 0 0
             44.4996 -12.0209  1.59337 -19.1344   0.133841  0.0767824 -0.0150803 -0.0298376    0.04048   0.022977  0.00462611 -0.00176781  0.00171697 -0.0639589 -0.0396963  -0.026055 1 0 0
             44.5997 -11.7942  1.82008 -19.3989   0.138248  0.0727839 -0.0182151 -0.0232555 0.00837497 -0.0249569  0.00459035 -0.00177432  0.00169106 -0.0642699 -0.0396037 -0.0259193 1 0 0
             44.6996 -12.3593  2.41148 -19.0692   0.136742  0.0670083 -0.0229944 -0.0413393 0.00441302 -0.0445223  0.00460694 -0.00176957  0.00170579 -0.0644096 -0.0394092 -0.0258424 1 0 0
             44.7997 -12.4985  2.42187  -18.345   0.137519  0.0651703 -0.0225491  -0.0528258 -0.00971107  -0.0195179  0.00461921 -0.00176678  0.00170316 -0.0646441 -0.0393774 -0.0259995 1 0 0
             44.8997 -12.3727  2.74791 -18.2354   0.138596  0.0657596 -0.0221324  -0.052786 -0.0088061 -0.0106279  0.00463126 -0.00175814  0.00170334 -0.0648686 -0.0394889 -0.0261264 1 0 0
             44.9998 -12.1693  2.55264 -18.5185   0.135967  0.0708815 -0.0195314   -0.062073   0.0237233 0.000878169  0.00463865 -0.00176555  0.00171497 -0.0649278 -0.0396548 -0.0262875 1 0 0
             45.0996 -11.9337  2.04784 -18.6316   0.134183  0.0712945 -0.0182375  -0.0663012   0.0218271 -0.00209264   0.0046432 -0.00176267  0.00172348 -0.0651219  -0.039629 -0.0263536 1 0 0
             45.1996 -11.9015  1.69324  -18.343   0.134152  0.0725144 -0.0190684 -0.0659569  0.0276717 -0.0130973  0.00465194 -0.00175666  0.00172849 -0.0653894 -0.0396606 -0.0263853 1 0 0
             45.2997 -11.8566  1.39374 -18.0533   0.134207  0.0708458 -0.0183642 -0.0621675 0.00840004 -0.0119036  0.00466689 -0.00175872  0.00172842 -0.0656756 -0.0395889 -0.0264609 1 0 0
             45.3996 -11.8174  1.13089 -18.1352  0.132496 0.0649209 -0.018532 -0.0634392 -0.0188078 -0.0118461  0.00468522 -0.00176165  0.00172851 -0.0659039 -0.0394447 -0.0264892 1 0 0
             45.4996 -11.2418 0.890939 -18.0557   0.133389   0.066382 -0.0181692  -0.0616239 -0.00304101 -0.00139511  0.00468795 -0.00175609  0.00174196 -0.0661519 -0.0396044 -0.0265899 1 0 0
             45.5991 -10.5209 0.379632 -18.2301    0.13233   0.067074 -0.0133143 -0.0660266 0.00901064  0.0167118  0.00469029 -0.00176114  0.00173882 -0.0663505 -0.0396535 -0.0267728 1 0 0
             45.6998 -9.95411 0.118355  -17.843   0.131245  0.0639704 -0.0170072  -0.0773864 -0.00575731   -0.017929  0.00469753 -0.00175216  0.00174649 -0.0666197 -0.0396174 -0.0266293 1 0 0
             45.7996 -9.89402 0.178218 -17.5821   0.127209  0.0635427 -0.0192658 -0.0837656 0.00414546  -0.034019  0.00471004 -0.00175894  0.00173241 -0.0667696 -0.0396553 -0.0266668 1 0 0
             45.8997    -10.0245 -0.00361048     -17.519   0.129452  0.0611225 -0.0195017  -0.0615597 -0.00766143  -0.0170506   0.0047267 -0.00176641  0.00174373 -0.0671538 -0.0396566 -0.0267683 1 0 0
             45.9996  -10.0388 0.0523634  -17.5457   0.129159  0.0638974 -0.0154152 -0.0605536 0.00943074 -0.0129697  0.00474169 -0.00176635  0.00174942 -0.0673482 -0.0397835 -0.0269972 1 0 0
             46.0996 -9.97666  2.11533 -17.2673   0.128173  0.0665309 -0.0115578 -0.0488819  0.0322257 0.00317002  0.00475667 -0.00177795  0.00174992 -0.0675213 -0.0398236 -0.0272021 1 0 0
             46.1997 -10.2549  1.63203 -17.2766    0.13085  0.0654956 -0.0181482  -0.045775  0.0143887 -0.0218496  0.00476149 -0.00180024  0.00175079 -0.0678264 -0.0398183 -0.0269802 1 0 0
             46.2996 -10.1849  1.66504 -16.9613  0.135218 0.0645282  -0.01897 -0.0413107 0.00564105 -0.0148051  0.00477728 -0.00176953  0.00176847 -0.0682001 -0.0398349 -0.0270607 1 0 0
             46.3995  -9.9562  1.07247 -16.7119  0.132222 0.0625291 -0.019176  -0.0636722 -0.00430314  -0.0121199  0.00478531 -0.00177422  0.00176247 -0.0683085 -0.0397694 -0.0270796 1 0 0
             46.4996 -10.0231 0.443269 -16.8932   0.128087  0.0632511 -0.0158319  -0.067245  0.0100316 -0.0185241  0.00479444 -0.00176698   0.0017698 -0.0684049 -0.0397879 -0.0272952 1 0 0
             46.5996 -9.97713  1.12421 -16.7874   0.126894  0.0652978 -0.0174501 -0.0723149   0.022782 -0.0171017  0.00480918 -0.00176543  0.00178153  -0.068619 -0.0398453 -0.0273348 1 0 0
             46.6997 -9.73442  1.41465 -16.4486   0.125437  0.0644229 -0.0152595 -0.0775966  0.0106707 0.00204115  0.00481823 -0.00178808   0.0017743 -0.0688835 -0.0398041 -0.0274494 1 0 0
             46.7996 -9.51935  1.39733 -16.1553   0.123073  0.0658883 -0.0126389 -0.0742911  0.0147082 0.00454331  0.00482607 -0.00178774  0.00178031 -0.0690877 -0.0398575 -0.0275576 1 0 0
             46.8997  -9.1789  1.58067 -16.0528   0.127194  0.0660788 -0.0163084 -0.0375598  0.0178462 -0.0212698  0.00483468 -0.00178089  0.00178673 -0.0694749 -0.0399209 -0.0274803 1 0 0
             46.9996 -8.88417  1.52464 -15.8956   0.129278  0.0649238 -0.0208192 -0.0425689 0.00989419 -0.0347165  0.00484688 -0.00178043  0.00179331  -0.069731 -0.0399014 -0.0274272 1 0 0
             47.0997 -8.77972  1.06331 -15.4489   0.131708  0.0640653 -0.0200739 -0.0460463 0.00898317 -0.0205787  0.00485501 -0.00177167  0.00179779 -0.0700223 -0.0398823 -0.0275786 1 0 0
             47.1995 -8.77942 0.741161 -15.1632     0.1285    0.06304 -0.0183981 -0.0585109 0.00478946 -0.0130169  0.00486776 -0.00176966  0.00179482 -0.0701213 -0.0398226 -0.0277101 1 0 0
             47.2996 -8.83852 0.700141  -15.204    0.12347   0.061976 -0.0191141  -0.0792214 -0.00501558  -0.0154588  0.00488337 -0.00176936   0.0018032 -0.0701994 -0.0397938   -0.02774 1 0 0
             47.3996 -8.72089 0.800236 -15.3577   0.122374  0.0624559 -0.0143615 -0.0724467 0.00249556 0.00966212  0.0048952 -0.0017789 0.00180985 -0.0704517 -0.0398567 -0.0279628 1 0 0
             47.4996 -8.73218 0.745718 -15.6454   0.125836  0.0655261 -0.0133375   -0.0438889    0.0235972 -0.000821445   0.0048949 -0.00178101  0.00181797 -0.0708044 -0.0400101 -0.0280316 1 0 0
             47.5997 -8.84974 0.993764 -15.8238   0.126031   0.064393 -0.0163667  -0.053062  0.0142967 -0.0166362  0.00491053 -0.00178174  0.00182345 -0.0710273 -0.0399499 -0.0279545 1 0 0
             47.6997 -8.83718 0.836115 -15.8032    0.12917  0.0626383 -0.0217033 -0.0452349 0.00670379 -0.0360198  0.00492294 -0.00177761  0.00183071 -0.0713733 -0.0399384 -0.0278561 1 0 0
             47.7996 -8.73851  0.63806 -15.6846   0.127304  0.0632328 -0.0203631 -0.0584934  0.0165613 -0.0181452  0.00492346 -0.00177836  0.00183035 -0.0715105 -0.0399359 -0.0280274 1 0 0
             47.8998 -8.81602 0.261327 -15.4748   0.125433  0.0649658 -0.0158082 -0.0667336  0.0233907 0.00022224  0.00493176 -0.00177439  0.00183704 -0.0716932 -0.0399444 -0.0282602 1 0 0
             47.9997   -9.3208 -0.735661  -15.4182   0.126394  0.0648571 -0.0172225  -0.0581601  0.00949758 -0.00273842  0.00494553 -0.00176758  0.00184214 -0.0719939 -0.0399449 -0.0282278 1 0 0
             48.0992 -9.46192 -1.90859 -15.7357   0.122631  0.0648677 -0.0143014 -0.0777349  0.0101379  0.0143395 0.00496769 -0.0017617 0.00185396 -0.0721306 -0.0399241 -0.0283216 1 0 0
             48.1997 -9.11743 -2.90434 -15.9785    0.116659   0.0658013 -0.00797547 -0.0925867  0.0246034  0.0347634  0.00496296 -0.00177066   0.0018635 -0.0722545 -0.0399022 -0.0284847 1 0 0
             48.2996 -9.96854   -5.889 -15.7876    0.113507   0.0663852 -0.00829637  -0.10015 0.0146889 0.0154521  0.00496714 -0.00176833  0.00185862 -0.0724964 -0.0399234 -0.0283676 1 0 0
             48.3999 -8.84296 -7.19405 -15.6904    0.107955   0.0667033 -0.00824096   -0.104698   0.0160165 -0.00760962  0.00499695 -0.00174131  0.00186213 -0.0726905 -0.0399348 -0.0283501 1 0 0
             48.4997 -7.53833 -7.36729 -15.5554    0.106534   0.0664626 -0.00569333 -0.0886463  0.0188565  -0.010296  0.00496435 -0.00177632  0.00186005 -0.0730392 -0.0399419 -0.0284799 1 0 0
             48.5996 -6.05155 -9.51725 -15.7575  0.102919 0.0606086 0.0017646  -0.115614 -0.0326247  0.0685756  0.00498361 -0.00179563  0.00185093 -0.0733597 -0.0398098 -0.0286042 1 0 0
              48.699 -4.73386 -12.5116  -16.008  0.0918758  0.0531139 0.00970685  -0.144911 -0.0413613  0.0436612  0.00499174 -0.00176282  0.00186984 -0.0735228 -0.0396892 -0.0286165 1 0 0
             48.7999 -4.54046 -12.8374 -15.4185  0.0830939  0.0534719 0.00784507   -0.120879 0.000180127   -0.024459  0.00500568 -0.00175415  0.00185256 -0.0736646  -0.039831 -0.0285055 1 0 0
             48.8997  -5.4905  -10.729 -14.9756  0.0829631  0.0537854 0.00165012   -0.0776232 -0.000428318   -0.0444952  0.00503841 -0.00179854  0.00183866 -0.0739939 -0.0399464 -0.0283806 1 0 0
             48.9993 -5.58102 -9.87345 -15.4967   0.0908839   0.0556956 -0.00160145 -0.0243741  0.0112048 -0.0369852  0.00506159 -0.00182316  0.00185276 -0.0744617 -0.0401423 -0.0283277 1 0 0
             49.0996 -5.77762 -9.84223 -15.5701   0.0999408   0.0606931 -0.00609151 -0.0021228  0.0501139 -0.0518968  0.00505311 -0.00180407  0.00187298 -0.0748476 -0.0403288 -0.0282803 1 0 0
             49.1999 -5.74146 -9.66414  -15.031   0.0986843   0.0640846 -0.00425657 -0.0355546  0.0506929 -0.0199274  0.00506295 -0.00180095  0.00187072 -0.0749395 -0.0402542 -0.0284791 1 0 0
             49.2998 -6.06213 -9.93709 -14.3953   0.0993897   0.0616202 -0.00258377 -0.0275375  0.0170969 -0.0142785  0.00506929 -0.00179731  0.00187716 -0.0751954 -0.0400717 -0.0285473 1 0 0
             49.3997 -6.08403 -9.16598 -14.4521   0.0957034     0.05767 0.000128563 -0.0608413 -0.0117028 0.00383179  0.00509092 -0.00179422  0.00187825 -0.0752812  -0.039918 -0.0286591 1 0 0
             49.4995 -5.99895 -9.18673 -14.6937  0.0952187   0.059671 0.00313132 -0.0600557 0.00387191  0.0232536 0.00509383 -0.0018217 0.00189276 -0.0754948  -0.040064 -0.0287047 1 0 0
             49.5991 -6.21417 -10.0004 -15.4853    0.101825   0.0583034 -0.00480131  -0.0211451 -0.00447435  -0.0347913  0.00510225 -0.00179508  0.00190281 -0.0758528  -0.040138 -0.0283668 1 0 0
             49.6999 -5.99495 -9.29782 -15.7163   0.0981254   0.0619628 -0.00248025  -0.0787261   0.0326341 -0.00533156  0.00511602 -0.00179265  0.00192013 -0.0759229 -0.0402276 -0.0285489 1 0 0
             49.7999 -6.17367 -9.42953 -15.5669  0.0933805  0.0599188 -0.0014031 -0.0699659  0.0113827 -0.0160863  0.00511227 -0.00182313   0.0019032 -0.0760958 -0.0400971 -0.0285848 1 0 0
             49.9008 -6.35053  -8.8126 -15.8162   0.0958038   0.0564409 -0.00102738  -0.0513367 -0.00611041 -0.00635352  0.00512667 -0.00180477  0.00191245 -0.0764474  -0.040041 -0.0286074 1 0 0
             49.9996 -6.13432 -8.65287  -15.987    0.102166   0.0590079 -0.00251373 -0.0338278  0.0189401 -0.0119321  0.00513257 -0.00181689  0.00192396 -0.0768428  -0.040243 -0.0285322 1 0 0
             50.0999 -6.37863 -8.38191 -15.9644      0.1026   0.0570245 -0.00143654 -0.0242235 0.00382433  -0.015793  0.00513619 -0.00181781  0.00192211 -0.0770152 -0.0401363 -0.0286025 1 0 0
             50.1997 -6.36889 -8.12063 -16.2752    0.100664    0.058768 5.86394e-05   -0.056892   0.0154583 -0.00207071  0.00514996 -0.00182144  0.00193365 -0.0771125 -0.0401928 -0.0286926 1 0 0
             50.3007 -6.37475 -8.21295 -16.3755     0.09957   0.0576172 -0.00580223 -0.0492738  0.0112851  -0.039951  0.00515344 -0.00181565  0.00193898 -0.0772807 -0.0401664 -0.0285086 1 0 0
             50.3997  -6.4665 -7.60167 -16.4153    0.103528   0.0571112 -0.00516646  -0.041817 0.00794222 -0.0241827  0.00516054 -0.00181448  0.00194294 -0.0776382 -0.0401873 -0.0286342 1 0 0
             50.4993 -6.59142 -7.67542 -16.3649    0.105514   0.0574694 -0.00376022  -0.0457586    0.010644 -0.00327791  0.00517319 -0.00182441  0.00194749 -0.0779161 -0.0402345 -0.0287146 1 0 0
             50.6007 -6.56708 -7.76018 -16.2212    0.103325   0.0550874 -0.00260882 -0.0516222 0.00345648 0.00813216  0.00518759 -0.00182036  0.00195198 -0.0780711 -0.0401482 -0.0287292 1 0 0
             50.7007 -6.45401 -7.76372 -16.2897    0.104078   0.0572587 -0.00232524 -0.0546381   0.010979 -0.0116016  0.00518751 -0.00181691  0.00195766 -0.0783032 -0.0402796 -0.0287459 1 0 0
             50.7994 -6.35202 -7.26763 -16.4878    0.103649   0.0563176 -0.00392127 -0.0579997 0.00270708 -0.0171241  0.00519246 -0.00182133  0.00196714  -0.078524 -0.0402757 -0.0287174 1 0 0
             50.8999 -6.18489 -6.88342 -16.7439    0.102061   0.0539809 -0.00222945 -0.0601876 -0.0029758 0.00229909  0.00521029 -0.00183881  0.00196919 -0.0787289 -0.0402297 -0.0287795 1 0 0
             50.9998 -6.05351 -6.94888 -16.9232    0.104305   0.0521085 -0.00212036 -0.0450838  0.0022117 -0.0142272  0.00521487 -0.00183311  0.00197548 -0.0790537 -0.0402494 -0.0287741 1 0 0
             51.1007 -6.29816 -6.95738 -16.7759    0.104124   0.0544999 -0.00400944  -0.046507  0.0221474 -0.0262882  0.00522365 -0.00182545  0.00198363 -0.0792249  -0.040334 -0.0287822 1 0 0
             51.1997 -6.51387 -6.80575 -16.6565    0.10268  0.0567249 -0.0061563 -0.0612899  0.0176525 -0.0197751  0.00523842 -0.00182836  0.00197806 -0.0793756 -0.0403843  -0.028781 1 0 0
             51.2997 -6.41679 -6.87781 -16.8576   0.102803  0.0543139 -0.0080568  -0.0560296 -0.00417744  -0.0220209  0.00524654 -0.00183111  0.00198671 -0.0796577 -0.0403437 -0.0287534 1 0 0
             51.3994 -6.13703 -6.68096 -17.5094    0.106373   0.0525255 -0.00179012  -0.0311851 -0.00830164   0.0122094   0.0052567 -0.00182992  0.00199987 -0.0800201 -0.0403579 -0.0289917 1 0 0
             51.4989 -5.96097 -6.48886  -18.055    0.106324   0.0539814 0.000341465  -0.0381576 -0.00184975  0.00247416  0.00525451 -0.00183663  0.00200423 -0.080149 -0.040484 -0.029054 1 0 0
             51.5997 -6.04653 -5.84532  -18.482    0.103125    0.050512 -0.00172206  -0.0596454 -0.00148206  -0.0146172   0.0052717 -0.00184119  0.00200939 -0.0802411 -0.0403721 -0.0289759 1 0 0
             51.7003 -5.92519 -5.70879 -18.6975    0.106337   0.0505395 -0.00730616 -0.0499316 0.00798242 -0.0335221  0.00527632 -0.00184499  0.00201306 -0.0805541  -0.040474 -0.0288294 1 0 0
             51.7992 -5.85512 -5.62437 -18.6485    0.109266   0.0520213 -0.00736424 -0.0391301  0.0134044 -0.0242178     0.00528 -0.00184454  0.00201353 -0.0808546 -0.0405745 -0.0289311 1 0 0
              51.899 -5.87424 -5.54693 -18.5758    0.111452    0.050598 -0.00641409 -0.0319709 0.00179571 -0.0124947  0.00529173 -0.00183832  0.00201688 -0.0811306 -0.0405566 -0.0290228 1 0 0
             51.9997 -5.90772 -5.46018 -18.7673     0.10949   0.0448259 -0.00471916  -0.0465474  -0.0311255 -0.00577332  0.00530204 -0.00184595  0.00202126  -0.081281 -0.0404076 -0.0290931 1 0 0
             52.1006 -5.52597  -4.6208 -19.2225    0.107766   0.0476855 -0.00510006  -0.060741 0.00811072 -0.0106892  0.00531059 -0.00184857  0.00202841 -0.0813621 -0.0406045  -0.029137 1 0 0
             52.1995 -5.42903 -4.57849 -19.2121    0.110298   0.0485743 -0.00670589 -0.0537505  0.0202481 -0.0153472 0.00531029 -0.0018596 0.00203665 -0.0816899 -0.0406898 -0.0291155 1 0 0
             52.2995 -5.38988  -4.8711 -18.9496     0.11216   0.0503696 -0.00886286 -0.0447356  0.0158602 -0.0207285  0.00532347 -0.00183859  0.00203327 -0.0819686   -0.04078 -0.0290973 1 0 0
             52.3997 -5.35488 -4.91211 -18.9355    0.110411    0.050425 -0.00655089 -0.0506635  0.0111565 -0.0155034  0.00533177 -0.00184177  0.00203329 -0.0821217 -0.0407618  -0.029256 1 0 0
             52.4997 -5.44879 -4.74039 -19.0273     0.108808    0.0481048 -0.000284024   -0.0620134 -0.000501443    0.0186723  0.00534745 -0.00184612  0.00204386 -0.0823477 -0.0406863 -0.0294944 1 0 0
             52.5996  -5.2433 -5.01683 -19.2529    0.108865   0.0475655 -0.00213175  -0.0590079 -0.00444139  0.00350368  0.00535752 -0.00185335  0.00205061 -0.0825836 -0.0407649 -0.0293636 1 0 0
             52.6993 -5.07257 -5.24384  -19.468    0.108645     0.04303 -0.00397475 -0.0583862 -0.0184391 -0.0149868  0.00536344 -0.00184221  0.00205855 -0.0828463 -0.0407171 -0.0292882 1 0 0
              52.799 -5.01153 -5.20732 -19.5787    0.107526   0.0449544 -0.00531495 -0.0592882 0.00562646 -0.0213783 0.00537283 -0.0018466  0.0020623 -0.0830071 -0.0408737 -0.0293202 1 0 0
             52.8996 -4.96659 -5.29844 -19.6461    0.106932   0.0440597 -0.00724765 -0.0624809 0.00126271 -0.0232764  0.00538363 -0.00185307  0.00206369 -0.0832394 -0.0408925 -0.0293228 1 0 0
             53.0006 -4.91919 -5.48849 -19.6898    0.106951   0.0440485 -0.00682553 -0.0617801 0.00869439 -0.0154854   0.0053955 -0.00185078  0.00206892 -0.0834923 -0.0409507 -0.0294047 1 0 0
             53.0996 -4.88082 -5.54609 -19.5474    0.106588   0.0493873 -0.00501251  -0.0589171   0.0316882 -0.00875306   0.0054003 -0.00185829  0.00207121 -0.0836872 -0.0411396 -0.0295339 1 0 0
             53.1996 -4.82328 -5.51013 -19.3083     0.105908    0.0488287 -0.000860384 -0.0600144  0.0171505  0.0133913  0.00541238 -0.00186246  0.00206832 -0.0839575 -0.0410861 -0.0296714 1 0 0
             53.2993 -4.72864 -5.66343 -19.1604    0.105099    0.046941 -0.00211943  -0.0601734  0.00159446 -0.00176786  0.00542224 -0.00186225  0.00207561 -0.0841974 -0.0410569 -0.0295749 1 0 0
             53.3988 -4.55852 -5.62532 -19.0487    0.103483   0.0438841 -0.00404934  -0.0635662 -0.00963446  -0.0155167  0.00543593 -0.00185829  0.00208263  -0.084413 -0.0410165 -0.0295095 1 0 0
             53.5006 -4.39877  -5.6099 -18.9123    0.104185   0.0464877 -0.00413687 -0.0554319  0.0140905 -0.0147473  0.00543797 -0.00186652  0.00208387 -0.0846626 -0.0412014 -0.0295696 1 0 0
             53.5996  -4.4616 -5.69208  -18.668    0.104453   0.0479901 -0.00346924 -0.0527427  0.0217517 -0.0138311  0.00545321 -0.00186774  0.00208788 -0.0848882 -0.0412531 -0.0296385 1 0 0
              53.699 -4.61927 -5.84552 -18.3611    0.101736   0.0486506 -0.00566061 -0.0664201  0.0212345 -0.0231703  0.00546751 -0.00186796  0.00209059  -0.085033 -0.0412425 -0.0296123 1 0 0
             53.7996 -4.80271 -5.90451 -18.0889    0.100054   0.0529446 -0.00400784 -0.0661713  0.0323017 -0.0100713  0.00548381 -0.00187053  0.00209844 -0.0852331 -0.0413619 -0.0297469 1 0 0
             53.8997 -4.88552  -5.9631 -17.9046    0.103563   0.0521708 -0.00286943  -0.0422504   0.0154882 -0.00410552  0.00549264 -0.00187253  0.00210171 -0.0856489 -0.0413584 -0.0297902 1 0 0
             53.9996 -4.94448 -6.01073 -17.7934    0.105428    0.049586 -0.00681416  -0.0365645 -0.00467359  -0.0293442  0.00549943 -0.00186686  0.00210657 -0.0859126 -0.0413179 -0.0296676 1 0 0
             54.1006 -5.02129 -5.83879 -17.8189   0.104711  0.0516909 -0.0050069 -0.0461151 0.00744429 -0.0105444  0.00550802 -0.00187246  0.00211448 -0.0860479 -0.0414286 -0.0298327 1 0 0
             54.2003 -4.95795  -5.8311 -17.8691    0.105624    0.053791 -0.00651038 -0.049927 0.0179584 -0.012011   0.0055167 -0.00187669  0.00212067 -0.0862674 -0.0415397   -0.02981 1 0 0
              54.299 -4.89119  -5.9304 -17.8136   0.105283  0.0520081 -0.0051245  -0.0536739   0.0107563 -0.00841417  0.00552439 -0.00187568  0.00212742 -0.0865128 -0.0414747 -0.0298802 1 0 0
             54.3995 -4.92194 -6.02154 -17.6948    0.103342   0.0530984 -0.00576321 -0.0618038   0.017843 -0.0119519  0.00553877 -0.00187427  0.00213056 -0.0866741 -0.0415087 -0.0298876 1 0 0
             54.5005 -5.03503 -6.11955 -17.4801   0.0994081   0.0529836 -0.00321509  -0.0782278   0.0119143 0.000468548  0.00554817 -0.00188305  0.00213561 -0.0868401 -0.0414814 -0.0300066 1 0 0
             54.5992 -5.15626 -6.37352 -17.2163   0.100175  0.0542448 -0.0039245  -0.0637799   0.0165096 -0.00277505  0.00556249 -0.00187915  0.00214016 -0.0871573 -0.0415743  -0.029965 1 0 0
             54.7005 -5.28081  -6.6629 -17.0505  0.0996882   0.052899 -0.0029619  -0.0621073 0.000685267 -0.00776617  0.00557362 -0.00188308  0.00214478 -0.0874383 -0.0415602 -0.0300048 1 0 0
             54.8005 -5.38362 -6.71726 -16.9744   0.0998318   0.0526025 -0.00198298   -0.048995  0.00550484 -0.00530987  0.00558676 -0.00188042  0.00214721 -0.0876918 -0.0415996 -0.0300662 1 0 0
             54.8996  -5.2956 -6.70549  -17.101   0.0995401   0.0527334 -0.00249356 -0.0550716 0.00743412 -0.0107652  0.00559509 -0.00188686  0.00215858 -0.0878924 -0.0416388 -0.0300558 1 0 0
             55.0005 -5.41785  -6.8349 -17.0409    0.102053   0.0561896 -0.00487397 -0.0404624   0.026198 -0.0267633  0.00559358 -0.00188812  0.00216601 -0.0881711 -0.0417935 -0.0300325 1 0 0
             55.1005 -5.75647 -6.90692 -17.0027   0.0996371   0.0561357 -0.00766174 -0.0509173  0.0168224 -0.0274896  0.00561577 -0.00189063  0.00216803 -0.0882852 -0.0417335 -0.0300179 1 0 0
             55.1996 -5.83086 -6.90233 -17.0967   0.0991349     0.05323 -0.00529839  -0.0531559 -0.00475107 -0.00665108  0.00562427 -0.00189301  0.00217533 -0.0885455 -0.0416412 -0.0301536 1 0 0
             55.3005 -5.72635 -6.83921 -17.3128    0.102056   0.0539513 -0.00597218 -0.0394164 0.00560897 -0.0125092   0.0056305 -0.00189264  0.00218544 -0.0888502 -0.0417612 -0.0301504 1 0 0
             55.3996 -5.71683 -6.73216 -17.5022    0.101489   0.0546114 -0.00341364   -0.0460593    0.0140166 -0.000235332  0.00563559 -0.00190421  0.00218902 -0.0890233 -0.0417835 -0.0302692 1 0 0
             55.4991 -5.76971 -6.76668 -17.5629   0.102982  0.0505171 -0.0082087  -0.0464626 -0.00243157  -0.0257746 0.00564665 -0.0018997 0.00219442 -0.0893065 -0.0416874 -0.0300889 1 0 0
             55.6004 -5.74884 -6.78902 -17.3994    0.100178   0.0504308 -0.00842351   -0.0655728 -0.000457154   -0.0178464  0.00565446 -0.00189999  0.00219423 -0.0894455 -0.0417212 -0.0301643 1 0 0
             55.7004 -5.70192 -6.83606 -17.3889    0.100824   0.0544753 -0.00619837  -0.0479434   0.0194088 -0.00596891  0.00565837 -0.00189905  0.00219634 -0.0896927 -0.0419088 -0.0303062 1 0 0
             55.8005 -5.69826 -6.72647 -17.4745    0.100299    0.053842 -0.00645427  -0.0539865    0.017071 -0.00926207   0.0056702 -0.00190092  0.00220422 -0.0899093 -0.0418705 -0.0303067 1 0 0
             55.9004 -5.72118  -6.6969 -17.4416   0.0986985   0.0528925 -0.00297761 -0.0641522  0.0079311 0.00757355 0.00568092 -0.0019097 0.00221094 -0.0901306 -0.0418269  -0.030422 1 0 0
             55.9996 -5.63198  -6.7342 -17.2175     0.10133   0.0545007 -0.00396417   -0.0497579     0.015448 -0.000863998  0.00568766 -0.00190884  0.00221426 -0.0904644 -0.0419501 -0.0303565 1 0 0
             56.1004 -5.65871   -6.822  -17.153   0.101361  0.0539485 -0.0037488   -0.0442373 -6.36698e-05   -0.0168106  0.00570146 -0.00191523  0.00221735 -0.0906814 -0.0419568 -0.0303751 1 0 0
             56.2004 -5.78728 -6.63448 -17.3776   0.102492   0.049266 -0.0105872  -0.036658 -0.0144374 -0.0391167  0.00571108 -0.00190541  0.00222538 -0.0909084 -0.0418777 -0.0301828 1 0 0
             56.2994 -5.81158 -6.55292 -17.5633    0.101218   0.0504188 -0.00499502 -0.0537859 0.00360973 0.00206142  0.00572585 -0.00192351  0.00223359 -0.0910736 -0.0419639  -0.030488 1 0 0
             56.4004   -5.752 -6.63814 -17.5332   0.102174  0.0531452 -0.0023315 -0.0567515  0.0192986 0.00487556   0.0057242 -0.00191734  0.00223868  -0.091333 -0.0420987 -0.0305733 1 0 0
             56.5003   -6.092 -7.05154 -17.5125    0.100303   0.0515091 -0.00434016 -0.0578954  0.0130886 -0.0193071  0.00574268 -0.00191474  0.00224198 -0.0915211 -0.0420197 -0.0304836 1 0 0
             56.6004 -6.39929 -7.17119 -17.5209   0.0995129   0.0531086 -0.00553202 -0.0534621  0.0217916 -0.0212265  0.00575392 -0.00191235  0.00224751 -0.0917277 -0.0420746 -0.0305199 1 0 0
             56.7004 -6.56402 -7.13661 -17.6348   0.0982658   0.0535523 -0.00810945 -0.0612725 0.00965329 -0.0206926  0.00576136 -0.00191831  0.00225497 -0.0919199 -0.0420918 -0.0304845 1 0 0
             56.8004 -6.40903 -7.14685 -17.8028   0.0983837     0.05385 -0.00912612 -0.0634938  0.0144128 -0.0165697  0.00576572 -0.00192332  0.00226132  -0.092196 -0.0421424 -0.0304975 1 0 0
             56.9004 -6.37331 -7.35394 -17.6512   0.0989614   0.0517745 -0.00667597  -0.0582125  0.00886359 -0.00914224  0.00577159 -0.00192894  0.00226363 -0.0925343 -0.0420801 -0.0306017 1 0 0
             57.0005 -6.47107 -7.52824 -17.4613   0.0995906   0.0525123 -0.00794908 -0.0437399  0.0137849 -0.0123015  0.00578369 -0.00192217  0.00226823 -0.0927833  -0.042144 -0.0305927 1 0 0
             57.1004 -6.43903 -7.60349 -17.3718   0.0999996   0.0529716 -0.00734417  -0.0449857  0.00292084 -0.00736023 0.00579406 -0.0019264 0.00227267 -0.0929978 -0.0421829 -0.0306335 1 0 0
                57.2 -6.21928 -7.57838 -17.6777   0.0973532    0.053262 -0.00901963 -0.0538359  0.0124609 -0.0146417  0.00580193 -0.00192991   0.0022767 -0.0930835 -0.0421972  -0.030607 1 0 0
             57.3003 -5.91015 -7.51894 -17.8322   0.0974489   0.0544309 -0.00836367  -0.0617848   0.0273482 -0.00219899  0.00581142 -0.00193171  0.00228587 -0.0933399 -0.0422367 -0.0306584 1 0 0
             57.4004 -5.92609 -8.03904  -17.359   0.0983052   0.0586624 -0.00405443 -0.0725467  0.0277142  0.0115628  0.00581594 -0.00194038   0.0022849 -0.0936729 -0.0423741 -0.0308016 1 0 0
             57.5005  -6.2639 -8.90737 -17.0308   0.0956599   0.0571442 -0.00496491  -0.0510987   0.0197784 -0.00222533  0.00582858 -0.00192788  0.00227731 -0.0938671 -0.0422681 -0.0307073 1 0 0
             57.6003 -7.56846 -9.98945 -17.1116   0.0918598   0.0552354 -0.00698325  -0.0639693 -0.00190316  -0.0414885  0.00585176 -0.00192203  0.00229171 -0.0939882 -0.0421999 -0.0307072 1 0 0
             57.7003 -7.98615 -9.80417 -17.1442   0.0940826   0.0593625 -0.00960588 -0.0597618   0.027614 -0.0302319  0.00587634 -0.00192337  0.00230589 -0.0942957 -0.0423974 -0.0307328 1 0 0
             57.8005 -8.10908 -9.74201 -17.0504   0.095284  0.0641166 -0.0109832 -0.0523808  0.0372021 -0.0163944  0.00586801 -0.00194518  0.00231032 -0.0945583 -0.0425303 -0.0307523 1 0 0
             57.9003 -8.15071  -9.9149 -17.1693   0.0946015   0.0656849 -0.00737681 -0.0479683  0.0324064 0.00174679  0.00587151 -0.00195253   0.0023194 -0.0947999 -0.0425051 -0.0308979 1 0 0
             57.9993  -8.5259 -10.1468 -17.3368   0.0950771   0.0622287 -0.00710574 -0.0461435 0.00744394 -0.0122739  0.00587908 -0.00194979  0.00232549 -0.0950734 -0.0423585 -0.0308653 1 0 0
             58.0992  -8.7598 -10.0991 -17.4492 0.0974401 0.0608443 -0.011896 -0.0408645  0.0126546 -0.0277638  0.00589822 -0.00194743  0.00233397 -0.0953481 -0.0423635 -0.0307079 1 0 0
             58.2004 -9.46668 -10.3005 -17.4606   0.095799  0.0617841 -0.0125671  -0.0527213 -0.00398527  -0.0220916  0.00590086 -0.00195056  0.00233699 -0.0954913  -0.042404  -0.030771 1 0 0
             58.2996 -9.27467 -10.0319 -17.8646 0.0963237  0.065315 -0.012608 -0.0508835  0.0340362 -0.0187631  0.00591717 -0.00195166  0.00234481 -0.0957062 -0.0425717 -0.0308427 1 0 0
             58.4004 -9.34418 -9.83801 -17.6206   0.094223  0.0671846 -0.0114644  -0.0689062   0.0364506 -0.00641902  0.00590726 -0.00196371   0.0023596 -0.0959184 -0.0425346 -0.0309212 1 0 0
             58.5004 -9.63161 -10.0904 -17.3548  0.0957359  0.0676941 -0.0124147  -0.0463303   0.0202103 -0.00858348  0.00592573 -0.00195887  0.00235106 -0.0962576 -0.0425428 -0.0308554 1 0 0
             58.6004 -9.49603 -9.86478 -17.5038  0.0962447  0.0640933 -0.0122376  -0.0437219   -0.015498 -0.00947992  0.00593184 -0.00195837  0.00236242 -0.0965124 -0.0424631 -0.0308452 1 0 0
             58.6998  -9.4289  -9.6222 -17.6189  0.0957564  0.0619175 -0.0117024  -0.0464902 -0.00679999 -0.00795732 0.00593976 -0.0019746 0.00237177 -0.0967027 -0.0424566 -0.0308731 1 0 0
             58.8003 -9.36383 -9.52987  -17.473  0.0963386  0.0615878 -0.0131305   -0.0546143 -0.000752541   -0.0126262 0.00594537 -0.0019647  0.0023689  -0.096932 -0.0425284 -0.0308375 1 0 0
             58.9002 -9.23551 -9.54493 -17.2656  0.0949072  0.0642343 -0.0149538 -0.0655861  0.0177104 -0.0183685  0.00595293 -0.00196539  0.00237239 -0.0971011  -0.042659 -0.0308269 1 0 0
             58.9992 -9.31905 -9.64413 -17.1565  0.0953631  0.0675807 -0.0124129   -0.045982   0.0306265 -0.00454751  0.00596432 -0.00196887  0.00237813 -0.0973724 -0.0427486 -0.0309715 1 0 0
             59.1004 -9.42748 -9.88579 -17.1745 0.0960811 0.0647704 -0.013459 -0.0471176 0.00464983 -0.0150975  0.00597762 -0.00196625  0.00238364 -0.0976489 -0.0426386 -0.0309071 1 0 0
             59.2004 -9.54286  -9.9852 -17.1113 0.0945121 0.0634561  -0.01241    -0.05422  0.00171616 -0.00893261   0.0059856 -0.00196517  0.00239168 -0.0978399 -0.0426145 -0.0309794 1 0 0
             59.3002  -9.5045 -9.92327 -17.1874  0.0940513  0.0665138 -0.0118008  -0.0564281   0.0187753 0.000319388 0.00599773 -0.0019736 0.00239455 -0.0980314 -0.0427625 -0.0310156 1 0 0
             59.4004 -9.36144 -9.90185 -17.0789 0.0912928 0.0679169  -0.01064  -0.0706048   0.0267939 -0.00570144  0.00600169 -0.00197918  0.00240222 -0.0982049 -0.0427578 -0.0310473 1 0 0
             59.5003 -9.47965 -9.91618 -16.8897  0.0925197  0.0644474 -0.0122686 -0.0521855 0.00230314 -0.0142821  0.00600742 -0.00197913  0.00239707  -0.098563 -0.0426688 -0.0309655 1 0 0
             59.5992 -9.44519 -10.0004 -16.9325  0.0934333   0.062091 -0.0116715  -0.0467003  -0.0144927 0.000570308  0.00601908 -0.00198543  0.00240323 -0.0988412 -0.0426771 -0.0309793 1 0 0
             59.6987  -9.2853 -10.0579  -17.079   0.0928578   0.0626785 -0.00930283  -0.0531557 0.000734204  0.00123633 0.00603669 -0.0019869 0.00240859 -0.0990237 -0.0427631 -0.0310615 1 0 0
             59.8002 -9.14742 -10.1404 -17.2181  0.0922249  0.0620473 -0.0115376 -0.0561435 0.00820294 -0.0140737  0.00603765 -0.00198646  0.00241426 -0.0992189 -0.0428042  -0.030979 1 0 0
                59.9 -9.14089 -10.4005 -17.0449  0.0900576  0.0640051 -0.0109017 -0.0628951   0.021734 -0.0136977  0.00604541 -0.00198407  0.00242058 -0.0994029 -0.0428492 -0.0310449 1 0 0
              59.999 -9.89822 -11.2861 -17.4328  0.0909509  0.0673147 -0.0096747 -0.0106525  0.0312704 -0.0271896 0.00605917 -0.0019867 0.00242029 -0.0996439 -0.0429122  -0.031159 1 0 0
             60.1002   -11.41  -12.255 -19.5814  0.0971617  0.0653937 -0.0152861 0.00302974  0.0118406 -0.0487697 0.00608219 -0.0019732  0.0024459 -0.0998702 -0.0428879 -0.0310686 1 0 0
             60.2003 -11.6015 -11.5193 -19.4118   0.103168  0.0692523 -0.0187963   -0.036631    0.034899 -0.00965316  0.00611165 -0.00197141  0.00248247  -0.100193 -0.0430329 -0.0310094 1 0 0
             60.3002 -11.8348 -11.7526  -19.138  0.0987041  0.0726028 -0.0179948  -0.0688007   0.0416881 -0.00503317  0.00607061 -0.00200276  0.00244315   -0.10025 -0.0430205  -0.031066 1 0 0
             60.4002 -11.6351 -12.0596 -19.0848   0.101756  0.0738899 -0.0190537 -0.0660898  0.0314766 -0.0253889 0.00608579 -0.0019753 0.00245578  -0.100674 -0.0430674 -0.0310022 1 0 0
             60.5002 -11.8686 -12.0168 -18.6769  0.0962292  0.0745638 -0.0157869 -0.0867552  0.0268648 0.00435058  0.00608605 -0.00199227  0.00246134  -0.100838 -0.0429719 -0.0311606 1 0 0
              60.599 -11.7082 -12.3169 -18.3375  0.0938598  0.0761675 -0.0160484  -0.0712387   0.0139791 -0.00419039  0.00610202 -0.00198735  0.00246066  -0.101077 -0.0430471 -0.0311091 1 0 0
             60.7001 -11.7708 -12.2807 -18.1904  0.0946613  0.0733196 -0.0152619 -0.0454035 0.00135132 -0.0142635  0.00610728 -0.00198878  0.00246692  -0.101418 -0.0429946 -0.0311217 1 0 0
             60.8002 -12.0735 -12.3033  -18.131  0.0941625  0.0708312 -0.0152199  -0.0488752 -0.00907691 -0.00893392  0.00612356 -0.00199683  0.00246873  -0.101624 -0.0429541 -0.0311209 1 0 0
             60.8992  -12.187  -12.376 -18.0775  0.0930611  0.0714252 -0.0182203  -0.0603271 -0.00328584  -0.0158303  0.00613489 -0.00199667  0.00248058  -0.101768 -0.0430775 -0.0310472 1 0 0
             61.0003 -12.0956 -12.4078 -18.0629  0.0933068  0.0723848 -0.0189488 -0.0562437  0.0089505 -0.0118862  0.00615039 -0.00199545   0.0024814  -0.102024 -0.0431911 -0.0310541 1 0 0
             61.1003 -11.8378 -12.2526 -18.0527 0.0928561 0.0736805 -0.015608   -0.0578668    0.0148227 -0.000314013  0.00615257 -0.00199968  0.00249066  -0.102276  -0.043238 -0.0311853 1 0 0
             61.2002 -11.7578 -12.3132 -17.7959  0.0938602     0.0733 -0.0126891 -0.0540785  0.0156274 0.00914199  0.00616083 -0.00200585  0.00249305  -0.102599 -0.0432406 -0.0312375 1 0 0
             61.3001 -11.7193 -12.4418 -17.5768 0.0936948 0.0724912 -0.018577 -0.0501103 0.00619285 -0.0280918  0.00617555 -0.00199965  0.00248953  -0.102775 -0.0432735 -0.0309834 1 0 0
             61.3999 -11.6712 -12.1864  -17.672  0.0921562  0.0714702 -0.0158496   -0.0501825 -0.000641709   -0.0138071  0.00617719 -0.00199938  0.00249545  -0.102982 -0.0432366 -0.0311503 1 0 0
             61.4988 -11.8155 -12.1342 -17.7666  0.0916156  0.0701017 -0.0121292 -0.0567021 0.00123606 0.00969868  0.00619209 -0.00201845  0.00250324  -0.103234 -0.0432256 -0.0312732 1 0 0
             61.5985 -11.9024 -12.3019   -17.71 0.0940371 0.0733214 -0.013961  -0.0465839   0.0201341 -0.00654338  0.00620354 -0.00201122  0.00251125  -0.103499 -0.0434299 -0.0311792 1 0 0
             61.6981 -11.9451 -12.2986  -17.576  0.0926173  0.0766076 -0.0157533 -0.0538694  0.0336003 -0.0201521  0.00620882 -0.00200767   0.0025108  -0.103635 -0.0435064 -0.0311545 1 0 0
             61.7999 -11.9674 -12.2865 -17.5224  0.0934206  0.0759146 -0.0166335 -0.0487742   0.016283 -0.0137286  0.00622043 -0.00201396  0.00251817  -0.103921  -0.043468 -0.0311229 1 0 0
             61.8989 -11.9647 -12.2835 -17.6185   0.093555  0.0725857 -0.0135994  -0.0422096 -0.00548966 -0.00308462  0.00622704 -0.00202624  0.00251998  -0.104182 -0.0433582 -0.0312022 1 0 0
             62.0002 -12.0648 -12.3225  -17.865  0.0945913  0.0711444 -0.0186245  -0.0438767 -0.00813179  -0.0275366  0.00623415 -0.00202007  0.00252758  -0.104365 -0.0434281  -0.031044 1 0 0
             62.1002 -11.9069 -12.2696 -18.1024  0.0937611  0.0724016 -0.0176043  -0.0565288  0.00703562 -0.00593516  0.00624184 -0.00201982  0.00253035   -0.10455 -0.0435174 -0.0311509 1 0 0
             62.2001 -11.7088 -12.2933 -18.1959  0.0928867  0.0731976 -0.0121552 -0.0592622  0.0162391  0.0120491  0.0062486 -0.0020336 0.00253637  -0.104823 -0.0435389 -0.0313304 1 0 0
             62.3001  -11.699 -12.2659 -18.1252  0.0919517  0.0719078 -0.0145988 -0.0603124 0.00347012 -0.0110936  0.00625219 -0.00203025  0.00253753  -0.105029 -0.0435355 -0.0311893 1 0 0
              62.399 -11.5673 -12.2675 -18.0924  0.0913688  0.0723838 -0.0143138  -0.0655066  0.00929417 -0.00448886  0.00626278 -0.00203636  0.00253833  -0.105273 -0.0436045 -0.0312027 1 0 0
             62.4989 -11.5198 -12.3322 -17.9298  0.0922157  0.0697588 -0.0116199 -0.0491237 0.00451742 0.00508348  0.00627441 -0.00203748  0.00254225  -0.105619 -0.0435429 -0.0312425 1 0 0
             62.6002 -11.4979 -12.4455 -17.8167  0.0929144   0.068652 -0.0109848  -0.0438151 -0.00101334 -0.00158695  0.00628324 -0.00204107   0.0025417  -0.105871 -0.0435783 -0.0312193 1 0 0
             62.7002 -11.7077 -12.5231 -17.8552  0.0909655  0.0699715 -0.0148383   -0.0492784 -1.84979e-05   -0.0269022  0.00629298 -0.00203184  0.00254561  -0.105939 -0.0436818 -0.0311274 1 0 0
             62.8001 -11.7845 -12.4817 -18.0851  0.0918356  0.0698659 -0.0148165 -0.0520915 0.00299885 -0.0130959  0.00631178 -0.00203861  0.00255809  -0.106209 -0.0437375 -0.0311827 1 0 0
             62.8985 -11.5845 -12.5726 -18.2099  0.0924757  0.0723066 -0.0140042  -0.0541718   0.0235837 -0.00366521  0.00631849 -0.00204344  0.00256814  -0.106461 -0.0438666 -0.0312376 1 0 0
             63.0001 -11.3054 -12.4865 -18.0358 0.0887998 0.0724717 -0.014727  -0.0637663   0.0227594 -0.00401145  0.00631906 -0.00204229  0.00256683  -0.106585 -0.0438083 -0.0311854 1 0 0
             63.1001 -11.1601 -12.0678 -17.7842  0.0903411  0.0726113 -0.0113762 -0.0269124  0.0127109  0.0598404  0.00632311 -0.00204634  0.00256365  -0.106883 -0.0438161 -0.0311977 1 0 0
             63.2001 -9.70353 -11.2493  -18.294  0.0939814  0.0657827 0.00129778 -0.0168291 -0.0828108   0.106203 0.00633423  -0.002053 0.00257159 -0.107227 -0.043763 -0.031254 1 0 0
             63.3002 -8.12762 -10.2605 -20.0066  0.102997 0.0503752 0.0164405  0.066072 -0.167636  0.126097  0.00632477 -0.00206855  0.00257102  -0.107627  -0.043712 -0.0313732 1 0 0
             63.3999 -7.14083 -11.0614 -29.1821  0.119451 0.0301729  0.030492  0.168399 -0.251651   0.12194 0.00634081 -0.0020738  0.0025874  -0.107813 -0.0438129 -0.0313819 1 0 0
             63.4989 -8.58921 -13.0618 -45.3508   0.141809 0.00776293  0.0358637  0.184017 -0.234811 0.0385017 0.00635046 -0.0020548 0.00269973  -0.107933 -0.0440118 -0.0312565 1 0 0
                63.6 -11.7636 -14.6577 -57.0901  0.157796  0.012304 0.0285366   0.148994  -0.139359 -0.0560694  0.00637228 -0.00203854  0.00283911  -0.107427 -0.0448459 -0.0312072 1 0 0
              63.699 -12.3067  -10.949 -66.1158  0.173855 0.0118009 0.0284561  0.0956552   -0.18851 -0.0226616  0.00631461 -0.00207244  0.00282115  -0.107137  -0.045433 -0.0315958 1 0 0
             63.7998 -12.2842 -10.1464 -81.4018   0.204231 -0.0280641   0.039581 0.0626749 -0.325246  0.062962  0.00621267 -0.00215879   0.0027827  -0.108217 -0.0459618 -0.0318778 1 0 0
                63.9 -11.0837 -12.1931 -99.1167    0.22585 -0.0732448  0.0457413 0.0355431 -0.278473 0.0505812  0.00614277 -0.00214038  0.00294712  -0.109142 -0.0464962 -0.0318064 1 0 0
             63.9999  -9.7491 -15.3009 -111.091   0.221857 -0.0900501  0.0436087  -0.0598167    -0.13205 -0.00143978  0.00603971 -0.00208712   0.0029701  -0.108934 -0.0465109 -0.0316156 1 0 0
                64.1 -9.19466 -14.7463 -112.512   0.226379 -0.0873393  0.0425123  -0.0116895 -3.7064e-05   -0.040637  0.00597853 -0.00203487  0.00289036  -0.108488 -0.0467858 -0.0318457 1 0 0
             64.2001 -8.82545 -14.9243 -111.743   0.233787 -0.0861948  0.0413571 -0.0454835  0.0239285 -0.0274088  0.00591978 -0.00209945  0.00269871  -0.108278 -0.0472713 -0.0320633 1 0 0
             64.2999 -9.64628 -14.8609 -109.621   0.248348 -0.0942808  0.0441735 -0.000341317   -0.0106045   -0.0218662  0.00595336 -0.00204118  0.00267829  -0.108409  -0.048149 -0.0324781 1 0 0
                64.4 -9.97842 -13.2219 -106.771  0.244649 -0.102274 0.0452277 -0.0977941 -0.0421785 -0.0057209  0.00596528 -0.00206446  0.00265146  -0.108635 -0.0483215 -0.0325388 1 0 0
             64.5001 -10.2649 -12.5137 -105.793  0.240057 -0.102759 0.0404994  -0.134337 -0.0433747 -0.0350433   0.0059812 -0.00207923  0.00264367   -0.10829 -0.0485916 -0.0325406 1 0 0
             64.6002 -10.4851 -11.6802 -104.702  0.235792 -0.100951 0.0365547  -0.142548 -0.0325925 -0.0444774  0.00601545 -0.00205586  0.00267038   -0.10788 -0.0488907    -0.0327 1 0 0
             64.7001 -10.1303 -10.9362 -104.671   0.236769 -0.0970147  0.0398884  -0.121788 -0.0141737 -0.0189698   0.0060344 -0.00205776  0.00266983  -0.107409 -0.0494157 -0.0332364 1 0 0
                64.8 -10.6438 -9.66892 -103.248    0.24159 -0.0935601  0.0355921 -0.0842359 0.00404955 -0.0300569  0.00605382 -0.00205429  0.00268462  -0.106985 -0.0500204 -0.0333785 1 0 0
             64.9002 -10.8924  -9.5582 -101.907   0.246711 -0.0947675  0.0295403 -0.0956915 -0.0224909 -0.0308687  0.00607507 -0.00205421  0.00266569  -0.106762  -0.050698 -0.0334246 1 0 0
             65.0001 -10.3728 -12.8128 -103.592   0.249653 -0.0967429  0.0312285  -0.102542 -0.0433263  0.0265739 0.00609849 -0.0020292 0.00267767  -0.106533 -0.0512715 -0.0336756 1 0 0
             65.1001 -10.2102 -14.8542 -105.778   0.247665 -0.0899964  0.0306454  -0.101271 -0.0330755 -0.0303823  0.00609529 -0.00198347  0.00273692  -0.105952 -0.0515188 -0.0337677 1 0 0
             65.2001  -10.814 -13.2649 -105.847   0.247537 -0.0852664  0.0252138  -0.113096 -0.0277222 -0.0612645  0.00611884 -0.00199657  0.00273552  -0.105436 -0.0518494 -0.0339683 1 0 0
             65.3001 -10.9715 -11.3872 -106.063   0.255544 -0.0924048  0.0219522 -0.0714235  -0.059621 -0.0516001  0.00612612 -0.00204066  0.00270605  -0.105295 -0.0526996 -0.0342966 1 0 0
             65.4001 -10.8577 -10.1838 -104.866  0.254509 -0.101402 0.0319018 -0.0755202 -0.0704786  0.0236708 0.00613824 -0.0020459 0.00271808  -0.105435 -0.0529503 -0.0348693 1 0 0
                65.5 -11.3148 -9.57864  -103.31  0.254539 -0.111053 0.0313577 -0.0963039  -0.108638 -0.0130409  0.00614572 -0.00202432  0.00269381  -0.105329 -0.0533556 -0.0349266 1 0 0
             65.6001 -11.0032 -8.53361 -101.747    0.2551 -0.121736  0.024475  -0.107188  -0.114432 -0.0298954  0.00617967 -0.00201438  0.00269079   -0.10507 -0.0538628 -0.0348717 1 0 0
                65.7 -10.0454 -8.27336 -98.6111  0.262252 -0.126694 0.0223894 -0.0575669 -0.0998867 -0.0210244  0.00618091 -0.00201653  0.00269394  -0.104617 -0.0544897 -0.0351018 1 0 0
             65.8001 -9.31213 -8.43643 -96.4337  0.260609 -0.130664  0.022029  -0.0992522   -0.116233 -0.00550105  0.00619635 -0.00199487  0.00266944  -0.104215  -0.054663 -0.0352613 1 0 0
                65.9 -7.71311  -7.2237 -95.1934   0.25765 -0.135172 0.0285712 -0.154903 -0.103921 0.0184108  0.00623485 -0.00199403  0.00268471  -0.103845 -0.0549723 -0.0356583 1 0 0
             66.0001 -6.26218 -4.28541 -93.6053  0.255574 -0.142014 0.0271048    -0.132253   -0.0627831 -0.000322906  0.00624718 -0.00200683  0.00267937  -0.103636 -0.0555699 -0.0356906 1 0 0
                66.1 -6.15582 -3.84302 -93.0743  0.252354  -0.14629 0.0275718  -0.149719 -0.0707186 -0.0106348  0.00628344 -0.00202907  0.00266865  -0.103489 -0.0560533 -0.0358297 1 0 0
             66.1999 -6.07743  -3.9701  -93.241  0.252787 -0.154213 0.0265624  -0.124414 -0.0991038 -0.0136532 0.00632563 -0.0019922 0.00269114  -0.103413 -0.0567217 -0.0359499 1 0 0
                66.3  -5.7076 -2.83846 -93.2978  0.257485 -0.158763 0.0275522 -0.0837042  -0.109675 0.00953714  0.00633844 -0.00198485  0.00269917  -0.103061 -0.0574276 -0.0361492 1 0 0
             66.4001  -4.7334 -1.80842 -93.2861   0.25715 -0.163851 0.0296531 -0.111352  -0.10203 0.0203974 0.00634877 -0.0019996 0.00269913   -0.10272 -0.0578485 -0.0362856 1 0 0
             66.4999 -3.46727 -1.60316 -92.5723  0.253157 -0.171969 0.0334312  -0.12624 -0.115755 0.0120058  0.00635273 -0.00198702  0.00270248  -0.102579 -0.0581886 -0.0364566 1 0 0
                66.6 -2.27067 -1.95936 -93.4466  0.247529 -0.180218 0.0337773   -0.127723   -0.107251 -0.00911889  0.00636229 -0.00197302  0.00268605   -0.10237 -0.0585404 -0.0365123 1 0 0
             66.6999 -2.18435 -1.61795 -93.2105  0.248231 -0.186107 0.0333125 -0.0985427 -0.0924811 -0.0211122  0.00638607 -0.00196457  0.00271653  -0.102101 -0.0591152  -0.036624 1 0 0
                66.8 -3.15561 0.177487 -92.6329  0.249844 -0.191956 0.0344277   -0.113878   -0.118602 0.000512452   0.0064252 -0.00197155  0.00269031  -0.101873  -0.059645 -0.0368164 1 0 0
                66.9    -2.8525 -0.0586983   -94.1283  0.255809 -0.197637  0.034193  -0.0729817  -0.0783486 -4.8683e-05  0.00646194 -0.00199306  0.00269485  -0.101614 -0.0603942 -0.0368433 1 0 0
             67.0001 -2.55197 -1.52819 -94.7714  0.256236 -0.207221 0.0359566   -0.089549  -0.0976898 -0.00447586  0.00644931 -0.00195552  0.00273135  -0.101573 -0.0608494 -0.0369798 1 0 0
                67.1  -2.49343 -0.725119  -93.6216  0.258527  -0.20726 0.0353453 -0.0955514  -0.055517 -0.0116233  0.00646551 -0.00192732  0.00273183  -0.101155 -0.0613599 -0.0370408 1 0 0
             67.2001   -2.33817 -0.0568311   -92.8529   0.25466 -0.206824 0.0345559  -0.117488 -0.0461461 -0.0151373  0.00647794 -0.00194514  0.00271839  -0.100836 -0.0616607 -0.0370991 1 0 0
             67.3001 -3.46254  1.15475 -89.3168  0.252889 -0.213761  0.035587  -0.092217 -0.0725825 -0.0222911   0.0064986 -0.00193844  0.00273012  -0.100835 -0.0620959 -0.0372717 1 0 0
                67.4 -5.34051  2.21692  -85.329  0.254409 -0.220514 0.0312366 -0.0921421 -0.0827225 -0.0292551 0.00654522 -0.0019535 0.00268537  -0.100715 -0.0626054 -0.0372259 1 0 0
             67.5001  -5.9012  1.29109 -84.4659  0.261741 -0.232653 0.0337525  -0.0678929  -0.0968691 -0.00791462  0.00658311 -0.00194132  0.00271696  -0.100817 -0.0633884 -0.0375061 1 0 0
             67.5999 -6.12512 0.863981 -84.1907  0.270001 -0.231279 0.0335684  -0.0377768  -0.0588447 -0.00583679  0.00658899 -0.00191662  0.00277879  -0.100396  -0.064051 -0.0375983 1 0 0
                67.7 -6.07211 0.565888 -83.5532  0.268051 -0.225599 0.0355457 -0.0772257 -0.0249986  0.0051656  0.00660308 -0.00192244  0.00277874 -0.0999123 -0.0642619 -0.0377085 1 0 0
                67.8 -5.93669 0.102628 -83.5297  0.261936 -0.224607 0.0351962    -0.10855  -0.0262181 -0.00847634  0.00661059 -0.00191456  0.00279227 -0.0997502 -0.0644288 -0.0377145 1 0 0
                67.9 -6.13748 0.233172 -82.9308  0.258592  -0.22645 0.0344424  -0.122685 -0.0258433 -0.0215693  0.00663245 -0.00191827  0.00280851 -0.0997326 -0.0648231  -0.037803 1 0 0
                  68  -6.10626 0.0176385  -82.4873   0.25856 -0.226157 0.0339147  -0.108468 -0.0153216 -0.0172306 0.00665443 -0.0019251 0.00279436 -0.0996693 -0.0654092  -0.037955 1 0 0
             68.0999  -5.89566 -0.107529  -81.9437  0.261623 -0.227483 0.0308504 -0.0846331 -0.0348327 -0.0234883  0.00666533 -0.00191492   0.0028123 -0.0996648 -0.0660351 -0.0379878 1 0 0
             68.1999 -5.44513 0.282737  -80.996  0.261389 -0.228818  0.031641 -0.0775911   -0.07311 -0.0178975  0.00668059 -0.00192097  0.00280893 -0.0995275 -0.0664455 -0.0381878 1 0 0
             68.2995 -4.91175  1.22163  -80.589  0.261511  -0.23497 0.0304478 -0.0572116 -0.0986789 -0.0273071  0.00669189 -0.00192645  0.00281282 -0.0994172 -0.0667974 -0.0382904 1 0 0
                68.4 -5.46811  1.88098 -80.0392  0.265368   -0.2449 0.0279743 -0.0476936  -0.111225 -0.0322995  0.00670652 -0.00193505  0.00281151 -0.0994305 -0.0672277 -0.0383602 1 0 0
             68.4999 -6.16401  2.01779 -80.9326  0.271794 -0.252273 0.0291569 -0.0376192 -0.0825275 -0.0225935  0.00674207 -0.00192942  0.00282765 -0.0993709 -0.0677634 -0.0386253 1 0 0
             68.5999 -7.36635   2.0809 -80.4102  0.275398 -0.253981 0.0268576 -0.0641197 -0.0630864 -0.0144876   0.0067487 -0.00192131  0.00284396  -0.099164 -0.0682024 -0.0386557 1 0 0
             68.6999 -7.18367   2.1405 -80.7769  0.280341 -0.256253 0.0289612 -0.0585113 -0.0923253  0.0126929  0.00677371 -0.00191599  0.00283339 -0.0989453 -0.0688029  -0.038826 1 0 0
             68.7999 -7.06173  2.35079 -81.9115  0.281838 -0.262907 0.0310121 -0.0459714   -0.09802 0.00945085  0.00677093 -0.00191814  0.00287566 -0.0988454 -0.0691501 -0.0389211 1 0 0
                68.9 -7.01165  2.37827 -83.3605  0.285078 -0.270951 0.0313932 -0.0408348  -0.101279 -0.0145133  0.00677744 -0.00191916  0.00286794 -0.0987708 -0.0695318 -0.0390114 1 0 0
                  69 -7.60838  2.45522 -84.8727  0.288387 -0.274605 0.0295058  -0.050811 -0.0785611 -0.0374546  0.00678623 -0.00191376  0.00289011 -0.0985445 -0.0699372 -0.0391004 1 0 0
                69.1 -8.40025  2.74677 -85.3569  0.294592 -0.277497 0.0267401  -0.040157 -0.0634362 -0.0365681 0.00680368 -0.0019134 0.00288912  -0.098381 -0.0704845 -0.0392408 1 0 0
             69.1999 -10.0796   3.4901 -85.3208  0.300276 -0.285523 0.0284865 -0.0249815 -0.0938364 -0.0185351  0.00681735 -0.00191494  0.00289128 -0.0984089 -0.0709106 -0.0395298 1 0 0
             69.2999 -12.009 6.67208 -83.785  0.309441 -0.298816 0.0242628 -0.0213731  -0.148302 -0.0222003  0.00683796 -0.00192704  0.00288138 -0.0984756 -0.0714789 -0.0395514 1 0 0
                69.4 -12.3222  8.84212 -83.7499  0.315543 -0.315467 0.0325418 -0.045992 -0.198512 0.0576905  0.00687158 -0.00196344  0.00287662 -0.0984431 -0.0718828 -0.0399683 1 0 0
             69.4998 -10.4807  8.42205 -87.1081  0.318331 -0.340179 0.0439425 -0.0813307  -0.289486   0.104466   0.0068594 -0.00195455  0.00291996 -0.0984501  -0.072317 -0.0402349 1 0 0
             69.5999 -8.17755  8.97497 -90.4047  0.307481 -0.362176 0.0519409 -0.133936 -0.279025 0.0780541  0.00682991 -0.00192179   0.0029724 -0.0981295   -0.07237 -0.0401235 1 0 0
             69.6999 -6.76498  10.9656 -91.3483  0.293783 -0.370549 0.0453169  -0.177804   -0.17553 -0.0213475  0.00680864 -0.00192298  0.00295631 -0.0975134 -0.0725641 -0.0395804 1 0 0
                69.8 -5.94714  11.3578 -92.6022  0.289169 -0.385211 0.0434687 -0.158889 -0.142209 -0.051905  0.00682695 -0.00193277  0.00292508 -0.0974089 -0.0731743 -0.0397726 1 0 0
             69.8998 -5.68379   11.819 -92.4984   0.29298 -0.398353 0.0469704 -0.0916054  -0.124903 -0.0340375  0.00684148 -0.00191304  0.00293093 -0.0972639 -0.0739749  -0.040288 1 0 0
             69.9999 -6.59422  12.0514 -93.6066   0.29975 -0.402984 0.0468852 -0.0520231 -0.0489532 -0.0340343   0.0068698 -0.00191537  0.00291372 -0.0969507 -0.0746432 -0.0404942 1 0 0
             70.0996 -7.50535  11.2958 -94.6323  0.302105 -0.398251 0.0484084 -0.0771976 -0.0264342 0.00102091  0.00689942 -0.00191394  0.00294542 -0.0965306 -0.0750155 -0.0406483 1 0 0
             70.1999 -6.97926  10.4291 -96.7604  0.305991 -0.406379 0.0521929 -0.0881128  -0.136985  0.0345124  0.00690678 -0.00189069  0.00295887 -0.0964021 -0.0756471 -0.0408015 1 0 0
             70.2998 -5.99241  11.1814 -96.1045  0.302625 -0.419696 0.0510403 -0.0923904  -0.153969 0.00107285  0.00688487 -0.00189205  0.00297196 -0.0963097 -0.0759431 -0.0406666 1 0 0
             70.3999 -5.95123  12.7487 -94.6798  0.293666 -0.429328  0.045529   -0.14638  -0.149244 -0.0446827  0.00689792 -0.00191063  0.00292359 -0.0960736 -0.0760522 -0.0404728 1 0 0
             70.4999 -5.60106  14.5683 -94.8892  0.292329 -0.446691 0.0479394  -0.139247  -0.192321 -0.0185784   0.0069379 -0.00191518  0.00292571 -0.0958966  -0.076697 -0.0408254 1 0 0
             70.5999 -4.82834   16.693 -95.0417  0.295497 -0.468098 0.0512051  -0.0887686   -0.199376 -0.00716735 0.00693863  -0.001928 0.00295664 -0.0957976 -0.0774558 -0.0411503 1 0 0
             70.6998 -5.39293  17.1054 -96.1944  0.296517 -0.482545 0.0537061  -0.0713564   -0.169514 -0.00982172  0.00695442 -0.00193031  0.00295549 -0.0955069 -0.0778687 -0.0413026 1 0 0
             70.7999 -6.86377  16.3532 -97.6951  0.301142 -0.491751   0.04603 -0.0598782  -0.128315 -0.0527488  0.00697783 -0.00190047  0.00298835 -0.0952437 -0.0784013 -0.0410602 1 0 0
             70.8998 -7.48409  16.9398 -96.9506  0.307816 -0.492328  0.045802 -0.0665051  -0.099285  -0.024437  0.00699835 -0.00187897  0.00299707 -0.0945921 -0.0789659 -0.0411508 1 0 0
             70.9998  -7.1234  17.8197 -97.1967  0.309963 -0.501941 0.0460389   -0.093202   -0.126327 -0.00182149  0.00701065 -0.00189385  0.00297774 -0.0943837 -0.0794659 -0.0412502 1 0 0
             71.0998 -6.16843   18.561 -97.7394  0.305776 -0.515633 0.0469471  -0.118049  -0.126455 0.00106863  0.00700021 -0.00189816   0.0030016 -0.0943403 -0.0798059 -0.0413362 1 0 0
             71.1998  -5.8082  18.6193 -98.3917  0.295501 -0.522176 0.0470535   -0.14448 -0.0730164 -0.0356145  0.00700791 -0.00190158  0.00299913 -0.0941037  -0.079931 -0.0413652 1 0 0
             71.2998 -6.43357  18.8145 -97.7556  0.294423 -0.521603 0.0447553 -0.0889672 0.00657902 -0.0537278  0.00702408 -0.00188244  0.00301324 -0.0937897 -0.0804323 -0.0414856 1 0 0
             71.3999 -7.99865  18.0874  -96.789  0.302008 -0.518394 0.0441823  -0.0609529 -0.00877392  -0.0254732  0.00706222 -0.00187739  0.00300212  -0.093448  -0.081132 -0.0416746 1 0 0
             71.4998  -8.7216  17.6848 -96.8751  0.317137 -0.511755 0.0399391   -0.04539 -0.0111302 -0.0269401  0.0070955 -0.0018615  0.0030208 -0.0929273 -0.0821142 -0.0415707 1 0 0
             71.5996 -8.46855  17.2758  -97.349  0.318747 -0.510928  0.040492  -0.0734309  -0.0384706 -0.00851007  0.00709014 -0.00186685  0.00304762 -0.0926554 -0.0824774 -0.0416736 1 0 0
             71.6999 -8.00166  17.3108 -97.5071  0.308047 -0.513616 0.0418743   -0.134135   -0.045354 -0.00687112  0.00709016 -0.00186058  0.00305815 -0.0925449 -0.0824375 -0.0417412 1 0 0
                71.8 -7.66515  17.1645 -98.1301  0.301441 -0.517414 0.0401243  -0.150504 -0.0721105 -0.0300723 0.00708803  -0.001862  0.0030602  -0.092382 -0.0828192 -0.0417732 1 0 0
             71.8998 -7.38993  18.2777 -98.6678  0.302172 -0.520962 0.0374961  -0.113973 -0.0757925 -0.0366025  0.00710958 -0.00186364  0.00307278 -0.0920382  -0.083497 -0.0418437 1 0 0
             71.9998 -7.36978  20.4778 -98.4075  0.299634 -0.527603 0.0385274  -0.108921 -0.0935694 -0.0195532   0.0071265 -0.00188068   0.0030738 -0.0918003 -0.0838953 -0.0420563 1 0 0
             72.0997 -7.70553   22.463 -98.5242  0.299352 -0.540167 0.0379529  -0.116741  -0.128265 -0.0224261  0.00714728 -0.00189536   0.0030651 -0.0917184 -0.0844431 -0.0422071 1 0 0
             72.1998 -8.14403  23.1273 -99.4311  0.298915 -0.555405 0.0317838  -0.115477  -0.142261 -0.0540736  0.00716533 -0.00189676  0.00307418  -0.091706 -0.0850457 -0.0421875 1 0 0
             72.2998 -8.34929  23.3106 -99.6795  0.299346 -0.560528 0.0308612 -0.0928971 -0.0926575 -0.0356658  0.00716797 -0.00187723  0.00309573 -0.0912277 -0.0855253 -0.0422903 1 0 0
             72.3999  -8.8613  22.7598 -99.8931  0.300496 -0.555249 0.0331415  -0.0897438  -0.0444258 -0.00836119  0.00718911 -0.00186289  0.00310638 -0.0905093 -0.0859178 -0.0423215 1 0 0
             72.4998 -9.24513  21.8564 -100.649   0.30145 -0.554344 0.0329855  -0.0957399  -0.0596064 -0.00445296  0.00719901 -0.00184654  0.00311502 -0.0901284 -0.0863845  -0.042281 1 0 0
             72.5997 -9.37889   22.169 -101.256  0.301203 -0.556829 0.0355779  -0.102414 -0.0580053 -0.0014996  0.00720983 -0.00183851  0.00313289 -0.0897824 -0.0868283 -0.0423833 1 0 0
             72.6998 -9.41854  22.7822 -100.716  0.301949 -0.556629 0.0337494  -0.0837025 -0.00554208  -0.0310909 0.00721161 -0.0018489  0.0031358 -0.0895121 -0.0873145 -0.0423654 1 0 0
             72.7999 -10.3415  22.3555 -100.328   0.30492 -0.553139 0.0297989 -0.0578098  0.0223486 -0.0445895  0.00723657 -0.00185739  0.00313564 -0.0892805 -0.0877923 -0.0423775 1 0 0
             72.8999 -11.1798  21.6268 -100.197  0.310295 -0.556957 0.0267836 -0.0714763 -0.0378436 -0.0317219  0.00726153 -0.00184006  0.00314573 -0.0892632 -0.0883931 -0.0425397 1 0 0
             72.9996 -10.9159   21.553 -99.3097  0.314037 -0.552031 0.0303584 -0.0654719  0.0649754  -0.035012  0.00727219 -0.00182941  0.00316286 -0.0887675 -0.0888602 -0.0428042 1 0 0
             73.0999 -10.3953  20.4438  -97.233  0.319184 -0.533925 0.0279239 -0.0269856   0.199339 -0.0419244   0.0072733 -0.00183903  0.00315933 -0.0884023 -0.0893055 -0.0428746 1 0 0
             73.1999 -10.6565  19.0217 -93.1488  0.316794 -0.505057 0.0260381   -0.059984    0.319977 -0.00304292  0.00730461 -0.00181246  0.00314498 -0.0882835 -0.0893194 -0.0428396 1 0 0
             73.2999 -10.2822    14.97 -89.6616  0.323214 -0.466267 0.0314589 -0.0867466   0.330334  0.0498901  0.00735651 -0.00179446  0.00313361 -0.0878419 -0.0899642 -0.0429645 1 0 0
             73.3997 -8.56263  9.57959  -88.667  0.327198 -0.428915 0.0330587 -0.072583  0.260843 0.0353529  0.00735711 -0.00173833  0.00317309 -0.0874917  -0.090582 -0.0428068 1 0 0
             73.4997 -7.63327  6.89273 -88.5354  0.330355  -0.39952 0.0350223 -0.0723111   0.183254 -0.0125657  0.00734722 -0.00171522  0.00321938 -0.0871131 -0.0910909  -0.042834 1 0 0
             73.5998 -7.14455  8.44679 -86.3708  0.327296 -0.383261 0.0384236 -0.0882181   0.123042  -0.026987  0.00737903 -0.00175571   0.0032211  -0.086968 -0.0913218 -0.0431602 1 0 0
             73.6998 -7.83947  9.01975 -84.7504  0.323277 -0.383888 0.0372921  -0.104157  0.0300892 -0.0193116  0.00740548 -0.00181036  0.00319282 -0.0873499 -0.0915832 -0.0433293 1 0 0
             73.7999 -8.25566  8.51188 -85.0126  0.326679 -0.391864 0.0342618 -0.0775937 -0.0428838 -0.0168651  0.00744415 -0.00180555  0.00320932 -0.0877169 -0.0922258 -0.0434221 1 0 0
             73.8999 -8.16477  8.82444  -84.852  0.334576 -0.395443 0.0363589 -0.0433194 -0.0474899 -0.0113124  0.00745988 -0.00179344  0.00324413 -0.0876653 -0.0929159 -0.0437045 1 0 0
             73.9998 -8.40406  8.84402 -84.5681  0.336145  -0.38994 0.0377966 -0.0706958 -0.0296421 -0.0139413   0.0074621 -0.00179795  0.00324399 -0.0872006 -0.0932873 -0.0438471 1 0 0
             74.0997  -8.6961  8.34592 -84.6956  0.332116 -0.385081 0.0404066   -0.0994229     -0.02854 -0.000744085  0.00749225 -0.00178823  0.00325176  -0.086786 -0.0935304 -0.0440049 1 0 0
             74.1997 -8.88655  8.23367 -84.9394    0.3357 -0.386048 0.0380965 -0.0721391 -0.0300936 -0.0146317  0.00749856 -0.00178454  0.00326528 -0.0867259 -0.0941542 -0.0440343 1 0 0
             74.2998 -8.87955  8.03747 -85.1513  0.334646 -0.386026  0.036618 -0.0861754  -0.020288 -0.0236643  0.00751425 -0.00178601  0.00327111 -0.0866102 -0.0945078 -0.0441026 1 0 0
             74.3999 -8.90172  8.05882 -85.1712  0.329911  -0.38453 0.0380956  -0.103371 -0.0085073 -0.0121166  0.00752053 -0.00178546  0.00327886 -0.0864475 -0.0947365 -0.0443016 1 0 0
             74.4999 -8.96668  8.06532 -85.0632  0.330991 -0.386572 0.0367413 -0.0894949 -0.0301331 -0.0191748  0.00753818 -0.00178987  0.00328035 -0.0864752  -0.095275 -0.0444188 1 0 0
             74.5998 -9.04587  8.07033 -85.0685  0.339138  -0.38585 0.0326126 -0.0487026 -0.0315436 -0.0333708  0.00754973 -0.00178835  0.00328676 -0.0863291 -0.0960617 -0.0444761 1 0 0
             74.6997 -9.07058  7.99331 -85.0956   0.33653 -0.387348 0.0375932 -0.0782263 -0.0341615 0.00109393  0.00756454 -0.00178466  0.00329251 -0.0861906 -0.0962114 -0.0448317 1 0 0
             74.7998 -9.05982  7.98073 -84.9871  0.329627 -0.387783 0.0370505  -0.114766 -0.0264003 -0.0106803  0.00757502 -0.00178586  0.00329883 -0.0860677   -0.09636 -0.0448393 1 0 0
             74.8997 -9.08446  7.99744 -84.7677  0.334235 -0.390276 0.0361404 -0.0754051 -0.0357063 -0.0154522  0.00759051 -0.00177947  0.00330652 -0.0860623 -0.0970793 -0.0449989 1 0 0
             74.9998 -9.15087  8.04979 -84.5666  0.338266 -0.386757 0.0344316 -0.0635796 -0.0179215  -0.020648  0.00760086 -0.00178253  0.00331284 -0.0857794 -0.0976495 -0.0450825 1 0 0
             75.0997 -9.17188  7.94627 -84.4119  0.335823 -0.380296 0.0382202 -0.0878114 0.00758596 0.00312789  0.00762274 -0.00177838  0.00331811 -0.0854084 -0.0978952 -0.0453259 1 0 0
             75.1999 -9.13188  7.68155 -84.4285  0.337139 -0.380186  0.035714  -0.0779031 -0.00557839  -0.0208282  0.00763036 -0.00177683  0.00332908 -0.0854387 -0.0983982 -0.0453389 1 0 0
             75.2997 -9.22841  7.51059 -84.3804  0.338788  -0.38314 0.0344065 -0.0754369 -0.0304802 -0.0224844  0.00763884 -0.00177576  0.00333791  -0.085514 -0.0988609 -0.0454917 1 0 0
             75.3998 -9.27081  7.28717 -84.3197  0.338346 -0.382969 0.0371002  -0.0807688  -0.0326782 -0.00311801  0.00765658 -0.00177703  0.00333655 -0.0853383 -0.0992204  -0.045751 1 0 0
             75.4997 -9.22319  7.17963 -84.3813  0.333775 -0.380527 0.0350772  -0.103425 -0.0195804  -0.019426  0.00766243 -0.00176543  0.00334749  -0.085104 -0.0994839 -0.0457202 1 0 0
             75.5999 -9.27989  7.18888 -84.2794  0.337868 -0.380032 0.0332771 -0.0730095   -0.01457 -0.0273452  0.00767909 -0.00177248  0.00335447 -0.0850235  -0.100141 -0.0458718 1 0 0
             75.6998 -9.36028  6.95695  -84.199  0.338475 -0.378901 0.0336461 -0.0760288 -0.0177041 -0.0192174  0.00768826 -0.00176914  0.00335748 -0.0848922  -0.100543 -0.0460833 1 0 0
             75.7997 -9.45855  6.94578 -84.0691  0.331987  -0.38057 0.0353921   -0.110135  -0.0311682 -0.00461457  0.00770931 -0.00176419  0.00336115 -0.0848399  -0.100664 -0.0462597 1 0 0
             75.8998 -9.46786  6.85663 -83.9887  0.338405   -0.3778 0.0365876  -0.0665447  -0.0133513 -0.00288579  0.00772584 -0.00177015  0.00336648 -0.0846186  -0.101445 -0.0464734 1 0 0
             75.9997 -9.43372  6.58456 -83.9781  0.342676 -0.376802 0.0341186 -0.0567471 -0.0146059 -0.0187833   0.0077291 -0.00176299  0.00337535 -0.0845404  -0.101999  -0.046504 1 0 0
             76.0998 -9.49976  6.36837 -83.9932  0.337225 -0.376059 0.0371394  -0.0937898  -0.0200758 -0.00253932  0.00775552 -0.00176323   0.0033832 -0.0843917  -0.102081 -0.0467244 1 0 0
             76.1997 -9.43804  6.35463 -83.9499  0.334909 -0.374252  0.035679  -0.102177 -0.0137105 -0.0112856  0.00775853 -0.00176171  0.00339015 -0.0842416  -0.102482 -0.0467471 1 0 0
             76.2996 -9.38683  6.41404 -83.7111  0.339729  -0.37519 0.0324879 -0.0665344 -0.0205091 -0.0301645  0.00777214 -0.00176101  0.00338965 -0.0842492  -0.103172 -0.0468273 1 0 0
             76.3997 -9.46061  6.41684 -83.5669  0.340171 -0.372857 0.0314348 -0.0717463 -0.0130994 -0.0278642  0.00778211 -0.00176324  0.00339359 -0.0840645  -0.103538 -0.0469808 1 0 0
             76.4996 -9.55386  6.41749 -83.5379  0.335554 -0.374309 0.0335377   -0.102371    -0.03152 -0.00816777  0.00780119 -0.00176221  0.00340703 -0.0840151  -0.103716 -0.0472258 1 0 0
             76.5998  -9.4789  6.37976 -83.5646   0.33908 -0.372282 0.0342392   -0.077336  -0.0170919 -0.00450305  0.00781246 -0.00176406  0.00341198 -0.0838174  -0.104363 -0.0474046 1 0 0
             76.6998 -9.44967  6.24573 -83.4582  0.342897 -0.372451 0.0340849 -0.0581252 -0.0166224 -0.0119198 0.00781945 -0.0017588 0.00341766 -0.0837768  -0.104905  -0.047548 1 0 0
             76.7998 -9.57799  6.35158 -83.2101  0.334992 -0.373593 0.0355911   -0.105376  -0.0270411 -0.00657636  0.00784083 -0.00176211  0.00342045 -0.0837117  -0.104896 -0.0476724 1 0 0
             76.8996 -9.69688  6.35319 -82.9956  0.336902 -0.374553  0.035232  -0.0883028  -0.0304452 -0.00723718  0.00785788 -0.00175922  0.00342395 -0.0836533  -0.105485 -0.0478064 1 0 0
             76.9998 -9.56289   6.1152 -82.9122  0.341615 -0.370748 0.0337962 -0.0655163 -0.0106984 -0.0137868 0.00786684 -0.0017558 0.00342904 -0.0834103  -0.106157 -0.0478911 1 0 0
             77.0996 -9.52271  6.07982 -82.8005  0.339266 -0.369808 0.0348463 -0.0820252 -0.0134081 -0.0121781  0.00788087 -0.00174798  0.00343838 -0.0833075  -0.106401 -0.0480521 1 0 0
             77.1998  -9.5753  6.01928 -82.6189  0.336488 -0.367162  0.033903  -0.0967306 -0.00692938   -0.019235 0.00789002 -0.0017517 0.00344831 -0.0831479  -0.106727 -0.0481372 1 0 0
             77.2997 -9.55293  5.95427 -82.4537   0.34046  -0.36782 0.0342891 -0.0684263 -0.0247625 -0.0129618  0.00791002 -0.00175376   0.0034458 -0.0831394  -0.107344 -0.0483681 1 0 0
             77.3998 -9.59123  5.93252 -82.5377  0.342942 -0.366274 0.0326006 -0.0568518 -0.0203616 -0.0185573  0.00791565 -0.00175412  0.00345448 -0.0829853  -0.107807 -0.0484436 1 0 0
             77.4996 -9.72513  5.93242 -82.4143  0.335483 -0.368118 0.0352374   -0.113485  -0.0262542 -0.00741392  0.00793497 -0.00175124  0.00346291 -0.0829505  -0.107819 -0.0486529 1 0 0
             77.5997 -9.64644  5.90196 -82.2639  0.338591 -0.368413 0.0373738  -0.0813958  -0.0332463 -0.00163394 0.00794821 -0.0017517 0.00346272  -0.082861  -0.108478 -0.0489165 1 0 0
             77.6997 -9.63617  6.07692 -82.1553   0.34176 -0.369735 0.0342336 -0.0624487 -0.0308571  -0.026859  0.00795994 -0.00174829  0.00346732 -0.0828208  -0.109024 -0.0489304 1 0 0
             77.7997 -9.76009  6.03766 -81.8106  0.342398 -0.367217 0.0337802 -0.0662224 -0.0134734 -0.0242714  0.00797984 -0.00175339  0.00347088 -0.0826094  -0.109391 -0.0491031 1 0 0
             77.8996 -9.92736  5.96042 -81.6724  0.339731 -0.363962 0.0329448  -0.0887505 -0.00669432  -0.0139073  0.00798884 -0.00174063   0.0034812 -0.0824126   -0.10966 -0.0491986 1 0 0
             77.9998 -9.78952  5.94856   -81.55  0.340071 -0.364666 0.0326168 -0.0897727 -0.0198752 -0.0128416  0.00800268 -0.00174673  0.00348674  -0.082419  -0.110135 -0.0493416 1 0 0
             78.0997 -9.67717  5.91643 -81.3896  0.343531 -0.364648 0.0307935 -0.0673647 -0.0228766 -0.0283679  0.00801106 -0.00174241  0.00349563 -0.0823672  -0.110727 -0.0494789 1 0 0
              78.187 -9.76532  5.80483  -81.268  0.338735 -0.364925 0.0288576 -0.0875709 -0.0264001 -0.0296576  0.00802487 -0.00174834  0.00349644 -0.0822776  -0.110836 -0.0495289 1 0 0
             78.2997 -9.99499  5.71297 -81.2868  0.336257 -0.365276 0.0322981  -0.0962373  -0.0266161 3.75195e-05  0.00805178 -0.00173963  0.00350887 -0.0821574  -0.111201 -0.0498725 1 0 0
             78.3997 -9.91229  5.67247 -81.2886  0.340841 -0.363096 0.0328405  -0.0712709  -0.0188709 -0.00176454  0.00806504 -0.00174452  0.00351482  -0.082016  -0.111838 -0.0500187 1 0 0
             78.4998 -9.85006  5.71781 -81.3251  0.340922 -0.362022 0.0302617 -0.0745089  -0.018465 -0.0193881  0.00807327 -0.00173961  0.00351951 -0.0819176  -0.112235  -0.050017 1 0 0
             78.5997  -9.7747  5.50551 -81.6335  0.339719  -0.36515 0.0303669  -0.0843607  -0.0452562 -0.00929231 0.00808171 -0.0017361 0.00352844 -0.0819525  -0.112562 -0.0501771 1 0 0
             78.6998 -9.53353  5.44757 -82.0807   0.34148  -0.36756 0.0337834  -0.072983 -0.0528049 0.00590242  0.00809931 -0.00173668  0.00353162 -0.0818556  -0.113048 -0.0504622 1 0 0
             78.7997 -9.42219  5.22481 -82.9357  0.339071 -0.368291 0.0331926  -0.0849407  -0.0622394 -0.00039369  0.00810792 -0.00173788  0.00353892 -0.0816568  -0.113349 -0.0504755 1 0 0
             78.8998 -9.05214  5.30521 -84.3697  0.334215 -0.373376 0.0342229    -0.112554   -0.0981908 -0.000764336  0.00811531 -0.00173284  0.00355035 -0.0815134  -0.113618 -0.0505625 1 0 0
             78.9996 -8.56484  5.95123 -85.3506   0.33674 -0.381609 0.0353351  -0.0923729  -0.0952117 -0.00821572  0.00811884 -0.00173453  0.00355433 -0.0814647  -0.114278 -0.0507789 1 0 0
             79.0998 -8.26346  6.08551 -86.3941  0.339594 -0.387633 0.0358183 -0.0662159 -0.0668943 -0.0092323  0.00813019 -0.00174091  0.00355651 -0.0813809  -0.114839 -0.0509594 1 0 0
             79.1997 -8.15825  6.13378  -86.937  0.332713 -0.391452 0.0402128  -0.103286 -0.0554469 0.00693968 0.00813995 -0.0017355 0.00355584 -0.0812512  -0.114888 -0.0511995 1 0 0
             79.2994 -8.01391  6.34693 -87.2848  0.332438 -0.397333 0.0366118 -0.0983786 -0.0750149 -0.0180142  0.00815098 -0.00173534  0.00354964 -0.0812557  -0.115415 -0.0511331 1 0 0
             79.3997 -7.84861  6.86719 -87.3264 0.335937 -0.39805 0.037708 -0.0724487 -0.0495195 -0.0142751  0.00816135 -0.00172958  0.00355365 -0.0809542  -0.116035 -0.0513544 1 0 0
             79.4998  -8.0137   6.7956 -87.7202  0.336046  -0.40015 0.0367212 -0.0731467 -0.0473087 -0.0171255  0.00817738 -0.00173179  0.00355583 -0.0808191  -0.116421 -0.0514478 1 0 0
             79.5998 -8.06705  6.94224  -87.968  0.334633 -0.406284 0.0385226 -0.0834393 -0.0805591 0.00107717  0.00819194 -0.00172239  0.00356549 -0.0807929  -0.116741 -0.0516341 1 0 0
             79.6997 -7.85227  7.86139 -87.8492  0.335634 -0.409202 0.0373192 -0.0893092 -0.0839718 -0.0117079  0.00819666 -0.00172521  0.00356794 -0.0805175  -0.117244  -0.051649 1 0 0
             79.7998 -7.63704  8.27678 -88.3709  0.339033 -0.415946 0.0384464 -0.0708635 -0.0766526 -0.0148823  0.00821139 -0.00173182  0.00357163 -0.0804168   -0.11784  -0.051866 1 0 0
             79.8997 -7.72633  8.27246 -88.8687  0.337828 -0.425594 0.0385875 -0.0737128 -0.0904034 -0.0177068 0.00822188 -0.0017238 0.00358147 -0.0804704  -0.118145 -0.0520224 1 0 0
             79.9997 -7.91435   8.6802 -88.7868  0.335358 -0.425205 0.0351369 -0.0846604  -0.054717 -0.0308415  0.00823545 -0.00171494  0.00358614 -0.0800943  -0.118429  -0.051963 1 0 0
             80.0997 -8.09451  9.61015 -87.8127  0.338037 -0.424479 0.0355688 -0.0729442 -0.0446474 -0.0185075 0.00825194 -0.0017187 0.00359022 -0.0797794  -0.118961 -0.0521633 1 0 0
             80.1993 -7.75964  11.5064 -86.1583  0.344064 -0.428829 0.0379692  -0.0528298   -0.082928 -0.00163788  0.00826963 -0.00172246  0.00358462  -0.079612  -0.119587 -0.0524312 1 0 0
             80.2997 -7.55352  12.7263 -85.5985  0.343986 -0.441451 0.0376958  -0.0684105  -0.0966992 -0.00682602  0.00828652 -0.00173638  0.00358567 -0.0797734    -0.1199  -0.052518 1 0 0
             80.3997 -7.68046  12.4448 -86.1392  0.340983 -0.451169 0.0366384 -0.0934699 -0.0986648 -0.0116469  0.00829947 -0.00173547  0.00360408 -0.0797918  -0.120168 -0.0525615 1 0 0
             80.4994 -7.55184   12.272 -86.5347  0.339471 -0.452251 0.0366858  -0.0902198  -0.0735788 -0.00884987  0.00831066 -0.00171212  0.00362732 -0.0794193  -0.120585  -0.052608 1 0 0
             80.5998 -7.34661  12.4625 -86.6361  0.344359 -0.452553  0.038412   -0.066102  -0.0568618 -0.00209412  0.00831903 -0.00171686  0.00362926 -0.0790904  -0.121253 -0.0527734 1 0 0
             80.6996 -6.97402  13.0071 -87.0141  0.345268 -0.453394  0.038537 -0.0768439 -0.0660866 -0.0109356  0.00832361 -0.00171399  0.00362998 -0.0788013  -0.121708 -0.0528309 1 0 0
             80.7996 -6.49148  14.2544 -86.4752  0.342335 -0.460023 0.0384989 -0.0806228 -0.0670038 -0.0165984  0.00833348 -0.00172535  0.00363211 -0.0787804   -0.12196 -0.0529459 1 0 0
             80.8996 -6.42227  14.8381  -86.379  0.338272 -0.468009 0.0407795   -0.103602  -0.0896282 -0.00167892  0.00834599 -0.00173114  0.00362228 -0.0787444  -0.122212 -0.0531659 1 0 0
             80.9996 -6.38399  14.8452 -87.0186  0.341803 -0.476263 0.0370347 -0.0761694 -0.0923939  -0.020737  0.00836489 -0.00172622  0.00363793 -0.0787402  -0.122891 -0.0531224 1 0 0
             81.0997 -6.35174  14.8284 -87.0865  0.344513 -0.476269 0.0378899 -0.0563764 -0.0492142 -0.0181143  0.00837611 -0.00171161  0.00365372  -0.078359  -0.123387 -0.0532485 1 0 0
             81.1997 -6.65881  14.8121 -87.1045  0.344893 -0.474148 0.0415582 -0.0666212 -0.0439765 0.00581875  0.00839313 -0.00170634  0.00365157 -0.0779791  -0.123714 -0.0534556 1 0 0
             81.2996  -6.6346  15.3299 -86.7257   0.35017 -0.479615 0.0410694   -0.052419  -0.0932063 -0.00458765  0.00841116 -0.00170209  0.00366048 -0.0779273  -0.124298 -0.0534735 1 0 0
             81.4006 -6.78767  16.5408  -87.222  0.352179 -0.489089 0.0369028  -0.063704  -0.111849 -0.0438582  0.00841502 -0.00171683  0.00365941 -0.0778719  -0.124746 -0.0534641 1 0 0
             81.4996 -7.32827  17.5501 -88.0977  0.349896 -0.503624 0.0394689 -0.0834534  -0.128804  -0.013854  0.00843687 -0.00173045  0.00367821 -0.0779095  -0.124967 -0.0538236 1 0 0
             81.5997 -7.4752 18.4706  -88.25  0.349891 -0.513536 0.0394549  -0.0867445   -0.113156 0.000749033  0.0084499 -0.0017259 0.00368933 -0.0777903  -0.125421  -0.053896 1 0 0
             81.7006 -7.48869  18.5502 -88.5326  0.353705 -0.514498 0.0366929 -0.0661265 -0.0627487 -0.0157487  0.00845443 -0.00171979  0.00369443 -0.0774347  -0.126059 -0.0537733 1 0 0
             81.7997 -7.58415  18.1412 -88.9831  0.355257 -0.516666 0.0383138  -0.0607664  -0.0572162 -0.00309354   0.0084656 -0.00170713  0.00370274 -0.0771978  -0.126465 -0.0539129 1 0 0
             81.8997 -8.10099  17.3045 -89.2129  0.352897   -0.5145 0.0436902  -0.076589 -0.0378682  0.0354612  0.0084817 -0.0016933 0.00371269 -0.0768168  -0.126651 -0.0540403 1 0 0
             81.9997 -8.14448   16.182 -89.9812  0.355306  -0.51227 0.0467107 -0.0959556 -0.0465052  0.0254013  0.00849776 -0.00168525  0.00371575 -0.0764937  -0.127243 -0.0540165 1 0 0
             82.0996 -7.65435  16.1114 -90.5127   0.35529 -0.519483  0.047744  -0.0844397  -0.0765761 -0.00550746  0.00849244 -0.00168157  0.00373255  -0.076513  -0.127738 -0.0541187 1 0 0
             82.1996 -7.56122  16.3855 -91.0133   0.35164 -0.524893 0.0511319  -0.0953174  -0.0684308 -0.00129392 0.00850341 -0.0016924   0.003732 -0.0763438  -0.127994 -0.0543313 1 0 0
             82.2997 -7.54564  16.4843 -91.3869   0.35115  -0.52905 0.0493208 -0.0892388 -0.0671109 -0.0165351  0.00851141 -0.00169661  0.00373544 -0.0762177  -0.128459 -0.0543244 1 0 0
             82.3996 -7.70084  16.3621 -91.7379  0.353168 -0.534317 0.0471988  -0.064921 -0.0820728 -0.0231173 0.00852242 -0.0016962  0.0037385 -0.0760856  -0.128975 -0.0543683 1 0 0
             82.4997 -8.15183  16.1682 -92.3733  0.354359 -0.541591   0.05201  -0.0795666   -0.103597 0.000681968  0.00854543 -0.00168182  0.00374868  -0.075848   -0.12937 -0.0546993 1 0 0
             82.5992  -7.9639  16.8678 -92.2763  0.352548 -0.545096  0.052075 -0.0930417 -0.0838429 -0.0144293  0.00854776 -0.00168292   0.0037573 -0.0755065  -0.129732 -0.0547017 1 0 0
             82.6997 -8.07143  17.4028 -92.3033  0.357067 -0.553568 0.0471555   -0.05386 -0.0884196  -0.045752  0.00855194 -0.00169981  0.00375237 -0.0754648  -0.130377 -0.0547002 1 0 0
             82.7996 -8.43659  17.9856 -92.2185  0.357553 -0.562373 0.0442775 -0.0675885 -0.0960173 -0.0429304  0.00856734 -0.00169523  0.00375445 -0.075391 -0.130707 -0.054831 1 0 0
             82.8996 -8.67756  18.2538 -92.3965  0.354755 -0.570947 0.0445137 -0.0935076 -0.0983441 -0.0240333  0.00858016 -0.00169127   0.0037656 -0.0752369  -0.130969 -0.0550393 1 0 0
             82.9997 -8.85483   18.237 -92.5595   0.35924 -0.575167 0.0430012 -0.0620337 -0.0802859 -0.0255889  0.00858944 -0.00169196  0.00377372 -0.0749328   -0.13161 -0.0551116 1 0 0
             83.0997 -9.19271  18.3425 -92.7065  0.362996 -0.579429 0.0436081 -0.0577265  -0.068377 -0.0052441   0.0086025 -0.00168297  0.00378567 -0.0746894  -0.132094 -0.0552627 1 0 0
             83.1996 -9.07957  18.0537 -92.8408   0.36363 -0.579206 0.0457459 -0.0772446 -0.0475593 0.00751137  0.00861373 -0.00167201  0.00379618 -0.0743265  -0.132458 -0.0553228 1 0 0
             83.2996 -8.96441  17.7381 -93.0681  0.358199 -0.577498 0.0498007  -0.114929 -0.0404893 0.00837344  0.00862577 -0.00167283  0.00380166 -0.0739582  -0.132633 -0.0554155 1 0 0
             83.3996 -8.91337  17.8914 -93.6128  0.358453 -0.580731 0.0470551  -0.104984 -0.0624153 -0.0243626  0.00863551 -0.00166969  0.00380844 -0.0738212  -0.133251 -0.0554001 1 0 0
             83.4997 -9.09209  18.0466 -94.1285  0.360483 -0.583615 0.0392576 -0.0842998 -0.0551787 -0.0441595  0.00863178 -0.00167248   0.0038192 -0.0736863  -0.133872 -0.0552379 1 0 0
             83.5997 -9.19556  17.7547 -94.4659  0.355079   -0.5933 0.0408241  -0.101037 -0.0754365   -0.02822  0.00865225 -0.00167103  0.00382317 -0.0737209  -0.134068 -0.0555785 1 0 0
             83.6996 -9.54571  17.7602 -94.6758  0.354692 -0.594324 0.0429092 -0.0925933 -0.0635222 -0.0200601  0.00866054 -0.00166106  0.00382821 -0.0732882  -0.134487 -0.0557958 1 0 0
             83.7996 -9.96492  17.7638 -95.3736  0.355393  -0.59863 0.0418247  -0.098429 -0.0718069 -0.0133579 0.00868238 -0.0016716 0.00383275 -0.0730851  -0.135014 -0.0558822 1 0 0
             83.8996 -9.92052  17.5448 -96.3401  0.356161  -0.60379 0.0434558  -0.0998487   -0.084825 -0.00209125   0.0086816 -0.00165922   0.0038545 -0.0728393  -0.135553 -0.0560486 1 0 0
             83.9996 -9.89759  17.6167  -97.073  0.350599 -0.607305 0.0453675  -0.119184 -0.0759691 -0.0054096  0.00868992 -0.00166061  0.00386082 -0.0725359  -0.135799 -0.0561361 1 0 0
             84.0997  -9.9454  17.7667 -97.6836  0.345897 -0.610272 0.0426718  -0.124226 -0.0630824 -0.0222807  0.00869453 -0.00166211  0.00386528 -0.0723001  -0.136184 -0.0560756 1 0 0
             84.1996 -10.0207  17.6458 -98.1875  0.345002 -0.614508 0.0384269  -0.106047 -0.0634242 -0.0325096 0.00870327 -0.0016615 0.00386673 -0.0721311  -0.136745 -0.0560624 1 0 0
             84.2997 -10.1583  17.0519 -98.7571  0.344694 -0.619821 0.0414855  -0.0908816  -0.0712343 -0.00143878  0.00871563 -0.00165124   0.0038775 -0.0718773    -0.1372 -0.0563582 1 0 0
             84.3987 -10.1443  16.6458 -98.6936  0.343282 -0.621618 0.0454699 -0.0892958 -0.0664949  0.0189225  0.00872285 -0.00164499  0.00388283 -0.0715077  -0.137532 -0.0564892 1 0 0
             84.4996 -9.77468  17.1731 -97.8537  0.344851 -0.624172 0.0442447  -0.0622534  -0.0652364 -0.00774101  0.00873119 -0.00164441  0.00387828 -0.0712436  -0.138003 -0.0564061 1 0 0
             84.5997 -9.88081  17.4223 -97.3995  0.347981  -0.63009 0.0474452 -0.0364628 -0.0754154  0.0178846  0.00874608 -0.00165864  0.00386997 -0.0710334  -0.138406 -0.0566073 1 0 0
             84.6996 -10.5501  16.5533 -97.3661  0.354854 -0.637193 0.0493597 -0.0191733 -0.0802678   0.033076  0.00876594 -0.00164891  0.00388188 -0.0709179  -0.138905 -0.0566399 1 0 0
             84.7996 -10.6507  15.9302 -97.4875  0.362038 -0.644268 0.0597272  -0.032433 -0.0983869  0.0749731  0.00879504 -0.00162685  0.00390612 -0.0706454  -0.139364  -0.056944 1 0 0
             84.8997 -9.96973  15.5874 -97.9705  0.368297 -0.647868 0.0678128 -0.0386167 -0.0621665  0.0761717  0.00878018 -0.00163278  0.00391594 -0.0703073  -0.139851 -0.0569866 1 0 0
             84.9997 -9.01529  14.6319 -98.1903  0.370018 -0.644746 0.0820177  -0.0621169 -0.00674692   0.0970395  0.00878734 -0.00162663  0.00393084 -0.0698279  -0.140117 -0.0572179 1 0 0
             85.0996 -8.08449  13.4619 -97.8829  0.372684 -0.635245 0.0809557 -0.0624393  0.0460146  0.0273562  0.00877476 -0.00160912  0.00392139 -0.0694933  -0.140609 -0.0568132 1 0 0
             85.1998 -7.42323  13.2857 -96.6471   0.37425 -0.629774 0.0824289 -0.0563499  0.0380275 -0.0169079  0.00879592 -0.00159937  0.00391916 -0.0693633   -0.14099 -0.0568951 1 0 0
             85.2996 -7.86614  14.0825 -95.9245  0.372887 -0.623495 0.0845631  -0.064475  0.0352312 -0.0245332  0.00882345 -0.00162317  0.00389895 -0.0691204  -0.141176 -0.0571345 1 0 0
             85.3998 -8.51238  14.3683 -95.7317  0.379263 -0.628557 0.0863729  -0.0533844   -0.017111 -0.00480299  0.00886104 -0.00163654   0.0039154 -0.0692424  -0.141842 -0.0574658 1 0 0
             85.4997 -8.73445  14.4715 -95.3308   0.38839 -0.633089 0.0866627  -0.0377662  -0.0294549 -0.00134245  0.00887504 -0.00162911  0.00393101 -0.0692308  -0.142585 -0.0576198 1 0 0
             85.5996 -9.13238  13.3188 -95.3413  0.394932 -0.628413 0.0861011  -0.0450891 -0.00958991  -0.0184769  0.00888279 -0.00162794  0.00393706 -0.0688233   -0.14311 -0.0576284 1 0 0
             85.6997 -9.53315  12.7188 -95.1625  0.395176 -0.620786 0.0881111  -0.0603289 -0.00492488  -0.0238208  0.00890076 -0.00159963  0.00395603 -0.0683106  -0.143338 -0.0577899 1 0 0
             85.7996  -10.038  13.3116 -95.1752   0.39571 -0.617568 0.0853783 -0.0711046 -0.0312887 -0.0385488  0.00891188 -0.00160702   0.0039665 -0.0679937  -0.143679 -0.0578133 1 0 0
             85.8997 -10.5188   13.751 -96.0876  0.395581 -0.621528 0.0791599 -0.0845607 -0.0538068 -0.0417485  0.00892288 -0.00162512  0.00397259 -0.0679043  -0.144099 -0.0577635 1 0 0
             85.9996 -10.5199  13.7223 -96.5958  0.398004 -0.623863 0.0815832 -0.0784383 -0.0176039  0.0119316  0.00892968 -0.00162048  0.00399898 -0.0676919  -0.144623 -0.0580516 1 0 0
             86.0997 -10.0407  12.6124  -96.438  0.399139 -0.622775 0.0831958  -0.0722322 -0.00378765  0.00873966  0.00892644 -0.00160981  0.00399744 -0.0675249  -0.145079  -0.058129 1 0 0
             86.1996 -10.1702  11.4889 -96.7035  0.396084  -0.62091 0.0833947   -0.084019 -0.00613504  -0.0183814  0.00892988 -0.00158558  0.00399245 -0.0673506  -0.145309 -0.0581748 1 0 0
             86.2993 -10.4383  11.4092 -95.5096  0.397014  -0.61365 0.0864292 -0.0643489  0.0240987 -0.0180727  0.00895773 -0.00157881  0.00401021 -0.0668899   -0.14566 -0.0584322 1 0 0
             86.3998 -11.1599  11.6223 -93.4493  0.403119 -0.604734 0.0829752 -0.0248414  0.0554496 -0.0287301 0.00897581 -0.0015969 0.00397767 -0.0665321  -0.146203 -0.0584182 1 0 0
             86.4997 -13.3857  10.9864 -90.2665   0.41327 -0.604336 0.0757174 0.00769154  0.0431404 -0.0599531 0.00900976 -0.0015988 0.00397585 -0.0667303  -0.146827  -0.058423 1 0 0
             86.5997 -15.8532  9.45258 -87.8394  0.426066 -0.599013 0.0755101 0.0149692  0.024789 -0.033976  0.00906055 -0.00157392  0.00398554 -0.0665009  -0.147379 -0.0587667 1 0 0
             86.6996 -16.8003  9.26555 -83.6272  0.437513 -0.592279 0.0817009  0.0323635  0.0609371 0.00311518   0.0090937 -0.00156462  0.00403099 -0.0662642  -0.147759  -0.059267 1 0 0
             86.7995 -17.5215   9.7159 -78.6814  0.449915 -0.575906 0.0791966  0.0475493   0.111283 -0.0206502  0.00909396 -0.00157339  0.00402345 -0.0659036  -0.148202 -0.0592611 1 0 0
             86.8996 -17.0313  10.4458  -74.377  0.450471 -0.567303 0.0762726  -0.010806  0.0934685 -0.0213295   0.0091311 -0.00158323  0.00403637 -0.0659961  -0.148134 -0.0591974 1 0 0
             86.9998 -16.555 11.3981 -71.246  0.461377 -0.559942 0.0725154 0.00856617  0.0771923 -0.0395935 0.00913592 -0.0015942 0.00404974 -0.0661234  -0.148685 -0.0593574 1 0 0
             87.0997 -15.3958  11.8547 -67.6649  0.468725 -0.548318 0.0695492 -0.000982801    0.0929322   -0.0386919  0.00916231 -0.00159759  0.00408056 -0.0660541  -0.149052 -0.0595312 1 0 0
             87.1998 -14.2956  11.7538 -65.0379   0.46676 -0.537365 0.0711059 -0.0385197  0.0713462 -0.0241247  0.00918193 -0.00160449  0.00407327 -0.0658675  -0.149015 -0.0597663 1 0 0
             87.2997  -14.596  10.8711 -64.3616  0.468423 -0.531733 0.0699502 -0.0586406  0.0232118 -0.0234632  0.00920908 -0.00160035  0.00409882  -0.065936  -0.149306 -0.0599461 1 0 0
             87.3996  -14.112  11.0354 -63.6843  0.472949 -0.525538 0.0666078 -0.0357491  0.0161735 -0.0451585  0.00924236 -0.00158919   0.0041363 -0.0659158  -0.149857 -0.0600986 1 0 0
             87.4998 -14.2647  11.8448 -63.0436  0.477842 -0.522229 0.0635195 -0.0267277  0.0224494 -0.0432435  0.00924738 -0.00161803  0.00412873 -0.0660014   -0.15023 -0.0603212 1 0 0
             87.5996 -14.7429  11.5303 -63.0343  0.476749  -0.52027 0.0655813  -0.0539935    0.017184 -0.00639007   0.0092736 -0.00162541  0.00413898 -0.0660221  -0.150301 -0.0606218 1 0 0
             87.6997 -14.7754   11.051 -63.2516  0.481954 -0.519226 0.0660166  -0.0389552 -0.00320046  0.00528513  0.00928231 -0.00160715  0.00416297 -0.0662369  -0.150747 -0.0608282 1 0 0
             87.7998 -14.5621  10.6124 -63.5826  0.480909 -0.514588 0.0673709   -0.057392    0.013024 -0.00536025  0.00928763 -0.00160698  0.00416672 -0.0661042  -0.151017 -0.0609493 1 0 0
             87.8998  -14.689  10.2262 -63.7331  0.474556 -0.512615 0.0680203 -0.0866893 0.00299746   -0.01633  0.00928948 -0.00160748  0.00417457 -0.0660628  -0.151057 -0.0610643 1 0 0
             87.9998 -14.6137  10.4474  -63.934  0.475222 -0.516316 0.0644742 -0.0578915 -0.0303061 -0.0346944  0.00930408 -0.00160939  0.00417696 -0.0663702  -0.151371 -0.0611627 1 0 0
             88.0996 -14.3751  11.1606 -64.4223  0.480841 -0.514885 0.0637636  -0.0354758 -0.00239995  -0.0414428  0.00931109 -0.00161991  0.00418416 -0.0663974  -0.151872 -0.0614993 1 0 0
             88.1997 -13.5066  11.6022 -64.5871  0.481247 -0.514693 0.0629634 -0.0607325 -0.0177174 -0.0149341  0.00932313 -0.00163015  0.00418719 -0.0664681   -0.15209 -0.0617311 1 0 0
             88.2997 -12.3264  11.4864 -65.0252   0.47754 -0.522377 0.0660862 -0.0500773 -0.0892766  0.0482154  0.00931694 -0.00162506  0.00418382 -0.0666097  -0.152116 -0.0618586 1 0 0
             88.3998 -13.6327  10.8379 -67.2957  0.476045 -0.533924 0.0703915 -0.0725167  -0.119629  0.0558615   0.0093238 -0.00161752  0.00417779 -0.0667096  -0.152303 -0.0618607 1 0 0
             88.4996 -12.2966  11.0506 -67.6786  0.478398 -0.534947 0.0778691 -0.0579639 -0.0570177  0.0475116  0.00935417 -0.00161699  0.00421189 -0.0665267  -0.152883 -0.0621101 1 0 0
             88.5996 -10.7849  11.0366 -68.1517  0.478376 -0.537046 0.0859671 -0.0509907 -0.0417367  0.0374145  0.00933334 -0.00162352  0.00417927 -0.0664439  -0.153165 -0.0623938 1 0 0
             88.6997 -10.2439  11.2203 -68.6923  0.473638 -0.547103 0.0877678 -0.0874267 -0.0632485 0.00471513  0.00934438 -0.00161976  0.00417794 -0.0667222   -0.15316 -0.0624421 1 0 0
             88.7997 -9.88315  10.8945 -69.6279  0.470099 -0.554226 0.0827234  -0.101595 -0.0796423 -0.0314907    0.009363 -0.00162556  0.00417244 -0.0668792  -0.153473 -0.0623353 1 0 0
             88.8996 -8.55809  11.0871 -70.2378  0.473955 -0.554294 0.0836975 -0.0626355 -0.0593096 -0.0250754  0.00936215 -0.00161225  0.00418241 -0.0667283  -0.154182 -0.0626688 1 0 0
             88.9996 -7.94742  11.8391 -71.2873  0.472917 -0.560808 0.0870655  -0.063352  -0.085178 0.00752791 0.00935857 -0.0016264  0.0041693 -0.0667154  -0.154423 -0.0629811 1 0 0
             89.0996 -7.03008  12.4188 -72.1983   0.47143 -0.569807 0.0869172  -0.0615539  -0.0789656 -0.00151466  0.00937016 -0.00163367  0.00418052 -0.0668478  -0.154647  -0.063013 1 0 0
             89.1996 -7.0176 12.0974 -73.885  0.467225 -0.574827 0.0880505 -0.0971009 -0.0629064 0.00217666  0.00937441 -0.00163056  0.00417579 -0.0667875  -0.154868 -0.0631056 1 0 0
             89.2995 -5.73037   12.023 -74.5443   0.46803 -0.576337 0.0916672 -0.0672527  -0.029687  0.0105149  0.00939844 -0.00162644  0.00418611 -0.0667246  -0.155377 -0.0633208 1 0 0
             89.3994 -4.76088   13.027 -73.7594  0.471814 -0.574611 0.0899271  -0.040754  0.0132533 -0.0293635  0.00938392 -0.00161806  0.00417054 -0.0667423  -0.155907  -0.063362 1 0 0
             89.4997 -4.91571  13.4324 -73.1635  0.472622 -0.573529 0.0856199 -0.0497451   0.013439 -0.0547077  0.00939731 -0.00163927  0.00414738 -0.0668335  -0.156157 -0.0634178 1 0 0
             89.5992 -5.36498  13.0664 -73.2889  0.473839 -0.568124 0.0809135  -0.055935  0.0114279 -0.0469457  0.00943022 -0.00162085  0.00416765 -0.0667017  -0.156567 -0.0634607 1 0 0
             89.6997 -5.54545  13.6396 -72.7356  0.479381 -0.566155 0.0812266 -0.0387722  0.0134994 -0.0255091 0.00943292   -0.00162  0.0041752  -0.066759  -0.157088 -0.0637626 1 0 0
             89.7996 -5.67373  13.4858 -72.1325  0.481373 -0.564516 0.0810608 -0.0386601  0.0187783 -0.0155527   0.0094515 -0.00163509  0.00417472 -0.0668084  -0.157401 -0.0639189 1 0 0
             89.8997 -6.19045  13.2907 -71.9331  0.485613 -0.553841 0.0801498  -0.032243  0.0650856 -0.0291942  0.00946399 -0.00161697   0.0041874  -0.066578  -0.157902 -0.0639873 1 0 0
             89.9997 -6.25755  13.8789  -70.913  0.484005 -0.544162 0.0748798 -0.0401756  0.0798935 -0.0543275  0.00947818 -0.00161764  0.00419341 -0.0665093  -0.158056 -0.0639311 1 0 0
             90.0997 -7.15543  14.5736 -70.3911  0.488603 -0.542756 0.0697145 -0.0436549  0.0394076 -0.0445203  0.00948214 -0.00163255  0.00419173 -0.0668501   -0.15841 -0.0640503 1 0 0
             90.1996 -7.02313    15.18 -68.9662  0.493198 -0.534573 0.0692803 -0.0415327  0.0342715 -0.0317516  0.00950562 -0.00163399  0.00421023 -0.0667588  -0.158924 -0.0643081 1 0 0
             90.2996 -7.37593  15.2836 -68.9131  0.492067 -0.534403 0.0674796  -0.0641567 -0.00895992  -0.0129531  0.00951257 -0.00163422  0.00419607 -0.0668352  -0.159112 -0.0643728 1 0 0
             90.3993 -7.18103  15.5713 -68.1691  0.487684 -0.531992 0.0683451  -0.0907326 -0.00326791  -0.0132218  0.00952529 -0.00163603  0.00423885 -0.0667343  -0.159326 -0.0645014 1 0 0
             90.4996 -7.64053  14.9689 -68.2051  0.485175 -0.526138 0.0670585 -0.0762939  0.0259339 -0.0195161  0.00953023 -0.00163233  0.00422924 -0.0665862  -0.159715 -0.0645455 1 0 0
             90.5996 -7.80714  14.9585 -67.1911  0.485229 -0.517764 0.0646308 -0.0607697  0.0784641  -0.043657  0.00955228 -0.00161806  0.00424667 -0.0665482  -0.160124 -0.0646312 1 0 0
             90.6996 -8.51464  14.6739 -66.4702   0.48822 -0.508146  0.059488 -0.0368534   0.080394 -0.0594913  0.00955718 -0.00162338  0.00424673 -0.0666171  -0.160556 -0.0647486 1 0 0
             90.7997 -8.95478  15.0155 -65.3468 0.490604 -0.50153 0.060413  -0.0309125    0.044788 -0.00813452  0.00958127 -0.00162891  0.00425992 -0.0666611   -0.16079  -0.065073 1 0 0
             90.8996 -9.03151  15.0026 -65.4138  0.493872 -0.502853 0.0631761 -0.0479787 -0.0403838  0.0378668  0.00959332 -0.00163561  0.00426459  -0.066851  -0.161089 -0.0652693 1 0 0
             90.9996 -8.26873  14.7629 -65.8783  0.491923 -0.507849 0.0684548 -0.0760393 -0.0755045  0.0448651  0.00959803 -0.00163536  0.00428665  -0.066883  -0.161331 -0.0653584 1 0 0
             91.0994 -7.81917  14.4059 -66.6872  0.486948 -0.511302 0.0684368  -0.0720214  -0.0637735 0.000745594  0.00959685 -0.00163793   0.0042943 -0.0667928   -0.16156 -0.0652445 1 0 0
             91.1996 -7.63661  15.1206 -66.9859  0.484504 -0.512251 0.0704827 -0.0747471 -0.0265841  0.0142075  0.00960593 -0.00162964  0.00429569 -0.0666798  -0.161855 -0.0653634 1 0 0
             91.2997 -6.83038  16.7756 -65.6958  0.482096 -0.510142 0.0744925 -0.100171 0.0596922 0.0597346  0.00961534 -0.00164431  0.00428712 -0.0667678   -0.16219 -0.0654548 1 0 0
             91.3996 -6.16855  15.3507 -63.4742   0.47988 -0.502453  0.082791 -0.124011   0.18438 0.0399033  0.00962625 -0.00166121  0.00427705 -0.0670988  -0.162525 -0.0657657 1 0 0
             91.4996  -6.5302  11.0792 -59.6876  0.473384 -0.472493  0.086597 -0.131447  0.381629  -0.02377  0.00965158 -0.00161936  0.00426917 -0.0670531  -0.162894  -0.065982 1 0 0
             91.5997 -9.02626  5.97725 -53.8753  0.461531 -0.412062 0.0783087 -0.157313  0.645496 -0.109961  0.00969491 -0.00156681  0.00426047 -0.0666968  -0.163286 -0.0658271 1 0 0
             91.6997 -12.3269  6.52676 -40.8377   0.45232 -0.328208 0.0635472 -0.191799   0.83341 -0.173957  0.00975468 -0.00156283  0.00426691 -0.0665537   -0.16384 -0.0658566 1 0 0
             91.7996 -16.0645  8.36137 -30.1986  0.443434 -0.248201 0.0443787 -0.247494  0.818766 -0.191207  0.00982291 -0.00162094  0.00420072 -0.0671312  -0.164307 -0.0660081 1 0 0
             91.8997 -19.0182  6.21635 -21.7144  0.431937 -0.179893 0.0337176 -0.220891  0.729008 -0.120332 0.00991335 -0.0016788 0.00425285 -0.0679273   -0.16432 -0.0663894 1 0 0
             91.9996 -22.3782  5.79005 -11.9547   0.40359 -0.119155 0.0217849 -0.335797  0.635186 -0.131253  0.00996128 -0.00166396  0.00429108  -0.068121  -0.163924 -0.0663139 1 0 0
             92.0996 -25.4362  2.53037 -3.89491   0.358211 -0.0540222 0.00159053 -0.426439  0.624438 -0.190467   0.0100055 -0.00167646  0.00431787 -0.0676898  -0.163989 -0.0660572 1 0 0
             92.1992 -27.1459  3.77878   3.3277   0.309525  0.0081853 -0.0175483 -0.506684   0.58595 -0.184283   0.0100703 -0.00162546  0.00432934 -0.0675714  -0.164065 -0.0660611 1 0 0
             92.2997 -27.138 7.82951 10.3891   0.258376  0.0655511 -0.0268025 -0.529767  0.532412 -0.113383   0.0100839 -0.00169909  0.00431433 -0.0676221   -0.16397 -0.0663793 1 0 0
             92.3996 -27.5889  6.19204  13.1655   0.229117  0.0997436 -0.0310841  -0.418318   0.411142 -0.0516185   0.0101141 -0.00175699  0.00429608 -0.0685495  -0.163119 -0.0662789 1 0 0
             92.4998 -27.8036   -1.629   10.467   0.205092   0.123529 -0.0333198  -0.421665   0.307775 -0.0361796   0.0101499 -0.00170464  0.00442707 -0.0692916  -0.162261  -0.066074 1 0 0
             92.5995  -27.2669 -0.547023   16.3343   0.145365   0.140173 -0.0350262  -0.562131   0.212937 -0.0534634   0.0101222 -0.00165204   0.0045537 -0.0687024  -0.161955 -0.0659916 1 0 0
             92.6985 -26.1932  2.18129  24.5706  0.0709604   0.151109 -0.0454718 -0.664863  0.167877 -0.111998  0.0101351 -0.0017355 0.00432336 -0.0678435  -0.161879 -0.0656958 1 0 0
             92.7981 -26.6878  5.12218  28.4038  0.0285446    0.16286 -0.0539212 -0.546549  0.166446 -0.112412   0.0101747 -0.00175206   0.0042886 -0.0686866  -0.161269 -0.0656028 1 0 0
             92.8996 -25.0541  5.30815  30.7657 0.00541644    0.18084 -0.0542598  -0.443726    0.18662 -0.0253532   0.0102408 -0.00180782   0.0043429 -0.0699859  -0.160459 -0.0657246 1 0 0
             92.9996 -22.5091  4.81189  33.4169 -0.0351156   0.191755 -0.0576527 -0.479289  0.148639 0.0102726   0.0102211 -0.00179025  0.00439001 -0.0701031  -0.160122 -0.0654449 1 0 0
             93.0995  -20.26 1.31378 34.5333 -0.0762405   0.195572 -0.0515109 -0.424557  0.112996 0.0639061   0.0102139 -0.00176413  0.00438151 -0.0700789   -0.15958 -0.0653439 1 0 0
             93.1993 -17.6591 0.235912  35.7409  -0.122116   0.195033 -0.0466896  -0.363668   0.149677 0.00257302  0.0102264 -0.0017277 0.00441642 -0.0694517  -0.159311 -0.0651486 1 0 0
             93.2997  -17.4808 -0.454789   37.6304  -0.153175   0.200207 -0.0497574  -0.386563    0.12757 -0.0621543   0.0102193 -0.00176609  0.00438925 -0.0693926  -0.158782 -0.0650596 1 0 0
             93.3997 -17.2117  4.22251  39.4057  -0.190041   0.199654 -0.0495096 -0.409842 0.0952899 0.0370289   0.0102575 -0.00177713  0.00436085 -0.0691786  -0.158194 -0.0649922 1 0 0
             93.4994 -17.2434  1.92282  43.2674  -0.216756   0.216826 -0.0421563 -0.476284   0.21219 -0.027799   0.0102616 -0.00185405  0.00433431 -0.0698956   -0.15764 -0.0651267 1 0 0
             93.5997 -17.0637 0.580779  53.4396  -0.250166   0.243678 -0.0568586 -0.466366  0.318156 -0.245945   0.0103055 -0.00174412  0.00435392 -0.0706308   -0.15703 -0.0649194 1 0 0
             93.6996 -15.5331  6.47404  61.6077  -0.289216   0.262021 -0.0920554 -0.337049  0.270954 -0.374784   0.0103294 -0.00175632  0.00423669 -0.0702832  -0.156583 -0.0647192 1 0 0
             93.7996 -11.4394  14.7712  65.8199 -0.309522  0.274088 -0.134636 -0.198525  0.207797  -0.30232  0.0103609 -0.0019126 0.00423071 -0.0700325  -0.156152 -0.0642089 1 0 0
             93.8995 -6.46947  21.0471  68.1201 -0.293307  0.291448   -0.1556 -0.00806725    0.210175   -0.234042   0.0103319 -0.00198898  0.00430369 -0.0704571  -0.154664  -0.064237 1 0 0
             93.9997 -3.12152   20.269  70.3578 -0.267093  0.313082 -0.163449   0.152203   0.212566 -0.0796529   0.0103363 -0.00199071  0.00433027 -0.0708031  -0.153656 -0.0643565 1 0 0
             94.0997 -3.77215  16.8649  70.6083 -0.246261  0.314161 -0.165068   0.136749   0.189176 -0.0573869   0.0104588 -0.00182985  0.00433839 -0.0698218  -0.152981 -0.0643124 1 0 0
             94.1997 -3.8872 14.2536 71.7957 -0.256601  0.305037 -0.167107 -0.0344604  0.0999133 -0.0486595   0.0104999 -0.00177244  0.00439627 -0.0683732  -0.153468 -0.0639994 1 0 0
             94.2996 -4.37983  8.62395  72.9808 -0.275195  0.304996 -0.157684 -0.167898  0.050331  0.025056   0.0104947 -0.00177246  0.00437357 -0.0675551   -0.15377  -0.064334 1 0 0
             94.3985 -5.5305 6.02751 74.8948 -0.289865  0.297685 -0.149257 -0.199685 0.0463653 0.0456773   0.0104978 -0.00169219   0.0043941 -0.0669723  -0.153387 -0.0644361 1 0 0
             94.4995 -10.9464  1.30865  75.2637 -0.289528  0.300257  -0.14841 -0.172419 0.0550751 0.0293298   0.0105341 -0.00172283  0.00436635  -0.067124  -0.152341 -0.0643022 1 0 0
             94.5992 -10.2649 0.931887   73.161 -0.291424  0.300618 -0.155403  -0.163976  0.0639132 -0.0109545   0.0106178 -0.00169284  0.00443552 -0.0670016  -0.151545 -0.0638812 1 0 0
             94.6996 -10.1713  1.13734   71.277 -0.294643  0.300435 -0.158657  -0.152924  0.0729554 -0.0211128   0.0105096 -0.00177869  0.00446389 -0.0667754  -0.150754 -0.0637164 1 0 0
             94.7996 -9.89832 0.839569  70.5293 -0.287665  0.295529 -0.160899 -0.0770023  0.0396884 -0.0203117  0.0105085 -0.0017807  0.0044672 -0.0664089  -0.149581 -0.0635584 1 0 0
             94.8997 -9.74335  1.47045  67.2175 -0.27781 0.290259 -0.16328 -0.0758867  0.0275538 -0.0177104   0.0105089 -0.00176782  0.00444169  -0.066221  -0.148628 -0.0634195 1 0 0
             94.9996 -7.53974  4.56012  61.6929 -0.280274  0.291174 -0.155504 -0.0996819  0.0625495  0.0172129   0.0104884 -0.00178206  0.00448106 -0.0661192  -0.148096 -0.0637114 1 0 0
             95.0997 -3.33058  8.31658  60.9968 -0.272096  0.292289  -0.15492 -0.0340728   0.119727  0.0236018   0.0104068 -0.00181774  0.00453478 -0.0659975  -0.147188 -0.0635637 1 0 0
             95.1997 -3.28824  8.70587  62.6458 -0.262011  0.295547 -0.153461   -0.0205745     0.166712 -0.000547759   0.0103659 -0.00184173  0.00442636 -0.0657165  -0.146324 -0.0635106 1 0 0
             95.2993 -3.51807   8.1161  63.2767 -0.256537  0.303084 -0.158464 -0.0296217   0.156135 -0.0158033   0.0104756 -0.00173598  0.00438201 -0.0656221  -0.145777 -0.0632653 1 0 0
             95.3984 -5.54514  5.86912  61.9504 -0.257574  0.309244 -0.162761 -0.0705491   0.111679  -0.035448   0.0104576 -0.00175336  0.00439996 -0.0651845  -0.145398 -0.0631433 1 0 0
              95.498 -10.3237  1.89615  62.4478  -0.26337  0.311242 -0.155541 -0.0978753   0.119161  0.0114395   0.0105254 -0.00165858  0.00446508 -0.0647983  -0.144978 -0.0635065 1 0 0
             95.5995 -10.1574 0.224425  63.1352 -0.282877  0.310763 -0.153438 -0.200149 0.0871793 0.0254529   0.0106035 -0.00161193  0.00444502 -0.0640652  -0.144936 -0.0634446 1 0 0
             95.6996 -8.83088  0.18205  62.3497 -0.292463  0.294214 -0.171923  -0.187816   0.034658 -0.0601639   0.0105894 -0.00166036  0.00445188 -0.0632975  -0.144046 -0.0625352 1 0 0
             95.7996 -7.92221 0.263109  62.0825 -0.282552  0.297557 -0.166721  -0.098152  0.0654052 -0.0119014  0.0105229 -0.0016978 0.00447026 -0.0637714  -0.142667 -0.0627903 1 0 0
             95.8996 -7.60435 0.261278  62.1399 -0.269172  0.304156 -0.165976  -0.0354154    0.100621 -0.00410792   0.0105273 -0.00170151    0.004466 -0.0641356   -0.14158 -0.0627409 1 0 0
             95.9996 -7.72124 0.278361  62.1832 -0.265804  0.299816 -0.157421 -0.0441549  0.0756078  0.0322626   0.0105267 -0.00169532  0.00446631 -0.0636771  -0.140845 -0.0630167 1 0 0
             96.0997 -7.76826 0.218932  62.1637 -0.268157  0.306075 -0.154418 -0.0768346   0.107779  0.0273434   0.0105279 -0.00168101  0.00448473 -0.0636227  -0.140588 -0.0629981 1 0 0
             96.1995 -7.80724  0.27472  62.2033 -0.272716  0.305488 -0.159814   -0.106525   0.0993657 -0.00879674   0.0105409 -0.00168886  0.00447544 -0.0632026  -0.140168 -0.0626714 1 0 0
             96.2983 -7.66345 0.264556  62.1352 -0.275828  0.306321 -0.164931  -0.115081   0.099075 -0.0276114   0.0105344 -0.00168727  0.00447773 -0.0629574  -0.139602 -0.0624809 1 0 0
              96.398 -7.49563 0.239433  62.0651  -0.27763  0.301634 -0.162703   -0.111708   0.0726277 -0.00748405   0.0105277 -0.00168036  0.00447925 -0.0625318  -0.138785 -0.0626075 1 0 0
             96.4994 -7.44203 0.244324  62.0454 -0.272332  0.301553  -0.15361 -0.0771139  0.0771228  0.0326659   0.0105236 -0.00168108  0.00448217 -0.0624973  -0.137763 -0.0629004 1 0 0
             96.5996  -7.4918 0.216268  62.0396 -0.272178  0.305422 -0.154282 -0.0851361  0.0988106  0.0139303   0.0105363 -0.00167379  0.00449357 -0.0624565  -0.137254 -0.0627208 1 0 0
             96.6997 -7.42835 0.282464  62.0069 -0.273193   0.30344 -0.152503  -0.09192 0.0850662 0.0142519   0.0105231 -0.00168751  0.00450581 -0.0620837  -0.136596 -0.0626928 1 0 0
             96.7996 -7.40757 0.188019  62.0493 -0.276256  0.309062  -0.15066 -0.105636  0.108014 0.0125455    0.010525 -0.00166554  0.00450087 -0.0620437  -0.136151 -0.0626798 1 0 0
             96.8997 -7.41403 0.298423  62.0329 -0.277559  0.303432 -0.157365  -0.1079 0.076957 -0.02078   0.0105289 -0.00168601   0.0045011 -0.0615334  -0.135419 -0.0623368 1 0 0
             96.9998  -7.4201 0.218386   62.037 -0.275427  0.306454 -0.164644   -0.09308  0.0941771 -0.0431367   0.0105291 -0.00166868  0.00450622 -0.0615454  -0.134717 -0.0620982 1 0 0
             97.0994 -7.45469 0.254677  62.0188 -0.269908  0.301405 -0.165457 -0.0686038  0.0681287 -0.0286362   0.0105302 -0.00167327  0.00451555 -0.0612048  -0.133706 -0.0621601 1 0 0
             97.1981 -7.46615 0.264665  62.0229 -0.268998  0.297685 -0.162022 -0.0741603   0.058618 -0.0041718   0.0105318 -0.00167223  0.00451825 -0.0608901  -0.133029 -0.0623521 1 0 0
             97.2977 -7.43242 0.251655  62.0336 -0.272359  0.299171  -0.16036 -0.0968334  0.0758636 0.00118568   0.0105301 -0.00166849  0.00451774 -0.0607503  -0.132631 -0.0624107 1 0 0
             97.3998 -7.36584 0.246659  62.0164  -0.27526   0.30549 -0.154235 -0.106327   0.10617 0.0233488  0.0105191 -0.0016684 0.00452418 -0.0607703  -0.132137 -0.0626084 1 0 0
             97.4996 -7.36696 0.219031  62.0278 -0.275119  0.305822 -0.152752 -0.0992341  0.0974864  0.0181802   0.0105115 -0.00165812  0.00452713 -0.0605306  -0.131417 -0.0625199 1 0 0
             97.5997 -7.36764 0.202958  62.0256   -0.2735  0.302761 -0.159392 -0.0902562  0.0792941 -0.0176366   0.0105057 -0.00165054  0.00453223 -0.0602134  -0.130661 -0.0621544 1 0 0
             97.6994 -7.34562  0.23523    62.01 -0.274504  0.302727 -0.156077 -0.0937946  0.0805332 0.00165265   0.0105005 -0.00165616  0.00453742 -0.0600035  -0.130025 -0.0623069 1 0 0
             97.7996 -7.29413  0.18502  62.0126 -0.273727  0.305107 -0.150831 -0.0870652  0.0901948  0.0210639   0.0104884 -0.00164456  0.00454112 -0.0599248  -0.129338  -0.062453 1 0 0
             97.8998 -7.31138 0.251157  62.0351 -0.274848  0.305086 -0.150331 -0.0931847  0.0876054  0.0125803   0.0104924 -0.00165619  0.00453803 -0.0596638   -0.12874 -0.0623541 1 0 0
             97.9987 -7.30869  0.25374  62.0264 -0.275957  0.305386 -0.157175 -0.0977634  0.0890752 -0.0221153   0.0104921 -0.00165549  0.00454407 -0.0594482   -0.12818 -0.0620167 1 0 0
             98.0981 -7.32846 0.247045  62.0093 -0.274279   0.30143 -0.160738  -0.086715  0.0694222 -0.0284325   0.0104946 -0.00165122  0.00455109 -0.0591138  -0.127361 -0.0619068 1 0 0
             98.1997 -7.34408 0.251428  62.0073 -0.269983  0.300284 -0.160196 -0.0686976  0.0702123  -0.016185   0.0105008 -0.00165137  0.00455476 -0.0589845  -0.126512 -0.0619784 1 0 0
             98.2996 -7.36567 0.236017  62.0085 -0.269496  0.303724 -0.163372 -0.0770217  0.0914396 -0.0251127   0.0105108 -0.00164785  0.00455871 -0.0589373  -0.126009 -0.0618882 1 0 0
             98.3995 -7.30223 0.193178  62.0558 -0.275403  0.304354 -0.158992  -0.107301  0.0887951 0.00101882   0.0104992 -0.00163421  0.00455285 -0.0585965  -0.125595 -0.0621297 1 0 0
             98.4997 -7.27296 0.175958  61.9978 -0.274575  0.304654 -0.151182 -0.0937848   0.085653  0.0319545   0.0104898 -0.00163045  0.00456938 -0.0584292  -0.124786  -0.062365 1 0 0
             98.5993 -7.33161 0.277162  62.0017 -0.272297  0.300587 -0.154191 -0.0825681  0.0688929 0.00555475   0.0105007 -0.00164911  0.00456863 -0.0581055  -0.123996 -0.0620747 1 0 0
             98.6996 -7.31123 0.237899  62.0213 -0.272529  0.302435 -0.160903 -0.0884341  0.0851837 -0.0261243   0.0104979 -0.00163885  0.00456812 -0.0580221  -0.123491 -0.0617742 1 0 0
             98.7996 -7.30886 0.276841  61.9817  -0.27249  0.300949 -0.162152  -0.088619  0.0786532 -0.0217123   0.0104968 -0.00164665  0.00457973 -0.0577514  -0.122809 -0.0617832 1 0 0
             98.8994 -7.32415 0.231762  61.9967 -0.269546  0.300227 -0.158865   -0.0760456    0.0764224 -0.000203138   0.0104986 -0.00163461    0.004581 -0.0575881  -0.122004 -0.0619377 1 0 0
             98.9996 -7.35167 0.207236  62.0041 -0.273009   0.30607 -0.162323 -0.0996303   0.105275 -0.0178347   0.0105087 -0.00162932  0.00458308  -0.057555  -0.121682 -0.0617938 1 0 0
             99.0997 -7.31422 0.252202  61.9897 -0.274997  0.304264 -0.159341  -0.103797  0.0880329 0.00125148  0.0104997 -0.0016365 0.00458877 -0.0571762  -0.120975 -0.0619322 1 0 0
             99.1995 -7.28032 0.238804  61.9933 -0.271287  0.300563 -0.153996 -0.0802497  0.0688345  0.0225097   0.0104883 -0.00163126   0.0045922 -0.0569013  -0.120021 -0.0620636 1 0 0
             99.2996 -7.25903 0.178061   62.018 -0.273522  0.302209 -0.156926  -0.0959972   0.0819153 -0.00151989   0.0104856 -0.00161556  0.00459155 -0.0567694  -0.119595 -0.0618421 1 0 0
             99.3997  -7.2605 0.247285  62.0162 -0.275081  0.305229 -0.158438   -0.100312   0.0961036 -0.00920749   0.0104878 -0.00163096  0.00459315 -0.0566703  -0.119054 -0.0617614 1 0 0
             99.4994 -7.25106 0.218993  62.0062 -0.273566  0.306224 -0.157844  -0.0880529   0.0934845 -0.00394811    0.010483 -0.00162344  0.00459986 -0.0565049  -0.118294 -0.0617665 1 0 0
             99.5997 -7.25819  0.21363   61.998 -0.270844  0.302501 -0.158504  -0.0767637   0.0722874 -0.00542085   0.0104818 -0.00161928  0.00460537 -0.0561632  -0.117463 -0.0617004 1 0 0
             99.6996 -7.27951 0.239018  61.9932 -0.270827  0.300937 -0.162249 -0.0832851  0.0708369 -0.0206808   0.0104876 -0.00162353  0.00460924 -0.0559214  -0.116878 -0.0615439 1 0 0
             99.7986 -7.26714 0.239041  62.0125 -0.276005  0.301153  -0.16047   -0.107903   0.0758057 -0.00738079   0.0104872 -0.00162052  0.00460807 -0.0556707  -0.116468 -0.0616697 1 0 0
             99.8997 -7.25411 0.252381  62.0171 -0.274866  0.301173 -0.155854 -0.0926479  0.0777625  0.0136273  0.0104837 -0.0016222 0.00460976 -0.0555466  -0.115667  -0.061821 1 0 0
             99.9997 -7.27426 0.181396  62.0303 -0.270687  0.305899 -0.160234 -0.0743103   0.100307 -0.0117248   0.0104902 -0.00160678  0.00461252 -0.0556373  -0.114966 -0.0615542 1 0 0
               100.1 -7.29334 0.229222  61.9958 -0.270256  0.303426 -0.162813 -0.0789906  0.0822982 -0.0187357   0.0104959 -0.00161586  0.00462277 -0.0552553  -0.114295 -0.0614592 1 0 0
               100.2 -7.25309 0.237341   61.999 -0.271101  0.300141 -0.158827 -0.0856499  0.0665943 0.00419229  0.0104875 -0.0016146 0.00462474 -0.0548928   -0.11363 -0.0616392 1 0 0
               100.3 -7.23406 0.177336  61.9853 -0.273523  0.306807 -0.156542 -0.0971604   0.100714 0.00883817   0.0104851 -0.00160304  0.00463287 -0.0549645  -0.113228 -0.0616885 1 0 0
             100.399 -7.22943 0.222403  62.0052 -0.274484  0.306682  -0.15825  -0.0974334   0.0920059 -0.00296253   0.0104837 -0.00161027  0.00463041 -0.0546875  -0.112574 -0.0615491 1 0 0
               100.5 -7.22697 0.252388  61.9978 -0.276676  0.301623 -0.159758   -0.103247   0.0662933 -0.00834725    0.010482 -0.00161227  0.00463486 -0.0542312  -0.111888 -0.0614644 1 0 0
               100.6 -7.23718 0.238811  62.0193 -0.273988  0.299977 -0.159348  -0.0838934   0.0652176 -0.00402677   0.010482 -0.0016077 0.00463346 -0.0541026  -0.111064 -0.0614566 1 0 0
             100.699 -7.24573 0.215876  62.0019 -0.269977   0.30369 -0.160229  -0.0680767    0.088253 -0.00747357   0.0104827 -0.00160429  0.00464153 -0.0541779  -0.110382 -0.0613941 1 0 0
             100.799 -7.19547 0.208563  62.0126 -0.272808  0.305681 -0.155362 -0.0879504  0.0925736  0.0134996   0.0104724 -0.00160003  0.00464248  -0.053946  -0.109925 -0.0615851 1 0 0
             100.899 -7.20759 0.208992  61.9901 -0.272981  0.306479 -0.154158 -0.0889657  0.0906874  0.0113926   0.0104754 -0.00159955  0.00465117 -0.0537343  -0.109288 -0.0615397 1 0 0
             100.998 -7.21407 0.171474  61.9965 -0.270227   0.30736 -0.157983 -0.0775479  0.0906916 -0.0102899   0.0104768 -0.00158996  0.00465371 -0.0535941  -0.108573 -0.0613041 1 0 0
               101.1 -7.21948 0.244951  61.9873 -0.272567  0.304532 -0.162128 -0.0930666  0.0756472 -0.0240866   0.0104802 -0.00160467  0.00465689 -0.0531868  -0.108011  -0.061159 1 0 0
               101.2 -7.24086 0.253895  61.9775 -0.275091  0.301261 -0.161078  -0.102414  0.0645803 -0.0112406   0.010489 -0.0016051 0.00466218 -0.0528441   -0.10738 -0.0612562 1 0 0
               101.3 -7.22659 0.194813  61.9705 -0.271267  0.304149 -0.161386  -0.0792427   0.0834808 -0.00895873   0.0104847 -0.00159309  0.00466829 -0.0529221  -0.106607 -0.0612371 1 0 0
             101.399 -7.21746 0.227537  61.9928 -0.270909  0.305455 -0.161007  -0.0813809   0.0881615 -0.00513309   0.0104831 -0.00159842  0.00466549 -0.0527593  -0.106008 -0.0612494 1 0 0
             101.499 -7.21021 0.255955  61.9818 -0.273615  0.303721  -0.15879 -0.0957982  0.0776423 0.00465409   0.0104812 -0.00160129  0.00467003 -0.0524066  -0.105445 -0.0613254 1 0 0
             101.598 -7.18225 0.239749  61.9736 -0.274462  0.303032 -0.155483 -0.0952517  0.0753285  0.0150221   0.0104749 -0.00159587  0.00467522 -0.0521962   -0.10479 -0.0613947 1 0 0
               101.7 -7.18401 0.184881  61.9755 -0.270304  0.303533 -0.159463  -0.0746429   0.0797471 -0.00880652   0.0104756 -0.00158299  0.00468015  -0.052135  -0.104008 -0.0611298 1 0 0
             101.799 -7.16606 0.209115  61.9761 -0.271368  0.300488 -0.157333 -0.0841015  0.0663949 0.00233639   0.0104751 -0.00158692  0.00468278 -0.0517827  -0.103394 -0.0612135 1 0 0
             101.899 -7.16355 0.241746  61.9732 -0.272454  0.301142 -0.157415  -0.0899463   0.0752437 -0.00102735   0.0104761 -0.00159373  0.00468631 -0.0516397   -0.10286 -0.0611693 1 0 0
                 102 -7.19304 0.228425  61.9714 -0.270815  0.302062 -0.159093  -0.0816736   0.0812915 -0.00900067   0.0104827 -0.00159057  0.00469053 -0.0515361  -0.102181  -0.061066 1 0 0
             102.098  -7.2225 0.221542  61.9755 -0.270113  0.302597 -0.165086 -0.0821859  0.0836238 -0.0319036   0.0104911 -0.00158775  0.00469293 -0.0513684  -0.101591 -0.0608326 1 0 0
               102.2 -7.19798 0.263356  61.9909 -0.276455  0.298983 -0.164235  -0.111298  0.0667405 -0.0171059   0.0104855 -0.00159068  0.00469196 -0.0508929  -0.101123 -0.0609686 1 0 0
             102.299  -7.1345 0.235711  61.9784 -0.273354  0.300873 -0.153728 -0.0836864  0.0783007  0.0328299  0.0104597 -0.0015858 0.00469874 -0.0509176  -0.100294 -0.0613652 1 0 0
               102.4 -7.14884 0.167429  61.9771 -0.267993  0.304482 -0.153178 -0.0619104  0.0938754  0.0201076   0.0104592 -0.00157151  0.00470409  -0.050967 -0.0995654 -0.0612146 1 0 0
               102.5 -7.13066 0.171741  61.9967 -0.271635  0.304929  -0.15542 -0.0892771  0.0893551 8.8899e-05    0.010457 -0.00156879  0.00470266 -0.0506338  -0.099197 -0.0610371 1 0 0
               102.6 -7.10795 0.222696  61.9661   -0.2729  0.301318 -0.155498  -0.0922891   0.0688423 -0.00122588   0.0104516 -0.00157743  0.00471167  -0.050244 -0.0985305  -0.060994 1 0 0
               102.7 -7.10462 0.182503  61.9779 -0.273883  0.305695 -0.152588 -0.0923698  0.0906955   0.009189   0.0104511 -0.00156869  0.00471328 -0.0502585 -0.0979974 -0.0610807 1 0 0
             102.799 -7.10522 0.216819  61.9931 -0.273884  0.305026  -0.15394   -0.0887907    0.0829171 -0.000947285   0.0104504 -0.00157393  0.00471254 -0.0500134 -0.0973335 -0.0609552 1 0 0
             102.899  -7.1647 0.229818  61.9992 -0.274955  0.303577  -0.16126 -0.0935253  0.0766437  -0.032269   0.0104648 -0.00157452  0.00471415 -0.0497415 -0.0967561 -0.0606448 1 0 0
             102.999 -7.10265  0.21376  61.9767 -0.271965  0.299009 -0.157053  -0.0739862   0.0558144 -0.00133243   0.0104483 -0.00156903  0.00472375 -0.0494491 -0.0958529 -0.0608749 1 0 0
               103.1 -7.15809  0.24312  61.9708 -0.269516  0.303741 -0.159853 -0.0688743  0.0871915 -0.0148308  0.0104627 -0.0015773 0.00472788 -0.0495537 -0.0953175 -0.0607401 1 0 0
               103.2   -7.144 0.192515   61.978 -0.271845  0.303398  -0.15728   -0.086069   0.0812675 0.000144902   0.0104607 -0.00156265  0.00473129 -0.0492511 -0.0948048 -0.0608701 1 0 0
             103.299 -7.07814 0.228588   61.973 -0.275092  0.298993 -0.153279 -0.0985223   0.060125  0.0154495   0.0104458 -0.00156697  0.00473486 -0.0488211 -0.0942092 -0.0609898 1 0 0
               103.4 -7.07076 0.178397  61.9916 -0.274366  0.306177 -0.151703  -0.08894  0.098054 0.0132399   0.0104454 -0.00155748  0.00473527 -0.0490229 -0.0936681 -0.0609582 1 0 0
               103.5 -7.07923 0.237689  61.9847 -0.272368  0.304102 -0.155747  -0.0789455   0.0819248 -0.00899229    0.010447 -0.00156882  0.00473894 -0.0487235 -0.0929195 -0.0607095 1 0 0
             103.599 -7.12996 0.219651  61.9879 -0.272302  0.304768 -0.161215 -0.0828112  0.0843587 -0.0300552   0.0104583 -0.00156157  0.00474223 -0.0485433 -0.0923632 -0.0604985 1 0 0
             103.699 -7.13252 0.191489  61.9866 -0.271528  0.305727 -0.161169 -0.0796285  0.0843534 -0.0190553   0.0104583 -0.00155367  0.00474662  -0.048381 -0.0917032 -0.0605786 1 0 0
             103.799 -7.17977 0.253749  61.9551 -0.268621  0.303209 -0.163092 -0.069657 0.0719763 -0.019692   0.0104705 -0.00156674  0.00475568 -0.0481115 -0.0909292 -0.0605315 1 0 0
               103.9 -7.12356  0.28038  61.9852 -0.276028  0.298006 -0.158612  -0.107089  0.0522721 0.00459925   0.0104607 -0.00156732  0.00475125 -0.0475804 -0.0905441 -0.0607686 1 0 0
                 104   -7.045 0.245254  61.9864 -0.277407  0.296777 -0.150615 -0.102134 0.0562668 0.0345021   0.0104447 -0.00155917  0.00475495 -0.0474592 -0.0898759  -0.061022 1 0 0
               104.1  -7.0869 0.197417   62.004  -0.27477  0.303572 -0.155586  -0.0853647   0.0960491 -0.00255023   0.0104556 -0.00155193  0.00475536 -0.0477026 -0.0893137 -0.0606615 1 0 0
               104.2 -7.04408 0.159207  61.9891 -0.274516  0.309556 -0.156967  -0.0841191    0.113285 -0.00901105   0.0104464 -0.00154436   0.0047633 -0.0476888 -0.0887832 -0.0605899 1 0 0
               104.3 -7.03934 0.207288  61.9821 -0.274673  0.309697 -0.152537 -0.0844806   0.097525  0.0122134   0.0104447 -0.00155235  0.00476684 -0.0473629 -0.0880991 -0.0607551 1 0 0
               104.4 -7.07636 0.178935  61.9736 -0.271407  0.305177 -0.157149 -0.0720228  0.0694754  -0.012387   0.0104501 -0.00154254  0.00477319 -0.0469884 -0.0872941 -0.0604802 1 0 0
             104.499 -7.09816 0.230026  61.9667  -0.27093  0.305396 -0.157576 -0.0760211  0.0743059 -0.0105324    0.010455 -0.00155311  0.00477649 -0.0468247 -0.0867397  -0.060481 1 0 0
               104.6 -7.10909 0.233204  61.9822  -0.27763  0.302995 -0.162734  -0.110703  0.0664619 -0.0294219   0.0104615 -0.00154992  0.00477591 -0.0464265 -0.0864202 -0.0603148 1 0 0
             104.698 -7.04551 0.264819  61.9703 -0.275372   0.30181 -0.154275 -0.086254 0.0641963 0.0176831   0.0104437 -0.00155681  0.00478145 -0.0463174  -0.085563 -0.0607039 1 0 0
               104.8 -7.07499 0.223395  61.9788 -0.274693  0.303567 -0.155289 -0.0837076  0.0776329 0.00423947   0.0104526 -0.00154692  0.00478413 -0.0462649 -0.0849913 -0.0605591 1 0 0
             104.899 -7.08299 0.179826  61.9862 -0.272583  0.306596 -0.157656  -0.0763186   0.0910799 -0.00838537   0.0104588 -0.00153768  0.00478726 -0.0462369 -0.0843763 -0.0604167 1 0 0
                 105 -7.03141 0.204359  61.9887 -0.273658  0.301053 -0.155673 -0.0837412  0.0599006 0.00286285   0.0104487 -0.00153965   0.0047891  -0.045748 -0.0837061 -0.0604911 1 0 0
               105.1 -7.03314 0.210443   61.966  -0.27274   0.29738 -0.153258 -0.0792857  0.0512498  0.0102491   0.0104488 -0.00153985  0.00479732 -0.0455017 -0.0830228 -0.0605319 1 0 0
             105.199 -7.09567 0.202901  61.9744 -0.271111  0.302229 -0.161138 -0.0765941  0.0848481 -0.0291427   0.0104649 -0.00154042  0.00479838 -0.0456294 -0.0825675 -0.0601581 1 0 0
               105.3 -7.10295 0.270585  61.9726 -0.274562  0.304392 -0.165328 -0.0951415  0.0920826 -0.0362146   0.0104704 -0.00155436  0.00479981 -0.0454195  -0.082159 -0.0600934 1 0 0
               105.4 -7.02086 0.219078  62.0029 -0.277931  0.303729 -0.156748 -0.102292 0.0803483 0.0127287   0.0104513 -0.00153881  0.00479756 -0.0451088 -0.0815315  -0.060533 1 0 0
             105.499 -7.06722 0.258879  61.9724 -0.274332  0.300819 -0.155488 -0.0782126  0.0668539  0.0121447   0.0104577 -0.00154689  0.00480694  -0.044895 -0.0806581 -0.0604745 1 0 0
             105.598 -7.07637 0.162438  61.9758 -0.270585  0.304878 -0.159367 -0.0658929   0.088809 -0.0106687    0.010461 -0.00152627  0.00481208 -0.0449745 -0.0800642 -0.0602404 1 0 0
               105.7 -7.01688  0.19136  61.9867 -0.274825  0.299693 -0.155213 -0.0910723  0.0605294 0.00951889  0.0104479 -0.0015276 0.00481283 -0.0444339 -0.0795492 -0.0604192 1 0 0
               105.8    -7.01 0.182158  61.9513 -0.274386   0.30552  -0.14897 -0.084841 0.0910093 0.0289674    0.010449 -0.00152618  0.00482458 -0.0445588 -0.0789988 -0.0605956 1 0 0
               105.9 -7.04986 0.232631   61.965  -0.27219  0.301818 -0.156719 -0.0777587  0.0707374 -0.0135121   0.0104641 -0.00153565  0.00482252 -0.0442226 -0.0782901 -0.0601417 1 0 0
                 106 -7.00321 0.231243  61.9948  -0.27734  0.303049 -0.158436  -0.102375  0.0785211 -0.0177335   0.0104572 -0.00153257  0.00481797 -0.0440072 -0.0779559  -0.060122 1 0 0
               106.1 -7.00221 0.235082  61.9731 -0.277196  0.300103 -0.159368 -0.0926826  0.0646003 -0.0146723   0.0104539 -0.00153184  0.00482603 -0.0437403 -0.0772232 -0.0601134 1 0 0
               106.2 -7.06008  0.25124  61.9619 -0.271377   0.30145 -0.158514 -0.0621326  0.0752064 -0.0058223   0.0104637 -0.00153682  0.00483156 -0.0437749 -0.0763851 -0.0601494 1 0 0
               106.3  -7.1071 0.180797  61.9719 -0.266562  0.305033 -0.163665 -0.0516779  0.0914298 -0.0262826    0.010474 -0.00152143  0.00483445 -0.0437925 -0.0757709 -0.0599367 1 0 0
             106.399 -7.00831  0.22274   61.966 -0.271138  0.301124 -0.156228 -0.0831726   0.065774  0.0134205   0.0104536 -0.00152602  0.00483761 -0.0432563 -0.0753219 -0.0603076 1 0 0
             106.498 -6.98475 0.138869  61.9618 -0.272959  0.305876 -0.151273 -0.0902174   0.088574  0.0260339    0.010451 -0.00150694  0.00484437  -0.043272 -0.0748794 -0.0604251 1 0 0
             106.599 -7.05439 0.250184  61.9578 -0.273837  0.303594 -0.154737   -0.0920429    0.0751843 -0.000200363   0.0104711 -0.00153237  0.00484519 -0.0429421 -0.0742481 -0.0601536 1 0 0
               106.7 -7.01608 0.207974  61.9807 -0.273473  0.299908 -0.158185 -0.0866197  0.0598976 -0.0148691   0.0104673 -0.00152184  0.00484403 -0.0426481 -0.0735481 -0.0599816 1 0 0
               106.8 -7.03491 0.192026  61.9563 -0.271687  0.302508 -0.159893 -0.0768429  0.0772768 -0.0174808   0.0104735 -0.00152002  0.00485338 -0.0426692  -0.072935 -0.0599353 1 0 0
               106.9 -7.05768 0.231476  61.9301 -0.269043   0.30503 -0.159285  -0.0670709   0.0870932 -0.00924424   0.0104777 -0.00152992  0.00486135 -0.0426121 -0.0722815 -0.0599865 1 0 0
                 107 -7.06531  0.22871  61.9673 -0.272756   0.30272 -0.163435 -0.0910268  0.0730279  -0.024033  0.0104815 -0.0015246 0.00485728 -0.0422079 -0.0718516 -0.0598457 1 0 0
               107.1  -7.0086 0.261002  61.9592 -0.275842  0.299243 -0.156215 -0.0976669  0.0574506  0.0147696   0.0104667 -0.00152836  0.00486132  -0.041856 -0.0712276 -0.0601874 1 0 0
             107.199 -7.06373  0.21381  61.9773 -0.27102 0.300066 -0.15738 -0.0696601  0.0685713 0.00273687   0.0104768 -0.00151822  0.00486142 -0.0418959 -0.0704399 -0.0600322 1 0 0
             107.298 -7.03015 0.191196  61.9515 -0.271081  0.302386  -0.15902  -0.0752074   0.0809285 -0.00730618   0.0104698 -0.00151342  0.00487088  -0.041813 -0.0699691 -0.0599329 1 0 0
             107.398 -7.02118 0.218155  61.9764 -0.273843  0.303092 -0.158635  -0.0901099   0.0814657 -0.00436843   0.0104702 -0.00151756  0.00486751 -0.0415762 -0.0695062  -0.059957 1 0 0
